2025-09-16 15:02:43.813 [INF] LTND lnd.go:186: Version Info rev=08ae35 version=0.19.99-beta commit=sqldb/v1.0.10-646-g08ae35193-dirty debuglevel=development logging=debug
2025-09-16 15:02:43.814 [INF] LTND lnd.go:213: Network Info rev=08ae35 active_chain=Bitcoin network=testnet
2025-09-16 15:02:43.815 [DBG] NTFR chain_server.go:210: ChainNotifier RPC server successfully registered with root gRPC server
2025-09-16 15:02:43.815 [DBG] NTFR chain_server.go:214: ChainKit RPC server successfully registered with root gRPC server
2025-09-16 15:02:43.815 [DBG] IRPC invoices_server.go:190: Invoices RPC server successfully registered with root gRPC server
2025-09-16 15:02:43.815 [DBG] RRPC router_server.go:301: Router RPC server successfully registered with root gRPC server
2025-09-16 15:02:43.815 [DBG] VRPC server.go:66: Versioner RPC server successfully registered with root gRPC server
2025-09-16 15:02:43.815 [DBG] DRPC dev_server.go:137: DEV RPC server successfully registered with root the gRPC server
2025-09-16 15:02:43.815 [DBG] PRPC peers_server.go:119: Peers RPC server successfully registered with root gRPC server
2025-09-16 15:02:43.815 [DBG] SGNR signer_server.go:216: Signer RPC server successfully registered with root gRPC server
2025-09-16 15:02:43.816 [DBG] WLKT walletkit_server.go:344: WalletKit RPC server successfully registered with root gRPC server
2025-09-16 15:02:43.816 [INF] RPCS lnd.go:925: RPC server listening on 127.0.0.1:10009
2025-09-16 15:02:43.817 [DBG] NTFR chain_server.go:237: ChainNotifier REST server successfully registered with root REST server
2025-09-16 15:02:43.817 [DBG] NTFR chain_server.go:248: ChainKit REST server successfully registered with root REST server
2025-09-16 15:02:43.818 [DBG] IRPC invoices_server.go:213: Invoices REST server successfully registered with root REST server
2025-09-16 15:02:43.818 [DBG] RRPC router_server.go:324: Router REST server successfully registered with root REST server
2025-09-16 15:02:43.819 [DBG] VRPC server.go:89: Versioner REST server successfully registered with root REST server
2025-09-16 15:02:43.820 [DBG] DRPC dev_server.go:160: DEV REST server successfully registered with the root REST server
2025-09-16 15:02:43.822 [DBG] PRPC peers_server.go:142: Peers REST server successfully registered with root REST server
2025-09-16 15:02:43.822 [DBG] SGNR signer_server.go:239: Signer REST server successfully registered with root REST server
2025-09-16 15:02:43.823 [DBG] WLKT walletkit_server.go:367: WalletKit REST server successfully registered with root REST server
2025-09-16 15:02:43.823 [INF] RPCS lnd.go:1046: gRPC proxy started at 127.0.0.1:8080
2025-09-16 15:02:43.823 [INF] LTND config_builder.go:1009: Opening the main database, this might take a few minutes...
2025-09-16 15:02:43.823 [INF] LTND config_builder.go:1014: Opening bbolt database, sync_freelist=false, auto_compact=false
2025-09-16 15:02:43.823 [INF] LTND config_builder.go:1057: Creating local graph and channel state DB instances
2025-09-16 15:02:43.849 [INF] CHDB db.go:1687: Checking for schema update: latest_version=33, db_version=33
2025-09-16 15:02:43.850 [INF] CHDB db.go:1781: Applying 2 optional migrations
2025-09-16 15:02:43.850 [INF] CHDB db.go:1785: Checking for optional update: name=prune_revocation_log
2025-09-16 15:02:43.850 [DBG] CHDB db.go:1789: Skipping optional migration: name=prune_revocation_log as it is not specified in the config
2025-09-16 15:02:43.850 [INF] CHDB db.go:1785: Checking for optional update: name=gc_decayed_log
2025-09-16 15:02:43.850 [DBG] CHDB db.go:1799: Skipping optional migration: name=gc_decayed_log as it has already been applied
2025-09-16 15:02:43.869 [INF] LTND config_builder.go:1289: Database(s) now open (time_to_open=45.768833ms)!
2025-09-16 15:02:43.869 [INF] LTND signal.go:45: We're not running within systemd or the service type is not 'notify'
2025-09-16 15:02:43.869 [INF] LTND config_builder.go:1302: Waiting for wallet encryption password. Use `lncli create` to create a wallet, `lncli unlock` to unlock an existing wallet, or `lncli changepassword` to change the password of an existing wallet and unlock it.
2025-09-16 15:03:02.881 [DBG] RPCS interceptor.go:775: [/lnrpc.WalletUnlocker/UnlockWallet] requested
2025-09-16 15:03:03.917 [INF] BTWL wallet.go:4340: Opened wallet
2025-09-16 15:03:03.918 [INF] BTWL history.go:28: Dropping btcwallet transaction history
2025-09-16 15:03:03.918 [WRN] BTWL history.go:67: Wallet does not have a birthday block set, falling back to rescan from genesis
2025-09-16 15:03:04.957 [INF] BTWL wallet.go:4340: Opened wallet
2025-09-16 15:03:04.957 [WRN] LTND config_builder.go:1432: Dropped all transaction history from on-chain wallet. Remember to disable reset-wallet-transactions flag for next start of lnd
2025-09-16 15:03:05.065 [INF] CHRE chainregistry.go:694: Initializing electrum backend
2025-09-16 15:03:05.065 [INF] CHRE chainregistry.go:695: ElectrumMode config: &{ServerAddr:testnet.aranguren.org:51002 UseTLS:true ValidateServerCertificate:false ConnectTimeout:30s RequestTimeout:30s PersistTxHistory:false}
2025-09-16 15:03:05.065 [INF] CHRE chainregistry.go:699: ElectrumMode server: testnet.aranguren.org:51002
2025/09/16 15:03:05 ELECTRUM: Config - ServerAddr: testnet.aranguren.org:51002, UseTLS: true, ValidateServerCertificate: false
2025/09/16 15:03:05 ELECTRUM: Creating TLS client for server: testnet.aranguren.org:51002
2025/09/16 15:03:05 ELECTRUM: Successfully created TLS client
2025/09/16 15:03:05 ELECTRUM: Initializing best block during startup
2025/09/16 15:03:05 ELECTRUM: GetBestBlock called
2025/09/16 15:03:05 ELECTRUM: Subscribing to headers to get current height
2025/09/16 15:03:05 ELECTRUM: Got current height 4671601 from headers subscription
2025/09/16 15:03:05 ELECTRUM: Returning hash 0000000000013f94441062ea577701454eef19a22b63cc2600b0af5824d9834e for height 4671601 (from headers subscription)
2025/09/16 15:03:05 ELECTRUM: Successfully initialized best block
2025/09/16 15:03:05 ELECTRUM: Starting continuous block notification loop
2025-09-16 15:03:05.764 [INF] LTND lnd.go:496: About to call BuildChainControl
2025/09/16 15:03:05 ELECTRUM: Starting script hash notification loop
2025-09-16 15:03:05.764 [INF] LTND config_builder.go:769: BuildChainControl called - starting wallet controller creation
2025-09-16 15:03:05.764 [INF] LTND config_builder.go:772: About to call btcwallet.New
2025-09-16 15:03:05.764 [INF] LTND config_builder.go:776: btcwallet.New completed
2025-09-16 15:03:05.764 [INF] LTND config_builder.go:789: Setting WalletController type: *btcwallet.BtcWallet
2025-09-16 15:03:06.778 [INF] BTWL wallet.go:1430: The wallet has been unlocked without a time limit
2025/09/16 15:03:06 ELECTRUM: Initializing best block during startup
2025/09/16 15:03:06 ELECTRUM: GetBestBlock called
2025/09/16 15:03:06 ELECTRUM: Subscribing to headers to get current height
2025/09/16 15:03:07 ELECTRUM: Got current height 4671601 from headers subscription
2025/09/16 15:03:07 ELECTRUM: Returning hash 0000000000013f94441062ea577701454eef19a22b63cc2600b0af5824d9834e for height 4671601 (from headers subscription)
2025/09/16 15:03:07 ELECTRUM: Successfully initialized best block
2025/09/16 15:03:07 ELECTRUM: Starting script hash notification loop
2025-09-16 15:03:07.023 [INF] BTWL btcwallet.go:415: BTCWALLET: Setting up Electrum address notifications during wallet initialization
2025/09/16 15:03:07 ELECTRUM: Starting continuous block notification loop
2025-09-16 15:03:07.023 [INF] BTWL btcwallet.go:479: BTCWALLET: Setting up Electrum transaction callback
2025-09-16 15:03:07.023 [INF] BTWL btcwallet.go:486: BTCWALLET: Found SetTransactionCallback method, setting up callback
2025-09-16 15:03:07.023 [INF] BTWL btcwallet.go:506: BTCWALLET: Successfully set up Electrum transaction callback
2025-09-16 15:03:07.023 [INF] CHRE chainregistry.go:845: LightningWallet opened
2025-09-16 15:03:07.023 [INF] LTND lnd.go:500: BuildChainControl completed
2025-09-16 15:03:07.023 [INF] BTWL btcwallet.go:453: BTCWALLET: Setting up Electrum address notifications
2025-09-16 15:03:07.024 [INF] BTWL btcwallet.go:708: BTCWALLET: Getting all wallet addresses dynamically
2025/09/16 15:03:07 ELECTRUM: Sending current best block to client 1 - Hash: 0000000000013f94441062ea577701454eef19a22b63cc2600b0af5824d9834e, Height: 4671601, BlockHeader: true
2025/09/16 15:03:07 ELECTRUM: Successfully sent block epoch to client 1
2025-09-16 15:03:07.024 [INF] BTCN broadcaster.go:131: Broadcaster now active
2025/09/16 15:03:07 ELECTRUM: Initializing best block during startup
2025/09/16 15:03:07 ELECTRUM: GetBestBlock called
2025/09/16 15:03:07 ELECTRUM: Subscribing to headers to get current height
2025-09-16 15:03:07.160 [INF] BTWL btcwallet.go:750: BTCWALLET: Found 66 total addresses to check dynamically
2025-09-16 15:03:07.160 [INF] BTWL btcwallet.go:462: BTCWALLET: Found 66 existing addresses to set up notifications for
2025-09-16 15:03:07.160 [INF] BTWL btcwallet.go:580: BTCWALLET: Setting up notification for address: tb1q35l5pfwv0wj2x0w6dvfr6rdv43mrdavey28800
2025-09-16 15:03:07.160 [INF] BTWL btcwallet.go:593: BTCWALLET: Calling chain.NotifyReceived for address: tb1q35l5pfwv0wj2x0w6dvfr6rdv43mrdavey28800
ELECTRUM: NotifyReceived called with 1 addresses
2025-09-16 15:03:07.160 [INF] BTWL btcwallet.go:603: BTCWALLET: chain.NotifyReceived completed successfully for address: tb1q35l5pfwv0wj2x0w6dvfr6rdv43mrdavey28800
2025-09-16 15:03:07.161 [INF] BTWL btcwallet.go:605: BTCWALLET: Successfully set up notification for address: tb1q35l5pfwv0wj2x0w6dvfr6rdv43mrdavey28800
2025-09-16 15:03:07.161 [INF] BTWL btcwallet.go:580: BTCWALLET: Setting up notification for address: tb1q3wmfzpnluglv5auudgl2zzsne33auzpmr3vguv
2025-09-16 15:03:07.161 [INF] BTWL btcwallet.go:593: BTCWALLET: Calling chain.NotifyReceived for address: tb1q3wmfzpnluglv5auudgl2zzsne33auzpmr3vguv
ELECTRUM: NotifyReceived called with 1 addresses
2025-09-16 15:03:07.161 [INF] BTWL btcwallet.go:603: BTCWALLET: chain.NotifyReceived completed successfully for address: tb1q3wmfzpnluglv5auudgl2zzsne33auzpmr3vguv
2025-09-16 15:03:07.161 [INF] BTWL btcwallet.go:605: BTCWALLET: Successfully set up notification for address: tb1q3wmfzpnluglv5auudgl2zzsne33auzpmr3vguv
2025-09-16 15:03:07.161 [INF] BTWL btcwallet.go:580: BTCWALLET: Setting up notification for address: tb1qnf9a6cdf8c93ca97767cvted4y9a8lrjr9rctd
2025-09-16 15:03:07.161 [INF] BTWL btcwallet.go:593: BTCWALLET: Calling chain.NotifyReceived for address: tb1qnf9a6cdf8c93ca97767cvted4y9a8lrjr9rctd
ELECTRUM: NotifyReceived called with 1 addresses
2025-09-16 15:03:07.161 [INF] BTWL btcwallet.go:603: BTCWALLET: chain.NotifyReceived completed successfully for address: tb1qnf9a6cdf8c93ca97767cvted4y9a8lrjr9rctd
2025-09-16 15:03:07.161 [INF] BTWL btcwallet.go:605: BTCWALLET: Successfully set up notification for address: tb1qnf9a6cdf8c93ca97767cvted4y9a8lrjr9rctd
2025-09-16 15:03:07.161 [INF] BTWL btcwallet.go:580: BTCWALLET: Setting up notification for address: tb1qudd8v6rz3m294gdmmmys29xugkl2f6qzgk3str
2025-09-16 15:03:07.161 [INF] BTWL btcwallet.go:593: BTCWALLET: Calling chain.NotifyReceived for address: tb1qudd8v6rz3m294gdmmmys29xugkl2f6qzgk3str
ELECTRUM: NotifyReceived called with 1 addresses
2025-09-16 15:03:07.161 [INF] BTWL btcwallet.go:603: BTCWALLET: chain.NotifyReceived completed successfully for address: tb1qudd8v6rz3m294gdmmmys29xugkl2f6qzgk3str
2025-09-16 15:03:07.161 [INF] BTWL btcwallet.go:605: BTCWALLET: Successfully set up notification for address: tb1qudd8v6rz3m294gdmmmys29xugkl2f6qzgk3str
2025-09-16 15:03:07.161 [INF] BTWL btcwallet.go:580: BTCWALLET: Setting up notification for address: tb1qzja2zr3jt2tn5j4emss49745hwdxagaqvru8d4
2025-09-16 15:03:07.161 [INF] BTWL btcwallet.go:593: BTCWALLET: Calling chain.NotifyReceived for address: tb1qzja2zr3jt2tn5j4emss49745hwdxagaqvru8d4
ELECTRUM: NotifyReceived called with 1 addresses
2025-09-16 15:03:07.161 [INF] BTWL btcwallet.go:603: BTCWALLET: chain.NotifyReceived completed successfully for address: tb1qzja2zr3jt2tn5j4emss49745hwdxagaqvru8d4
2025-09-16 15:03:07.161 [INF] BTWL btcwallet.go:605: BTCWALLET: Successfully set up notification for address: tb1qzja2zr3jt2tn5j4emss49745hwdxagaqvru8d4
2025-09-16 15:03:07.161 [INF] BTWL btcwallet.go:580: BTCWALLET: Setting up notification for address: tb1q25xq62ad6s9pymemadk7sf08alk3k6q7l4m5pj
2025-09-16 15:03:07.161 [INF] BTWL btcwallet.go:593: BTCWALLET: Calling chain.NotifyReceived for address: tb1q25xq62ad6s9pymemadk7sf08alk3k6q7l4m5pj
ELECTRUM: NotifyReceived called with 1 addresses
2025-09-16 15:03:07.161 [INF] BTWL btcwallet.go:603: BTCWALLET: chain.NotifyReceived completed successfully for address: tb1q25xq62ad6s9pymemadk7sf08alk3k6q7l4m5pj
2025-09-16 15:03:07.161 [INF] BTWL btcwallet.go:605: BTCWALLET: Successfully set up notification for address: tb1q25xq62ad6s9pymemadk7sf08alk3k6q7l4m5pj
2025-09-16 15:03:07.161 [INF] BTWL btcwallet.go:580: BTCWALLET: Setting up notification for address: tb1qu4ug4mres4yx49ts998805u2ale66jeah6dvxq
2025-09-16 15:03:07.161 [INF] BTWL btcwallet.go:593: BTCWALLET: Calling chain.NotifyReceived for address: tb1qu4ug4mres4yx49ts998805u2ale66jeah6dvxq
ELECTRUM: NotifyReceived called with 1 addresses
2025-09-16 15:03:07.161 [INF] BTWL btcwallet.go:603: BTCWALLET: chain.NotifyReceived completed successfully for address: tb1qu4ug4mres4yx49ts998805u2ale66jeah6dvxq
2025-09-16 15:03:07.161 [INF] BTWL btcwallet.go:605: BTCWALLET: Successfully set up notification for address: tb1qu4ug4mres4yx49ts998805u2ale66jeah6dvxq
2025-09-16 15:03:07.161 [INF] BTWL btcwallet.go:580: BTCWALLET: Setting up notification for address: tb1qs6nvlnyhs604adlsulc3p0c4fa0g80uutdukx9
2025-09-16 15:03:07.161 [INF] BTWL btcwallet.go:593: BTCWALLET: Calling chain.NotifyReceived for address: tb1qs6nvlnyhs604adlsulc3p0c4fa0g80uutdukx9
ELECTRUM: NotifyReceived called with 1 addresses
2025-09-16 15:03:07.161 [INF] BTWL btcwallet.go:603: BTCWALLET: chain.NotifyReceived completed successfully for address: tb1qs6nvlnyhs604adlsulc3p0c4fa0g80uutdukx9
2025-09-16 15:03:07.161 [INF] BTWL btcwallet.go:605: BTCWALLET: Successfully set up notification for address: tb1qs6nvlnyhs604adlsulc3p0c4fa0g80uutdukx9
2025-09-16 15:03:07.161 [INF] BTWL btcwallet.go:580: BTCWALLET: Setting up notification for address: tb1q8chvehh7ptzcfylzsgysk08cm3ppt8fvleeggz
2025-09-16 15:03:07.161 [INF] BTWL btcwallet.go:593: BTCWALLET: Calling chain.NotifyReceived for address: tb1q8chvehh7ptzcfylzsgysk08cm3ppt8fvleeggz
ELECTRUM: NotifyReceived called with 1 addresses
2025-09-16 15:03:07.161 [INF] BTWL btcwallet.go:603: BTCWALLET: chain.NotifyReceived completed successfully for address: tb1q8chvehh7ptzcfylzsgysk08cm3ppt8fvleeggz
2025-09-16 15:03:07.161 [INF] BTWL btcwallet.go:605: BTCWALLET: Successfully set up notification for address: tb1q8chvehh7ptzcfylzsgysk08cm3ppt8fvleeggz
2025-09-16 15:03:07.161 [INF] BTWL btcwallet.go:580: BTCWALLET: Setting up notification for address: tb1q2xgdnhrez9r46a65g4jacpynkjmnfe6f6a7rv9
2025-09-16 15:03:07.161 [INF] BTWL btcwallet.go:593: BTCWALLET: Calling chain.NotifyReceived for address: tb1q2xgdnhrez9r46a65g4jacpynkjmnfe6f6a7rv9
ELECTRUM: NotifyReceived called with 1 addresses
2025-09-16 15:03:07.161 [INF] BTWL btcwallet.go:603: BTCWALLET: chain.NotifyReceived completed successfully for address: tb1q2xgdnhrez9r46a65g4jacpynkjmnfe6f6a7rv9
2025-09-16 15:03:07.161 [INF] BTWL btcwallet.go:605: BTCWALLET: Successfully set up notification for address: tb1q2xgdnhrez9r46a65g4jacpynkjmnfe6f6a7rv9
2025-09-16 15:03:07.161 [INF] BTWL btcwallet.go:580: BTCWALLET: Setting up notification for address: tb1qjka5z9xsg53v4925jn28umwwz3u5tyh302wg30
2025-09-16 15:03:07.161 [INF] BTWL btcwallet.go:593: BTCWALLET: Calling chain.NotifyReceived for address: tb1qjka5z9xsg53v4925jn28umwwz3u5tyh302wg30
ELECTRUM: NotifyReceived called with 1 addresses
2025-09-16 15:03:07.161 [INF] BTWL btcwallet.go:603: BTCWALLET: chain.NotifyReceived completed successfully for address: tb1qjka5z9xsg53v4925jn28umwwz3u5tyh302wg30
2025-09-16 15:03:07.161 [INF] BTWL btcwallet.go:605: BTCWALLET: Successfully set up notification for address: tb1qjka5z9xsg53v4925jn28umwwz3u5tyh302wg30
2025-09-16 15:03:07.161 [INF] BTWL btcwallet.go:580: BTCWALLET: Setting up notification for address: tb1qy84s4sf7y0eetkst3eaah849ky60jdjra09ptk
2025-09-16 15:03:07.161 [INF] BTWL btcwallet.go:593: BTCWALLET: Calling chain.NotifyReceived for address: tb1qy84s4sf7y0eetkst3eaah849ky60jdjra09ptk
ELECTRUM: NotifyReceived called with 1 addresses
2025-09-16 15:03:07.161 [INF] BTWL btcwallet.go:603: BTCWALLET: chain.NotifyReceived completed successfully for address: tb1qy84s4sf7y0eetkst3eaah849ky60jdjra09ptk
2025-09-16 15:03:07.161 [INF] BTWL btcwallet.go:605: BTCWALLET: Successfully set up notification for address: tb1qy84s4sf7y0eetkst3eaah849ky60jdjra09ptk
2025-09-16 15:03:07.161 [INF] BTWL btcwallet.go:580: BTCWALLET: Setting up notification for address: tb1q84gk7xt5mkcd5d0kn2pj26gep8zdp8esy5jst5
2025-09-16 15:03:07.161 [INF] BTWL btcwallet.go:593: BTCWALLET: Calling chain.NotifyReceived for address: tb1q84gk7xt5mkcd5d0kn2pj26gep8zdp8esy5jst5
ELECTRUM: NotifyReceived called with 1 addresses
2025-09-16 15:03:07.161 [INF] BTWL btcwallet.go:603: BTCWALLET: chain.NotifyReceived completed successfully for address: tb1q84gk7xt5mkcd5d0kn2pj26gep8zdp8esy5jst5
2025-09-16 15:03:07.161 [INF] BTWL btcwallet.go:605: BTCWALLET: Successfully set up notification for address: tb1q84gk7xt5mkcd5d0kn2pj26gep8zdp8esy5jst5
2025-09-16 15:03:07.161 [INF] BTWL btcwallet.go:580: BTCWALLET: Setting up notification for address: tb1qf07tpug9zz6vffhhm3amvqtujhldkcv2j2wycf
2025-09-16 15:03:07.161 [INF] BTWL btcwallet.go:593: BTCWALLET: Calling chain.NotifyReceived for address: tb1qf07tpug9zz6vffhhm3amvqtujhldkcv2j2wycf
ELECTRUM: NotifyReceived called with 1 addresses
2025-09-16 15:03:07.161 [INF] BTWL btcwallet.go:603: BTCWALLET: chain.NotifyReceived completed successfully for address: tb1qf07tpug9zz6vffhhm3amvqtujhldkcv2j2wycf
2025-09-16 15:03:07.161 [INF] BTWL btcwallet.go:605: BTCWALLET: Successfully set up notification for address: tb1qf07tpug9zz6vffhhm3amvqtujhldkcv2j2wycf
2025-09-16 15:03:07.161 [INF] BTWL btcwallet.go:580: BTCWALLET: Setting up notification for address: tb1pv6wu2k2pls6eclghkyv4rehmv8pf93kj5x7pejzak3gzd3a9778shsgnq0
2025-09-16 15:03:07.161 [INF] BTWL btcwallet.go:593: BTCWALLET: Calling chain.NotifyReceived for address: tb1pv6wu2k2pls6eclghkyv4rehmv8pf93kj5x7pejzak3gzd3a9778shsgnq0
ELECTRUM: NotifyReceived called with 1 addresses
2025-09-16 15:03:07.162 [INF] BTWL btcwallet.go:603: BTCWALLET: chain.NotifyReceived completed successfully for address: tb1pv6wu2k2pls6eclghkyv4rehmv8pf93kj5x7pejzak3gzd3a9778shsgnq0
2025-09-16 15:03:07.162 [INF] BTWL btcwallet.go:605: BTCWALLET: Successfully set up notification for address: tb1pv6wu2k2pls6eclghkyv4rehmv8pf93kj5x7pejzak3gzd3a9778shsgnq0
2025-09-16 15:03:07.162 [INF] BTWL btcwallet.go:580: BTCWALLET: Setting up notification for address: tb1pa8pzeyefw7glky6entgy0zge4w22kvd0smr56m03jv0z3d0nlxqq6ww377
2025-09-16 15:03:07.162 [INF] BTWL btcwallet.go:593: BTCWALLET: Calling chain.NotifyReceived for address: tb1pa8pzeyefw7glky6entgy0zge4w22kvd0smr56m03jv0z3d0nlxqq6ww377
ELECTRUM: NotifyReceived called with 1 addresses
2025-09-16 15:03:07.162 [INF] BTWL btcwallet.go:603: BTCWALLET: chain.NotifyReceived completed successfully for address: tb1pa8pzeyefw7glky6entgy0zge4w22kvd0smr56m03jv0z3d0nlxqq6ww377
2025-09-16 15:03:07.162 [INF] BTWL btcwallet.go:605: BTCWALLET: Successfully set up notification for address: tb1pa8pzeyefw7glky6entgy0zge4w22kvd0smr56m03jv0z3d0nlxqq6ww377
2025-09-16 15:03:07.162 [INF] BTWL btcwallet.go:580: BTCWALLET: Setting up notification for address: tb1pyv0yhlfkue5jv8djnqst2mx0gls46ef42rfmxnsxn6qk0rs2etesn8ee50
2025-09-16 15:03:07.162 [INF] BTWL btcwallet.go:593: BTCWALLET: Calling chain.NotifyReceived for address: tb1pyv0yhlfkue5jv8djnqst2mx0gls46ef42rfmxnsxn6qk0rs2etesn8ee50
ELECTRUM: NotifyReceived called with 1 addresses
2025-09-16 15:03:07.162 [INF] BTWL btcwallet.go:603: BTCWALLET: chain.NotifyReceived completed successfully for address: tb1pyv0yhlfkue5jv8djnqst2mx0gls46ef42rfmxnsxn6qk0rs2etesn8ee50
2025-09-16 15:03:07.162 [INF] BTWL btcwallet.go:605: BTCWALLET: Successfully set up notification for address: tb1pyv0yhlfkue5jv8djnqst2mx0gls46ef42rfmxnsxn6qk0rs2etesn8ee50
2025-09-16 15:03:07.162 [INF] BTWL btcwallet.go:580: BTCWALLET: Setting up notification for address: tb1pdw5jf09namf7sdkxqjrlru7uthdeugrps662cdlzet8ht02jw48sgy0gs6
2025-09-16 15:03:07.162 [INF] BTWL btcwallet.go:593: BTCWALLET: Calling chain.NotifyReceived for address: tb1pdw5jf09namf7sdkxqjrlru7uthdeugrps662cdlzet8ht02jw48sgy0gs6
ELECTRUM: NotifyReceived called with 1 addresses
2025-09-16 15:03:07.162 [INF] BTWL btcwallet.go:603: BTCWALLET: chain.NotifyReceived completed successfully for address: tb1pdw5jf09namf7sdkxqjrlru7uthdeugrps662cdlzet8ht02jw48sgy0gs6
2025-09-16 15:03:07.162 [INF] BTWL btcwallet.go:605: BTCWALLET: Successfully set up notification for address: tb1pdw5jf09namf7sdkxqjrlru7uthdeugrps662cdlzet8ht02jw48sgy0gs6
2025-09-16 15:03:07.162 [INF] BTWL btcwallet.go:580: BTCWALLET: Setting up notification for address: tb1pqxhwj0c5z7jkz6pcur2lryehylrl4yzh0fvgphnpf769578k2qwqq8pvqd
2025-09-16 15:03:07.162 [INF] BTWL btcwallet.go:593: BTCWALLET: Calling chain.NotifyReceived for address: tb1pqxhwj0c5z7jkz6pcur2lryehylrl4yzh0fvgphnpf769578k2qwqq8pvqd
ELECTRUM: NotifyReceived called with 1 addresses
2025-09-16 15:03:07.162 [INF] BTWL btcwallet.go:603: BTCWALLET: chain.NotifyReceived completed successfully for address: tb1pqxhwj0c5z7jkz6pcur2lryehylrl4yzh0fvgphnpf769578k2qwqq8pvqd
2025-09-16 15:03:07.162 [INF] BTWL btcwallet.go:605: BTCWALLET: Successfully set up notification for address: tb1pqxhwj0c5z7jkz6pcur2lryehylrl4yzh0fvgphnpf769578k2qwqq8pvqd
2025-09-16 15:03:07.162 [INF] BTWL btcwallet.go:580: BTCWALLET: Setting up notification for address: tb1pyts089s2l3zpfhculluw6lxzwfsary8cj9m26edtrqxss7p7qydqat9hw2
2025-09-16 15:03:07.162 [INF] BTWL btcwallet.go:593: BTCWALLET: Calling chain.NotifyReceived for address: tb1pyts089s2l3zpfhculluw6lxzwfsary8cj9m26edtrqxss7p7qydqat9hw2
ELECTRUM: NotifyReceived called with 1 addresses
2025-09-16 15:03:07.162 [INF] BTWL btcwallet.go:603: BTCWALLET: chain.NotifyReceived completed successfully for address: tb1pyts089s2l3zpfhculluw6lxzwfsary8cj9m26edtrqxss7p7qydqat9hw2
2025-09-16 15:03:07.162 [INF] BTWL btcwallet.go:605: BTCWALLET: Successfully set up notification for address: tb1pyts089s2l3zpfhculluw6lxzwfsary8cj9m26edtrqxss7p7qydqat9hw2
2025-09-16 15:03:07.162 [INF] BTWL btcwallet.go:580: BTCWALLET: Setting up notification for address: tb1py0jfpc0ft4zsfhg7p3peze4q6wdl9l2gfwzf8ar64skxkhz9v9lsuhm2g4
2025-09-16 15:03:07.162 [INF] BTWL btcwallet.go:593: BTCWALLET: Calling chain.NotifyReceived for address: tb1py0jfpc0ft4zsfhg7p3peze4q6wdl9l2gfwzf8ar64skxkhz9v9lsuhm2g4
ELECTRUM: NotifyReceived called with 1 addresses
2025-09-16 15:03:07.162 [INF] BTWL btcwallet.go:603: BTCWALLET: chain.NotifyReceived completed successfully for address: tb1py0jfpc0ft4zsfhg7p3peze4q6wdl9l2gfwzf8ar64skxkhz9v9lsuhm2g4
2025-09-16 15:03:07.162 [INF] BTWL btcwallet.go:605: BTCWALLET: Successfully set up notification for address: tb1py0jfpc0ft4zsfhg7p3peze4q6wdl9l2gfwzf8ar64skxkhz9v9lsuhm2g4
2025-09-16 15:03:07.162 [INF] BTWL btcwallet.go:580: BTCWALLET: Setting up notification for address: tb1pehlh6hywge7xh72v76rnma6j3h57nne0fxtwr5d0784jdtf79twstllsvz
2025-09-16 15:03:07.162 [INF] BTWL btcwallet.go:593: BTCWALLET: Calling chain.NotifyReceived for address: tb1pehlh6hywge7xh72v76rnma6j3h57nne0fxtwr5d0784jdtf79twstllsvz
ELECTRUM: NotifyReceived called with 1 addresses
2025-09-16 15:03:07.162 [INF] BTWL btcwallet.go:603: BTCWALLET: chain.NotifyReceived completed successfully for address: tb1pehlh6hywge7xh72v76rnma6j3h57nne0fxtwr5d0784jdtf79twstllsvz
2025-09-16 15:03:07.162 [INF] BTWL btcwallet.go:605: BTCWALLET: Successfully set up notification for address: tb1pehlh6hywge7xh72v76rnma6j3h57nne0fxtwr5d0784jdtf79twstllsvz
2025-09-16 15:03:07.162 [INF] BTWL btcwallet.go:580: BTCWALLET: Setting up notification for address: tb1putvlls3ekqm74khy2ls7hdadxn4ldxsuh9v2thg7hyht9ysjlvsqqwjnw6
2025-09-16 15:03:07.162 [INF] BTWL btcwallet.go:593: BTCWALLET: Calling chain.NotifyReceived for address: tb1putvlls3ekqm74khy2ls7hdadxn4ldxsuh9v2thg7hyht9ysjlvsqqwjnw6
ELECTRUM: NotifyReceived called with 1 addresses
2025-09-16 15:03:07.162 [INF] BTWL btcwallet.go:603: BTCWALLET: chain.NotifyReceived completed successfully for address: tb1putvlls3ekqm74khy2ls7hdadxn4ldxsuh9v2thg7hyht9ysjlvsqqwjnw6
2025-09-16 15:03:07.162 [INF] BTWL btcwallet.go:605: BTCWALLET: Successfully set up notification for address: tb1putvlls3ekqm74khy2ls7hdadxn4ldxsuh9v2thg7hyht9ysjlvsqqwjnw6
2025-09-16 15:03:07.162 [INF] BTWL btcwallet.go:580: BTCWALLET: Setting up notification for address: tb1pwf755qrlgyaa59k6yp02thcnxc2ug2ln5vy6qj257l0zsn8hdgqsfpc782
2025-09-16 15:03:07.162 [INF] BTWL btcwallet.go:593: BTCWALLET: Calling chain.NotifyReceived for address: tb1pwf755qrlgyaa59k6yp02thcnxc2ug2ln5vy6qj257l0zsn8hdgqsfpc782
ELECTRUM: NotifyReceived called with 1 addresses
2025-09-16 15:03:07.162 [INF] BTWL btcwallet.go:603: BTCWALLET: chain.NotifyReceived completed successfully for address: tb1pwf755qrlgyaa59k6yp02thcnxc2ug2ln5vy6qj257l0zsn8hdgqsfpc782
2025-09-16 15:03:07.162 [INF] BTWL btcwallet.go:605: BTCWALLET: Successfully set up notification for address: tb1pwf755qrlgyaa59k6yp02thcnxc2ug2ln5vy6qj257l0zsn8hdgqsfpc782
2025-09-16 15:03:07.162 [INF] BTWL btcwallet.go:580: BTCWALLET: Setting up notification for address: tb1pdkk7ep4kq22smxppjte3yez822gtlc9h7v0ypmhl6kze5chqahjqahfutx
2025-09-16 15:03:07.162 [INF] BTWL btcwallet.go:593: BTCWALLET: Calling chain.NotifyReceived for address: tb1pdkk7ep4kq22smxppjte3yez822gtlc9h7v0ypmhl6kze5chqahjqahfutx
ELECTRUM: NotifyReceived called with 1 addresses
2025-09-16 15:03:07.162 [INF] BTWL btcwallet.go:603: BTCWALLET: chain.NotifyReceived completed successfully for address: tb1pdkk7ep4kq22smxppjte3yez822gtlc9h7v0ypmhl6kze5chqahjqahfutx
2025-09-16 15:03:07.162 [INF] BTWL btcwallet.go:605: BTCWALLET: Successfully set up notification for address: tb1pdkk7ep4kq22smxppjte3yez822gtlc9h7v0ypmhl6kze5chqahjqahfutx
2025-09-16 15:03:07.162 [INF] BTWL btcwallet.go:580: BTCWALLET: Setting up notification for address: tb1pm2zwfrhd04ue5dqlwt8nvg9vdd8kcp75nsh3lmnat2mqmelg2vks5vkvfj
2025-09-16 15:03:07.162 [INF] BTWL btcwallet.go:593: BTCWALLET: Calling chain.NotifyReceived for address: tb1pm2zwfrhd04ue5dqlwt8nvg9vdd8kcp75nsh3lmnat2mqmelg2vks5vkvfj
ELECTRUM: NotifyReceived called with 1 addresses
2025-09-16 15:03:07.162 [INF] BTWL btcwallet.go:603: BTCWALLET: chain.NotifyReceived completed successfully for address: tb1pm2zwfrhd04ue5dqlwt8nvg9vdd8kcp75nsh3lmnat2mqmelg2vks5vkvfj
2025-09-16 15:03:07.162 [INF] BTWL btcwallet.go:605: BTCWALLET: Successfully set up notification for address: tb1pm2zwfrhd04ue5dqlwt8nvg9vdd8kcp75nsh3lmnat2mqmelg2vks5vkvfj
2025-09-16 15:03:07.162 [INF] BTWL btcwallet.go:580: BTCWALLET: Setting up notification for address: tb1p4pnenccvuzkx28tz8xgrfepdxzw56zlht9lsr9lef2030m3gcveqrym9ty
2025-09-16 15:03:07.162 [INF] BTWL btcwallet.go:593: BTCWALLET: Calling chain.NotifyReceived for address: tb1p4pnenccvuzkx28tz8xgrfepdxzw56zlht9lsr9lef2030m3gcveqrym9ty
ELECTRUM: NotifyReceived called with 1 addresses
2025-09-16 15:03:07.162 [INF] BTWL btcwallet.go:603: BTCWALLET: chain.NotifyReceived completed successfully for address: tb1p4pnenccvuzkx28tz8xgrfepdxzw56zlht9lsr9lef2030m3gcveqrym9ty
2025-09-16 15:03:07.162 [INF] BTWL btcwallet.go:605: BTCWALLET: Successfully set up notification for address: tb1p4pnenccvuzkx28tz8xgrfepdxzw56zlht9lsr9lef2030m3gcveqrym9ty
2025-09-16 15:03:07.162 [INF] BTWL btcwallet.go:580: BTCWALLET: Setting up notification for address: tb1pzup9rcjuy8axcrwudc2alwmltn3ckf43slhsrycjpxs9susznkvqmlrffh
2025-09-16 15:03:07.162 [INF] BTWL btcwallet.go:593: BTCWALLET: Calling chain.NotifyReceived for address: tb1pzup9rcjuy8axcrwudc2alwmltn3ckf43slhsrycjpxs9susznkvqmlrffh
ELECTRUM: NotifyReceived called with 1 addresses
2025-09-16 15:03:07.162 [INF] BTWL btcwallet.go:603: BTCWALLET: chain.NotifyReceived completed successfully for address: tb1pzup9rcjuy8axcrwudc2alwmltn3ckf43slhsrycjpxs9susznkvqmlrffh
2025-09-16 15:03:07.162 [INF] BTWL btcwallet.go:605: BTCWALLET: Successfully set up notification for address: tb1pzup9rcjuy8axcrwudc2alwmltn3ckf43slhsrycjpxs9susznkvqmlrffh
2025-09-16 15:03:07.162 [INF] BTWL btcwallet.go:580: BTCWALLET: Setting up notification for address: tb1pvhkycu546rfek5tpkmns0dwxc7v74ul3dlad7as8gflywg3plsvqy8mc4j
2025-09-16 15:03:07.162 [INF] BTWL btcwallet.go:593: BTCWALLET: Calling chain.NotifyReceived for address: tb1pvhkycu546rfek5tpkmns0dwxc7v74ul3dlad7as8gflywg3plsvqy8mc4j
ELECTRUM: NotifyReceived called with 1 addresses
2025-09-16 15:03:07.162 [INF] BTWL btcwallet.go:603: BTCWALLET: chain.NotifyReceived completed successfully for address: tb1pvhkycu546rfek5tpkmns0dwxc7v74ul3dlad7as8gflywg3plsvqy8mc4j
2025-09-16 15:03:07.163 [INF] BTWL btcwallet.go:605: BTCWALLET: Successfully set up notification for address: tb1pvhkycu546rfek5tpkmns0dwxc7v74ul3dlad7as8gflywg3plsvqy8mc4j
2025-09-16 15:03:07.163 [INF] BTWL btcwallet.go:580: BTCWALLET: Setting up notification for address: tb1p0gzw3zejyhpcnhel6fk44utj2wdvt6qeqm98nqxu6j56fcwme4psvdhc46
2025-09-16 15:03:07.163 [INF] BTWL btcwallet.go:593: BTCWALLET: Calling chain.NotifyReceived for address: tb1p0gzw3zejyhpcnhel6fk44utj2wdvt6qeqm98nqxu6j56fcwme4psvdhc46
ELECTRUM: NotifyReceived called with 1 addresses
2025-09-16 15:03:07.163 [INF] BTWL btcwallet.go:603: BTCWALLET: chain.NotifyReceived completed successfully for address: tb1p0gzw3zejyhpcnhel6fk44utj2wdvt6qeqm98nqxu6j56fcwme4psvdhc46
2025-09-16 15:03:07.163 [INF] BTWL btcwallet.go:605: BTCWALLET: Successfully set up notification for address: tb1p0gzw3zejyhpcnhel6fk44utj2wdvt6qeqm98nqxu6j56fcwme4psvdhc46
2025-09-16 15:03:07.163 [INF] BTWL btcwallet.go:580: BTCWALLET: Setting up notification for address: tb1pk009nxek67sq93jw5wry764rjm5zkpfs5n8q4n98wcnvujmmnhvqwlyepq
2025-09-16 15:03:07.163 [INF] BTWL btcwallet.go:593: BTCWALLET: Calling chain.NotifyReceived for address: tb1pk009nxek67sq93jw5wry764rjm5zkpfs5n8q4n98wcnvujmmnhvqwlyepq
ELECTRUM: NotifyReceived called with 1 addresses
2025-09-16 15:03:07.163 [INF] BTWL btcwallet.go:603: BTCWALLET: chain.NotifyReceived completed successfully for address: tb1pk009nxek67sq93jw5wry764rjm5zkpfs5n8q4n98wcnvujmmnhvqwlyepq
2025-09-16 15:03:07.163 [INF] BTWL btcwallet.go:605: BTCWALLET: Successfully set up notification for address: tb1pk009nxek67sq93jw5wry764rjm5zkpfs5n8q4n98wcnvujmmnhvqwlyepq
2025-09-16 15:03:07.163 [INF] BTWL btcwallet.go:580: BTCWALLET: Setting up notification for address: tb1pdt36eq5eqqfmretmf5fttd08w0xvwvz6xlyzy85mn7ae4fxag0gs84m89j
2025-09-16 15:03:07.163 [INF] BTWL btcwallet.go:593: BTCWALLET: Calling chain.NotifyReceived for address: tb1pdt36eq5eqqfmretmf5fttd08w0xvwvz6xlyzy85mn7ae4fxag0gs84m89j
ELECTRUM: NotifyReceived called with 1 addresses
2025-09-16 15:03:07.163 [INF] BTWL btcwallet.go:603: BTCWALLET: chain.NotifyReceived completed successfully for address: tb1pdt36eq5eqqfmretmf5fttd08w0xvwvz6xlyzy85mn7ae4fxag0gs84m89j
2025-09-16 15:03:07.163 [INF] BTWL btcwallet.go:605: BTCWALLET: Successfully set up notification for address: tb1pdt36eq5eqqfmretmf5fttd08w0xvwvz6xlyzy85mn7ae4fxag0gs84m89j
2025-09-16 15:03:07.163 [INF] BTWL btcwallet.go:580: BTCWALLET: Setting up notification for address: tb1pqx3qatm30w3u2ywr2kk8dxlrcqqz3wesedr3rv9z433ntzagmsvsckwg58
2025-09-16 15:03:07.163 [INF] BTWL btcwallet.go:593: BTCWALLET: Calling chain.NotifyReceived for address: tb1pqx3qatm30w3u2ywr2kk8dxlrcqqz3wesedr3rv9z433ntzagmsvsckwg58
ELECTRUM: NotifyReceived called with 1 addresses
2025-09-16 15:03:07.163 [INF] BTWL btcwallet.go:603: BTCWALLET: chain.NotifyReceived completed successfully for address: tb1pqx3qatm30w3u2ywr2kk8dxlrcqqz3wesedr3rv9z433ntzagmsvsckwg58
2025-09-16 15:03:07.163 [INF] BTWL btcwallet.go:605: BTCWALLET: Successfully set up notification for address: tb1pqx3qatm30w3u2ywr2kk8dxlrcqqz3wesedr3rv9z433ntzagmsvsckwg58
2025-09-16 15:03:07.163 [INF] BTWL btcwallet.go:573: BTCWALLET: Address tb1q35l5pfwv0wj2x0w6dvfr6rdv43mrdavey28800 already processed, skipping duplicate setup
2025-09-16 15:03:07.163 [INF] BTWL btcwallet.go:573: BTCWALLET: Address tb1q3wmfzpnluglv5auudgl2zzsne33auzpmr3vguv already processed, skipping duplicate setup
2025-09-16 15:03:07.163 [INF] BTWL btcwallet.go:573: BTCWALLET: Address tb1qnf9a6cdf8c93ca97767cvted4y9a8lrjr9rctd already processed, skipping duplicate setup
2025-09-16 15:03:07.163 [INF] BTWL btcwallet.go:573: BTCWALLET: Address tb1qudd8v6rz3m294gdmmmys29xugkl2f6qzgk3str already processed, skipping duplicate setup
2025-09-16 15:03:07.163 [INF] BTWL btcwallet.go:573: BTCWALLET: Address tb1qzja2zr3jt2tn5j4emss49745hwdxagaqvru8d4 already processed, skipping duplicate setup
2025-09-16 15:03:07.163 [INF] BTWL btcwallet.go:573: BTCWALLET: Address tb1q25xq62ad6s9pymemadk7sf08alk3k6q7l4m5pj already processed, skipping duplicate setup
2025-09-16 15:03:07.163 [INF] BTWL btcwallet.go:573: BTCWALLET: Address tb1qu4ug4mres4yx49ts998805u2ale66jeah6dvxq already processed, skipping duplicate setup
2025-09-16 15:03:07.163 [INF] BTWL btcwallet.go:573: BTCWALLET: Address tb1qs6nvlnyhs604adlsulc3p0c4fa0g80uutdukx9 already processed, skipping duplicate setup
2025-09-16 15:03:07.163 [INF] BTWL btcwallet.go:573: BTCWALLET: Address tb1q8chvehh7ptzcfylzsgysk08cm3ppt8fvleeggz already processed, skipping duplicate setup
2025-09-16 15:03:07.163 [INF] BTWL btcwallet.go:573: BTCWALLET: Address tb1q2xgdnhrez9r46a65g4jacpynkjmnfe6f6a7rv9 already processed, skipping duplicate setup
2025-09-16 15:03:07.163 [INF] BTWL btcwallet.go:573: BTCWALLET: Address tb1qjka5z9xsg53v4925jn28umwwz3u5tyh302wg30 already processed, skipping duplicate setup
2025-09-16 15:03:07.163 [INF] BTWL btcwallet.go:573: BTCWALLET: Address tb1qy84s4sf7y0eetkst3eaah849ky60jdjra09ptk already processed, skipping duplicate setup
2025-09-16 15:03:07.163 [INF] BTWL btcwallet.go:573: BTCWALLET: Address tb1q84gk7xt5mkcd5d0kn2pj26gep8zdp8esy5jst5 already processed, skipping duplicate setup
2025-09-16 15:03:07.163 [INF] BTWL btcwallet.go:573: BTCWALLET: Address tb1qf07tpug9zz6vffhhm3amvqtujhldkcv2j2wycf already processed, skipping duplicate setup
2025-09-16 15:03:07.163 [INF] BTWL btcwallet.go:573: BTCWALLET: Address tb1pv6wu2k2pls6eclghkyv4rehmv8pf93kj5x7pejzak3gzd3a9778shsgnq0 already processed, skipping duplicate setup
2025-09-16 15:03:07.163 [INF] BTWL btcwallet.go:573: BTCWALLET: Address tb1pa8pzeyefw7glky6entgy0zge4w22kvd0smr56m03jv0z3d0nlxqq6ww377 already processed, skipping duplicate setup
2025-09-16 15:03:07.163 [INF] BTWL btcwallet.go:573: BTCWALLET: Address tb1pyv0yhlfkue5jv8djnqst2mx0gls46ef42rfmxnsxn6qk0rs2etesn8ee50 already processed, skipping duplicate setup
2025-09-16 15:03:07.163 [INF] BTWL btcwallet.go:573: BTCWALLET: Address tb1pdw5jf09namf7sdkxqjrlru7uthdeugrps662cdlzet8ht02jw48sgy0gs6 already processed, skipping duplicate setup
2025-09-16 15:03:07.163 [INF] BTWL btcwallet.go:573: BTCWALLET: Address tb1pqxhwj0c5z7jkz6pcur2lryehylrl4yzh0fvgphnpf769578k2qwqq8pvqd already processed, skipping duplicate setup
2025-09-16 15:03:07.163 [INF] BTWL btcwallet.go:573: BTCWALLET: Address tb1pyts089s2l3zpfhculluw6lxzwfsary8cj9m26edtrqxss7p7qydqat9hw2 already processed, skipping duplicate setup
2025-09-16 15:03:07.163 [INF] BTWL btcwallet.go:573: BTCWALLET: Address tb1py0jfpc0ft4zsfhg7p3peze4q6wdl9l2gfwzf8ar64skxkhz9v9lsuhm2g4 already processed, skipping duplicate setup
2025-09-16 15:03:07.163 [INF] BTWL btcwallet.go:573: BTCWALLET: Address tb1pehlh6hywge7xh72v76rnma6j3h57nne0fxtwr5d0784jdtf79twstllsvz already processed, skipping duplicate setup
2025-09-16 15:03:07.163 [INF] BTWL btcwallet.go:573: BTCWALLET: Address tb1putvlls3ekqm74khy2ls7hdadxn4ldxsuh9v2thg7hyht9ysjlvsqqwjnw6 already processed, skipping duplicate setup
2025-09-16 15:03:07.163 [INF] BTWL btcwallet.go:573: BTCWALLET: Address tb1pwf755qrlgyaa59k6yp02thcnxc2ug2ln5vy6qj257l0zsn8hdgqsfpc782 already processed, skipping duplicate setup
2025-09-16 15:03:07.163 [INF] BTWL btcwallet.go:573: BTCWALLET: Address tb1pdkk7ep4kq22smxppjte3yez822gtlc9h7v0ypmhl6kze5chqahjqahfutx already processed, skipping duplicate setup
2025-09-16 15:03:07.163 [INF] BTWL btcwallet.go:573: BTCWALLET: Address tb1pm2zwfrhd04ue5dqlwt8nvg9vdd8kcp75nsh3lmnat2mqmelg2vks5vkvfj already processed, skipping duplicate setup
2025-09-16 15:03:07.163 [INF] BTWL btcwallet.go:573: BTCWALLET: Address tb1p4pnenccvuzkx28tz8xgrfepdxzw56zlht9lsr9lef2030m3gcveqrym9ty already processed, skipping duplicate setup
2025-09-16 15:03:07.163 [INF] BTWL btcwallet.go:573: BTCWALLET: Address tb1pzup9rcjuy8axcrwudc2alwmltn3ckf43slhsrycjpxs9susznkvqmlrffh already processed, skipping duplicate setup
2025-09-16 15:03:07.163 [INF] BTWL btcwallet.go:573: BTCWALLET: Address tb1pvhkycu546rfek5tpkmns0dwxc7v74ul3dlad7as8gflywg3plsvqy8mc4j already processed, skipping duplicate setup
2025-09-16 15:03:07.163 [INF] BTWL btcwallet.go:573: BTCWALLET: Address tb1p0gzw3zejyhpcnhel6fk44utj2wdvt6qeqm98nqxu6j56fcwme4psvdhc46 already processed, skipping duplicate setup
2025-09-16 15:03:07.163 [INF] BTWL btcwallet.go:573: BTCWALLET: Address tb1pk009nxek67sq93jw5wry764rjm5zkpfs5n8q4n98wcnvujmmnhvqwlyepq already processed, skipping duplicate setup
2025-09-16 15:03:07.163 [INF] BTWL btcwallet.go:573: BTCWALLET: Address tb1pdt36eq5eqqfmretmf5fttd08w0xvwvz6xlyzy85mn7ae4fxag0gs84m89j already processed, skipping duplicate setup
2025-09-16 15:03:07.163 [INF] BTWL btcwallet.go:573: BTCWALLET: Address tb1pqx3qatm30w3u2ywr2kk8dxlrcqqz3wesedr3rv9z433ntzagmsvsckwg58 already processed, skipping duplicate setup
2025-09-16 15:03:07.163 [INF] BTWL btcwallet.go:473: BTCWALLET: Completed setting up notifications for 66 addresses
2025-09-16 15:03:07.163 [INF] BTWL btcwallet.go:425: BTCWALLET: Electrum address notifications set up successfully
2025/09/16 15:03:07 ELECTRUM: Got current height 4671601 from headers subscription
2025/09/16 15:03:07 ELECTRUM: Returning hash 0000000000013f94441062ea577701454eef19a22b63cc2600b0af5824d9834e for height 4671601 (from headers subscription)
2025/09/16 15:03:07 ELECTRUM: Successfully initialized best block
2025/09/16 15:03:07 ELECTRUM: GetBestBlock called
2025/09/16 15:03:07 ELECTRUM: Subscribing to headers to get current height
2025/09/16 15:03:07 ELECTRUM: Starting continuous block notification loop
2025/09/16 15:03:07 ELECTRUM: Starting script hash notification loop
ELECTRUM: Starting fetchAddressHistory for address: tb1q35l5pfwv0wj2x0w6dvfr6rdv43mrdavey28800
ELECTRUM: Fetching transaction history for address: tb1q35l5pfwv0wj2x0w6dvfr6rdv43mrdavey28800
ELECTRUM: Calling GetHistory for address: tb1q35l5pfwv0wj2x0w6dvfr6rdv43mrdavey28800, scriptHash: 5402d6c137487f5e00d46c16a85ec56d25ab29f8636995d4bf586bc08bbce31e
2025/09/16 15:03:07 ELECTRUM: Got current height 4671601 from headers subscription
2025/09/16 15:03:07 ELECTRUM: Returning hash 0000000000013f94441062ea577701454eef19a22b63cc2600b0af5824d9834e for height 4671601 (from headers subscription)
2025-09-16 15:03:07.560 [INF] HSWC circuit_map.go:280: Cleaning circuits from disk for closed channels
2025-09-16 15:03:07.561 [DBG] HSWC circuit_map.go:324: Found 0 closed channels
2025-09-16 15:03:07.561 [INF] HSWC circuit_map.go:328: Finished cleaning: no closed channels found, no actions taken.
2025-09-16 15:03:07.561 [INF] HSWC circuit_map.go:497: Restoring in-memory circuit state from disk
2025-09-16 15:03:07.571 [INF] HSWC circuit_map.go:602: Payment circuits loaded: num_pending=0, num_open=0
2025-09-16 15:03:07.588 [DBG] CRTR missioncontrol.go:307: Instantiating mission control with config: maximum history: 1000, minimum failure relax interval: 1m0s, estimator type: apriori, penalty halflife time: 1h0m0s, apriori hop probability: 0.6, apriori weight: 0.5, previous success probability: 0.95, capacity fraction: 0.9999
2025-09-16 15:03:07.597 [INF] CRTR missioncontrol_store.go:107: Loaded 0 mission control entries
2025-09-16 15:03:07.597 [DBG] CRTR missioncontrol.go:455: [default]: Mission control state reconstruction started
2025-09-16 15:03:07.597 [DBG] CRTR missioncontrol.go:471: [default]: Mission control state reconstruction finished: n=0, time=16.083µs
2025-09-16 15:03:07.598 [DBG] SRVR server.go:1111: Instantiating payment session source with config: AttemptCost=100 + 0.1%, MinRouteProbability=0.01
2025-09-16 15:03:07.608 [INF] ACSM accessman.go:79: Access Manager initialized
2025-09-16 15:03:07.618 [INF] LTND channel_notifier.go:39: Channel backup proxy channel notifier starting
2025-09-16 15:03:07.619 [INF] CHIO dispatcher.go:92: Registered queue=1 with 3 blockbeat consumers
2025-09-16 15:03:07.619 [DBG] CHIO dispatcher.go:96: Consumer [ChainArbitrator] registered in queue 1
2025-09-16 15:03:07.619 [DBG] CHIO dispatcher.go:96: Consumer [UtxoSweeper] registered in queue 1
2025-09-16 15:03:07.619 [DBG] CHIO dispatcher.go:96: Consumer [TxPublisher] registered in queue 1
2025-09-16 15:03:07.619 [INF] ATPL pilot.go:143: Instantiating autopilot with active=false, max_channels=5, allocation=0.600000, min_chan_size=20000, max_chan_size=16777215, private=false, min_confs=1, conf_target=3
2025-09-16 15:03:07.619 [DBG] LTND subrpcserver_config.go:145: Populating dependencies for sub RPC server: SignRPC
2025-09-16 15:03:07.619 [DBG] LTND subrpcserver_config.go:145: Populating dependencies for sub RPC server: WalletKitRPC
2025-09-16 15:03:07.619 [DBG] LTND subrpcserver_config.go:145: Populating dependencies for sub RPC server: AutopilotRPC
2025-09-16 15:03:07.619 [DBG] LTND subrpcserver_config.go:145: Populating dependencies for sub RPC server: ChainRPC
2025-09-16 15:03:07.619 [DBG] LTND subrpcserver_config.go:145: Populating dependencies for sub RPC server: InvoicesRPC
2025-09-16 15:03:07.619 [DBG] LTND subrpcserver_config.go:145: Populating dependencies for sub RPC server: PeersRPC
2025-09-16 15:03:07.619 [DBG] LTND subrpcserver_config.go:145: Populating dependencies for sub RPC server: NeutrinoKitRPC
2025-09-16 15:03:07.619 [DBG] LTND subrpcserver_config.go:145: Populating dependencies for sub RPC server: RouterRPC
2025-09-16 15:03:07.619 [DBG] LTND subrpcserver_config.go:145: Populating dependencies for sub RPC server: WatchtowerRPC
2025-09-16 15:03:07.619 [DBG] LTND subrpcserver_config.go:145: Populating dependencies for sub RPC server: WatchtowerClientRPC
2025-09-16 15:03:07.619 [DBG] LTND subrpcserver_config.go:145: Populating dependencies for sub RPC server: DevRPC
2025-09-16 15:03:07.619 [DBG] RPCS rpcserver.go:963: Starting sub RPC server: WatchtowerClientRPC
2025-09-16 15:03:07.619 [DBG] RPCS rpcserver.go:963: Starting sub RPC server: ChainRPC
2025-09-16 15:03:07.619 [DBG] RPCS rpcserver.go:963: Starting sub RPC server: InvoicesRPC
2025-09-16 15:03:07.619 [DBG] RPCS rpcserver.go:963: Starting sub RPC server: RouterRPC
2025-09-16 15:03:07.619 [DBG] RPCS rpcserver.go:963: Starting sub RPC server: VersionRPC
2025-09-16 15:03:07.619 [DBG] RPCS rpcserver.go:963: Starting sub RPC server: DevRPC
2025-09-16 15:03:07.619 [DBG] RPCS rpcserver.go:963: Starting sub RPC server: PeersRPC
2025-09-16 15:03:07.619 [DBG] RPCS rpcserver.go:963: Starting sub RPC server: SignRPC
2025-09-16 15:03:07.619 [DBG] RPCS rpcserver.go:963: Starting sub RPC server: WalletKitRPC
2025-09-16 15:03:07.619 [INF] LTND signal.go:45: We're not running within systemd or the service type is not 'notify'
2025/09/16 15:03:07 ELECTRUM: GetBestBlock called
2025/09/16 15:03:07 ELECTRUM: Subscribing to headers to get current height
ELECTRUM: Starting fetchAddressHistory for address: tb1q3wmfzpnluglv5auudgl2zzsne33auzpmr3vguv
ELECTRUM: Fetching transaction history for address: tb1q3wmfzpnluglv5auudgl2zzsne33auzpmr3vguv
ELECTRUM: Calling GetHistory for address: tb1q3wmfzpnluglv5auudgl2zzsne33auzpmr3vguv, scriptHash: b66131e80f4d50ca98ca6c1a4944746699c609136ce4aa4b4f162dd9de3dfe6d
2025/09/16 15:03:07 ELECTRUM: Got current height 4671601 from headers subscription
2025/09/16 15:03:07 ELECTRUM: Returning hash 0000000000013f94441062ea577701454eef19a22b63cc2600b0af5824d9834e for height 4671601 (from headers subscription)
2025-09-16 15:03:07.851 [INF] LTND lnd.go:696: Waiting for chain backend to finish sync rev=08ae35 start_height=4671601
2025/09/16 15:03:07 ELECTRUM: GetBestBlock called
2025/09/16 15:03:07 ELECTRUM: Subscribing to headers to get current height
ELECTRUM: Starting fetchAddressHistory for address: tb1qnf9a6cdf8c93ca97767cvted4y9a8lrjr9rctd
ELECTRUM: Fetching transaction history for address: tb1qnf9a6cdf8c93ca97767cvted4y9a8lrjr9rctd
ELECTRUM: Calling GetHistory for address: tb1qnf9a6cdf8c93ca97767cvted4y9a8lrjr9rctd, scriptHash: 6fc32843e990f987cd411ceb807c95b202cec6c3971e9cb4e6caa2b607feb8f5
2025/09/16 15:03:08 ELECTRUM: Got current height 4671601 from headers subscription
ELECTRUM: Starting fetchAddressHistory for address: tb1qudd8v6rz3m294gdmmmys29xugkl2f6qzgk3str
2025/09/16 15:03:08 ELECTRUM: Returning hash 0000000000013f94441062ea577701454eef19a22b63cc2600b0af5824d9834e for height 4671601 (from headers subscription)
2025/09/16 15:03:08 ELECTRUM: GetBlockHeader called for hash: 0000000000013f94441062ea577701454eef19a22b63cc2600b0af5824d9834e
ELECTRUM: Fetching transaction history for address: tb1qudd8v6rz3m294gdmmmys29xugkl2f6qzgk3str
2025/09/16 15:03:08 ELECTRUM: GetBestBlock called
2025/09/16 15:03:08 ELECTRUM: Subscribing to headers to get current height
ELECTRUM: Calling GetHistory for address: tb1qudd8v6rz3m294gdmmmys29xugkl2f6qzgk3str, scriptHash: 28292b8697bd25f1db778ae58cac1627a8e4b8e7a4a5a427ff50d42bafd07e52
2025/09/16 15:03:08 ELECTRUM: Got current height 4671601 from headers subscription
2025/09/16 15:03:08 ELECTRUM: Returning hash 0000000000013f94441062ea577701454eef19a22b63cc2600b0af5824d9834e for height 4671601 (from headers subscription)
ELECTRUM: Starting fetchAddressHistory for address: tb1qzja2zr3jt2tn5j4emss49745hwdxagaqvru8d4
ELECTRUM: Fetching transaction history for address: tb1qzja2zr3jt2tn5j4emss49745hwdxagaqvru8d4
ELECTRUM: Calling GetHistory for address: tb1qzja2zr3jt2tn5j4emss49745hwdxagaqvru8d4, scriptHash: 6bf1890b216a5372d5a81a5ca9791137d77c1853dd628b5d3aa34d8ec00604a5
ELECTRUM: Starting fetchAddressHistory for address: tb1q25xq62ad6s9pymemadk7sf08alk3k6q7l4m5pj
ELECTRUM: Fetching transaction history for address: tb1q25xq62ad6s9pymemadk7sf08alk3k6q7l4m5pj
ELECTRUM: Calling GetHistory for address: tb1q25xq62ad6s9pymemadk7sf08alk3k6q7l4m5pj, scriptHash: c4c6d9d832fdbfd4a966340001ce4a928adc558ad3cff548e1a78f0962aa141a
ELECTRUM: Processing transaction 0 for address tb1qzja2zr3jt2tn5j4emss49745hwdxagaqvru8d4
ELECTRUM: Calling buildTransactionDetail for entry 0
ELECTRUM: buildTransactionDetail called with entry type: *electrum.GetMempoolResult
2025-09-16 15:03:08.551 [DBG] LTND lnd.go:727: Syncing to block chain rev=08ae35 best_block_time="2025-09-16 15:03:03 -0400 EDT" is_synced=false
ELECTRUM: buildTransactionDetail: Transaction 25cd595c95040e2b75b6a0e6b20ee96db31aeb75c6b8e7c44c720f9bd1527963 has height: 4660785
ELECTRUM: buildTransactionDetail: About to call GetTransaction for 25cd595c95040e2b75b6a0e6b20ee96db31aeb75c6b8e7c44c720f9bd1527963
ELECTRUM: buildTransactionDetail: Getting transaction details for 25cd595c95040e2b75b6a0e6b20ee96db31aeb75c6b8e7c44c720f9bd1527963
2025/09/16 15:03:08 ELECTRUM: GetBestBlock called
2025/09/16 15:03:08 ELECTRUM: Subscribing to headers to get current height
ELECTRUM: Starting fetchAddressHistory for address: tb1qu4ug4mres4yx49ts998805u2ale66jeah6dvxq
ELECTRUM: Fetching transaction history for address: tb1qu4ug4mres4yx49ts998805u2ale66jeah6dvxq
ELECTRUM: Calling GetHistory for address: tb1qu4ug4mres4yx49ts998805u2ale66jeah6dvxq, scriptHash: ca676392dcbc659e23aa827453de1938add752fb16394cdd5252328fe3faa89e
ELECTRUM: buildTransactionDetail: Successfully got transaction 25cd595c95040e2b75b6a0e6b20ee96db31aeb75c6b8e7c44c720f9bd1527963
ELECTRUM: buildTransactionDetail: GetTransaction succeeded for 25cd595c95040e2b75b6a0e6b20ee96db31aeb75c6b8e7c44c720f9bd1527963, processing result
ELECTRUM: buildTransactionDetail: Processing transaction result for 25cd595c95040e2b75b6a0e6b20ee96db31aeb75c6b8e7c44c720f9bd1527963
ELECTRUM: buildTransactionDetail: Transaction result is not nil for 25cd595c95040e2b75b6a0e6b20ee96db31aeb75c6b8e7c44c720f9bd1527963
ELECTRUM: buildTransactionDetail: Attempting to get actual value for transaction 25cd595c95040e2b75b6a0e6b20ee96db31aeb75c6b8e7c44c720f9bd1527963
2025/09/16 15:03:08 ELECTRUM: Got current height 4671601 from headers subscription
2025/09/16 15:03:08 ELECTRUM: Returning hash 0000000000013f94441062ea577701454eef19a22b63cc2600b0af5824d9834e for height 4671601 (from headers subscription)
2025/09/16 15:03:08 ELECTRUM: Sending initial block notification for height 4671601
2025/09/16 15:03:08 ELECTRUM: Sending block connected notification for height 4671601
2025/09/16 15:03:08 ELECTRUM: Block notification sent successfully for height 4671601
ELECTRUM: Starting fetchAddressHistory for address: tb1qs6nvlnyhs604adlsulc3p0c4fa0g80uutdukx9
ELECTRUM: Fetching transaction history for address: tb1qs6nvlnyhs604adlsulc3p0c4fa0g80uutdukx9
ELECTRUM: getTransactionValue: Transaction result type: *electrum.GetTransactionResult, fields: 12
ELECTRUM: getTransactionValue: Field 0: Blockhash = 00000000000000673a2cc7418fcfc9ace5b5884689f671dbb7eeab05b8090e88 (type: string)
ELECTRUM: getTransactionValue: Field 1: Blocktime = 1757981635 (type: uint64)
ELECTRUM: getTransactionValue: Field 2: Confirmations = 10817 (type: int32)
ELECTRUM: getTransactionValue: Field 3: Hash = d8a7630f7dd4ed9c3bc6884807f1c0692b556e3ccb83a37f24f9797fa4c8361f (type: string)
ELECTRUM: getTransactionValue: Field 4: Hex = 010000000001014b917f7478f1ba4c5bb0758c619d0a48850c3ac7fb7d97717d5b7ef22284c2530000000000ffffffff02de2100000000000016001414baa10e325a973a4ab9dc2152fab4bb9a6ea3a0f375a3000000000022512005090923a2d5a8f95f8f50c0e191462e7692094a9307747b0c5580ea43073ea30140202840e6f21166743530d5fbd6eb0a8e2d19ed7be743cc3cc62b24a813ca14627cbb02faf49a90e1c525213516d03bfe986377a51e858356c48dad5efbcdf95a00000000 (type: string)
ELECTRUM: getTransactionValue: Field 5: Locktime = 0 (type: uint32)
ELECTRUM: getTransactionValue: Field 6: Size = 193 (type: uint32)
ELECTRUM: getTransactionValue: Field 7: Time = 1757981635 (type: uint64)
ELECTRUM: getTransactionValue: Field 8: Version = 1 (type: uint32)
ELECTRUM: getTransactionValue: Field 9: Vin = [{ 0x140000c98c0 4294967295 53c28422f27e5b7d71977dfbc73a0c85480a9d618c75b05b4cbaf178747f914b 0}] (type: []electrum.Vin)
ELECTRUM: Calling GetHistory for address: tb1qs6nvlnyhs604adlsulc3p0c4fa0g80uutdukx9, scriptHash: 86be3f5bd32e85596af35440487dae22a79e6fb2679998d38f51fc323189b022
ELECTRUM: getTransactionValue: Field 10: Vout = [{0 {[] 0 14baa10e325a973a4ab9dc2152fab4bb9a6ea3a0 001414baa10e325a973a4ab9dc2152fab4bb9a6ea3a0 0 witness_v0_keyhash} 8.67e-05} {1 {[] 1 05090923a2d5a8f95f8f50c0e191462e7692094a9307747b0c5580ea43073ea3 512005090923a2d5a8f95f8f50c0e191462e7692094a9307747b0c5580ea43073ea3 0 witness_v1_taproot} 0.10712563}] (type: []electrum.Vout)
ELECTRUM: getTransactionValue: Field 11: Merkle = {[] 0 0} (type: electrum.GetMerkleProofResult)
ELECTRUM: getTransactionValue: Processing 2 Vout entries for transaction 25cd595c95040e2b75b6a0e6b20ee96db31aeb75c6b8e7c44c720f9bd1527963
ELECTRUM: getTransactionValue: Processing Vout entry 0 for transaction 25cd595c95040e2b75b6a0e6b20ee96db31aeb75c6b8e7c44c720f9bd1527963
ELECTRUM: getTransactionValue: Vout[0] Field 0: N = 0 (type: uint32)
ELECTRUM: getTransactionValue: Vout[0] Field 1: ScriptPubkey = {[] 0 14baa10e325a973a4ab9dc2152fab4bb9a6ea3a0 001414baa10e325a973a4ab9dc2152fab4bb9a6ea3a0 0 witness_v0_keyhash} (type: electrum.ScriptPubkey)
ELECTRUM: getTransactionValue: Vout[0] Field 2: Value = 8.67e-05 (type: float64)
ELECTRUM: getTransactionValue: Vout[0] has value 0.000087 BTC (8670 satoshis)
ELECTRUM: getTransactionValue: Vout[0] ScriptPubkey type: electrum.ScriptPubkey
ELECTRUM: getTransactionValue: Vout[0] ScriptPubkey has 5 fields
ELECTRUM: getTransactionValue: Vout[0] ScriptPubkey Field 0: Addresses = [] (type: []string)
ELECTRUM: getTransactionValue: Vout[0] ScriptPubkey Field 1: Asm = 0 14baa10e325a973a4ab9dc2152fab4bb9a6ea3a0 (type: string)
ELECTRUM: getTransactionValue: Vout[0] ScriptPubkey Field 2: Hex = 001414baa10e325a973a4ab9dc2152fab4bb9a6ea3a0 (type: string)
ELECTRUM: getTransactionValue: Vout[0] ScriptPubkey Field 3: ReqSigs = 0 (type: uint32)
ELECTRUM: getTransactionValue: Vout[0] ScriptPubkey Field 4: Type = witness_v0_keyhash (type: string)
ELECTRUM: getTransactionValue: Vout[0] extracted script hex from Hex field: 001414baa10e325a973a4ab9dc2152fab4bb9a6ea3a0
ELECTRUM: getTransactionValue: Vout[0] calculated script hash: 6bf1890b216a5372d5a81a5ca9791137d77c1853dd628b5d3aa34d8ec00604a5, target: 6bf1890b216a5372d5a81a5ca9791137d77c1853dd628b5d3aa34d8ec00604a5
ELECTRUM: getTransactionValue: Vout[0] matches our script hash, adding 8670 satoshis
ELECTRUM: getTransactionValue: Processing Vout entry 1 for transaction 25cd595c95040e2b75b6a0e6b20ee96db31aeb75c6b8e7c44c720f9bd1527963
ELECTRUM: getTransactionValue: Vout[1] Field 0: N = 1 (type: uint32)
ELECTRUM: getTransactionValue: Vout[1] Field 1: ScriptPubkey = {[] 1 05090923a2d5a8f95f8f50c0e191462e7692094a9307747b0c5580ea43073ea3 512005090923a2d5a8f95f8f50c0e191462e7692094a9307747b0c5580ea43073ea3 0 witness_v1_taproot} (type: electrum.ScriptPubkey)
ELECTRUM: getTransactionValue: Vout[1] Field 2: Value = 0.10712563 (type: float64)
ELECTRUM: getTransactionValue: Vout[1] has value 0.107126 BTC (10712563 satoshis)
ELECTRUM: getTransactionValue: Vout[1] ScriptPubkey type: electrum.ScriptPubkey
ELECTRUM: getTransactionValue: Vout[1] ScriptPubkey has 5 fields
ELECTRUM: getTransactionValue: Vout[1] ScriptPubkey Field 0: Addresses = [] (type: []string)
ELECTRUM: getTransactionValue: Vout[1] ScriptPubkey Field 1: Asm = 1 05090923a2d5a8f95f8f50c0e191462e7692094a9307747b0c5580ea43073ea3 (type: string)
ELECTRUM: getTransactionValue: Vout[1] ScriptPubkey Field 2: Hex = 512005090923a2d5a8f95f8f50c0e191462e7692094a9307747b0c5580ea43073ea3 (type: string)
ELECTRUM: getTransactionValue: Vout[1] ScriptPubkey Field 3: ReqSigs = 0 (type: uint32)
ELECTRUM: getTransactionValue: Vout[1] ScriptPubkey Field 4: Type = witness_v1_taproot (type: string)
ELECTRUM: getTransactionValue: Vout[1] extracted script hex from Hex field: 512005090923a2d5a8f95f8f50c0e191462e7692094a9307747b0c5580ea43073ea3
ELECTRUM: getTransactionValue: Vout[1] calculated script hash: 222baf51ae983e703d9ecb39f410510ac4514da35620ee9986494c88e20a46a1, target: 6bf1890b216a5372d5a81a5ca9791137d77c1853dd628b5d3aa34d8ec00604a5
ELECTRUM: getTransactionValue: Vout[1] does not match our script hash, skipping
ELECTRUM: buildTransactionDetail: Transaction 25cd595c95040e2b75b6a0e6b20ee96db31aeb75c6b8e7c44c720f9bd1527963 has actual value 8670 satoshis
2025/09/16 15:03:09 ELECTRUM: GetBlockHash called for height: 4660785
ELECTRUM: Starting fetchAddressHistory for address: tb1q8chvehh7ptzcfylzsgysk08cm3ppt8fvleeggz
ELECTRUM: Fetching transaction history for address: tb1q8chvehh7ptzcfylzsgysk08cm3ppt8fvleeggz
ELECTRUM: Calling GetHistory for address: tb1q8chvehh7ptzcfylzsgysk08cm3ppt8fvleeggz, scriptHash: 8b874fe06c0a029126d30048dd68ce279f86ab73018e41fbce4e5db15bbd4d68
2025-09-16 15:03:09.259 [INF] BTWL btcwallet.go:490: BTCWALLET: Received transaction callback - txHash: 25cd595c95040e2b75b6a0e6b20ee96db31aeb75c6b8e7c44c720f9bd1527963, address: tb1qzja2zr3jt2tn5j4emss49745hwdxagaqvru8d4, value: 8670, confirmations: 10817
2025-09-16 15:03:09.259 [INF] BTWL btcwallet.go:514: BTCWALLET: Integrating discovered transaction 25cd595c95040e2b75b6a0e6b20ee96db31aeb75c6b8e7c44c720f9bd1527963 for address tb1qzja2zr3jt2tn5j4emss49745hwdxagaqvru8d4 (value: 8670, confirmations: 10817)
2025-09-16 15:03:09.259 [INF] BTWL btcwallet.go:561: BTCWALLET: Successfully integrated transaction 25cd595c95040e2b75b6a0e6b20ee96db31aeb75c6b8e7c44c720f9bd1527963 (value: 8670 satoshis, confirmations: 10817)
2025-09-16 15:03:09.259 [INF] BTWL btcwallet.go:498: BTCWALLET: Successfully integrated discovered transaction 25cd595c95040e2b75b6a0e6b20ee96db31aeb75c6b8e7c44c720f9bd1527963
ELECTRUM: Starting fetchAddressHistory for address: tb1q2xgdnhrez9r46a65g4jacpynkjmnfe6f6a7rv9
ELECTRUM: Fetching transaction history for address: tb1q2xgdnhrez9r46a65g4jacpynkjmnfe6f6a7rv9
ELECTRUM: Calling GetHistory for address: tb1q2xgdnhrez9r46a65g4jacpynkjmnfe6f6a7rv9, scriptHash: 8ffe8589aabc0270d07eb3d7eb59003aea385db49b2f2cda6a405ba17ae25436
2025-09-16 15:03:09.537 [DBG] RPCS interceptor.go:775: [/lnrpc.Lightning/NewAddress] requested
2025/09/16 15:03:09 ELECTRUM: GetBestBlock called
ELECTRUM: NotifyReceived called with 1 addresses
2025/09/16 15:03:09 ELECTRUM: Subscribing to headers to get current height
2025-09-16 15:03:09.556 [INF] BTWL btcwallet.go:911: BTCWALLET: Setting up notification for new address: tb1pk5aaydpzxv9uldsg3pf2hcelqh9vg54av4pkutt28yfaahu4220s5mlzwy
2025-09-16 15:03:09.556 [DBG] RPCS rpcserver.go:1713: [newaddress] account=default type=TAPROOT_PUBKEY addr=tb1pk5aaydpzxv9uldsg3pf2hcelqh9vg54av4pkutt28yfaahu4220s5mlzwy
2025-09-16 15:03:09.556 [INF] BTWL btcwallet.go:580: BTCWALLET: Setting up notification for address: tb1pk5aaydpzxv9uldsg3pf2hcelqh9vg54av4pkutt28yfaahu4220s5mlzwy
2025-09-16 15:03:09.556 [INF] BTWL btcwallet.go:593: BTCWALLET: Calling chain.NotifyReceived for address: tb1pk5aaydpzxv9uldsg3pf2hcelqh9vg54av4pkutt28yfaahu4220s5mlzwy
ELECTRUM: NotifyReceived called with 1 addresses
2025-09-16 15:03:09.556 [INF] BTWL btcwallet.go:603: BTCWALLET: chain.NotifyReceived completed successfully for address: tb1pk5aaydpzxv9uldsg3pf2hcelqh9vg54av4pkutt28yfaahu4220s5mlzwy
2025-09-16 15:03:09.556 [INF] BTWL btcwallet.go:605: BTCWALLET: Successfully set up notification for address: tb1pk5aaydpzxv9uldsg3pf2hcelqh9vg54av4pkutt28yfaahu4220s5mlzwy
2025-09-16 15:03:09.556 [INF] BTWL btcwallet.go:917: BTCWALLET: Successfully set up notification for new address: tb1pk5aaydpzxv9uldsg3pf2hcelqh9vg54av4pkutt28yfaahu4220s5mlzwy
ELECTRUM: Starting fetchAddressHistory for address: tb1qjka5z9xsg53v4925jn28umwwz3u5tyh302wg30
ELECTRUM: Fetching transaction history for address: tb1qjka5z9xsg53v4925jn28umwwz3u5tyh302wg30
ELECTRUM: Calling GetHistory for address: tb1qjka5z9xsg53v4925jn28umwwz3u5tyh302wg30, scriptHash: 30311d2d2edd9aabdf8d1684192145260c6f30c8c843ae927758b737aac07235
2025/09/16 15:03:09 ELECTRUM: Got current height 4671602 from headers subscription
2025/09/16 15:03:09 ELECTRUM: Returning hash 000000000002e925c6fbfd81736f589b1bd98fc86336a7d049fccd0df2d5cac4 for height 4671602 (from headers subscription)
2025/09/16 15:03:09 ELECTRUM: GetBlockHeader called for hash: 000000000002e925c6fbfd81736f589b1bd98fc86336a7d049fccd0df2d5cac4
2025/09/16 15:03:09 ELECTRUM: GetBestBlock called
2025/09/16 15:03:09 ELECTRUM: Subscribing to headers to get current height
ELECTRUM: Starting fetchAddressHistory for address: tb1qy84s4sf7y0eetkst3eaah849ky60jdjra09ptk
ELECTRUM: Fetching transaction history for address: tb1qy84s4sf7y0eetkst3eaah849ky60jdjra09ptk
ELECTRUM: Calling GetHistory for address: tb1qy84s4sf7y0eetkst3eaah849ky60jdjra09ptk, scriptHash: e49ffa552cb23af49332713f9fedd2efce14dc2902c11597fda6ea1fb83468cc
2025/09/16 15:03:10 ELECTRUM: Got current height 4671602 from headers subscription
2025/09/16 15:03:10 ELECTRUM: Returning hash 000000000002e925c6fbfd81736f589b1bd98fc86336a7d049fccd0df2d5cac4 for height 4671602 (from headers subscription)
2025/09/16 15:03:10 ELECTRUM: GetBestBlock called
2025/09/16 15:03:10 ELECTRUM: Subscribing to headers to get current height
ELECTRUM: Starting fetchAddressHistory for address: tb1q84gk7xt5mkcd5d0kn2pj26gep8zdp8esy5jst5
ELECTRUM: Fetching transaction history for address: tb1q84gk7xt5mkcd5d0kn2pj26gep8zdp8esy5jst5
ELECTRUM: Calling GetHistory for address: tb1q84gk7xt5mkcd5d0kn2pj26gep8zdp8esy5jst5, scriptHash: 0ef136938f4e6ec14f5b140956aa93ab312107d6eed8cc07ab19f19ecfb78117
2025/09/16 15:03:10 ELECTRUM: Got current height 4671602 from headers subscription
2025-09-16 15:03:10.254 [DBG] LTND lnd.go:727: Syncing to block chain rev=08ae35 best_block_time="2025-09-16 15:03:15 -0400 EDT" is_synced=false
2025/09/16 15:03:10 ELECTRUM: Returning hash 000000000002e925c6fbfd81736f589b1bd98fc86336a7d049fccd0df2d5cac4 for height 4671602 (from headers subscription)
2025/09/16 15:03:10 ELECTRUM: Sending initial block notification for height 4671602
2025/09/16 15:03:10 ELECTRUM: Sending block connected notification for height 4671602
2025/09/16 15:03:10 ELECTRUM: Block notification sent successfully for height 4671602
2025/09/16 15:03:10 ELECTRUM: GetBestBlock called
2025/09/16 15:03:10 ELECTRUM: Subscribing to headers to get current height
ELECTRUM: Starting fetchAddressHistory for address: tb1qf07tpug9zz6vffhhm3amvqtujhldkcv2j2wycf
ELECTRUM: Fetching transaction history for address: tb1qf07tpug9zz6vffhhm3amvqtujhldkcv2j2wycf
ELECTRUM: Calling GetHistory for address: tb1qf07tpug9zz6vffhhm3amvqtujhldkcv2j2wycf, scriptHash: fb61782f1e6f1393af564ec097b0ea9834062d5649138e20295f647f97a5361c
2025/09/16 15:03:10 ELECTRUM: Got current height 4671602 from headers subscription
2025/09/16 15:03:10 ELECTRUM: Returning hash 000000000002e925c6fbfd81736f589b1bd98fc86336a7d049fccd0df2d5cac4 for height 4671602 (from headers subscription)
2025/09/16 15:03:10 ELECTRUM: Sending initial block notification for height 4671602
2025/09/16 15:03:10 ELECTRUM: Sending block connected notification for height 4671602
2025/09/16 15:03:10 ELECTRUM: Block notification sent successfully for height 4671602
ELECTRUM: Starting fetchAddressHistory for address: tb1pv6wu2k2pls6eclghkyv4rehmv8pf93kj5x7pejzak3gzd3a9778shsgnq0
ELECTRUM: Fetching transaction history for address: tb1pv6wu2k2pls6eclghkyv4rehmv8pf93kj5x7pejzak3gzd3a9778shsgnq0
ELECTRUM: Calling GetHistory for address: tb1pv6wu2k2pls6eclghkyv4rehmv8pf93kj5x7pejzak3gzd3a9778shsgnq0, scriptHash: 8578ba4feebf5378a3775363d531f253b8fbf9b00df139d1346ef1cbb8d17245
ELECTRUM: Processing transaction 0 for address tb1pv6wu2k2pls6eclghkyv4rehmv8pf93kj5x7pejzak3gzd3a9778shsgnq0
ELECTRUM: Calling buildTransactionDetail for entry 0
ELECTRUM: Starting fetchAddressHistory for address: tb1pa8pzeyefw7glky6entgy0zge4w22kvd0smr56m03jv0z3d0nlxqq6ww377
ELECTRUM: Fetching transaction history for address: tb1pa8pzeyefw7glky6entgy0zge4w22kvd0smr56m03jv0z3d0nlxqq6ww377
ELECTRUM: Calling GetHistory for address: tb1pa8pzeyefw7glky6entgy0zge4w22kvd0smr56m03jv0z3d0nlxqq6ww377, scriptHash: e099d9fde9213ef12ff365704a11cffd8f3bcb116dbdd10b3c5175d8508bac33
ELECTRUM: buildTransactionDetail called with entry type: *electrum.GetMempoolResult
ELECTRUM: buildTransactionDetail: Transaction 53c28422f27e5b7d71977dfbc73a0c85480a9d618c75b05b4cbaf178747f914b has height: 4660782
ELECTRUM: buildTransactionDetail: About to call GetTransaction for 53c28422f27e5b7d71977dfbc73a0c85480a9d618c75b05b4cbaf178747f914b
ELECTRUM: buildTransactionDetail: Getting transaction details for 53c28422f27e5b7d71977dfbc73a0c85480a9d618c75b05b4cbaf178747f914b
ELECTRUM: Starting fetchAddressHistory for address: tb1pyv0yhlfkue5jv8djnqst2mx0gls46ef42rfmxnsxn6qk0rs2etesn8ee50
ELECTRUM: Fetching transaction history for address: tb1pyv0yhlfkue5jv8djnqst2mx0gls46ef42rfmxnsxn6qk0rs2etesn8ee50
ELECTRUM: Calling GetHistory for address: tb1pyv0yhlfkue5jv8djnqst2mx0gls46ef42rfmxnsxn6qk0rs2etesn8ee50, scriptHash: f5c33ca4f183067b5c6f0c90abf586cb7bfac7aa4718bbbb54d982ae17efdc4e
ELECTRUM: buildTransactionDetail: Successfully got transaction 53c28422f27e5b7d71977dfbc73a0c85480a9d618c75b05b4cbaf178747f914b
ELECTRUM: buildTransactionDetail: GetTransaction succeeded for 53c28422f27e5b7d71977dfbc73a0c85480a9d618c75b05b4cbaf178747f914b, processing result
ELECTRUM: buildTransactionDetail: Processing transaction result for 53c28422f27e5b7d71977dfbc73a0c85480a9d618c75b05b4cbaf178747f914b
ELECTRUM: buildTransactionDetail: Transaction result is not nil for 53c28422f27e5b7d71977dfbc73a0c85480a9d618c75b05b4cbaf178747f914b
ELECTRUM: buildTransactionDetail: Attempting to get actual value for transaction 53c28422f27e5b7d71977dfbc73a0c85480a9d618c75b05b4cbaf178747f914b
2025/09/16 15:03:11 ELECTRUM: GetBestBlock called
2025/09/16 15:03:11 ELECTRUM: Subscribing to headers to get current height
ELECTRUM: Processing transaction 0 for address tb1pyv0yhlfkue5jv8djnqst2mx0gls46ef42rfmxnsxn6qk0rs2etesn8ee50
ELECTRUM: Calling buildTransactionDetail for entry 0
ELECTRUM: buildTransactionDetail called with entry type: *electrum.GetMempoolResult
ELECTRUM: Starting fetchAddressHistory for address: tb1pdw5jf09namf7sdkxqjrlru7uthdeugrps662cdlzet8ht02jw48sgy0gs6
ELECTRUM: Fetching transaction history for address: tb1pdw5jf09namf7sdkxqjrlru7uthdeugrps662cdlzet8ht02jw48sgy0gs6
ELECTRUM: Calling GetHistory for address: tb1pdw5jf09namf7sdkxqjrlru7uthdeugrps662cdlzet8ht02jw48sgy0gs6, scriptHash: 5987449d703426b3d8882ca6a898953f5475d0e7579d6c3c11c28a2d2279d2a1
ELECTRUM: getTransactionValue: Transaction result type: *electrum.GetTransactionResult, fields: 12
ELECTRUM: getTransactionValue: Field 0: Blockhash = 0000000000000042e460b9fad2e9532cf1cc3f4170a53d9d26ab6e78ff236847 (type: string)
ELECTRUM: getTransactionValue: Field 1: Blocktime = 1757981159 (type: uint64)
ELECTRUM: getTransactionValue: Field 2: Confirmations = 10822 (type: int32)
ELECTRUM: getTransactionValue: Field 3: Hash = 15c263df20efdbc1e9a831e492e4448bfae81a419aebddaf1cdaa9581e5886ec (type: string)
ELECTRUM: getTransactionValue: Field 4: Hex = 01000000000101e1a363336ff7bf5c9cfe66dd6f03620ebcf0a6c9a8500fcd9ad509606e08c27f0000000000ffffffff026198a300000000002251201edf63902042b3252443e16248200720e90b315f7e4512f05583cc0e49e6c07dd721000000000000225120669dc55941fc359c7d17b11951e6fb61c292c6d2a1bc1cc85db45026c7a5f78f0140a7bf98f7dbc055da2864c132b6e28616cee30297c3b4432b31f725f1f3eac4f52fa39ab8a351aa1c2a07848c8657f223f648ba92739e8ca06bd8acf140ecacbb00000000 (type: string)
ELECTRUM: getTransactionValue: Field 5: Locktime = 0 (type: uint32)
ELECTRUM: getTransactionValue: Field 6: Size = 205 (type: uint32)
ELECTRUM: getTransactionValue: Field 7: Time = 1757981159 (type: uint64)
ELECTRUM: buildTransactionDetail: Transaction 70b89aa06b86eea0e6d870f9ee0e6b2881efcc189af8e8c9f6326927fd2db5ce has height: 4665879
ELECTRUM: buildTransactionDetail: About to call GetTransaction for 70b89aa06b86eea0e6d870f9ee0e6b2881efcc189af8e8c9f6326927fd2db5ce
ELECTRUM: buildTransactionDetail: Getting transaction details for 70b89aa06b86eea0e6d870f9ee0e6b2881efcc189af8e8c9f6326927fd2db5ce
ELECTRUM: getTransactionValue: Field 8: Version = 1 (type: uint32)
ELECTRUM: getTransactionValue: Field 9: Vin = [{ 0x140000d5a40 4294967295 7fc2086e6009d59acd0f50a8c9a6f0bc0e62036fdd66fe9c5cbff76f3363a3e1 0}] (type: []electrum.Vin)
ELECTRUM: getTransactionValue: Field 10: Vout = [{0 {[] 1 1edf63902042b3252443e16248200720e90b315f7e4512f05583cc0e49e6c07d 51201edf63902042b3252443e16248200720e90b315f7e4512f05583cc0e49e6c07d 0 witness_v1_taproot} 0.10721377} {1 {[] 1 669dc55941fc359c7d17b11951e6fb61c292c6d2a1bc1cc85db45026c7a5f78f 5120669dc55941fc359c7d17b11951e6fb61c292c6d2a1bc1cc85db45026c7a5f78f 0 witness_v1_taproot} 8.663e-05}] (type: []electrum.Vout)
ELECTRUM: getTransactionValue: Field 11: Merkle = {[] 0 0} (type: electrum.GetMerkleProofResult)
ELECTRUM: getTransactionValue: Processing 2 Vout entries for transaction 53c28422f27e5b7d71977dfbc73a0c85480a9d618c75b05b4cbaf178747f914b
ELECTRUM: getTransactionValue: Processing Vout entry 0 for transaction 53c28422f27e5b7d71977dfbc73a0c85480a9d618c75b05b4cbaf178747f914b
ELECTRUM: getTransactionValue: Vout[0] Field 0: N = 0 (type: uint32)
ELECTRUM: getTransactionValue: Vout[0] Field 1: ScriptPubkey = {[] 1 1edf63902042b3252443e16248200720e90b315f7e4512f05583cc0e49e6c07d 51201edf63902042b3252443e16248200720e90b315f7e4512f05583cc0e49e6c07d 0 witness_v1_taproot} (type: electrum.ScriptPubkey)
ELECTRUM: getTransactionValue: Vout[0] Field 2: Value = 0.10721377 (type: float64)
ELECTRUM: getTransactionValue: Vout[0] has value 0.107214 BTC (10721377 satoshis)
ELECTRUM: getTransactionValue: Vout[0] ScriptPubkey type: electrum.ScriptPubkey
ELECTRUM: getTransactionValue: Vout[0] ScriptPubkey has 5 fields
ELECTRUM: getTransactionValue: Vout[0] ScriptPubkey Field 0: Addresses = [] (type: []string)
ELECTRUM: getTransactionValue: Vout[0] ScriptPubkey Field 1: Asm = 1 1edf63902042b3252443e16248200720e90b315f7e4512f05583cc0e49e6c07d (type: string)
ELECTRUM: getTransactionValue: Vout[0] ScriptPubkey Field 2: Hex = 51201edf63902042b3252443e16248200720e90b315f7e4512f05583cc0e49e6c07d (type: string)
ELECTRUM: getTransactionValue: Vout[0] ScriptPubkey Field 3: ReqSigs = 0 (type: uint32)
ELECTRUM: getTransactionValue: Vout[0] ScriptPubkey Field 4: Type = witness_v1_taproot (type: string)
ELECTRUM: getTransactionValue: Vout[0] extracted script hex from Hex field: 51201edf63902042b3252443e16248200720e90b315f7e4512f05583cc0e49e6c07d
ELECTRUM: getTransactionValue: Vout[0] calculated script hash: ecafa67b1773168b4fb6c72f570956f426e9587530e4e08c911f95c5e7bf21ea, target: 8578ba4feebf5378a3775363d531f253b8fbf9b00df139d1346ef1cbb8d17245
ELECTRUM: getTransactionValue: Vout[0] does not match our script hash, skipping
ELECTRUM: getTransactionValue: Processing Vout entry 1 for transaction 53c28422f27e5b7d71977dfbc73a0c85480a9d618c75b05b4cbaf178747f914b
ELECTRUM: getTransactionValue: Vout[1] Field 0: N = 1 (type: uint32)
ELECTRUM: getTransactionValue: Vout[1] Field 1: ScriptPubkey = {[] 1 669dc55941fc359c7d17b11951e6fb61c292c6d2a1bc1cc85db45026c7a5f78f 5120669dc55941fc359c7d17b11951e6fb61c292c6d2a1bc1cc85db45026c7a5f78f 0 witness_v1_taproot} (type: electrum.ScriptPubkey)
ELECTRUM: getTransactionValue: Vout[1] Field 2: Value = 8.663e-05 (type: float64)
ELECTRUM: getTransactionValue: Vout[1] has value 0.000087 BTC (8663 satoshis)
ELECTRUM: getTransactionValue: Vout[1] ScriptPubkey type: electrum.ScriptPubkey
ELECTRUM: getTransactionValue: Vout[1] ScriptPubkey has 5 fields
ELECTRUM: getTransactionValue: Vout[1] ScriptPubkey Field 0: Addresses = [] (type: []string)
ELECTRUM: getTransactionValue: Vout[1] ScriptPubkey Field 1: Asm = 1 669dc55941fc359c7d17b11951e6fb61c292c6d2a1bc1cc85db45026c7a5f78f (type: string)
ELECTRUM: getTransactionValue: Vout[1] ScriptPubkey Field 2: Hex = 5120669dc55941fc359c7d17b11951e6fb61c292c6d2a1bc1cc85db45026c7a5f78f (type: string)
ELECTRUM: getTransactionValue: Vout[1] ScriptPubkey Field 3: ReqSigs = 0 (type: uint32)
ELECTRUM: getTransactionValue: Vout[1] ScriptPubkey Field 4: Type = witness_v1_taproot (type: string)
ELECTRUM: getTransactionValue: Vout[1] extracted script hex from Hex field: 5120669dc55941fc359c7d17b11951e6fb61c292c6d2a1bc1cc85db45026c7a5f78f
ELECTRUM: getTransactionValue: Vout[1] calculated script hash: 8578ba4feebf5378a3775363d531f253b8fbf9b00df139d1346ef1cbb8d17245, target: 8578ba4feebf5378a3775363d531f253b8fbf9b00df139d1346ef1cbb8d17245
ELECTRUM: getTransactionValue: Vout[1] matches our script hash, adding 8663 satoshis
ELECTRUM: buildTransactionDetail: Transaction 53c28422f27e5b7d71977dfbc73a0c85480a9d618c75b05b4cbaf178747f914b has actual value 8663 satoshis
2025/09/16 15:03:11 ELECTRUM: GetBlockHash called for height: 4660782
2025/09/16 15:03:11 ELECTRUM: Got current height 4671603 from headers subscription
2025/09/16 15:03:11 ELECTRUM: Returning hash 000000000002939bd11bb8c8240e3c808b0d3e336d5474dd84bc5a8d11e60a0e for height 4671603 (from headers subscription)
2025/09/16 15:03:11 ELECTRUM: GetBlockHeader called for hash: 000000000002939bd11bb8c8240e3c808b0d3e336d5474dd84bc5a8d11e60a0e
2025/09/16 15:03:11 ELECTRUM: GetBestBlock called
2025/09/16 15:03:11 ELECTRUM: Subscribing to headers to get current height
2025-09-16 15:03:11.638 [INF] BTWL btcwallet.go:490: BTCWALLET: Received transaction callback - txHash: 53c28422f27e5b7d71977dfbc73a0c85480a9d618c75b05b4cbaf178747f914b, address: tb1pv6wu2k2pls6eclghkyv4rehmv8pf93kj5x7pejzak3gzd3a9778shsgnq0, value: 8663, confirmations: 10821
ELECTRUM: Starting fetchAddressHistory for address: tb1pqxhwj0c5z7jkz6pcur2lryehylrl4yzh0fvgphnpf769578k2qwqq8pvqd
ELECTRUM: Fetching transaction history for address: tb1pqxhwj0c5z7jkz6pcur2lryehylrl4yzh0fvgphnpf769578k2qwqq8pvqd
ELECTRUM: Calling GetHistory for address: tb1pqxhwj0c5z7jkz6pcur2lryehylrl4yzh0fvgphnpf769578k2qwqq8pvqd, scriptHash: b4b1be16fa88724c29732edb1ff71e5ab276106ae5fc1021dbec298966da0b83
ELECTRUM: Processing transaction 0 for address tb1pdw5jf09namf7sdkxqjrlru7uthdeugrps662cdlzet8ht02jw48sgy0gs6
ELECTRUM: Calling buildTransactionDetail for entry 0
ELECTRUM: buildTransactionDetail called with entry type: *electrum.GetMempoolResult
2025-09-16 15:03:11.639 [INF] BTWL btcwallet.go:514: BTCWALLET: Integrating discovered transaction 53c28422f27e5b7d71977dfbc73a0c85480a9d618c75b05b4cbaf178747f914b for address tb1pv6wu2k2pls6eclghkyv4rehmv8pf93kj5x7pejzak3gzd3a9778shsgnq0 (value: 8663, confirmations: 10821)
ELECTRUM: buildTransactionDetail: Transaction 319cca7de1a53e4a43e3462c066ecfe1223a17a6f7d957aac2f3521a012248c4 has height: 4667133
ELECTRUM: buildTransactionDetail: About to call GetTransaction for 319cca7de1a53e4a43e3462c066ecfe1223a17a6f7d957aac2f3521a012248c4
ELECTRUM: buildTransactionDetail: Getting transaction details for 319cca7de1a53e4a43e3462c066ecfe1223a17a6f7d957aac2f3521a012248c4
ELECTRUM: buildTransactionDetail: Successfully got transaction 70b89aa06b86eea0e6d870f9ee0e6b2881efcc189af8e8c9f6326927fd2db5ce
ELECTRUM: buildTransactionDetail: GetTransaction succeeded for 70b89aa06b86eea0e6d870f9ee0e6b2881efcc189af8e8c9f6326927fd2db5ce, processing result
ELECTRUM: buildTransactionDetail: Processing transaction result for 70b89aa06b86eea0e6d870f9ee0e6b2881efcc189af8e8c9f6326927fd2db5ce
ELECTRUM: buildTransactionDetail: Transaction result is not nil for 70b89aa06b86eea0e6d870f9ee0e6b2881efcc189af8e8c9f6326927fd2db5ce
ELECTRUM: buildTransactionDetail: Attempting to get actual value for transaction 70b89aa06b86eea0e6d870f9ee0e6b2881efcc189af8e8c9f6326927fd2db5ce
2025-09-16 15:03:11.639 [INF] BTWL btcwallet.go:561: BTCWALLET: Successfully integrated transaction 53c28422f27e5b7d71977dfbc73a0c85480a9d618c75b05b4cbaf178747f914b (value: 8663 satoshis, confirmations: 10821)
2025-09-16 15:03:11.639 [INF] BTWL btcwallet.go:498: BTCWALLET: Successfully integrated discovered transaction 53c28422f27e5b7d71977dfbc73a0c85480a9d618c75b05b4cbaf178747f914b
2025/09/16 15:03:11 ELECTRUM: Got current height 4671603 from headers subscription
2025/09/16 15:03:11 ELECTRUM: Returning hash 000000000002939bd11bb8c8240e3c808b0d3e336d5474dd84bc5a8d11e60a0e for height 4671603 (from headers subscription)
ELECTRUM: Starting fetchAddressHistory for address: tb1pyts089s2l3zpfhculluw6lxzwfsary8cj9m26edtrqxss7p7qydqat9hw2
ELECTRUM: Fetching transaction history for address: tb1pyts089s2l3zpfhculluw6lxzwfsary8cj9m26edtrqxss7p7qydqat9hw2
ELECTRUM: Calling GetHistory for address: tb1pyts089s2l3zpfhculluw6lxzwfsary8cj9m26edtrqxss7p7qydqat9hw2, scriptHash: f67a34ebd66063c1a926b52c9a5e00f290e890e3b2a8b3acf99e6ca0840e2c69
ELECTRUM: getTransactionValue: Transaction result type: *electrum.GetTransactionResult, fields: 12
ELECTRUM: getTransactionValue: Field 0: Blockhash = 000000000000116242136073a4a852db7fe9d1df3a40fd8cc63406bb09ad832f (type: string)
ELECTRUM: getTransactionValue: Field 1: Blocktime = 1758036367 (type: uint64)
ELECTRUM: getTransactionValue: Field 2: Confirmations = 5725 (type: int32)
ELECTRUM: getTransactionValue: Field 3: Hash = 7dd5a01e353db4e588a83daebd2247317de97d2d2d52c2759f3568d5d65dd51a (type: string)
ELECTRUM: getTransactionValue: Field 4: Hex = 0100000000010194fd0563da521fe38d87737bd27f4032217b2f4b2cd8f1cf6f6e674fa3830e480100000000ffffffff02e632000000000000225120231e4bfd36e669261db29820b56ccf47e15d653550d3b34e069e81678e0acaf37cdaa200000000002251203ab4fb974815d5bbd4311d2b5a0b2fcbff49a01ff0db93dda6aaca61d0da914e0140f4b195521857f4498c883a2017dce416f1111fcc162d15c43cbc7dbd42b33b3f52c608e0fa222cbcfa184c1f915a637152fcc5fb35edf8c3c165124ba67c7a0d00000000 (type: string)
ELECTRUM: getTransactionValue: Field 5: Locktime = 0 (type: uint32)
ELECTRUM: getTransactionValue: Field 6: Size = 205 (type: uint32)
ELECTRUM: getTransactionValue: Field 7: Time = 1758036367 (type: uint64)
ELECTRUM: getTransactionValue: Field 8: Version = 1 (type: uint32)
ELECTRUM: getTransactionValue: Field 9: Vin = [{ 0x14000700ac0 4294967295 480e83a34f676e6fcff1d82c4b2f7b2132407fd27b73878de31f52da6305fd94 1}] (type: []electrum.Vin)
ELECTRUM: getTransactionValue: Field 10: Vout = [{0 {[] 1 231e4bfd36e669261db29820b56ccf47e15d653550d3b34e069e81678e0acaf3 5120231e4bfd36e669261db29820b56ccf47e15d653550d3b34e069e81678e0acaf3 0 witness_v1_taproot} 0.0001303} {1 {[] 1 3ab4fb974815d5bbd4311d2b5a0b2fcbff49a01ff0db93dda6aaca61d0da914e 51203ab4fb974815d5bbd4311d2b5a0b2fcbff49a01ff0db93dda6aaca61d0da914e 0 witness_v1_taproot} 0.10672764}] (type: []electrum.Vout)
ELECTRUM: getTransactionValue: Field 11: Merkle = {[] 0 0} (type: electrum.GetMerkleProofResult)
ELECTRUM: getTransactionValue: Processing 2 Vout entries for transaction 70b89aa06b86eea0e6d870f9ee0e6b2881efcc189af8e8c9f6326927fd2db5ce
ELECTRUM: getTransactionValue: Processing Vout entry 0 for transaction 70b89aa06b86eea0e6d870f9ee0e6b2881efcc189af8e8c9f6326927fd2db5ce
ELECTRUM: getTransactionValue: Vout[0] Field 0: N = 0 (type: uint32)
ELECTRUM: getTransactionValue: Vout[0] Field 1: ScriptPubkey = {[] 1 231e4bfd36e669261db29820b56ccf47e15d653550d3b34e069e81678e0acaf3 5120231e4bfd36e669261db29820b56ccf47e15d653550d3b34e069e81678e0acaf3 0 witness_v1_taproot} (type: electrum.ScriptPubkey)
ELECTRUM: getTransactionValue: Vout[0] Field 2: Value = 0.0001303 (type: float64)
ELECTRUM: getTransactionValue: Vout[0] has value 0.000130 BTC (13030 satoshis)
ELECTRUM: getTransactionValue: Vout[0] ScriptPubkey type: electrum.ScriptPubkey
ELECTRUM: getTransactionValue: Vout[0] ScriptPubkey has 5 fields
ELECTRUM: getTransactionValue: Vout[0] ScriptPubkey Field 0: Addresses = [] (type: []string)
ELECTRUM: getTransactionValue: Vout[0] ScriptPubkey Field 1: Asm = 1 231e4bfd36e669261db29820b56ccf47e15d653550d3b34e069e81678e0acaf3 (type: string)
ELECTRUM: getTransactionValue: Vout[0] ScriptPubkey Field 2: Hex = 5120231e4bfd36e669261db29820b56ccf47e15d653550d3b34e069e81678e0acaf3 (type: string)
ELECTRUM: getTransactionValue: Vout[0] ScriptPubkey Field 3: ReqSigs = 0 (type: uint32)
ELECTRUM: getTransactionValue: Vout[0] ScriptPubkey Field 4: Type = witness_v1_taproot (type: string)
ELECTRUM: getTransactionValue: Vout[0] extracted script hex from Hex field: 5120231e4bfd36e669261db29820b56ccf47e15d653550d3b34e069e81678e0acaf3
ELECTRUM: getTransactionValue: Vout[0] calculated script hash: f5c33ca4f183067b5c6f0c90abf586cb7bfac7aa4718bbbb54d982ae17efdc4e, target: f5c33ca4f183067b5c6f0c90abf586cb7bfac7aa4718bbbb54d982ae17efdc4e
ELECTRUM: getTransactionValue: Vout[0] matches our script hash, adding 13030 satoshis
ELECTRUM: getTransactionValue: Processing Vout entry 1 for transaction 70b89aa06b86eea0e6d870f9ee0e6b2881efcc189af8e8c9f6326927fd2db5ce
ELECTRUM: getTransactionValue: Vout[1] Field 0: N = 1 (type: uint32)
ELECTRUM: getTransactionValue: Vout[1] Field 1: ScriptPubkey = {[] 1 3ab4fb974815d5bbd4311d2b5a0b2fcbff49a01ff0db93dda6aaca61d0da914e 51203ab4fb974815d5bbd4311d2b5a0b2fcbff49a01ff0db93dda6aaca61d0da914e 0 witness_v1_taproot} (type: electrum.ScriptPubkey)
ELECTRUM: getTransactionValue: Vout[1] Field 2: Value = 0.10672764 (type: float64)
ELECTRUM: getTransactionValue: Vout[1] has value 0.106728 BTC (10672764 satoshis)
ELECTRUM: getTransactionValue: Vout[1] ScriptPubkey type: electrum.ScriptPubkey
ELECTRUM: getTransactionValue: Vout[1] ScriptPubkey has 5 fields
ELECTRUM: getTransactionValue: Vout[1] ScriptPubkey Field 0: Addresses = [] (type: []string)
ELECTRUM: getTransactionValue: Vout[1] ScriptPubkey Field 1: Asm = 1 3ab4fb974815d5bbd4311d2b5a0b2fcbff49a01ff0db93dda6aaca61d0da914e (type: string)
ELECTRUM: getTransactionValue: Vout[1] ScriptPubkey Field 2: Hex = 51203ab4fb974815d5bbd4311d2b5a0b2fcbff49a01ff0db93dda6aaca61d0da914e (type: string)
ELECTRUM: getTransactionValue: Vout[1] ScriptPubkey Field 3: ReqSigs = 0 (type: uint32)
ELECTRUM: getTransactionValue: Vout[1] ScriptPubkey Field 4: Type = witness_v1_taproot (type: string)
ELECTRUM: getTransactionValue: Vout[1] extracted script hex from Hex field: 51203ab4fb974815d5bbd4311d2b5a0b2fcbff49a01ff0db93dda6aaca61d0da914e
ELECTRUM: getTransactionValue: Vout[1] calculated script hash: b7aae3c97d4769611aee910825b7118d7ad2151c446f074416f7bf72160dcfd2, target: f5c33ca4f183067b5c6f0c90abf586cb7bfac7aa4718bbbb54d982ae17efdc4e
ELECTRUM: getTransactionValue: Vout[1] does not match our script hash, skipping
ELECTRUM: buildTransactionDetail: Transaction 70b89aa06b86eea0e6d870f9ee0e6b2881efcc189af8e8c9f6326927fd2db5ce has actual value 13030 satoshis
2025/09/16 15:03:11 ELECTRUM: GetBlockHash called for height: 4665879
ELECTRUM: buildTransactionDetail: Successfully got transaction 319cca7de1a53e4a43e3462c066ecfe1223a17a6f7d957aac2f3521a012248c4
ELECTRUM: buildTransactionDetail: GetTransaction succeeded for 319cca7de1a53e4a43e3462c066ecfe1223a17a6f7d957aac2f3521a012248c4, processing result
ELECTRUM: buildTransactionDetail: Processing transaction result for 319cca7de1a53e4a43e3462c066ecfe1223a17a6f7d957aac2f3521a012248c4
ELECTRUM: buildTransactionDetail: Transaction result is not nil for 319cca7de1a53e4a43e3462c066ecfe1223a17a6f7d957aac2f3521a012248c4
ELECTRUM: buildTransactionDetail: Attempting to get actual value for transaction 319cca7de1a53e4a43e3462c066ecfe1223a17a6f7d957aac2f3521a012248c4
2025-09-16 15:03:11.950 [DBG] LTND lnd.go:727: Syncing to block chain rev=08ae35 best_block_time="2025-09-16 15:03:11 -0400 EDT" is_synced=false
ELECTRUM: Starting fetchAddressHistory for address: tb1py0jfpc0ft4zsfhg7p3peze4q6wdl9l2gfwzf8ar64skxkhz9v9lsuhm2g4
ELECTRUM: Fetching transaction history for address: tb1py0jfpc0ft4zsfhg7p3peze4q6wdl9l2gfwzf8ar64skxkhz9v9lsuhm2g4
ELECTRUM: Calling GetHistory for address: tb1py0jfpc0ft4zsfhg7p3peze4q6wdl9l2gfwzf8ar64skxkhz9v9lsuhm2g4, scriptHash: 1f1546aea3cb0bbe6272bb05f049b1d43ea9cd69a421402946f1e21b67d24a7f
ELECTRUM: Processing transaction 0 for address tb1pyts089s2l3zpfhculluw6lxzwfsary8cj9m26edtrqxss7p7qydqat9hw2
ELECTRUM: Calling buildTransactionDetail for entry 0
ELECTRUM: buildTransactionDetail called with entry type: *electrum.GetMempoolResult
ELECTRUM: buildTransactionDetail: Transaction 51abc2a15b01e008362af0075a3616d445af203deaea3abcad4d94f607dbafab has height: 4661302
ELECTRUM: buildTransactionDetail: About to call GetTransaction for 51abc2a15b01e008362af0075a3616d445af203deaea3abcad4d94f607dbafab
ELECTRUM: buildTransactionDetail: Getting transaction details for 51abc2a15b01e008362af0075a3616d445af203deaea3abcad4d94f607dbafab
2025-09-16 15:03:12.124 [INF] BTWL btcwallet.go:490: BTCWALLET: Received transaction callback - txHash: 70b89aa06b86eea0e6d870f9ee0e6b2881efcc189af8e8c9f6326927fd2db5ce, address: tb1pyv0yhlfkue5jv8djnqst2mx0gls46ef42rfmxnsxn6qk0rs2etesn8ee50, value: 13030, confirmations: 5725
2025-09-16 15:03:12.124 [INF] BTWL btcwallet.go:514: BTCWALLET: Integrating discovered transaction 70b89aa06b86eea0e6d870f9ee0e6b2881efcc189af8e8c9f6326927fd2db5ce for address tb1pyv0yhlfkue5jv8djnqst2mx0gls46ef42rfmxnsxn6qk0rs2etesn8ee50 (value: 13030, confirmations: 5725)
2025-09-16 15:03:12.124 [INF] BTWL btcwallet.go:561: BTCWALLET: Successfully integrated transaction 70b89aa06b86eea0e6d870f9ee0e6b2881efcc189af8e8c9f6326927fd2db5ce (value: 13030 satoshis, confirmations: 5725)
2025-09-16 15:03:12.124 [INF] BTWL btcwallet.go:498: BTCWALLET: Successfully integrated discovered transaction 70b89aa06b86eea0e6d870f9ee0e6b2881efcc189af8e8c9f6326927fd2db5ce
ELECTRUM: getTransactionValue: Transaction result type: *electrum.GetTransactionResult, fields: 12
ELECTRUM: getTransactionValue: Field 0: Blockhash = 00000000000250b139dcd3b1c9c71b8974b271315c97bec585495f4f7e529dc3 (type: string)
ELECTRUM: getTransactionValue: Field 1: Blocktime = 1758039166 (type: uint64)
ELECTRUM: getTransactionValue: Field 2: Confirmations = 4471 (type: int32)
ELECTRUM: getTransactionValue: Field 3: Hash = 91bf7327473c9bc0234f3d934656c53ec09bbc1794cf2b3fa87f8cfd984e456f (type: string)
ELECTRUM: getTransactionValue: Field 4: Hex = 01000000000101ceb52dfd276932f6c9e8f89a18ccef81286b0eeef970d8e6a0ee866ba09ab8700100000000ffffffff026a96a20000000000225120a26e00c992e2f66cd6fef339fbf84e2b0d9e0358286aa6ea9c00d9ca6684224c76430000000000002251206ba924bcb3eed3e836c60487f1f3dc5ddb9e206186b4ac37e2cacf75bd52754f01400e4892d04983c7415e5baa0a8b7e25b02f74a747cdf60eb29a20aafc131bc9e7d28e484f53ab8f25a5262d7f8f94c4947dcdce9606f53a8e445fd10505d9855800000000 (type: string)
ELECTRUM: getTransactionValue: Field 5: Locktime = 0 (type: uint32)
ELECTRUM: getTransactionValue: Field 6: Size = 205 (type: uint32)
ELECTRUM: getTransactionValue: Field 7: Time = 1758039166 (type: uint64)
ELECTRUM: getTransactionValue: Field 8: Version = 1 (type: uint32)
ELECTRUM: getTransactionValue: Field 9: Vin = [{ 0x140007010a0 4294967295 70b89aa06b86eea0e6d870f9ee0e6b2881efcc189af8e8c9f6326927fd2db5ce 1}] (type: []electrum.Vin)
ELECTRUM: getTransactionValue: Field 10: Vout = [{0 {[] 1 a26e00c992e2f66cd6fef339fbf84e2b0d9e0358286aa6ea9c00d9ca6684224c 5120a26e00c992e2f66cd6fef339fbf84e2b0d9e0358286aa6ea9c00d9ca6684224c 0 witness_v1_taproot} 0.10655338} {1 {[] 1 6ba924bcb3eed3e836c60487f1f3dc5ddb9e206186b4ac37e2cacf75bd52754f 51206ba924bcb3eed3e836c60487f1f3dc5ddb9e206186b4ac37e2cacf75bd52754f 0 witness_v1_taproot} 0.0001727}] (type: []electrum.Vout)
ELECTRUM: getTransactionValue: Field 11: Merkle = {[] 0 0} (type: electrum.GetMerkleProofResult)
ELECTRUM: getTransactionValue: Processing 2 Vout entries for transaction 319cca7de1a53e4a43e3462c066ecfe1223a17a6f7d957aac2f3521a012248c4
ELECTRUM: getTransactionValue: Processing Vout entry 0 for transaction 319cca7de1a53e4a43e3462c066ecfe1223a17a6f7d957aac2f3521a012248c4
ELECTRUM: getTransactionValue: Vout[0] Field 0: N = 0 (type: uint32)
ELECTRUM: getTransactionValue: Vout[0] Field 1: ScriptPubkey = {[] 1 a26e00c992e2f66cd6fef339fbf84e2b0d9e0358286aa6ea9c00d9ca6684224c 5120a26e00c992e2f66cd6fef339fbf84e2b0d9e0358286aa6ea9c00d9ca6684224c 0 witness_v1_taproot} (type: electrum.ScriptPubkey)
ELECTRUM: getTransactionValue: Vout[0] Field 2: Value = 0.10655338 (type: float64)
ELECTRUM: getTransactionValue: Vout[0] has value 0.106553 BTC (10655338 satoshis)
ELECTRUM: getTransactionValue: Vout[0] ScriptPubkey type: electrum.ScriptPubkey
ELECTRUM: getTransactionValue: Vout[0] ScriptPubkey has 5 fields
ELECTRUM: getTransactionValue: Vout[0] ScriptPubkey Field 0: Addresses = [] (type: []string)
ELECTRUM: getTransactionValue: Vout[0] ScriptPubkey Field 1: Asm = 1 a26e00c992e2f66cd6fef339fbf84e2b0d9e0358286aa6ea9c00d9ca6684224c (type: string)
ELECTRUM: getTransactionValue: Vout[0] ScriptPubkey Field 2: Hex = 5120a26e00c992e2f66cd6fef339fbf84e2b0d9e0358286aa6ea9c00d9ca6684224c (type: string)
ELECTRUM: getTransactionValue: Vout[0] ScriptPubkey Field 3: ReqSigs = 0 (type: uint32)
ELECTRUM: getTransactionValue: Vout[0] ScriptPubkey Field 4: Type = witness_v1_taproot (type: string)
ELECTRUM: getTransactionValue: Vout[0] extracted script hex from Hex field: 5120a26e00c992e2f66cd6fef339fbf84e2b0d9e0358286aa6ea9c00d9ca6684224c
ELECTRUM: getTransactionValue: Vout[0] calculated script hash: 285267eb98af21c308e1f0497341c7158d33f4401a11d6c74bc5cb5c78db664c, target: 5987449d703426b3d8882ca6a898953f5475d0e7579d6c3c11c28a2d2279d2a1
ELECTRUM: getTransactionValue: Vout[0] does not match our script hash, skipping
ELECTRUM: getTransactionValue: Processing Vout entry 1 for transaction 319cca7de1a53e4a43e3462c066ecfe1223a17a6f7d957aac2f3521a012248c4
ELECTRUM: getTransactionValue: Vout[1] Field 0: N = 1 (type: uint32)
ELECTRUM: getTransactionValue: Vout[1] Field 1: ScriptPubkey = {[] 1 6ba924bcb3eed3e836c60487f1f3dc5ddb9e206186b4ac37e2cacf75bd52754f 51206ba924bcb3eed3e836c60487f1f3dc5ddb9e206186b4ac37e2cacf75bd52754f 0 witness_v1_taproot} (type: electrum.ScriptPubkey)
ELECTRUM: getTransactionValue: Vout[1] Field 2: Value = 0.0001727 (type: float64)
ELECTRUM: getTransactionValue: Vout[1] has value 0.000173 BTC (17270 satoshis)
ELECTRUM: getTransactionValue: Vout[1] ScriptPubkey type: electrum.ScriptPubkey
ELECTRUM: getTransactionValue: Vout[1] ScriptPubkey has 5 fields
ELECTRUM: getTransactionValue: Vout[1] ScriptPubkey Field 0: Addresses = [] (type: []string)
ELECTRUM: getTransactionValue: Vout[1] ScriptPubkey Field 1: Asm = 1 6ba924bcb3eed3e836c60487f1f3dc5ddb9e206186b4ac37e2cacf75bd52754f (type: string)
ELECTRUM: getTransactionValue: Vout[1] ScriptPubkey Field 2: Hex = 51206ba924bcb3eed3e836c60487f1f3dc5ddb9e206186b4ac37e2cacf75bd52754f (type: string)
ELECTRUM: getTransactionValue: Vout[1] ScriptPubkey Field 3: ReqSigs = 0 (type: uint32)
ELECTRUM: getTransactionValue: Vout[1] ScriptPubkey Field 4: Type = witness_v1_taproot (type: string)
ELECTRUM: getTransactionValue: Vout[1] extracted script hex from Hex field: 51206ba924bcb3eed3e836c60487f1f3dc5ddb9e206186b4ac37e2cacf75bd52754f
ELECTRUM: getTransactionValue: Vout[1] calculated script hash: 5987449d703426b3d8882ca6a898953f5475d0e7579d6c3c11c28a2d2279d2a1, target: 5987449d703426b3d8882ca6a898953f5475d0e7579d6c3c11c28a2d2279d2a1
ELECTRUM: getTransactionValue: Vout[1] matches our script hash, adding 17270 satoshis
ELECTRUM: buildTransactionDetail: Transaction 319cca7de1a53e4a43e3462c066ecfe1223a17a6f7d957aac2f3521a012248c4 has actual value 17270 satoshis
2025/09/16 15:03:12 ELECTRUM: GetBlockHash called for height: 4667133
ELECTRUM: Processing transaction 0 for address tb1py0jfpc0ft4zsfhg7p3peze4q6wdl9l2gfwzf8ar64skxkhz9v9lsuhm2g4
ELECTRUM: Calling buildTransactionDetail for entry 0
ELECTRUM: buildTransactionDetail called with entry type: *electrum.GetMempoolResult
ELECTRUM: buildTransactionDetail: Transaction 480e83a34f676e6fcff1d82c4b2f7b2132407fd27b73878de31f52da6305fd94 has height: 4661802
ELECTRUM: buildTransactionDetail: About to call GetTransaction for 480e83a34f676e6fcff1d82c4b2f7b2132407fd27b73878de31f52da6305fd94
ELECTRUM: buildTransactionDetail: Getting transaction details for 480e83a34f676e6fcff1d82c4b2f7b2132407fd27b73878de31f52da6305fd94
ELECTRUM: Starting fetchAddressHistory for address: tb1pehlh6hywge7xh72v76rnma6j3h57nne0fxtwr5d0784jdtf79twstllsvz
ELECTRUM: Fetching transaction history for address: tb1pehlh6hywge7xh72v76rnma6j3h57nne0fxtwr5d0784jdtf79twstllsvz
ELECTRUM: Calling GetHistory for address: tb1pehlh6hywge7xh72v76rnma6j3h57nne0fxtwr5d0784jdtf79twstllsvz, scriptHash: cfc6755ee8113d01dd7f0146742b825bb2c4d99fbe07b6ddc5f0d9d3ef4862f2
ELECTRUM: buildTransactionDetail: Successfully got transaction 51abc2a15b01e008362af0075a3616d445af203deaea3abcad4d94f607dbafab
ELECTRUM: buildTransactionDetail: GetTransaction succeeded for 51abc2a15b01e008362af0075a3616d445af203deaea3abcad4d94f607dbafab, processing result
ELECTRUM: buildTransactionDetail: Processing transaction result for 51abc2a15b01e008362af0075a3616d445af203deaea3abcad4d94f607dbafab
ELECTRUM: buildTransactionDetail: Transaction result is not nil for 51abc2a15b01e008362af0075a3616d445af203deaea3abcad4d94f607dbafab
ELECTRUM: buildTransactionDetail: Attempting to get actual value for transaction 51abc2a15b01e008362af0075a3616d445af203deaea3abcad4d94f607dbafab
2025-09-16 15:03:12.356 [INF] BTWL btcwallet.go:490: BTCWALLET: Received transaction callback - txHash: 319cca7de1a53e4a43e3462c066ecfe1223a17a6f7d957aac2f3521a012248c4, address: tb1pdw5jf09namf7sdkxqjrlru7uthdeugrps662cdlzet8ht02jw48sgy0gs6, value: 17270, confirmations: 4471
2025-09-16 15:03:12.356 [INF] BTWL btcwallet.go:514: BTCWALLET: Integrating discovered transaction 319cca7de1a53e4a43e3462c066ecfe1223a17a6f7d957aac2f3521a012248c4 for address tb1pdw5jf09namf7sdkxqjrlru7uthdeugrps662cdlzet8ht02jw48sgy0gs6 (value: 17270, confirmations: 4471)
2025-09-16 15:03:12.356 [INF] BTWL btcwallet.go:561: BTCWALLET: Successfully integrated transaction 319cca7de1a53e4a43e3462c066ecfe1223a17a6f7d957aac2f3521a012248c4 (value: 17270 satoshis, confirmations: 4471)
2025-09-16 15:03:12.356 [INF] BTWL btcwallet.go:498: BTCWALLET: Successfully integrated discovered transaction 319cca7de1a53e4a43e3462c066ecfe1223a17a6f7d957aac2f3521a012248c4
ELECTRUM: Processing transaction 0 for address tb1pehlh6hywge7xh72v76rnma6j3h57nne0fxtwr5d0784jdtf79twstllsvz
ELECTRUM: Calling buildTransactionDetail for entry 0
ELECTRUM: buildTransactionDetail called with entry type: *electrum.GetMempoolResult
ELECTRUM: buildTransactionDetail: Transaction 358ed5e554073681bfff88d67684b6960bbb7e4d37503572eb4509608a94a2bb has height: 4670343
ELECTRUM: buildTransactionDetail: About to call GetTransaction for 358ed5e554073681bfff88d67684b6960bbb7e4d37503572eb4509608a94a2bb
ELECTRUM: buildTransactionDetail: Getting transaction details for 358ed5e554073681bfff88d67684b6960bbb7e4d37503572eb4509608a94a2bb
ELECTRUM: Starting fetchAddressHistory for address: tb1putvlls3ekqm74khy2ls7hdadxn4ldxsuh9v2thg7hyht9ysjlvsqqwjnw6
ELECTRUM: Fetching transaction history for address: tb1putvlls3ekqm74khy2ls7hdadxn4ldxsuh9v2thg7hyht9ysjlvsqqwjnw6
ELECTRUM: Calling GetHistory for address: tb1putvlls3ekqm74khy2ls7hdadxn4ldxsuh9v2thg7hyht9ysjlvsqqwjnw6, scriptHash: 772c610aa6b1b17496234e4d5e817a7bb5a9bedae737ff88e3f62109756fbe0f
ELECTRUM: getTransactionValue: Transaction result type: *electrum.GetTransactionResult, fields: 12
ELECTRUM: getTransactionValue: Field 0: Blockhash = 000000000000d9d0b2232466509b2064dc52a17e0281d0a41cb22b82b056a939 (type: string)
ELECTRUM: getTransactionValue: Field 1: Blocktime = 1758029049 (type: uint64)
ELECTRUM: getTransactionValue: Field 2: Confirmations = 10302 (type: int32)
ELECTRUM: getTransactionValue: Field 3: Hash = 2a00084f427029c04184dd7c2a7f005a307033bcca717762d460c4c25fc51494 (type: string)
ELECTRUM: getTransactionValue: Field 4: Hex = 01000000000101637952d19b0f724cc4e7b8c675eb1ab36de90eb2e6a0b6752b0e04955c59cd250100000000ffffffff02b14300000000000022512022e0f3960afc4414df1cfff8ed7cc27261d190f89176ad65ab180d08783e011aa631a30000000000225120f61348d82e1f34ff3a16071de3e7d484a48937fb50cbc50bfc2d17d28182118d014083a3432f882b81365a92edaad1db40f4fa714d1f5b41e4c45adc2a6aacc6f1acef118c51f7129536122f54509d26775587379935aaeeacd730922806abecb83100000000 (type: string)
ELECTRUM: getTransactionValue: Field 5: Locktime = 0 (type: uint32)
ELECTRUM: getTransactionValue: Field 6: Size = 205 (type: uint32)
ELECTRUM: getTransactionValue: Field 7: Time = 1758029049 (type: uint64)
ELECTRUM: getTransactionValue: Field 8: Version = 1 (type: uint32)
ELECTRUM: getTransactionValue: Field 9: Vin = [{ 0x14000701560 4294967295 25cd595c95040e2b75b6a0e6b20ee96db31aeb75c6b8e7c44c720f9bd1527963 1}] (type: []electrum.Vin)
ELECTRUM: buildTransactionDetail: Successfully got transaction 480e83a34f676e6fcff1d82c4b2f7b2132407fd27b73878de31f52da6305fd94
ELECTRUM: buildTransactionDetail: GetTransaction succeeded for 480e83a34f676e6fcff1d82c4b2f7b2132407fd27b73878de31f52da6305fd94, processing result
ELECTRUM: buildTransactionDetail: Processing transaction result for 480e83a34f676e6fcff1d82c4b2f7b2132407fd27b73878de31f52da6305fd94
ELECTRUM: buildTransactionDetail: Transaction result is not nil for 480e83a34f676e6fcff1d82c4b2f7b2132407fd27b73878de31f52da6305fd94
ELECTRUM: buildTransactionDetail: Attempting to get actual value for transaction 480e83a34f676e6fcff1d82c4b2f7b2132407fd27b73878de31f52da6305fd94
ELECTRUM: getTransactionValue: Field 10: Vout = [{0 {[] 1 22e0f3960afc4414df1cfff8ed7cc27261d190f89176ad65ab180d08783e011a 512022e0f3960afc4414df1cfff8ed7cc27261d190f89176ad65ab180d08783e011a 0 witness_v1_taproot} 0.00017329} {1 {[] 1 f61348d82e1f34ff3a16071de3e7d484a48937fb50cbc50bfc2d17d28182118d 5120f61348d82e1f34ff3a16071de3e7d484a48937fb50cbc50bfc2d17d28182118d 0 witness_v1_taproot} 0.10695078}] (type: []electrum.Vout)
ELECTRUM: getTransactionValue: Field 11: Merkle = {[] 0 0} (type: electrum.GetMerkleProofResult)
ELECTRUM: getTransactionValue: Processing 2 Vout entries for transaction 51abc2a15b01e008362af0075a3616d445af203deaea3abcad4d94f607dbafab
ELECTRUM: getTransactionValue: Processing Vout entry 0 for transaction 51abc2a15b01e008362af0075a3616d445af203deaea3abcad4d94f607dbafab
ELECTRUM: getTransactionValue: Vout[0] Field 0: N = 0 (type: uint32)
ELECTRUM: getTransactionValue: Vout[0] Field 1: ScriptPubkey = {[] 1 22e0f3960afc4414df1cfff8ed7cc27261d190f89176ad65ab180d08783e011a 512022e0f3960afc4414df1cfff8ed7cc27261d190f89176ad65ab180d08783e011a 0 witness_v1_taproot} (type: electrum.ScriptPubkey)
ELECTRUM: getTransactionValue: Vout[0] Field 2: Value = 0.00017329 (type: float64)
ELECTRUM: getTransactionValue: Vout[0] has value 0.000173 BTC (17329 satoshis)
ELECTRUM: getTransactionValue: Vout[0] ScriptPubkey type: electrum.ScriptPubkey
ELECTRUM: getTransactionValue: Vout[0] ScriptPubkey has 5 fields
ELECTRUM: getTransactionValue: Vout[0] ScriptPubkey Field 0: Addresses = [] (type: []string)
ELECTRUM: getTransactionValue: Vout[0] ScriptPubkey Field 1: Asm = 1 22e0f3960afc4414df1cfff8ed7cc27261d190f89176ad65ab180d08783e011a (type: string)
ELECTRUM: getTransactionValue: Vout[0] ScriptPubkey Field 2: Hex = 512022e0f3960afc4414df1cfff8ed7cc27261d190f89176ad65ab180d08783e011a (type: string)
ELECTRUM: getTransactionValue: Vout[0] ScriptPubkey Field 3: ReqSigs = 0 (type: uint32)
ELECTRUM: getTransactionValue: Vout[0] ScriptPubkey Field 4: Type = witness_v1_taproot (type: string)
ELECTRUM: getTransactionValue: Vout[0] extracted script hex from Hex field: 512022e0f3960afc4414df1cfff8ed7cc27261d190f89176ad65ab180d08783e011a
ELECTRUM: getTransactionValue: Vout[0] calculated script hash: f67a34ebd66063c1a926b52c9a5e00f290e890e3b2a8b3acf99e6ca0840e2c69, target: f67a34ebd66063c1a926b52c9a5e00f290e890e3b2a8b3acf99e6ca0840e2c69
ELECTRUM: getTransactionValue: Vout[0] matches our script hash, adding 17329 satoshis
ELECTRUM: getTransactionValue: Processing Vout entry 1 for transaction 51abc2a15b01e008362af0075a3616d445af203deaea3abcad4d94f607dbafab
ELECTRUM: getTransactionValue: Vout[1] Field 0: N = 1 (type: uint32)
ELECTRUM: getTransactionValue: Vout[1] Field 1: ScriptPubkey = {[] 1 f61348d82e1f34ff3a16071de3e7d484a48937fb50cbc50bfc2d17d28182118d 5120f61348d82e1f34ff3a16071de3e7d484a48937fb50cbc50bfc2d17d28182118d 0 witness_v1_taproot} (type: electrum.ScriptPubkey)
ELECTRUM: getTransactionValue: Vout[1] Field 2: Value = 0.10695078 (type: float64)
ELECTRUM: getTransactionValue: Vout[1] has value 0.106951 BTC (10695078 satoshis)
ELECTRUM: getTransactionValue: Vout[1] ScriptPubkey type: electrum.ScriptPubkey
ELECTRUM: getTransactionValue: Vout[1] ScriptPubkey has 5 fields
ELECTRUM: getTransactionValue: Vout[1] ScriptPubkey Field 0: Addresses = [] (type: []string)
ELECTRUM: getTransactionValue: Vout[1] ScriptPubkey Field 1: Asm = 1 f61348d82e1f34ff3a16071de3e7d484a48937fb50cbc50bfc2d17d28182118d (type: string)
ELECTRUM: getTransactionValue: Vout[1] ScriptPubkey Field 2: Hex = 5120f61348d82e1f34ff3a16071de3e7d484a48937fb50cbc50bfc2d17d28182118d (type: string)
ELECTRUM: getTransactionValue: Vout[1] ScriptPubkey Field 3: ReqSigs = 0 (type: uint32)
ELECTRUM: getTransactionValue: Vout[1] ScriptPubkey Field 4: Type = witness_v1_taproot (type: string)
ELECTRUM: getTransactionValue: Vout[1] extracted script hex from Hex field: 5120f61348d82e1f34ff3a16071de3e7d484a48937fb50cbc50bfc2d17d28182118d
ELECTRUM: getTransactionValue: Vout[1] calculated script hash: 5644f9b92bed87105e1519ba555fe45a4956697de6b7c3ec8ed25ba31e2e215b, target: f67a34ebd66063c1a926b52c9a5e00f290e890e3b2a8b3acf99e6ca0840e2c69
ELECTRUM: getTransactionValue: Vout[1] does not match our script hash, skipping
ELECTRUM: buildTransactionDetail: Transaction 51abc2a15b01e008362af0075a3616d445af203deaea3abcad4d94f607dbafab has actual value 17329 satoshis
2025/09/16 15:03:12 ELECTRUM: GetBlockHash called for height: 4661302
ELECTRUM: Starting fetchAddressHistory for address: tb1pwf755qrlgyaa59k6yp02thcnxc2ug2ln5vy6qj257l0zsn8hdgqsfpc782
ELECTRUM: Fetching transaction history for address: tb1pwf755qrlgyaa59k6yp02thcnxc2ug2ln5vy6qj257l0zsn8hdgqsfpc782
ELECTRUM: Calling GetHistory for address: tb1pwf755qrlgyaa59k6yp02thcnxc2ug2ln5vy6qj257l0zsn8hdgqsfpc782, scriptHash: 5a37981f0a3eed03fb6e95f4e44bee61f45395d25a4b3b269975a8120937b1d5
ELECTRUM: buildTransactionDetail: Successfully got transaction 358ed5e554073681bfff88d67684b6960bbb7e4d37503572eb4509608a94a2bb
ELECTRUM: buildTransactionDetail: GetTransaction succeeded for 358ed5e554073681bfff88d67684b6960bbb7e4d37503572eb4509608a94a2bb, processing result
ELECTRUM: buildTransactionDetail: Processing transaction result for 358ed5e554073681bfff88d67684b6960bbb7e4d37503572eb4509608a94a2bb
ELECTRUM: buildTransactionDetail: Transaction result is not nil for 358ed5e554073681bfff88d67684b6960bbb7e4d37503572eb4509608a94a2bb
ELECTRUM: buildTransactionDetail: Attempting to get actual value for transaction 358ed5e554073681bfff88d67684b6960bbb7e4d37503572eb4509608a94a2bb
ELECTRUM: getTransactionValue: Transaction result type: *electrum.GetTransactionResult, fields: 12
ELECTRUM: getTransactionValue: Field 0: Blockhash = 000000000000184ff2bbae51760a4abbd4744106a6b30f6ddb96fe9fb4c9fb27 (type: string)
ELECTRUM: getTransactionValue: Field 1: Blocktime = 1758029275 (type: uint64)
ELECTRUM: getTransactionValue: Field 2: Confirmations = 9802 (type: int32)
ELECTRUM: getTransactionValue: Field 3: Hash = bd86ffd16fd7cc0c80eb6e714382a0b2317922fb5a6cd70b23893f7d6ef4f814 (type: string)
ELECTRUM: getTransactionValue: Field 4: Hex = 010000000001013b44bf73f50dafd919f0a4897eb7745582b9c2dc6042420045f5f001a3e5d7570000000000ffffffff02eb1000000000000022512023e490e1e95d4504dd1e0c439166a0d39bf2fd484b8493f47aac2c6b5c45617ffe0da30000000000225120a93a8cba6673228ea32811dfac43d127bd8caf5d31562a3f8013812d98b9be19014042a93481889251b8a32e77dcffde5e58a2412ca94203e41a508f8089da0127d2f42861578088109ed8145b35f54ce495f09a77a6f4a4de4aca30e40ee062d2ba00000000 (type: string)
ELECTRUM: getTransactionValue: Field 5: Locktime = 0 (type: uint32)
ELECTRUM: getTransactionValue: Field 6: Size = 205 (type: uint32)
ELECTRUM: getTransactionValue: Field 7: Time = 1758029275 (type: uint64)
ELECTRUM: getTransactionValue: Field 8: Version = 1 (type: uint32)
ELECTRUM: getTransactionValue: Field 9: Vin = [{ 0x14000198080 4294967295 57d7e5a301f0f54500424260dcc2b9825574b77e89a4f019d9af0df573bf443b 0}] (type: []electrum.Vin)
ELECTRUM: getTransactionValue: Field 10: Vout = [{0 {[] 1 23e490e1e95d4504dd1e0c439166a0d39bf2fd484b8493f47aac2c6b5c45617f 512023e490e1e95d4504dd1e0c439166a0d39bf2fd484b8493f47aac2c6b5c45617f 0 witness_v1_taproot} 4.331e-05} {1 {[] 1 a93a8cba6673228ea32811dfac43d127bd8caf5d31562a3f8013812d98b9be19 5120a93a8cba6673228ea32811dfac43d127bd8caf5d31562a3f8013812d98b9be19 0 witness_v1_taproot} 0.1068595}] (type: []electrum.Vout)
ELECTRUM: getTransactionValue: Field 11: Merkle = {[] 0 0} (type: electrum.GetMerkleProofResult)
ELECTRUM: getTransactionValue: Processing 2 Vout entries for transaction 480e83a34f676e6fcff1d82c4b2f7b2132407fd27b73878de31f52da6305fd94
ELECTRUM: getTransactionValue: Processing Vout entry 0 for transaction 480e83a34f676e6fcff1d82c4b2f7b2132407fd27b73878de31f52da6305fd94
ELECTRUM: getTransactionValue: Vout[0] Field 0: N = 0 (type: uint32)
ELECTRUM: getTransactionValue: Vout[0] Field 1: ScriptPubkey = {[] 1 23e490e1e95d4504dd1e0c439166a0d39bf2fd484b8493f47aac2c6b5c45617f 512023e490e1e95d4504dd1e0c439166a0d39bf2fd484b8493f47aac2c6b5c45617f 0 witness_v1_taproot} (type: electrum.ScriptPubkey)
ELECTRUM: getTransactionValue: Vout[0] Field 2: Value = 4.331e-05 (type: float64)
ELECTRUM: getTransactionValue: Vout[0] has value 0.000043 BTC (4331 satoshis)
ELECTRUM: getTransactionValue: Vout[0] ScriptPubkey type: electrum.ScriptPubkey
ELECTRUM: getTransactionValue: Vout[0] ScriptPubkey has 5 fields
ELECTRUM: getTransactionValue: Vout[0] ScriptPubkey Field 0: Addresses = [] (type: []string)
ELECTRUM: getTransactionValue: Vout[0] ScriptPubkey Field 1: Asm = 1 23e490e1e95d4504dd1e0c439166a0d39bf2fd484b8493f47aac2c6b5c45617f (type: string)
ELECTRUM: getTransactionValue: Vout[0] ScriptPubkey Field 2: Hex = 512023e490e1e95d4504dd1e0c439166a0d39bf2fd484b8493f47aac2c6b5c45617f (type: string)
ELECTRUM: getTransactionValue: Vout[0] ScriptPubkey Field 3: ReqSigs = 0 (type: uint32)
ELECTRUM: getTransactionValue: Vout[0] ScriptPubkey Field 4: Type = witness_v1_taproot (type: string)
ELECTRUM: getTransactionValue: Vout[0] extracted script hex from Hex field: 512023e490e1e95d4504dd1e0c439166a0d39bf2fd484b8493f47aac2c6b5c45617f
ELECTRUM: getTransactionValue: Vout[0] calculated script hash: 1f1546aea3cb0bbe6272bb05f049b1d43ea9cd69a421402946f1e21b67d24a7f, target: 1f1546aea3cb0bbe6272bb05f049b1d43ea9cd69a421402946f1e21b67d24a7f
ELECTRUM: getTransactionValue: Vout[0] matches our script hash, adding 4331 satoshis
ELECTRUM: getTransactionValue: Processing Vout entry 1 for transaction 480e83a34f676e6fcff1d82c4b2f7b2132407fd27b73878de31f52da6305fd94
ELECTRUM: getTransactionValue: Vout[1] Field 0: N = 1 (type: uint32)
ELECTRUM: getTransactionValue: Vout[1] Field 1: ScriptPubkey = {[] 1 a93a8cba6673228ea32811dfac43d127bd8caf5d31562a3f8013812d98b9be19 5120a93a8cba6673228ea32811dfac43d127bd8caf5d31562a3f8013812d98b9be19 0 witness_v1_taproot} (type: electrum.ScriptPubkey)
ELECTRUM: getTransactionValue: Vout[1] Field 2: Value = 0.1068595 (type: float64)
ELECTRUM: getTransactionValue: Vout[1] has value 0.106859 BTC (10685950 satoshis)
ELECTRUM: getTransactionValue: Vout[1] ScriptPubkey type: electrum.ScriptPubkey
ELECTRUM: getTransactionValue: Vout[1] ScriptPubkey has 5 fields
ELECTRUM: getTransactionValue: Vout[1] ScriptPubkey Field 0: Addresses = [] (type: []string)
ELECTRUM: getTransactionValue: Vout[1] ScriptPubkey Field 1: Asm = 1 a93a8cba6673228ea32811dfac43d127bd8caf5d31562a3f8013812d98b9be19 (type: string)
ELECTRUM: getTransactionValue: Vout[1] ScriptPubkey Field 2: Hex = 5120a93a8cba6673228ea32811dfac43d127bd8caf5d31562a3f8013812d98b9be19 (type: string)
ELECTRUM: getTransactionValue: Vout[1] ScriptPubkey Field 3: ReqSigs = 0 (type: uint32)
ELECTRUM: getTransactionValue: Vout[1] ScriptPubkey Field 4: Type = witness_v1_taproot (type: string)
ELECTRUM: getTransactionValue: Vout[1] extracted script hex from Hex field: 5120a93a8cba6673228ea32811dfac43d127bd8caf5d31562a3f8013812d98b9be19
ELECTRUM: getTransactionValue: Vout[1] calculated script hash: a1330b9529e9351c100a2383420588cf78c0dce0e68cfa538fbb5335a1eea6dc, target: 1f1546aea3cb0bbe6272bb05f049b1d43ea9cd69a421402946f1e21b67d24a7f
ELECTRUM: getTransactionValue: Vout[1] does not match our script hash, skipping
ELECTRUM: buildTransactionDetail: Transaction 480e83a34f676e6fcff1d82c4b2f7b2132407fd27b73878de31f52da6305fd94 has actual value 4331 satoshis
2025/09/16 15:03:12 ELECTRUM: GetBlockHash called for height: 4661802
2025-09-16 15:03:12.827 [INF] BTWL btcwallet.go:490: BTCWALLET: Received transaction callback - txHash: 51abc2a15b01e008362af0075a3616d445af203deaea3abcad4d94f607dbafab, address: tb1pyts089s2l3zpfhculluw6lxzwfsary8cj9m26edtrqxss7p7qydqat9hw2, value: 17329, confirmations: 10302
2025-09-16 15:03:12.828 [INF] BTWL btcwallet.go:514: BTCWALLET: Integrating discovered transaction 51abc2a15b01e008362af0075a3616d445af203deaea3abcad4d94f607dbafab for address tb1pyts089s2l3zpfhculluw6lxzwfsary8cj9m26edtrqxss7p7qydqat9hw2 (value: 17329, confirmations: 10302)
2025-09-16 15:03:12.828 [INF] BTWL btcwallet.go:561: BTCWALLET: Successfully integrated transaction 51abc2a15b01e008362af0075a3616d445af203deaea3abcad4d94f607dbafab (value: 17329 satoshis, confirmations: 10302)
2025-09-16 15:03:12.828 [INF] BTWL btcwallet.go:498: BTCWALLET: Successfully integrated discovered transaction 51abc2a15b01e008362af0075a3616d445af203deaea3abcad4d94f607dbafab
2025/09/16 15:03:12 ELECTRUM: GetBestBlock called
2025/09/16 15:03:12 ELECTRUM: Subscribing to headers to get current height
ELECTRUM: Starting fetchAddressHistory for address: tb1pdkk7ep4kq22smxppjte3yez822gtlc9h7v0ypmhl6kze5chqahjqahfutx
ELECTRUM: Fetching transaction history for address: tb1pdkk7ep4kq22smxppjte3yez822gtlc9h7v0ypmhl6kze5chqahjqahfutx
ELECTRUM: Calling GetHistory for address: tb1pdkk7ep4kq22smxppjte3yez822gtlc9h7v0ypmhl6kze5chqahjqahfutx, scriptHash: 15bf6986842102e96df220461b8cfa26e5306ee0eedd007d5dddd821d6745563
ELECTRUM: Processing transaction 0 for address tb1pwf755qrlgyaa59k6yp02thcnxc2ug2ln5vy6qj257l0zsn8hdgqsfpc782
ELECTRUM: Calling buildTransactionDetail for entry 0
ELECTRUM: buildTransactionDetail called with entry type: *electrum.GetMempoolResult
ELECTRUM: buildTransactionDetail: Transaction 2ae52394b1de0caa8782ca70f270665916e5d4afc6fa22f56a77fd0c3c687985 has height: 4670512
ELECTRUM: buildTransactionDetail: About to call GetTransaction for 2ae52394b1de0caa8782ca70f270665916e5d4afc6fa22f56a77fd0c3c687985
ELECTRUM: buildTransactionDetail: Getting transaction details for 2ae52394b1de0caa8782ca70f270665916e5d4afc6fa22f56a77fd0c3c687985
2025-09-16 15:03:13.061 [INF] BTWL btcwallet.go:490: BTCWALLET: Received transaction callback - txHash: 480e83a34f676e6fcff1d82c4b2f7b2132407fd27b73878de31f52da6305fd94, address: tb1py0jfpc0ft4zsfhg7p3peze4q6wdl9l2gfwzf8ar64skxkhz9v9lsuhm2g4, value: 4331, confirmations: 9802
2025-09-16 15:03:13.061 [INF] BTWL btcwallet.go:514: BTCWALLET: Integrating discovered transaction 480e83a34f676e6fcff1d82c4b2f7b2132407fd27b73878de31f52da6305fd94 for address tb1py0jfpc0ft4zsfhg7p3peze4q6wdl9l2gfwzf8ar64skxkhz9v9lsuhm2g4 (value: 4331, confirmations: 9802)
2025-09-16 15:03:13.061 [INF] BTWL btcwallet.go:561: BTCWALLET: Successfully integrated transaction 480e83a34f676e6fcff1d82c4b2f7b2132407fd27b73878de31f52da6305fd94 (value: 4331 satoshis, confirmations: 9802)
2025-09-16 15:03:13.061 [INF] BTWL btcwallet.go:498: BTCWALLET: Successfully integrated discovered transaction 480e83a34f676e6fcff1d82c4b2f7b2132407fd27b73878de31f52da6305fd94
ELECTRUM: getTransactionValue: Transaction result type: *electrum.GetTransactionResult, fields: 12
ELECTRUM: getTransactionValue: Field 0: Blockhash = 0000000000001138eb4a1eb324777e443affeb03d93ac4ee91353ff00fb162d6 (type: string)
ELECTRUM: getTransactionValue: Field 1: Blocktime = 1758046485 (type: uint64)
ELECTRUM: getTransactionValue: Field 2: Confirmations = 1261 (type: int32)
ELECTRUM: getTransactionValue: Field 3: Hash = 5917ab5c871aa93d44e440dff954dd3a4ff6e82005268d4663428fed4c9ab2d1 (type: string)
ELECTRUM: getTransactionValue: Field 4: Hex = 0100000000010197a24478523a2569d4b0de529d76c276a57a262cc8f4029b53e7fe796a0c93de0100000000ffffffff0238eda10000000000225120de11facba0f9f7fbb84eaa49179743bd4340fb7995c61dced4c5d9ff33083d122c32000000000000225120cdff7d5c8e467c6bf94cf6873df7528de9e9cf2f4996e1d1aff1eb26ad3e2add01408a59c0c38b0bec93c053e02a59bf79a064f0f82656630e05ea8daef44076c24b6f5bc08c8b32a0e4ac42ea54490908f395744070c940a36682144455c2640bfc00000000 (type: string)
ELECTRUM: getTransactionValue: Field 5: Locktime = 0 (type: uint32)
ELECTRUM: getTransactionValue: Field 6: Size = 205 (type: uint32)
ELECTRUM: getTransactionValue: Field 7: Time = 1758046485 (type: uint64)
ELECTRUM: getTransactionValue: Field 8: Version = 1 (type: uint32)
ELECTRUM: getTransactionValue: Field 9: Vin = [{ 0x14000198c60 4294967295 de930c6a79fee7539b02f4c82c267aa576c2769d52deb0d469253a527844a297 1}] (type: []electrum.Vin)
ELECTRUM: getTransactionValue: Field 10: Vout = [{0 {[] 1 de11facba0f9f7fbb84eaa49179743bd4340fb7995c61dced4c5d9ff33083d12 5120de11facba0f9f7fbb84eaa49179743bd4340fb7995c61dced4c5d9ff33083d12 0 witness_v1_taproot} 0.10612024} {1 {[] 1 cdff7d5c8e467c6bf94cf6873df7528de9e9cf2f4996e1d1aff1eb26ad3e2add 5120cdff7d5c8e467c6bf94cf6873df7528de9e9cf2f4996e1d1aff1eb26ad3e2add 0 witness_v1_taproot} 0.00012844}] (type: []electrum.Vout)
ELECTRUM: getTransactionValue: Field 11: Merkle = {[] 0 0} (type: electrum.GetMerkleProofResult)
ELECTRUM: getTransactionValue: Processing 2 Vout entries for transaction 358ed5e554073681bfff88d67684b6960bbb7e4d37503572eb4509608a94a2bb
ELECTRUM: getTransactionValue: Processing Vout entry 0 for transaction 358ed5e554073681bfff88d67684b6960bbb7e4d37503572eb4509608a94a2bb
ELECTRUM: getTransactionValue: Vout[0] Field 0: N = 0 (type: uint32)
ELECTRUM: getTransactionValue: Vout[0] Field 1: ScriptPubkey = {[] 1 de11facba0f9f7fbb84eaa49179743bd4340fb7995c61dced4c5d9ff33083d12 5120de11facba0f9f7fbb84eaa49179743bd4340fb7995c61dced4c5d9ff33083d12 0 witness_v1_taproot} (type: electrum.ScriptPubkey)
ELECTRUM: getTransactionValue: Vout[0] Field 2: Value = 0.10612024 (type: float64)
ELECTRUM: getTransactionValue: Vout[0] has value 0.106120 BTC (10612024 satoshis)
ELECTRUM: getTransactionValue: Vout[0] ScriptPubkey type: electrum.ScriptPubkey
ELECTRUM: getTransactionValue: Vout[0] ScriptPubkey has 5 fields
ELECTRUM: getTransactionValue: Vout[0] ScriptPubkey Field 0: Addresses = [] (type: []string)
ELECTRUM: getTransactionValue: Vout[0] ScriptPubkey Field 1: Asm = 1 de11facba0f9f7fbb84eaa49179743bd4340fb7995c61dced4c5d9ff33083d12 (type: string)
ELECTRUM: getTransactionValue: Vout[0] ScriptPubkey Field 2: Hex = 5120de11facba0f9f7fbb84eaa49179743bd4340fb7995c61dced4c5d9ff33083d12 (type: string)
ELECTRUM: getTransactionValue: Vout[0] ScriptPubkey Field 3: ReqSigs = 0 (type: uint32)
ELECTRUM: getTransactionValue: Vout[0] ScriptPubkey Field 4: Type = witness_v1_taproot (type: string)
ELECTRUM: getTransactionValue: Vout[0] extracted script hex from Hex field: 5120de11facba0f9f7fbb84eaa49179743bd4340fb7995c61dced4c5d9ff33083d12
ELECTRUM: getTransactionValue: Vout[0] calculated script hash: 03e0e5ccca6dfc4a065094b501d8ac4bea894dc49e358fff19e8b4a199a9dd94, target: cfc6755ee8113d01dd7f0146742b825bb2c4d99fbe07b6ddc5f0d9d3ef4862f2
ELECTRUM: getTransactionValue: Vout[0] does not match our script hash, skipping
ELECTRUM: getTransactionValue: Processing Vout entry 1 for transaction 358ed5e554073681bfff88d67684b6960bbb7e4d37503572eb4509608a94a2bb
ELECTRUM: getTransactionValue: Vout[1] Field 0: N = 1 (type: uint32)
ELECTRUM: getTransactionValue: Vout[1] Field 1: ScriptPubkey = {[] 1 cdff7d5c8e467c6bf94cf6873df7528de9e9cf2f4996e1d1aff1eb26ad3e2add 5120cdff7d5c8e467c6bf94cf6873df7528de9e9cf2f4996e1d1aff1eb26ad3e2add 0 witness_v1_taproot} (type: electrum.ScriptPubkey)
ELECTRUM: getTransactionValue: Vout[1] Field 2: Value = 0.00012844 (type: float64)
ELECTRUM: getTransactionValue: Vout[1] has value 0.000128 BTC (12844 satoshis)
ELECTRUM: getTransactionValue: Vout[1] ScriptPubkey type: electrum.ScriptPubkey
ELECTRUM: getTransactionValue: Vout[1] ScriptPubkey has 5 fields
ELECTRUM: getTransactionValue: Vout[1] ScriptPubkey Field 0: Addresses = [] (type: []string)
ELECTRUM: getTransactionValue: Vout[1] ScriptPubkey Field 1: Asm = 1 cdff7d5c8e467c6bf94cf6873df7528de9e9cf2f4996e1d1aff1eb26ad3e2add (type: string)
ELECTRUM: getTransactionValue: Vout[1] ScriptPubkey Field 2: Hex = 5120cdff7d5c8e467c6bf94cf6873df7528de9e9cf2f4996e1d1aff1eb26ad3e2add (type: string)
ELECTRUM: getTransactionValue: Vout[1] ScriptPubkey Field 3: ReqSigs = 0 (type: uint32)
ELECTRUM: getTransactionValue: Vout[1] ScriptPubkey Field 4: Type = witness_v1_taproot (type: string)
ELECTRUM: getTransactionValue: Vout[1] extracted script hex from Hex field: 5120cdff7d5c8e467c6bf94cf6873df7528de9e9cf2f4996e1d1aff1eb26ad3e2add
ELECTRUM: getTransactionValue: Vout[1] calculated script hash: cfc6755ee8113d01dd7f0146742b825bb2c4d99fbe07b6ddc5f0d9d3ef4862f2, target: cfc6755ee8113d01dd7f0146742b825bb2c4d99fbe07b6ddc5f0d9d3ef4862f2
ELECTRUM: getTransactionValue: Vout[1] matches our script hash, adding 12844 satoshis
ELECTRUM: buildTransactionDetail: Transaction 358ed5e554073681bfff88d67684b6960bbb7e4d37503572eb4509608a94a2bb has actual value 12844 satoshis
2025/09/16 15:03:13 ELECTRUM: GetBlockHash called for height: 4670343
2025/09/16 15:03:13 ELECTRUM: Got current height 4671603 from headers subscription
2025/09/16 15:03:13 ELECTRUM: Returning hash 000000000002939bd11bb8c8240e3c808b0d3e336d5474dd84bc5a8d11e60a0e for height 4671603 (from headers subscription)
2025/09/16 15:03:13 ELECTRUM: GetBlockHeader called for hash: 000000000002939bd11bb8c8240e3c808b0d3e336d5474dd84bc5a8d11e60a0e
2025/09/16 15:03:13 ELECTRUM: GetBestBlock called
2025/09/16 15:03:13 ELECTRUM: Subscribing to headers to get current height
ELECTRUM: Processing transaction 0 for address tb1pdkk7ep4kq22smxppjte3yez822gtlc9h7v0ypmhl6kze5chqahjqahfutx
ELECTRUM: Calling buildTransactionDetail for entry 0
ELECTRUM: buildTransactionDetail called with entry type: *electrum.GetMempoolResult
ELECTRUM: buildTransactionDetail: Transaction 1ecd261bcd0685971ea43cbbd12631a449a1765f67f90c3813c8a6b8c93b86fc has height: 4670036
ELECTRUM: buildTransactionDetail: About to call GetTransaction for 1ecd261bcd0685971ea43cbbd12631a449a1765f67f90c3813c8a6b8c93b86fc
ELECTRUM: buildTransactionDetail: Getting transaction details for 1ecd261bcd0685971ea43cbbd12631a449a1765f67f90c3813c8a6b8c93b86fc
ELECTRUM: Starting fetchAddressHistory for address: tb1pm2zwfrhd04ue5dqlwt8nvg9vdd8kcp75nsh3lmnat2mqmelg2vks5vkvfj
ELECTRUM: Fetching transaction history for address: tb1pm2zwfrhd04ue5dqlwt8nvg9vdd8kcp75nsh3lmnat2mqmelg2vks5vkvfj
ELECTRUM: Calling GetHistory for address: tb1pm2zwfrhd04ue5dqlwt8nvg9vdd8kcp75nsh3lmnat2mqmelg2vks5vkvfj, scriptHash: c5c501974b54b604a07b751557f5492a62e0024f3b6de9e8a3c970fe9f4e8f65
ELECTRUM: buildTransactionDetail: Successfully got transaction 2ae52394b1de0caa8782ca70f270665916e5d4afc6fa22f56a77fd0c3c687985
ELECTRUM: buildTransactionDetail: GetTransaction succeeded for 2ae52394b1de0caa8782ca70f270665916e5d4afc6fa22f56a77fd0c3c687985, processing result
ELECTRUM: buildTransactionDetail: Processing transaction result for 2ae52394b1de0caa8782ca70f270665916e5d4afc6fa22f56a77fd0c3c687985
ELECTRUM: buildTransactionDetail: Transaction result is not nil for 2ae52394b1de0caa8782ca70f270665916e5d4afc6fa22f56a77fd0c3c687985
ELECTRUM: buildTransactionDetail: Attempting to get actual value for transaction 2ae52394b1de0caa8782ca70f270665916e5d4afc6fa22f56a77fd0c3c687985
2025-09-16 15:03:13.331 [INF] BTWL btcwallet.go:490: BTCWALLET: Received transaction callback - txHash: 358ed5e554073681bfff88d67684b6960bbb7e4d37503572eb4509608a94a2bb, address: tb1pehlh6hywge7xh72v76rnma6j3h57nne0fxtwr5d0784jdtf79twstllsvz, value: 12844, confirmations: 1261
2025-09-16 15:03:13.331 [INF] BTWL btcwallet.go:514: BTCWALLET: Integrating discovered transaction 358ed5e554073681bfff88d67684b6960bbb7e4d37503572eb4509608a94a2bb for address tb1pehlh6hywge7xh72v76rnma6j3h57nne0fxtwr5d0784jdtf79twstllsvz (value: 12844, confirmations: 1261)
2025-09-16 15:03:13.331 [INF] BTWL btcwallet.go:561: BTCWALLET: Successfully integrated transaction 358ed5e554073681bfff88d67684b6960bbb7e4d37503572eb4509608a94a2bb (value: 12844 satoshis, confirmations: 1261)
2025-09-16 15:03:13.331 [INF] BTWL btcwallet.go:498: BTCWALLET: Successfully integrated discovered transaction 358ed5e554073681bfff88d67684b6960bbb7e4d37503572eb4509608a94a2bb
2025/09/16 15:03:13 ELECTRUM: Got current height 4671603 from headers subscription
2025/09/16 15:03:13 ELECTRUM: Returning hash 000000000002939bd11bb8c8240e3c808b0d3e336d5474dd84bc5a8d11e60a0e for height 4671603 (from headers subscription)
ELECTRUM: Starting fetchAddressHistory for address: tb1p4pnenccvuzkx28tz8xgrfepdxzw56zlht9lsr9lef2030m3gcveqrym9ty
ELECTRUM: Fetching transaction history for address: tb1p4pnenccvuzkx28tz8xgrfepdxzw56zlht9lsr9lef2030m3gcveqrym9ty
ELECTRUM: Calling GetHistory for address: tb1p4pnenccvuzkx28tz8xgrfepdxzw56zlht9lsr9lef2030m3gcveqrym9ty, scriptHash: c9d8bc157913c0cdb12c85d685798b196f5db58e760e18e83102d6b04d1963c3
ELECTRUM: getTransactionValue: Transaction result type: *electrum.GetTransactionResult, fields: 12
ELECTRUM: getTransactionValue: Field 0: Blockhash = 0000000000005a63153252e492ce94ae6188bc95e8f81e41a593d99c68f6033e (type: string)
ELECTRUM: getTransactionValue: Field 1: Blocktime = 1758046885 (type: uint64)
ELECTRUM: getTransactionValue: Field 2: Confirmations = 1093 (type: int32)
ELECTRUM: getTransactionValue: Field 3: Hash = 57cfb7e36e28dc624a39d217f76757501d9dcfbe3f6b077572fb5bdd3b9157bc (type: string)
ELECTRUM: getTransactionValue: Field 4: Hex = 01000000000101bba2948a600945eb723550374d7ebb0b96b68476d688ffbf81360754e5d58e350000000000ffffffff022c32000000000000225120727d4a007f413bda16da205ea5df133615c42bf3a309a04954f7de284cf76a0170baa1000000000022512073d784e9de7c60825e518488a3ed256c081c65ff490b82fbc5d9f59f0b5344c50140a0c72c53e43c677c9a9ecdd7f2cbfe351281de0f2d5bf282166cb098e4ad389633cdbc0ff0e67b23c8c2e538bc714cf3c4d3d498a59503882eafbf5a0f2f286c00000000 (type: string)
ELECTRUM: getTransactionValue: Field 5: Locktime = 0 (type: uint32)
ELECTRUM: getTransactionValue: Field 6: Size = 205 (type: uint32)
ELECTRUM: getTransactionValue: Field 7: Time = 1758046885 (type: uint64)
ELECTRUM: getTransactionValue: Field 8: Version = 1 (type: uint32)
ELECTRUM: getTransactionValue: Field 9: Vin = [{ 0x140001991c0 4294967295 358ed5e554073681bfff88d67684b6960bbb7e4d37503572eb4509608a94a2bb 0}] (type: []electrum.Vin)
ELECTRUM: getTransactionValue: Field 10: Vout = [{0 {[] 1 727d4a007f413bda16da205ea5df133615c42bf3a309a04954f7de284cf76a01 5120727d4a007f413bda16da205ea5df133615c42bf3a309a04954f7de284cf76a01 0 witness_v1_taproot} 0.00012844} {1 {[] 1 73d784e9de7c60825e518488a3ed256c081c65ff490b82fbc5d9f59f0b5344c5 512073d784e9de7c60825e518488a3ed256c081c65ff490b82fbc5d9f59f0b5344c5 0 witness_v1_taproot} 0.10599024}] (type: []electrum.Vout)
ELECTRUM: getTransactionValue: Field 11: Merkle = {[] 0 0} (type: electrum.GetMerkleProofResult)
ELECTRUM: getTransactionValue: Processing 2 Vout entries for transaction 2ae52394b1de0caa8782ca70f270665916e5d4afc6fa22f56a77fd0c3c687985
ELECTRUM: getTransactionValue: Processing Vout entry 0 for transaction 2ae52394b1de0caa8782ca70f270665916e5d4afc6fa22f56a77fd0c3c687985
ELECTRUM: getTransactionValue: Vout[0] Field 0: N = 0 (type: uint32)
ELECTRUM: getTransactionValue: Vout[0] Field 1: ScriptPubkey = {[] 1 727d4a007f413bda16da205ea5df133615c42bf3a309a04954f7de284cf76a01 5120727d4a007f413bda16da205ea5df133615c42bf3a309a04954f7de284cf76a01 0 witness_v1_taproot} (type: electrum.ScriptPubkey)
ELECTRUM: getTransactionValue: Vout[0] Field 2: Value = 0.00012844 (type: float64)
ELECTRUM: getTransactionValue: Vout[0] has value 0.000128 BTC (12844 satoshis)
ELECTRUM: getTransactionValue: Vout[0] ScriptPubkey type: electrum.ScriptPubkey
ELECTRUM: getTransactionValue: Vout[0] ScriptPubkey has 5 fields
ELECTRUM: getTransactionValue: Vout[0] ScriptPubkey Field 0: Addresses = [] (type: []string)
ELECTRUM: getTransactionValue: Vout[0] ScriptPubkey Field 1: Asm = 1 727d4a007f413bda16da205ea5df133615c42bf3a309a04954f7de284cf76a01 (type: string)
ELECTRUM: getTransactionValue: Vout[0] ScriptPubkey Field 2: Hex = 5120727d4a007f413bda16da205ea5df133615c42bf3a309a04954f7de284cf76a01 (type: string)
ELECTRUM: getTransactionValue: Vout[0] ScriptPubkey Field 3: ReqSigs = 0 (type: uint32)
ELECTRUM: getTransactionValue: Vout[0] ScriptPubkey Field 4: Type = witness_v1_taproot (type: string)
ELECTRUM: getTransactionValue: Vout[0] extracted script hex from Hex field: 5120727d4a007f413bda16da205ea5df133615c42bf3a309a04954f7de284cf76a01
ELECTRUM: getTransactionValue: Vout[0] calculated script hash: 5a37981f0a3eed03fb6e95f4e44bee61f45395d25a4b3b269975a8120937b1d5, target: 5a37981f0a3eed03fb6e95f4e44bee61f45395d25a4b3b269975a8120937b1d5
ELECTRUM: getTransactionValue: Vout[0] matches our script hash, adding 12844 satoshis
ELECTRUM: getTransactionValue: Processing Vout entry 1 for transaction 2ae52394b1de0caa8782ca70f270665916e5d4afc6fa22f56a77fd0c3c687985
ELECTRUM: getTransactionValue: Vout[1] Field 0: N = 1 (type: uint32)
ELECTRUM: getTransactionValue: Vout[1] Field 1: ScriptPubkey = {[] 1 73d784e9de7c60825e518488a3ed256c081c65ff490b82fbc5d9f59f0b5344c5 512073d784e9de7c60825e518488a3ed256c081c65ff490b82fbc5d9f59f0b5344c5 0 witness_v1_taproot} (type: electrum.ScriptPubkey)
ELECTRUM: getTransactionValue: Vout[1] Field 2: Value = 0.10599024 (type: float64)
ELECTRUM: getTransactionValue: Vout[1] has value 0.105990 BTC (10599024 satoshis)
ELECTRUM: getTransactionValue: Vout[1] ScriptPubkey type: electrum.ScriptPubkey
ELECTRUM: getTransactionValue: Vout[1] ScriptPubkey has 5 fields
ELECTRUM: getTransactionValue: Vout[1] ScriptPubkey Field 0: Addresses = [] (type: []string)
ELECTRUM: getTransactionValue: Vout[1] ScriptPubkey Field 1: Asm = 1 73d784e9de7c60825e518488a3ed256c081c65ff490b82fbc5d9f59f0b5344c5 (type: string)
ELECTRUM: getTransactionValue: Vout[1] ScriptPubkey Field 2: Hex = 512073d784e9de7c60825e518488a3ed256c081c65ff490b82fbc5d9f59f0b5344c5 (type: string)
ELECTRUM: getTransactionValue: Vout[1] ScriptPubkey Field 3: ReqSigs = 0 (type: uint32)
ELECTRUM: getTransactionValue: Vout[1] ScriptPubkey Field 4: Type = witness_v1_taproot (type: string)
ELECTRUM: getTransactionValue: Vout[1] extracted script hex from Hex field: 512073d784e9de7c60825e518488a3ed256c081c65ff490b82fbc5d9f59f0b5344c5
ELECTRUM: getTransactionValue: Vout[1] calculated script hash: f6e7ef2e7a52e88496e055c69abca6df627b0d048c6d590e14f1a6bae04b35a3, target: 5a37981f0a3eed03fb6e95f4e44bee61f45395d25a4b3b269975a8120937b1d5
ELECTRUM: getTransactionValue: Vout[1] does not match our script hash, skipping
ELECTRUM: buildTransactionDetail: Transaction 2ae52394b1de0caa8782ca70f270665916e5d4afc6fa22f56a77fd0c3c687985 has actual value 12844 satoshis
2025/09/16 15:03:13 ELECTRUM: GetBlockHash called for height: 4670512
ELECTRUM: buildTransactionDetail: Successfully got transaction 1ecd261bcd0685971ea43cbbd12631a449a1765f67f90c3813c8a6b8c93b86fc
ELECTRUM: buildTransactionDetail: GetTransaction succeeded for 1ecd261bcd0685971ea43cbbd12631a449a1765f67f90c3813c8a6b8c93b86fc, processing result
ELECTRUM: buildTransactionDetail: Processing transaction result for 1ecd261bcd0685971ea43cbbd12631a449a1765f67f90c3813c8a6b8c93b86fc
ELECTRUM: buildTransactionDetail: Transaction result is not nil for 1ecd261bcd0685971ea43cbbd12631a449a1765f67f90c3813c8a6b8c93b86fc
ELECTRUM: buildTransactionDetail: Attempting to get actual value for transaction 1ecd261bcd0685971ea43cbbd12631a449a1765f67f90c3813c8a6b8c93b86fc
2025-09-16 15:03:13.648 [DBG] LTND lnd.go:727: Syncing to block chain rev=08ae35 best_block_time="2025-09-16 15:03:11 -0400 EDT" is_synced=false
ELECTRUM: Starting fetchAddressHistory for address: tb1pzup9rcjuy8axcrwudc2alwmltn3ckf43slhsrycjpxs9susznkvqmlrffh
ELECTRUM: Fetching transaction history for address: tb1pzup9rcjuy8axcrwudc2alwmltn3ckf43slhsrycjpxs9susznkvqmlrffh
ELECTRUM: Calling GetHistory for address: tb1pzup9rcjuy8axcrwudc2alwmltn3ckf43slhsrycjpxs9susznkvqmlrffh, scriptHash: 7c36ccc0075dc560ee1dce05f35eb2b31d712f2860ea4b6626f3ffd9d9b2d507
2025-09-16 15:03:13.760 [INF] BTWL btcwallet.go:490: BTCWALLET: Received transaction callback - txHash: 2ae52394b1de0caa8782ca70f270665916e5d4afc6fa22f56a77fd0c3c687985, address: tb1pwf755qrlgyaa59k6yp02thcnxc2ug2ln5vy6qj257l0zsn8hdgqsfpc782, value: 12844, confirmations: 1092
2025-09-16 15:03:13.760 [INF] BTWL btcwallet.go:514: BTCWALLET: Integrating discovered transaction 2ae52394b1de0caa8782ca70f270665916e5d4afc6fa22f56a77fd0c3c687985 for address tb1pwf755qrlgyaa59k6yp02thcnxc2ug2ln5vy6qj257l0zsn8hdgqsfpc782 (value: 12844, confirmations: 1092)
2025-09-16 15:03:13.760 [INF] BTWL btcwallet.go:561: BTCWALLET: Successfully integrated transaction 2ae52394b1de0caa8782ca70f270665916e5d4afc6fa22f56a77fd0c3c687985 (value: 12844 satoshis, confirmations: 1092)
2025-09-16 15:03:13.760 [INF] BTWL btcwallet.go:498: BTCWALLET: Successfully integrated discovered transaction 2ae52394b1de0caa8782ca70f270665916e5d4afc6fa22f56a77fd0c3c687985
ELECTRUM: getTransactionValue: Transaction result type: *electrum.GetTransactionResult, fields: 12
ELECTRUM: getTransactionValue: Field 0: Blockhash = 0000000000015d41dd7639d096da19e5ae0307ffbea46adf233d0c7f779d7ed6 (type: string)
ELECTRUM: getTransactionValue: Field 1: Blocktime = 1758045809 (type: uint64)
ELECTRUM: getTransactionValue: Field 2: Confirmations = 1569 (type: int32)
ELECTRUM: getTransactionValue: Field 3: Hash = cf05190df9cf6a90cc51d827f7ee7d2dea6dd0ae479db0836805c5a49d0a21ff (type: string)
ELECTRUM: getTransactionValue: Field 4: Hex = 01000000000101c44822011a52f3c2aa57d9f7a6173a22e1cf6e062c46e3434a3ea5e17dca9c310000000000ffffffff0206430000000000002251206dadec86b602950d982192f31264475290bfe0b7f31e40eeffd5859a62e0ede4c852a200000000002251206cc89a54ee175a70d71d798e0adf3705ce2503da5526d77fd4f70abcb60522f001406f931887910e946d933885a6e1bb12bc8b9dc0fb319b052366fd2dbb2ccb84159e85d10dbd133ac346021695f88d2afeb336da5babb79e2b5c14b476a88f08bb00000000 (type: string)
ELECTRUM: getTransactionValue: Field 5: Locktime = 0 (type: uint32)
ELECTRUM: getTransactionValue: Field 6: Size = 205 (type: uint32)
ELECTRUM: getTransactionValue: Field 7: Time = 1758045809 (type: uint64)
ELECTRUM: getTransactionValue: Field 8: Version = 1 (type: uint32)
ELECTRUM: getTransactionValue: Field 9: Vin = [{ 0x140001996c0 4294967295 319cca7de1a53e4a43e3462c066ecfe1223a17a6f7d957aac2f3521a012248c4 0}] (type: []electrum.Vin)
ELECTRUM: getTransactionValue: Field 10: Vout = [{0 {[] 1 6dadec86b602950d982192f31264475290bfe0b7f31e40eeffd5859a62e0ede4 51206dadec86b602950d982192f31264475290bfe0b7f31e40eeffd5859a62e0ede4 0 witness_v1_taproot} 0.00017158} {1 {[] 1 6cc89a54ee175a70d71d798e0adf3705ce2503da5526d77fd4f70abcb60522f0 51206cc89a54ee175a70d71d798e0adf3705ce2503da5526d77fd4f70abcb60522f0 0 witness_v1_taproot} 0.10638024}] (type: []electrum.Vout)
ELECTRUM: getTransactionValue: Field 11: Merkle = {[] 0 0} (type: electrum.GetMerkleProofResult)
ELECTRUM: getTransactionValue: Processing 2 Vout entries for transaction 1ecd261bcd0685971ea43cbbd12631a449a1765f67f90c3813c8a6b8c93b86fc
ELECTRUM: getTransactionValue: Processing Vout entry 0 for transaction 1ecd261bcd0685971ea43cbbd12631a449a1765f67f90c3813c8a6b8c93b86fc
ELECTRUM: getTransactionValue: Vout[0] Field 0: N = 0 (type: uint32)
ELECTRUM: getTransactionValue: Vout[0] Field 1: ScriptPubkey = {[] 1 6dadec86b602950d982192f31264475290bfe0b7f31e40eeffd5859a62e0ede4 51206dadec86b602950d982192f31264475290bfe0b7f31e40eeffd5859a62e0ede4 0 witness_v1_taproot} (type: electrum.ScriptPubkey)
ELECTRUM: getTransactionValue: Vout[0] Field 2: Value = 0.00017158 (type: float64)
ELECTRUM: getTransactionValue: Vout[0] has value 0.000172 BTC (17158 satoshis)
ELECTRUM: getTransactionValue: Vout[0] ScriptPubkey type: electrum.ScriptPubkey
ELECTRUM: getTransactionValue: Vout[0] ScriptPubkey has 5 fields
ELECTRUM: getTransactionValue: Vout[0] ScriptPubkey Field 0: Addresses = [] (type: []string)
ELECTRUM: getTransactionValue: Vout[0] ScriptPubkey Field 1: Asm = 1 6dadec86b602950d982192f31264475290bfe0b7f31e40eeffd5859a62e0ede4 (type: string)
ELECTRUM: getTransactionValue: Vout[0] ScriptPubkey Field 2: Hex = 51206dadec86b602950d982192f31264475290bfe0b7f31e40eeffd5859a62e0ede4 (type: string)
ELECTRUM: getTransactionValue: Vout[0] ScriptPubkey Field 3: ReqSigs = 0 (type: uint32)
ELECTRUM: getTransactionValue: Vout[0] ScriptPubkey Field 4: Type = witness_v1_taproot (type: string)
ELECTRUM: getTransactionValue: Vout[0] extracted script hex from Hex field: 51206dadec86b602950d982192f31264475290bfe0b7f31e40eeffd5859a62e0ede4
ELECTRUM: getTransactionValue: Vout[0] calculated script hash: 15bf6986842102e96df220461b8cfa26e5306ee0eedd007d5dddd821d6745563, target: 15bf6986842102e96df220461b8cfa26e5306ee0eedd007d5dddd821d6745563
ELECTRUM: getTransactionValue: Vout[0] matches our script hash, adding 17158 satoshis
ELECTRUM: getTransactionValue: Processing Vout entry 1 for transaction 1ecd261bcd0685971ea43cbbd12631a449a1765f67f90c3813c8a6b8c93b86fc
ELECTRUM: getTransactionValue: Vout[1] Field 0: N = 1 (type: uint32)
ELECTRUM: getTransactionValue: Vout[1] Field 1: ScriptPubkey = {[] 1 6cc89a54ee175a70d71d798e0adf3705ce2503da5526d77fd4f70abcb60522f0 51206cc89a54ee175a70d71d798e0adf3705ce2503da5526d77fd4f70abcb60522f0 0 witness_v1_taproot} (type: electrum.ScriptPubkey)
ELECTRUM: getTransactionValue: Vout[1] Field 2: Value = 0.10638024 (type: float64)
ELECTRUM: getTransactionValue: Vout[1] has value 0.106380 BTC (10638024 satoshis)
ELECTRUM: getTransactionValue: Vout[1] ScriptPubkey type: electrum.ScriptPubkey
ELECTRUM: getTransactionValue: Vout[1] ScriptPubkey has 5 fields
ELECTRUM: getTransactionValue: Vout[1] ScriptPubkey Field 0: Addresses = [] (type: []string)
ELECTRUM: getTransactionValue: Vout[1] ScriptPubkey Field 1: Asm = 1 6cc89a54ee175a70d71d798e0adf3705ce2503da5526d77fd4f70abcb60522f0 (type: string)
ELECTRUM: getTransactionValue: Vout[1] ScriptPubkey Field 2: Hex = 51206cc89a54ee175a70d71d798e0adf3705ce2503da5526d77fd4f70abcb60522f0 (type: string)
ELECTRUM: getTransactionValue: Vout[1] ScriptPubkey Field 3: ReqSigs = 0 (type: uint32)
ELECTRUM: getTransactionValue: Vout[1] ScriptPubkey Field 4: Type = witness_v1_taproot (type: string)
ELECTRUM: getTransactionValue: Vout[1] extracted script hex from Hex field: 51206cc89a54ee175a70d71d798e0adf3705ce2503da5526d77fd4f70abcb60522f0
ELECTRUM: getTransactionValue: Vout[1] calculated script hash: e86f3f3f4929bec039bb0229be9edb8343b43af2081e5037fb2094134bb9583b, target: 15bf6986842102e96df220461b8cfa26e5306ee0eedd007d5dddd821d6745563
ELECTRUM: getTransactionValue: Vout[1] does not match our script hash, skipping
ELECTRUM: buildTransactionDetail: Transaction 1ecd261bcd0685971ea43cbbd12631a449a1765f67f90c3813c8a6b8c93b86fc has actual value 17158 satoshis
2025/09/16 15:03:13 ELECTRUM: GetBlockHash called for height: 4670036
ELECTRUM: Starting fetchAddressHistory for address: tb1pvhkycu546rfek5tpkmns0dwxc7v74ul3dlad7as8gflywg3plsvqy8mc4j
ELECTRUM: Fetching transaction history for address: tb1pvhkycu546rfek5tpkmns0dwxc7v74ul3dlad7as8gflywg3plsvqy8mc4j
ELECTRUM: Calling GetHistory for address: tb1pvhkycu546rfek5tpkmns0dwxc7v74ul3dlad7as8gflywg3plsvqy8mc4j, scriptHash: 8c695d50cc3c9b971f716464bca5a0adcd8d5334c79d76ffe4776646c0a2228f
2025-09-16 15:03:13.994 [INF] BTWL btcwallet.go:490: BTCWALLET: Received transaction callback - txHash: 1ecd261bcd0685971ea43cbbd12631a449a1765f67f90c3813c8a6b8c93b86fc, address: tb1pdkk7ep4kq22smxppjte3yez822gtlc9h7v0ypmhl6kze5chqahjqahfutx, value: 17158, confirmations: 1568
2025-09-16 15:03:13.994 [INF] BTWL btcwallet.go:514: BTCWALLET: Integrating discovered transaction 1ecd261bcd0685971ea43cbbd12631a449a1765f67f90c3813c8a6b8c93b86fc for address tb1pdkk7ep4kq22smxppjte3yez822gtlc9h7v0ypmhl6kze5chqahjqahfutx (value: 17158, confirmations: 1568)
2025-09-16 15:03:13.994 [INF] BTWL btcwallet.go:561: BTCWALLET: Successfully integrated transaction 1ecd261bcd0685971ea43cbbd12631a449a1765f67f90c3813c8a6b8c93b86fc (value: 17158 satoshis, confirmations: 1568)
2025-09-16 15:03:13.994 [INF] BTWL btcwallet.go:498: BTCWALLET: Successfully integrated discovered transaction 1ecd261bcd0685971ea43cbbd12631a449a1765f67f90c3813c8a6b8c93b86fc
ELECTRUM: Processing transaction 0 for address tb1pvhkycu546rfek5tpkmns0dwxc7v74ul3dlad7as8gflywg3plsvqy8mc4j
ELECTRUM: Calling buildTransactionDetail for entry 0
ELECTRUM: buildTransactionDetail called with entry type: *electrum.GetMempoolResult
ELECTRUM: buildTransactionDetail: Transaction 57d7e5a301f0f54500424260dcc2b9825574b77e89a4f019d9af0df573bf443b has height: 4661549
ELECTRUM: buildTransactionDetail: About to call GetTransaction for 57d7e5a301f0f54500424260dcc2b9825574b77e89a4f019d9af0df573bf443b
ELECTRUM: buildTransactionDetail: Getting transaction details for 57d7e5a301f0f54500424260dcc2b9825574b77e89a4f019d9af0df573bf443b
ELECTRUM: Starting fetchAddressHistory for address: tb1p0gzw3zejyhpcnhel6fk44utj2wdvt6qeqm98nqxu6j56fcwme4psvdhc46
ELECTRUM: Fetching transaction history for address: tb1p0gzw3zejyhpcnhel6fk44utj2wdvt6qeqm98nqxu6j56fcwme4psvdhc46
ELECTRUM: Calling GetHistory for address: tb1p0gzw3zejyhpcnhel6fk44utj2wdvt6qeqm98nqxu6j56fcwme4psvdhc46, scriptHash: e5d8548e6042aa54fcbebb2539efa284c89350ce19c9141286a2f910de14df05
ELECTRUM: Starting fetchAddressHistory for address: tb1pk009nxek67sq93jw5wry764rjm5zkpfs5n8q4n98wcnvujmmnhvqwlyepq
ELECTRUM: Fetching transaction history for address: tb1pk009nxek67sq93jw5wry764rjm5zkpfs5n8q4n98wcnvujmmnhvqwlyepq
ELECTRUM: Calling GetHistory for address: tb1pk009nxek67sq93jw5wry764rjm5zkpfs5n8q4n98wcnvujmmnhvqwlyepq, scriptHash: e1ad1f932ae867651ec2f60823054c788e2d4777cea966f5a9eb264a24750f03
ELECTRUM: buildTransactionDetail: Successfully got transaction 57d7e5a301f0f54500424260dcc2b9825574b77e89a4f019d9af0df573bf443b
ELECTRUM: buildTransactionDetail: GetTransaction succeeded for 57d7e5a301f0f54500424260dcc2b9825574b77e89a4f019d9af0df573bf443b, processing result
ELECTRUM: buildTransactionDetail: Processing transaction result for 57d7e5a301f0f54500424260dcc2b9825574b77e89a4f019d9af0df573bf443b
ELECTRUM: buildTransactionDetail: Transaction result is not nil for 57d7e5a301f0f54500424260dcc2b9825574b77e89a4f019d9af0df573bf443b
ELECTRUM: buildTransactionDetail: Attempting to get actual value for transaction 57d7e5a301f0f54500424260dcc2b9825574b77e89a4f019d9af0df573bf443b
2025/09/16 15:03:14 ELECTRUM: GetBestBlock called
2025/09/16 15:03:14 ELECTRUM: Subscribing to headers to get current height
ELECTRUM: Starting fetchAddressHistory for address: tb1pdt36eq5eqqfmretmf5fttd08w0xvwvz6xlyzy85mn7ae4fxag0gs84m89j
ELECTRUM: Fetching transaction history for address: tb1pdt36eq5eqqfmretmf5fttd08w0xvwvz6xlyzy85mn7ae4fxag0gs84m89j
ELECTRUM: Calling GetHistory for address: tb1pdt36eq5eqqfmretmf5fttd08w0xvwvz6xlyzy85mn7ae4fxag0gs84m89j, scriptHash: a316d302121d1b62c9b4ec3de415b72930916c9b2fecde6d85dcb59e82024e3d
ELECTRUM: getTransactionValue: Transaction result type: *electrum.GetTransactionResult, fields: 12
ELECTRUM: getTransactionValue: Field 0: Blockhash = 000000000001e10a952d521ee1dd4fea2b58e4e4e38f36c973ebfc92e90fb7d6 (type: string)
ELECTRUM: getTransactionValue: Field 1: Blocktime = 1758029154 (type: uint64)
ELECTRUM: getTransactionValue: Field 2: Confirmations = 10056 (type: int32)
ELECTRUM: getTransactionValue: Field 3: Hash = 79257b4fbbb8885b6bbc2efecff4e9dfdb799a8871e223780cb54ac1ca15cb15 (type: string)
ELECTRUM: getTransactionValue: Field 4: Hex = 01000000000101abafdb07f6944dadbc3aeaea3d20af45d416365a07f02a3608e0015ba1c2ab510100000000ffffffff021f20a30000000000225120bcae08581d1e0f6c335d62afd89bfc1a4f70f2f3191847866e3d07ea86104f9beb1000000000000022512065ec4c7295d0d39b5161b6e707b5c6c799eaf3f16ffadf7607427e472221fc180140ee89d845610998471bac8849ed2b2273b8d0d3a8bab6f2f3403a904ea66a613d3d68645e2931e79f8f78dc5f46b75e56072a8822e873dee9f6b2b4094de36cd600000000 (type: string)
ELECTRUM: getTransactionValue: Field 5: Locktime = 0 (type: uint32)
ELECTRUM: getTransactionValue: Field 6: Size = 205 (type: uint32)
ELECTRUM: getTransactionValue: Field 7: Time = 1758029154 (type: uint64)
ELECTRUM: getTransactionValue: Field 8: Version = 1 (type: uint32)
ELECTRUM: getTransactionValue: Field 9: Vin = [{ 0x140000cc6a0 4294967295 51abc2a15b01e008362af0075a3616d445af203deaea3abcad4d94f607dbafab 1}] (type: []electrum.Vin)
ELECTRUM: getTransactionValue: Field 10: Vout = [{0 {[] 1 bcae08581d1e0f6c335d62afd89bfc1a4f70f2f3191847866e3d07ea86104f9b 5120bcae08581d1e0f6c335d62afd89bfc1a4f70f2f3191847866e3d07ea86104f9b 0 witness_v1_taproot} 0.10690591} {1 {[] 1 65ec4c7295d0d39b5161b6e707b5c6c799eaf3f16ffadf7607427e472221fc18 512065ec4c7295d0d39b5161b6e707b5c6c799eaf3f16ffadf7607427e472221fc18 0 witness_v1_taproot} 4.331e-05}] (type: []electrum.Vout)
ELECTRUM: getTransactionValue: Field 11: Merkle = {[] 0 0} (type: electrum.GetMerkleProofResult)
ELECTRUM: getTransactionValue: Processing 2 Vout entries for transaction 57d7e5a301f0f54500424260dcc2b9825574b77e89a4f019d9af0df573bf443b
ELECTRUM: getTransactionValue: Processing Vout entry 0 for transaction 57d7e5a301f0f54500424260dcc2b9825574b77e89a4f019d9af0df573bf443b
ELECTRUM: getTransactionValue: Vout[0] Field 0: N = 0 (type: uint32)
ELECTRUM: getTransactionValue: Vout[0] Field 1: ScriptPubkey = {[] 1 bcae08581d1e0f6c335d62afd89bfc1a4f70f2f3191847866e3d07ea86104f9b 5120bcae08581d1e0f6c335d62afd89bfc1a4f70f2f3191847866e3d07ea86104f9b 0 witness_v1_taproot} (type: electrum.ScriptPubkey)
ELECTRUM: getTransactionValue: Vout[0] Field 2: Value = 0.10690591 (type: float64)
ELECTRUM: getTransactionValue: Vout[0] has value 0.106906 BTC (10690591 satoshis)
ELECTRUM: getTransactionValue: Vout[0] ScriptPubkey type: electrum.ScriptPubkey
ELECTRUM: getTransactionValue: Vout[0] ScriptPubkey has 5 fields
ELECTRUM: getTransactionValue: Vout[0] ScriptPubkey Field 0: Addresses = [] (type: []string)
ELECTRUM: getTransactionValue: Vout[0] ScriptPubkey Field 1: Asm = 1 bcae08581d1e0f6c335d62afd89bfc1a4f70f2f3191847866e3d07ea86104f9b (type: string)
ELECTRUM: getTransactionValue: Vout[0] ScriptPubkey Field 2: Hex = 5120bcae08581d1e0f6c335d62afd89bfc1a4f70f2f3191847866e3d07ea86104f9b (type: string)
ELECTRUM: getTransactionValue: Vout[0] ScriptPubkey Field 3: ReqSigs = 0 (type: uint32)
ELECTRUM: getTransactionValue: Vout[0] ScriptPubkey Field 4: Type = witness_v1_taproot (type: string)
ELECTRUM: getTransactionValue: Vout[0] extracted script hex from Hex field: 5120bcae08581d1e0f6c335d62afd89bfc1a4f70f2f3191847866e3d07ea86104f9b
ELECTRUM: getTransactionValue: Vout[0] calculated script hash: 3e1ff1200029e270b283707ae71fbc8812fb6e7c3bd2e19d5e45251eec1480de, target: 8c695d50cc3c9b971f716464bca5a0adcd8d5334c79d76ffe4776646c0a2228f
ELECTRUM: getTransactionValue: Vout[0] does not match our script hash, skipping
ELECTRUM: getTransactionValue: Processing Vout entry 1 for transaction 57d7e5a301f0f54500424260dcc2b9825574b77e89a4f019d9af0df573bf443b
ELECTRUM: getTransactionValue: Vout[1] Field 0: N = 1 (type: uint32)
ELECTRUM: getTransactionValue: Vout[1] Field 1: ScriptPubkey = {[] 1 65ec4c7295d0d39b5161b6e707b5c6c799eaf3f16ffadf7607427e472221fc18 512065ec4c7295d0d39b5161b6e707b5c6c799eaf3f16ffadf7607427e472221fc18 0 witness_v1_taproot} (type: electrum.ScriptPubkey)
ELECTRUM: getTransactionValue: Vout[1] Field 2: Value = 4.331e-05 (type: float64)
ELECTRUM: getTransactionValue: Vout[1] has value 0.000043 BTC (4331 satoshis)
ELECTRUM: getTransactionValue: Vout[1] ScriptPubkey type: electrum.ScriptPubkey
ELECTRUM: getTransactionValue: Vout[1] ScriptPubkey has 5 fields
ELECTRUM: getTransactionValue: Vout[1] ScriptPubkey Field 0: Addresses = [] (type: []string)
ELECTRUM: getTransactionValue: Vout[1] ScriptPubkey Field 1: Asm = 1 65ec4c7295d0d39b5161b6e707b5c6c799eaf3f16ffadf7607427e472221fc18 (type: string)
ELECTRUM: getTransactionValue: Vout[1] ScriptPubkey Field 2: Hex = 512065ec4c7295d0d39b5161b6e707b5c6c799eaf3f16ffadf7607427e472221fc18 (type: string)
ELECTRUM: getTransactionValue: Vout[1] ScriptPubkey Field 3: ReqSigs = 0 (type: uint32)
ELECTRUM: getTransactionValue: Vout[1] ScriptPubkey Field 4: Type = witness_v1_taproot (type: string)
ELECTRUM: getTransactionValue: Vout[1] extracted script hex from Hex field: 512065ec4c7295d0d39b5161b6e707b5c6c799eaf3f16ffadf7607427e472221fc18
ELECTRUM: getTransactionValue: Vout[1] calculated script hash: 8c695d50cc3c9b971f716464bca5a0adcd8d5334c79d76ffe4776646c0a2228f, target: 8c695d50cc3c9b971f716464bca5a0adcd8d5334c79d76ffe4776646c0a2228f
ELECTRUM: getTransactionValue: Vout[1] matches our script hash, adding 4331 satoshis
ELECTRUM: buildTransactionDetail: Transaction 57d7e5a301f0f54500424260dcc2b9825574b77e89a4f019d9af0df573bf443b has actual value 4331 satoshis
2025/09/16 15:03:14 ELECTRUM: GetBlockHash called for height: 4661549
2025/09/16 15:03:14 ELECTRUM: Got current height 4671604 from headers subscription
2025/09/16 15:03:14 ELECTRUM: Returning hash 000000000001c5ab4f3b3d3b69799efd34f69ecec3d44361e2c79404c9cbc505 for height 4671604 (from headers subscription)
2025/09/16 15:03:14 ELECTRUM: GetBlockHeader called for hash: 000000000001c5ab4f3b3d3b69799efd34f69ecec3d44361e2c79404c9cbc505
2025/09/16 15:03:14 ELECTRUM: GetBestBlock called
2025/09/16 15:03:14 ELECTRUM: Subscribing to headers to get current height
ELECTRUM: Starting fetchAddressHistory for address: tb1pqx3qatm30w3u2ywr2kk8dxlrcqqz3wesedr3rv9z433ntzagmsvsckwg58
ELECTRUM: Fetching transaction history for address: tb1pqx3qatm30w3u2ywr2kk8dxlrcqqz3wesedr3rv9z433ntzagmsvsckwg58
ELECTRUM: Calling GetHistory for address: tb1pqx3qatm30w3u2ywr2kk8dxlrcqqz3wesedr3rv9z433ntzagmsvsckwg58, scriptHash: 68427e23296ee56cb016cf304d9d30df101c75d22e4198bc54dced0563ffea61
2025-09-16 15:03:14.920 [INF] BTWL btcwallet.go:490: BTCWALLET: Received transaction callback - txHash: 57d7e5a301f0f54500424260dcc2b9825574b77e89a4f019d9af0df573bf443b, address: tb1pvhkycu546rfek5tpkmns0dwxc7v74ul3dlad7as8gflywg3plsvqy8mc4j, value: 4331, confirmations: 10055
2025-09-16 15:03:14.920 [INF] BTWL btcwallet.go:514: BTCWALLET: Integrating discovered transaction 57d7e5a301f0f54500424260dcc2b9825574b77e89a4f019d9af0df573bf443b for address tb1pvhkycu546rfek5tpkmns0dwxc7v74ul3dlad7as8gflywg3plsvqy8mc4j (value: 4331, confirmations: 10055)
2025-09-16 15:03:14.920 [INF] BTWL btcwallet.go:561: BTCWALLET: Successfully integrated transaction 57d7e5a301f0f54500424260dcc2b9825574b77e89a4f019d9af0df573bf443b (value: 4331 satoshis, confirmations: 10055)
2025-09-16 15:03:14.920 [INF] BTWL btcwallet.go:498: BTCWALLET: Successfully integrated discovered transaction 57d7e5a301f0f54500424260dcc2b9825574b77e89a4f019d9af0df573bf443b
2025/09/16 15:03:15 ELECTRUM: Got current height 4671604 from headers subscription
2025/09/16 15:03:15 ELECTRUM: Returning hash 000000000001c5ab4f3b3d3b69799efd34f69ecec3d44361e2c79404c9cbc505 for height 4671604 (from headers subscription)
ELECTRUM: Processing transaction 0 for address tb1pqx3qatm30w3u2ywr2kk8dxlrcqqz3wesedr3rv9z433ntzagmsvsckwg58
ELECTRUM: Calling buildTransactionDetail for entry 0
ELECTRUM: buildTransactionDetail called with entry type: *electrum.GetMempoolResult
ELECTRUM: Starting fetchAddressHistory for address: tb1pk5aaydpzxv9uldsg3pf2hcelqh9vg54av4pkutt28yfaahu4220s5mlzwy
ELECTRUM: Fetching transaction history for address: tb1pk5aaydpzxv9uldsg3pf2hcelqh9vg54av4pkutt28yfaahu4220s5mlzwy
ELECTRUM: Calling GetHistory for address: tb1pk5aaydpzxv9uldsg3pf2hcelqh9vg54av4pkutt28yfaahu4220s5mlzwy, scriptHash: 335b9b940f598ac2dad09f800e0af57467fc3114fef594d374248ac4b2b204a0
ELECTRUM: buildTransactionDetail: Transaction de930c6a79fee7539b02f4c82c267aa576c2769d52deb0d469253a527844a297 has height: 4670278
ELECTRUM: buildTransactionDetail: About to call GetTransaction for de930c6a79fee7539b02f4c82c267aa576c2769d52deb0d469253a527844a297
ELECTRUM: buildTransactionDetail: Getting transaction details for de930c6a79fee7539b02f4c82c267aa576c2769d52deb0d469253a527844a297
ELECTRUM: Starting fetchAddressHistory for address: tb1pk5aaydpzxv9uldsg3pf2hcelqh9vg54av4pkutt28yfaahu4220s5mlzwy
ELECTRUM: Fetching transaction history for address: tb1pk5aaydpzxv9uldsg3pf2hcelqh9vg54av4pkutt28yfaahu4220s5mlzwy
ELECTRUM: Calling GetHistory for address: tb1pk5aaydpzxv9uldsg3pf2hcelqh9vg54av4pkutt28yfaahu4220s5mlzwy, scriptHash: 335b9b940f598ac2dad09f800e0af57467fc3114fef594d374248ac4b2b204a0
2025-09-16 15:03:15.360 [DBG] LTND lnd.go:727: Syncing to block chain rev=08ae35 best_block_time="2025-09-16 15:03:11 -0400 EDT" is_synced=false
ELECTRUM: buildTransactionDetail: Successfully got transaction de930c6a79fee7539b02f4c82c267aa576c2769d52deb0d469253a527844a297
ELECTRUM: buildTransactionDetail: GetTransaction succeeded for de930c6a79fee7539b02f4c82c267aa576c2769d52deb0d469253a527844a297, processing result
ELECTRUM: buildTransactionDetail: Processing transaction result for de930c6a79fee7539b02f4c82c267aa576c2769d52deb0d469253a527844a297
ELECTRUM: buildTransactionDetail: Transaction result is not nil for de930c6a79fee7539b02f4c82c267aa576c2769d52deb0d469253a527844a297
ELECTRUM: buildTransactionDetail: Attempting to get actual value for transaction de930c6a79fee7539b02f4c82c267aa576c2769d52deb0d469253a527844a297
ELECTRUM: getTransactionValue: Transaction result type: *electrum.GetTransactionResult, fields: 12
ELECTRUM: getTransactionValue: Field 0: Blockhash = 000000000001ae237ca6e03a201d57a11953683c957e09c2dd8bfbbe3222fde0 (type: string)
ELECTRUM: getTransactionValue: Field 1: Blocktime = 1758046330 (type: uint64)
ELECTRUM: getTransactionValue: Field 2: Confirmations = 1327 (type: int32)
ELECTRUM: getTransactionValue: Field 3: Hash = 7f1fbefe05ffe2813299372a36a1d0aa278df8629130dfb28ffc67fc95e61a9e (type: string)
ELECTRUM: getTransactionValue: Field 4: Hex = 01000000000101fc863bc9b8a6c813380cf9675f76a149a43126d1bb3ca41e978506cd1b26cd1e0100000000ffffffff022c3200000000000022512001a20eaf717ba3c511c355ac769be3c00028bb30cb4711b0a2ac63358ba8dc190020a2000000000022512030f7623d02e535487795819d2517080257d7f00951c76dea0980ffc14b3e5f790140fb013b8bc60ddbb3aacd940eda56632d219fae4d02245cd95418df2ab8e9245734356bc907ab3d9b2925e637370e4e90c1efceb02fb6ff9af3135de4d9b3519b00000000 (type: string)
ELECTRUM: getTransactionValue: Field 5: Locktime = 0 (type: uint32)
ELECTRUM: getTransactionValue: Field 6: Size = 205 (type: uint32)
ELECTRUM: getTransactionValue: Field 7: Time = 1758046330 (type: uint64)
ELECTRUM: getTransactionValue: Field 8: Version = 1 (type: uint32)
ELECTRUM: getTransactionValue: Field 9: Vin = [{ 0x14000199c60 4294967295 1ecd261bcd0685971ea43cbbd12631a449a1765f67f90c3813c8a6b8c93b86fc 1}] (type: []electrum.Vin)
ELECTRUM: getTransactionValue: Field 10: Vout = [{0 {[] 1 01a20eaf717ba3c511c355ac769be3c00028bb30cb4711b0a2ac63358ba8dc19 512001a20eaf717ba3c511c355ac769be3c00028bb30cb4711b0a2ac63358ba8dc19 0 witness_v1_taproot} 0.00012844} {1 {[] 1 30f7623d02e535487795819d2517080257d7f00951c76dea0980ffc14b3e5f79 512030f7623d02e535487795819d2517080257d7f00951c76dea0980ffc14b3e5f79 0 witness_v1_taproot} 0.10625024}] (type: []electrum.Vout)
ELECTRUM: getTransactionValue: Field 11: Merkle = {[] 0 0} (type: electrum.GetMerkleProofResult)
ELECTRUM: getTransactionValue: Processing 2 Vout entries for transaction de930c6a79fee7539b02f4c82c267aa576c2769d52deb0d469253a527844a297
ELECTRUM: getTransactionValue: Processing Vout entry 0 for transaction de930c6a79fee7539b02f4c82c267aa576c2769d52deb0d469253a527844a297
ELECTRUM: getTransactionValue: Vout[0] Field 0: N = 0 (type: uint32)
ELECTRUM: getTransactionValue: Vout[0] Field 1: ScriptPubkey = {[] 1 01a20eaf717ba3c511c355ac769be3c00028bb30cb4711b0a2ac63358ba8dc19 512001a20eaf717ba3c511c355ac769be3c00028bb30cb4711b0a2ac63358ba8dc19 0 witness_v1_taproot} (type: electrum.ScriptPubkey)
ELECTRUM: getTransactionValue: Vout[0] Field 2: Value = 0.00012844 (type: float64)
ELECTRUM: getTransactionValue: Vout[0] has value 0.000128 BTC (12844 satoshis)
ELECTRUM: getTransactionValue: Vout[0] ScriptPubkey type: electrum.ScriptPubkey
ELECTRUM: getTransactionValue: Vout[0] ScriptPubkey has 5 fields
ELECTRUM: getTransactionValue: Vout[0] ScriptPubkey Field 0: Addresses = [] (type: []string)
ELECTRUM: getTransactionValue: Vout[0] ScriptPubkey Field 1: Asm = 1 01a20eaf717ba3c511c355ac769be3c00028bb30cb4711b0a2ac63358ba8dc19 (type: string)
ELECTRUM: getTransactionValue: Vout[0] ScriptPubkey Field 2: Hex = 512001a20eaf717ba3c511c355ac769be3c00028bb30cb4711b0a2ac63358ba8dc19 (type: string)
ELECTRUM: getTransactionValue: Vout[0] ScriptPubkey Field 3: ReqSigs = 0 (type: uint32)
ELECTRUM: getTransactionValue: Vout[0] ScriptPubkey Field 4: Type = witness_v1_taproot (type: string)
ELECTRUM: getTransactionValue: Vout[0] extracted script hex from Hex field: 512001a20eaf717ba3c511c355ac769be3c00028bb30cb4711b0a2ac63358ba8dc19
ELECTRUM: getTransactionValue: Vout[0] calculated script hash: 68427e23296ee56cb016cf304d9d30df101c75d22e4198bc54dced0563ffea61, target: 68427e23296ee56cb016cf304d9d30df101c75d22e4198bc54dced0563ffea61
ELECTRUM: getTransactionValue: Vout[0] matches our script hash, adding 12844 satoshis
ELECTRUM: getTransactionValue: Processing Vout entry 1 for transaction de930c6a79fee7539b02f4c82c267aa576c2769d52deb0d469253a527844a297
ELECTRUM: getTransactionValue: Vout[1] Field 0: N = 1 (type: uint32)
ELECTRUM: getTransactionValue: Vout[1] Field 1: ScriptPubkey = {[] 1 30f7623d02e535487795819d2517080257d7f00951c76dea0980ffc14b3e5f79 512030f7623d02e535487795819d2517080257d7f00951c76dea0980ffc14b3e5f79 0 witness_v1_taproot} (type: electrum.ScriptPubkey)
ELECTRUM: getTransactionValue: Vout[1] Field 2: Value = 0.10625024 (type: float64)
ELECTRUM: getTransactionValue: Vout[1] has value 0.106250 BTC (10625024 satoshis)
ELECTRUM: getTransactionValue: Vout[1] ScriptPubkey type: electrum.ScriptPubkey
ELECTRUM: getTransactionValue: Vout[1] ScriptPubkey has 5 fields
ELECTRUM: getTransactionValue: Vout[1] ScriptPubkey Field 0: Addresses = [] (type: []string)
ELECTRUM: getTransactionValue: Vout[1] ScriptPubkey Field 1: Asm = 1 30f7623d02e535487795819d2517080257d7f00951c76dea0980ffc14b3e5f79 (type: string)
ELECTRUM: getTransactionValue: Vout[1] ScriptPubkey Field 2: Hex = 512030f7623d02e535487795819d2517080257d7f00951c76dea0980ffc14b3e5f79 (type: string)
ELECTRUM: getTransactionValue: Vout[1] ScriptPubkey Field 3: ReqSigs = 0 (type: uint32)
ELECTRUM: getTransactionValue: Vout[1] ScriptPubkey Field 4: Type = witness_v1_taproot (type: string)
ELECTRUM: getTransactionValue: Vout[1] extracted script hex from Hex field: 512030f7623d02e535487795819d2517080257d7f00951c76dea0980ffc14b3e5f79
ELECTRUM: getTransactionValue: Vout[1] calculated script hash: 1ed742a4087ec5c6236422bab46284b189f143bb5578b71a05b92d3bf9290470, target: 68427e23296ee56cb016cf304d9d30df101c75d22e4198bc54dced0563ffea61
ELECTRUM: getTransactionValue: Vout[1] does not match our script hash, skipping
ELECTRUM: buildTransactionDetail: Transaction de930c6a79fee7539b02f4c82c267aa576c2769d52deb0d469253a527844a297 has actual value 12844 satoshis
2025/09/16 15:03:15 ELECTRUM: GetBlockHash called for height: 4670278
2025-09-16 15:03:15.855 [INF] BTWL btcwallet.go:490: BTCWALLET: Received transaction callback - txHash: de930c6a79fee7539b02f4c82c267aa576c2769d52deb0d469253a527844a297, address: tb1pqx3qatm30w3u2ywr2kk8dxlrcqqz3wesedr3rv9z433ntzagmsvsckwg58, value: 12844, confirmations: 1327
2025-09-16 15:03:15.855 [INF] BTWL btcwallet.go:514: BTCWALLET: Integrating discovered transaction de930c6a79fee7539b02f4c82c267aa576c2769d52deb0d469253a527844a297 for address tb1pqx3qatm30w3u2ywr2kk8dxlrcqqz3wesedr3rv9z433ntzagmsvsckwg58 (value: 12844, confirmations: 1327)
2025-09-16 15:03:15.855 [INF] BTWL btcwallet.go:561: BTCWALLET: Successfully integrated transaction de930c6a79fee7539b02f4c82c267aa576c2769d52deb0d469253a527844a297 (value: 12844 satoshis, confirmations: 1327)
2025-09-16 15:03:15.855 [INF] BTWL btcwallet.go:498: BTCWALLET: Successfully integrated discovered transaction de930c6a79fee7539b02f4c82c267aa576c2769d52deb0d469253a527844a297
2025/09/16 15:03:16 ELECTRUM: GetBestBlock called
2025/09/16 15:03:16 ELECTRUM: Subscribing to headers to get current height
2025/09/16 15:03:16 ELECTRUM: Got current height 4671604 from headers subscription
2025/09/16 15:03:16 ELECTRUM: Returning hash 000000000001c5ab4f3b3d3b69799efd34f69ecec3d44361e2c79404c9cbc505 for height 4671604 (from headers subscription)
2025/09/16 15:03:16 ELECTRUM: GetBlockHeader called for hash: 000000000001c5ab4f3b3d3b69799efd34f69ecec3d44361e2c79404c9cbc505
2025/09/16 15:03:16 ELECTRUM: GetBestBlock called
2025/09/16 15:03:16 ELECTRUM: Subscribing to headers to get current height
2025/09/16 15:03:16 ELECTRUM: Got current height 4671604 from headers subscription
2025/09/16 15:03:16 ELECTRUM: Returning hash 000000000001c5ab4f3b3d3b69799efd34f69ecec3d44361e2c79404c9cbc505 for height 4671604 (from headers subscription)
2025-09-16 15:03:17.057 [DBG] LTND lnd.go:727: Syncing to block chain rev=08ae35 best_block_time="2025-09-16 15:03:11 -0400 EDT" is_synced=false
2025/09/16 15:03:17 ELECTRUM: Script hash e5d8548e6042aa54fcbebb2539efa284c89350ce19c9141286a2f910de14df05 status changed from e5d8548e6042aa54fcbebb2539efa284c89350ce19c9141286a2f910de14df05 to tx_count:0 - new transactions detected!
2025/09/16 15:03:17 ELECTRUM: Handling script hash update for e5d8548e6042aa54fcbebb2539efa284c89350ce19c9141286a2f910de14df05
2025/09/16 15:03:18 ELECTRUM: GetBestBlock called
2025/09/16 15:03:18 ELECTRUM: Subscribing to headers to get current height
2025/09/16 15:03:18 ELECTRUM: Found 0 transactions for script hash e5d8548e6042aa54fcbebb2539efa284c89350ce19c9141286a2f910de14df05
2025/09/16 15:03:18 ELECTRUM: Got current height 4671605 from headers subscription
2025/09/16 15:03:18 ELECTRUM: Returning hash 00000000000216a96b8bf45b09a8932ae4c6b8d9a9c883c338d832b2f3366617 for height 4671605 (from headers subscription)
2025/09/16 15:03:18 ELECTRUM: GetBlockHeader called for hash: 00000000000216a96b8bf45b09a8932ae4c6b8d9a9c883c338d832b2f3366617
2025/09/16 15:03:18 ELECTRUM: GetBestBlock called
2025/09/16 15:03:18 ELECTRUM: Subscribing to headers to get current height
2025/09/16 15:03:18 ELECTRUM: Script hash 335b9b940f598ac2dad09f800e0af57467fc3114fef594d374248ac4b2b204a0 status changed from 335b9b940f598ac2dad09f800e0af57467fc3114fef594d374248ac4b2b204a0 to tx_count:0 - new transactions detected!
2025/09/16 15:03:18 ELECTRUM: Handling script hash update for 335b9b940f598ac2dad09f800e0af57467fc3114fef594d374248ac4b2b204a0
2025/09/16 15:03:18 ELECTRUM: Got current height 4671605 from headers subscription
2025/09/16 15:03:18 ELECTRUM: Returning hash 00000000000216a96b8bf45b09a8932ae4c6b8d9a9c883c338d832b2f3366617 for height 4671605 (from headers subscription)
2025/09/16 15:03:18 ELECTRUM: Found 0 transactions for script hash 335b9b940f598ac2dad09f800e0af57467fc3114fef594d374248ac4b2b204a0
2025-09-16 15:03:18.757 [DBG] LTND lnd.go:727: Syncing to block chain rev=08ae35 best_block_time="2025-09-16 15:03:18 -0400 EDT" is_synced=false
2025/09/16 15:03:18 ELECTRUM: Script hash b66131e80f4d50ca98ca6c1a4944746699c609136ce4aa4b4f162dd9de3dfe6d status changed from b66131e80f4d50ca98ca6c1a4944746699c609136ce4aa4b4f162dd9de3dfe6d to tx_count:0 - new transactions detected!
2025/09/16 15:03:18 ELECTRUM: Handling script hash update for b66131e80f4d50ca98ca6c1a4944746699c609136ce4aa4b4f162dd9de3dfe6d
2025/09/16 15:03:19 ELECTRUM: Found 0 transactions for script hash b66131e80f4d50ca98ca6c1a4944746699c609136ce4aa4b4f162dd9de3dfe6d
2025/09/16 15:03:19 ELECTRUM: Script hash ca676392dcbc659e23aa827453de1938add752fb16394cdd5252328fe3faa89e status changed from ca676392dcbc659e23aa827453de1938add752fb16394cdd5252328fe3faa89e to tx_count:0 - new transactions detected!
2025/09/16 15:03:19 ELECTRUM: Handling script hash update for ca676392dcbc659e23aa827453de1938add752fb16394cdd5252328fe3faa89e
2025/09/16 15:03:19 ELECTRUM: Found 0 transactions for script hash ca676392dcbc659e23aa827453de1938add752fb16394cdd5252328fe3faa89e
2025/09/16 15:03:19 ELECTRUM: GetBestBlock called
2025/09/16 15:03:19 ELECTRUM: Subscribing to headers to get current height
2025/09/16 15:03:19 ELECTRUM: Script hash b4b1be16fa88724c29732edb1ff71e5ab276106ae5fc1021dbec298966da0b83 status changed from b4b1be16fa88724c29732edb1ff71e5ab276106ae5fc1021dbec298966da0b83 to tx_count:0 - new transactions detected!
2025/09/16 15:03:19 ELECTRUM: Handling script hash update for b4b1be16fa88724c29732edb1ff71e5ab276106ae5fc1021dbec298966da0b83
2025/09/16 15:03:19 ELECTRUM: Got current height 4671606 from headers subscription
2025/09/16 15:03:19 ELECTRUM: Returning hash 0000000000034e47d501b6ff23e6cc853d1487bff54fd825d51902f276d71e21 for height 4671606 (from headers subscription)
2025/09/16 15:03:19 ELECTRUM: GetBlockHeader called for hash: 0000000000034e47d501b6ff23e6cc853d1487bff54fd825d51902f276d71e21
2025/09/16 15:03:19 ELECTRUM: GetBestBlock called
2025/09/16 15:03:19 ELECTRUM: Subscribing to headers to get current height
2025/09/16 15:03:20 ELECTRUM: Found 0 transactions for script hash b4b1be16fa88724c29732edb1ff71e5ab276106ae5fc1021dbec298966da0b83
2025/09/16 15:03:20 ELECTRUM: Got current height 4671606 from headers subscription
2025/09/16 15:03:20 ELECTRUM: Returning hash 0000000000034e47d501b6ff23e6cc853d1487bff54fd825d51902f276d71e21 for height 4671606 (from headers subscription)
2025/09/16 15:03:20 ELECTRUM: Script hash 5a37981f0a3eed03fb6e95f4e44bee61f45395d25a4b3b269975a8120937b1d5 status changed from 5a37981f0a3eed03fb6e95f4e44bee61f45395d25a4b3b269975a8120937b1d5 to tx_count:1,latest_height:4670512 - new transactions detected!
2025/09/16 15:03:20 ELECTRUM: Handling script hash update for 5a37981f0a3eed03fb6e95f4e44bee61f45395d25a4b3b269975a8120937b1d5
2025-09-16 15:03:20.500 [DBG] LTND lnd.go:727: Syncing to block chain rev=08ae35 best_block_time="2025-09-16 15:03:18 -0400 EDT" is_synced=false
2025/09/16 15:03:20 ELECTRUM: Found 1 transactions for script hash 5a37981f0a3eed03fb6e95f4e44bee61f45395d25a4b3b269975a8120937b1d5
2025/09/16 15:03:20 ELECTRUM: Processing transaction 0 for script hash 5a37981f0a3eed03fb6e95f4e44bee61f45395d25a4b3b269975a8120937b1d5
ELECTRUM: buildTransactionDetail called with entry type: *electrum.GetMempoolResult
ELECTRUM: buildTransactionDetail: Transaction 2ae52394b1de0caa8782ca70f270665916e5d4afc6fa22f56a77fd0c3c687985 has height: 4670512
ELECTRUM: buildTransactionDetail: About to call GetTransaction for 2ae52394b1de0caa8782ca70f270665916e5d4afc6fa22f56a77fd0c3c687985
ELECTRUM: buildTransactionDetail: Getting transaction details for 2ae52394b1de0caa8782ca70f270665916e5d4afc6fa22f56a77fd0c3c687985
ELECTRUM: buildTransactionDetail: Successfully got transaction 2ae52394b1de0caa8782ca70f270665916e5d4afc6fa22f56a77fd0c3c687985
ELECTRUM: buildTransactionDetail: GetTransaction succeeded for 2ae52394b1de0caa8782ca70f270665916e5d4afc6fa22f56a77fd0c3c687985, processing result
ELECTRUM: buildTransactionDetail: Processing transaction result for 2ae52394b1de0caa8782ca70f270665916e5d4afc6fa22f56a77fd0c3c687985
ELECTRUM: buildTransactionDetail: Transaction result is not nil for 2ae52394b1de0caa8782ca70f270665916e5d4afc6fa22f56a77fd0c3c687985
ELECTRUM: buildTransactionDetail: Attempting to get actual value for transaction 2ae52394b1de0caa8782ca70f270665916e5d4afc6fa22f56a77fd0c3c687985
ELECTRUM: getTransactionValue: Transaction result type: *electrum.GetTransactionResult, fields: 12
ELECTRUM: getTransactionValue: Field 0: Blockhash = 0000000000005a63153252e492ce94ae6188bc95e8f81e41a593d99c68f6033e (type: string)
ELECTRUM: getTransactionValue: Field 1: Blocktime = 1758046885 (type: uint64)
ELECTRUM: getTransactionValue: Field 2: Confirmations = 1095 (type: int32)
ELECTRUM: getTransactionValue: Field 3: Hash = 57cfb7e36e28dc624a39d217f76757501d9dcfbe3f6b077572fb5bdd3b9157bc (type: string)
ELECTRUM: getTransactionValue: Field 4: Hex = 01000000000101bba2948a600945eb723550374d7ebb0b96b68476d688ffbf81360754e5d58e350000000000ffffffff022c32000000000000225120727d4a007f413bda16da205ea5df133615c42bf3a309a04954f7de284cf76a0170baa1000000000022512073d784e9de7c60825e518488a3ed256c081c65ff490b82fbc5d9f59f0b5344c50140a0c72c53e43c677c9a9ecdd7f2cbfe351281de0f2d5bf282166cb098e4ad389633cdbc0ff0e67b23c8c2e538bc714cf3c4d3d498a59503882eafbf5a0f2f286c00000000 (type: string)
ELECTRUM: getTransactionValue: Field 5: Locktime = 0 (type: uint32)
ELECTRUM: getTransactionValue: Field 6: Size = 205 (type: uint32)
ELECTRUM: getTransactionValue: Field 7: Time = 1758046885 (type: uint64)
ELECTRUM: getTransactionValue: Field 8: Version = 1 (type: uint32)
ELECTRUM: getTransactionValue: Field 9: Vin = [{ 0x140002c8c80 4294967295 358ed5e554073681bfff88d67684b6960bbb7e4d37503572eb4509608a94a2bb 0}] (type: []electrum.Vin)
ELECTRUM: getTransactionValue: Field 10: Vout = [{0 {[] 1 727d4a007f413bda16da205ea5df133615c42bf3a309a04954f7de284cf76a01 5120727d4a007f413bda16da205ea5df133615c42bf3a309a04954f7de284cf76a01 0 witness_v1_taproot} 0.00012844} {1 {[] 1 73d784e9de7c60825e518488a3ed256c081c65ff490b82fbc5d9f59f0b5344c5 512073d784e9de7c60825e518488a3ed256c081c65ff490b82fbc5d9f59f0b5344c5 0 witness_v1_taproot} 0.10599024}] (type: []electrum.Vout)
ELECTRUM: getTransactionValue: Field 11: Merkle = {[] 0 0} (type: electrum.GetMerkleProofResult)
ELECTRUM: getTransactionValue: Processing 2 Vout entries for transaction 2ae52394b1de0caa8782ca70f270665916e5d4afc6fa22f56a77fd0c3c687985
ELECTRUM: getTransactionValue: Processing Vout entry 0 for transaction 2ae52394b1de0caa8782ca70f270665916e5d4afc6fa22f56a77fd0c3c687985
ELECTRUM: getTransactionValue: Vout[0] Field 0: N = 0 (type: uint32)
ELECTRUM: getTransactionValue: Vout[0] Field 1: ScriptPubkey = {[] 1 727d4a007f413bda16da205ea5df133615c42bf3a309a04954f7de284cf76a01 5120727d4a007f413bda16da205ea5df133615c42bf3a309a04954f7de284cf76a01 0 witness_v1_taproot} (type: electrum.ScriptPubkey)
ELECTRUM: getTransactionValue: Vout[0] Field 2: Value = 0.00012844 (type: float64)
ELECTRUM: getTransactionValue: Vout[0] has value 0.000128 BTC (12844 satoshis)
ELECTRUM: getTransactionValue: Vout[0] ScriptPubkey type: electrum.ScriptPubkey
ELECTRUM: getTransactionValue: Vout[0] ScriptPubkey has 5 fields
ELECTRUM: getTransactionValue: Vout[0] ScriptPubkey Field 0: Addresses = [] (type: []string)
ELECTRUM: getTransactionValue: Vout[0] ScriptPubkey Field 1: Asm = 1 727d4a007f413bda16da205ea5df133615c42bf3a309a04954f7de284cf76a01 (type: string)
ELECTRUM: getTransactionValue: Vout[0] ScriptPubkey Field 2: Hex = 5120727d4a007f413bda16da205ea5df133615c42bf3a309a04954f7de284cf76a01 (type: string)
ELECTRUM: getTransactionValue: Vout[0] ScriptPubkey Field 3: ReqSigs = 0 (type: uint32)
ELECTRUM: getTransactionValue: Vout[0] ScriptPubkey Field 4: Type = witness_v1_taproot (type: string)
ELECTRUM: getTransactionValue: Vout[0] extracted script hex from Hex field: 5120727d4a007f413bda16da205ea5df133615c42bf3a309a04954f7de284cf76a01
ELECTRUM: getTransactionValue: Vout[0] calculated script hash: 5a37981f0a3eed03fb6e95f4e44bee61f45395d25a4b3b269975a8120937b1d5, target: 5a37981f0a3eed03fb6e95f4e44bee61f45395d25a4b3b269975a8120937b1d5
ELECTRUM: getTransactionValue: Vout[0] matches our script hash, adding 12844 satoshis
ELECTRUM: getTransactionValue: Processing Vout entry 1 for transaction 2ae52394b1de0caa8782ca70f270665916e5d4afc6fa22f56a77fd0c3c687985
ELECTRUM: getTransactionValue: Vout[1] Field 0: N = 1 (type: uint32)
ELECTRUM: getTransactionValue: Vout[1] Field 1: ScriptPubkey = {[] 1 73d784e9de7c60825e518488a3ed256c081c65ff490b82fbc5d9f59f0b5344c5 512073d784e9de7c60825e518488a3ed256c081c65ff490b82fbc5d9f59f0b5344c5 0 witness_v1_taproot} (type: electrum.ScriptPubkey)
ELECTRUM: getTransactionValue: Vout[1] Field 2: Value = 0.10599024 (type: float64)
ELECTRUM: getTransactionValue: Vout[1] has value 0.105990 BTC (10599024 satoshis)
ELECTRUM: getTransactionValue: Vout[1] ScriptPubkey type: electrum.ScriptPubkey
ELECTRUM: getTransactionValue: Vout[1] ScriptPubkey has 5 fields
ELECTRUM: getTransactionValue: Vout[1] ScriptPubkey Field 0: Addresses = [] (type: []string)
ELECTRUM: getTransactionValue: Vout[1] ScriptPubkey Field 1: Asm = 1 73d784e9de7c60825e518488a3ed256c081c65ff490b82fbc5d9f59f0b5344c5 (type: string)
ELECTRUM: getTransactionValue: Vout[1] ScriptPubkey Field 2: Hex = 512073d784e9de7c60825e518488a3ed256c081c65ff490b82fbc5d9f59f0b5344c5 (type: string)
ELECTRUM: getTransactionValue: Vout[1] ScriptPubkey Field 3: ReqSigs = 0 (type: uint32)
ELECTRUM: getTransactionValue: Vout[1] ScriptPubkey Field 4: Type = witness_v1_taproot (type: string)
ELECTRUM: getTransactionValue: Vout[1] extracted script hex from Hex field: 512073d784e9de7c60825e518488a3ed256c081c65ff490b82fbc5d9f59f0b5344c5
ELECTRUM: getTransactionValue: Vout[1] calculated script hash: f6e7ef2e7a52e88496e055c69abca6df627b0d048c6d590e14f1a6bae04b35a3, target: 5a37981f0a3eed03fb6e95f4e44bee61f45395d25a4b3b269975a8120937b1d5
ELECTRUM: getTransactionValue: Vout[1] does not match our script hash, skipping
ELECTRUM: buildTransactionDetail: Transaction 2ae52394b1de0caa8782ca70f270665916e5d4afc6fa22f56a77fd0c3c687985 has actual value 12844 satoshis
2025/09/16 15:03:21 ELECTRUM: GetBlockHash called for height: 4670512
2025/09/16 15:03:21 ELECTRUM: Found transaction 2ae52394b1de0caa8782ca70f270665916e5d4afc6fa22f56a77fd0c3c687985 for script hash 5a37981f0a3eed03fb6e95f4e44bee61f45395d25a4b3b269975a8120937b1d5 (confirmations: 1095, value: 12844)
2025/09/16 15:03:21 ELECTRUM: Sending relevant transaction notification for 2ae52394b1de0caa8782ca70f270665916e5d4afc6fa22f56a77fd0c3c687985
2025/09/16 15:03:21 ELECTRUM: Transaction 2ae52394b1de0caa8782ca70f270665916e5d4afc6fa22f56a77fd0c3c687985 already processed globally, skipping duplicate notification
2025/09/16 15:03:21 ELECTRUM: GetBestBlock called
2025/09/16 15:03:21 ELECTRUM: Subscribing to headers to get current height
2025/09/16 15:03:21 ELECTRUM: Script hash e1ad1f932ae867651ec2f60823054c788e2d4777cea966f5a9eb264a24750f03 status changed from e1ad1f932ae867651ec2f60823054c788e2d4777cea966f5a9eb264a24750f03 to tx_count:0 - new transactions detected!
2025/09/16 15:03:21 ELECTRUM: Handling script hash update for e1ad1f932ae867651ec2f60823054c788e2d4777cea966f5a9eb264a24750f03
2025/09/16 15:03:21 ELECTRUM: Got current height 4671606 from headers subscription
2025/09/16 15:03:21 ELECTRUM: Returning hash 0000000000034e47d501b6ff23e6cc853d1487bff54fd825d51902f276d71e21 for height 4671606 (from headers subscription)
2025/09/16 15:03:21 ELECTRUM: GetBlockHeader called for hash: 0000000000034e47d501b6ff23e6cc853d1487bff54fd825d51902f276d71e21
2025/09/16 15:03:21 ELECTRUM: GetBestBlock called
2025/09/16 15:03:21 ELECTRUM: Subscribing to headers to get current height
2025/09/16 15:03:21 ELECTRUM: Found 0 transactions for script hash e1ad1f932ae867651ec2f60823054c788e2d4777cea966f5a9eb264a24750f03
2025/09/16 15:03:21 ELECTRUM: Got current height 4671606 from headers subscription
2025/09/16 15:03:21 ELECTRUM: Returning hash 0000000000034e47d501b6ff23e6cc853d1487bff54fd825d51902f276d71e21 for height 4671606 (from headers subscription)
2025/09/16 15:03:21 ELECTRUM: Script hash 8ffe8589aabc0270d07eb3d7eb59003aea385db49b2f2cda6a405ba17ae25436 status changed from 8ffe8589aabc0270d07eb3d7eb59003aea385db49b2f2cda6a405ba17ae25436 to tx_count:0 - new transactions detected!
2025/09/16 15:03:21 ELECTRUM: Handling script hash update for 8ffe8589aabc0270d07eb3d7eb59003aea385db49b2f2cda6a405ba17ae25436
2025-09-16 15:03:22.193 [DBG] LTND lnd.go:727: Syncing to block chain rev=08ae35 best_block_time="2025-09-16 15:03:18 -0400 EDT" is_synced=false
2025/09/16 15:03:22 ELECTRUM: Found 0 transactions for script hash 8ffe8589aabc0270d07eb3d7eb59003aea385db49b2f2cda6a405ba17ae25436
2025/09/16 15:03:22 ELECTRUM: Script hash 8c695d50cc3c9b971f716464bca5a0adcd8d5334c79d76ffe4776646c0a2228f status changed from 8c695d50cc3c9b971f716464bca5a0adcd8d5334c79d76ffe4776646c0a2228f to tx_count:1,latest_height:4661549 - new transactions detected!
2025/09/16 15:03:22 ELECTRUM: Handling script hash update for 8c695d50cc3c9b971f716464bca5a0adcd8d5334c79d76ffe4776646c0a2228f
2025/09/16 15:03:22 ELECTRUM: Found 1 transactions for script hash 8c695d50cc3c9b971f716464bca5a0adcd8d5334c79d76ffe4776646c0a2228f
2025/09/16 15:03:22 ELECTRUM: Processing transaction 0 for script hash 8c695d50cc3c9b971f716464bca5a0adcd8d5334c79d76ffe4776646c0a2228f
ELECTRUM: buildTransactionDetail called with entry type: *electrum.GetMempoolResult
ELECTRUM: buildTransactionDetail: Transaction 57d7e5a301f0f54500424260dcc2b9825574b77e89a4f019d9af0df573bf443b has height: 4661549
ELECTRUM: buildTransactionDetail: About to call GetTransaction for 57d7e5a301f0f54500424260dcc2b9825574b77e89a4f019d9af0df573bf443b
ELECTRUM: buildTransactionDetail: Getting transaction details for 57d7e5a301f0f54500424260dcc2b9825574b77e89a4f019d9af0df573bf443b
ELECTRUM: buildTransactionDetail: Successfully got transaction 57d7e5a301f0f54500424260dcc2b9825574b77e89a4f019d9af0df573bf443b
ELECTRUM: buildTransactionDetail: GetTransaction succeeded for 57d7e5a301f0f54500424260dcc2b9825574b77e89a4f019d9af0df573bf443b, processing result
ELECTRUM: buildTransactionDetail: Processing transaction result for 57d7e5a301f0f54500424260dcc2b9825574b77e89a4f019d9af0df573bf443b
ELECTRUM: buildTransactionDetail: Transaction result is not nil for 57d7e5a301f0f54500424260dcc2b9825574b77e89a4f019d9af0df573bf443b
ELECTRUM: buildTransactionDetail: Attempting to get actual value for transaction 57d7e5a301f0f54500424260dcc2b9825574b77e89a4f019d9af0df573bf443b
ELECTRUM: getTransactionValue: Transaction result type: *electrum.GetTransactionResult, fields: 12
ELECTRUM: getTransactionValue: Field 0: Blockhash = 000000000001e10a952d521ee1dd4fea2b58e4e4e38f36c973ebfc92e90fb7d6 (type: string)
ELECTRUM: getTransactionValue: Field 1: Blocktime = 1758029154 (type: uint64)
ELECTRUM: getTransactionValue: Field 2: Confirmations = 10059 (type: int32)
ELECTRUM: getTransactionValue: Field 3: Hash = 79257b4fbbb8885b6bbc2efecff4e9dfdb799a8871e223780cb54ac1ca15cb15 (type: string)
ELECTRUM: getTransactionValue: Field 4: Hex = 01000000000101abafdb07f6944dadbc3aeaea3d20af45d416365a07f02a3608e0015ba1c2ab510100000000ffffffff021f20a30000000000225120bcae08581d1e0f6c335d62afd89bfc1a4f70f2f3191847866e3d07ea86104f9beb1000000000000022512065ec4c7295d0d39b5161b6e707b5c6c799eaf3f16ffadf7607427e472221fc180140ee89d845610998471bac8849ed2b2273b8d0d3a8bab6f2f3403a904ea66a613d3d68645e2931e79f8f78dc5f46b75e56072a8822e873dee9f6b2b4094de36cd600000000 (type: string)
ELECTRUM: getTransactionValue: Field 5: Locktime = 0 (type: uint32)
ELECTRUM: getTransactionValue: Field 6: Size = 205 (type: uint32)
ELECTRUM: getTransactionValue: Field 7: Time = 1758029154 (type: uint64)
ELECTRUM: getTransactionValue: Field 8: Version = 1 (type: uint32)
ELECTRUM: getTransactionValue: Field 9: Vin = [{ 0x14000701d60 4294967295 51abc2a15b01e008362af0075a3616d445af203deaea3abcad4d94f607dbafab 1}] (type: []electrum.Vin)
ELECTRUM: getTransactionValue: Field 10: Vout = [{0 {[] 1 bcae08581d1e0f6c335d62afd89bfc1a4f70f2f3191847866e3d07ea86104f9b 5120bcae08581d1e0f6c335d62afd89bfc1a4f70f2f3191847866e3d07ea86104f9b 0 witness_v1_taproot} 0.10690591} {1 {[] 1 65ec4c7295d0d39b5161b6e707b5c6c799eaf3f16ffadf7607427e472221fc18 512065ec4c7295d0d39b5161b6e707b5c6c799eaf3f16ffadf7607427e472221fc18 0 witness_v1_taproot} 4.331e-05}] (type: []electrum.Vout)
ELECTRUM: getTransactionValue: Field 11: Merkle = {[] 0 0} (type: electrum.GetMerkleProofResult)
ELECTRUM: getTransactionValue: Processing 2 Vout entries for transaction 57d7e5a301f0f54500424260dcc2b9825574b77e89a4f019d9af0df573bf443b
ELECTRUM: getTransactionValue: Processing Vout entry 0 for transaction 57d7e5a301f0f54500424260dcc2b9825574b77e89a4f019d9af0df573bf443b
ELECTRUM: getTransactionValue: Vout[0] Field 0: N = 0 (type: uint32)
ELECTRUM: getTransactionValue: Vout[0] Field 1: ScriptPubkey = {[] 1 bcae08581d1e0f6c335d62afd89bfc1a4f70f2f3191847866e3d07ea86104f9b 5120bcae08581d1e0f6c335d62afd89bfc1a4f70f2f3191847866e3d07ea86104f9b 0 witness_v1_taproot} (type: electrum.ScriptPubkey)
ELECTRUM: getTransactionValue: Vout[0] Field 2: Value = 0.10690591 (type: float64)
ELECTRUM: getTransactionValue: Vout[0] has value 0.106906 BTC (10690591 satoshis)
ELECTRUM: getTransactionValue: Vout[0] ScriptPubkey type: electrum.ScriptPubkey
ELECTRUM: getTransactionValue: Vout[0] ScriptPubkey has 5 fields
ELECTRUM: getTransactionValue: Vout[0] ScriptPubkey Field 0: Addresses = [] (type: []string)
ELECTRUM: getTransactionValue: Vout[0] ScriptPubkey Field 1: Asm = 1 bcae08581d1e0f6c335d62afd89bfc1a4f70f2f3191847866e3d07ea86104f9b (type: string)
ELECTRUM: getTransactionValue: Vout[0] ScriptPubkey Field 2: Hex = 5120bcae08581d1e0f6c335d62afd89bfc1a4f70f2f3191847866e3d07ea86104f9b (type: string)
ELECTRUM: getTransactionValue: Vout[0] ScriptPubkey Field 3: ReqSigs = 0 (type: uint32)
ELECTRUM: getTransactionValue: Vout[0] ScriptPubkey Field 4: Type = witness_v1_taproot (type: string)
ELECTRUM: getTransactionValue: Vout[0] extracted script hex from Hex field: 5120bcae08581d1e0f6c335d62afd89bfc1a4f70f2f3191847866e3d07ea86104f9b
ELECTRUM: getTransactionValue: Vout[0] calculated script hash: 3e1ff1200029e270b283707ae71fbc8812fb6e7c3bd2e19d5e45251eec1480de, target: 8c695d50cc3c9b971f716464bca5a0adcd8d5334c79d76ffe4776646c0a2228f
ELECTRUM: getTransactionValue: Vout[0] does not match our script hash, skipping
ELECTRUM: getTransactionValue: Processing Vout entry 1 for transaction 57d7e5a301f0f54500424260dcc2b9825574b77e89a4f019d9af0df573bf443b
ELECTRUM: getTransactionValue: Vout[1] Field 0: N = 1 (type: uint32)
ELECTRUM: getTransactionValue: Vout[1] Field 1: ScriptPubkey = {[] 1 65ec4c7295d0d39b5161b6e707b5c6c799eaf3f16ffadf7607427e472221fc18 512065ec4c7295d0d39b5161b6e707b5c6c799eaf3f16ffadf7607427e472221fc18 0 witness_v1_taproot} (type: electrum.ScriptPubkey)
ELECTRUM: getTransactionValue: Vout[1] Field 2: Value = 4.331e-05 (type: float64)
ELECTRUM: getTransactionValue: Vout[1] has value 0.000043 BTC (4331 satoshis)
ELECTRUM: getTransactionValue: Vout[1] ScriptPubkey type: electrum.ScriptPubkey
ELECTRUM: getTransactionValue: Vout[1] ScriptPubkey has 5 fields
ELECTRUM: getTransactionValue: Vout[1] ScriptPubkey Field 0: Addresses = [] (type: []string)
ELECTRUM: getTransactionValue: Vout[1] ScriptPubkey Field 1: Asm = 1 65ec4c7295d0d39b5161b6e707b5c6c799eaf3f16ffadf7607427e472221fc18 (type: string)
ELECTRUM: getTransactionValue: Vout[1] ScriptPubkey Field 2: Hex = 512065ec4c7295d0d39b5161b6e707b5c6c799eaf3f16ffadf7607427e472221fc18 (type: string)
ELECTRUM: getTransactionValue: Vout[1] ScriptPubkey Field 3: ReqSigs = 0 (type: uint32)
ELECTRUM: getTransactionValue: Vout[1] ScriptPubkey Field 4: Type = witness_v1_taproot (type: string)
ELECTRUM: getTransactionValue: Vout[1] extracted script hex from Hex field: 512065ec4c7295d0d39b5161b6e707b5c6c799eaf3f16ffadf7607427e472221fc18
ELECTRUM: getTransactionValue: Vout[1] calculated script hash: 8c695d50cc3c9b971f716464bca5a0adcd8d5334c79d76ffe4776646c0a2228f, target: 8c695d50cc3c9b971f716464bca5a0adcd8d5334c79d76ffe4776646c0a2228f
ELECTRUM: getTransactionValue: Vout[1] matches our script hash, adding 4331 satoshis
ELECTRUM: buildTransactionDetail: Transaction 57d7e5a301f0f54500424260dcc2b9825574b77e89a4f019d9af0df573bf443b has actual value 4331 satoshis
2025/09/16 15:03:23 ELECTRUM: GetBlockHash called for height: 4661549
2025/09/16 15:03:23 ELECTRUM: GetBestBlock called
2025/09/16 15:03:23 ELECTRUM: Subscribing to headers to get current height
2025/09/16 15:03:23 ELECTRUM: Found transaction 57d7e5a301f0f54500424260dcc2b9825574b77e89a4f019d9af0df573bf443b for script hash 8c695d50cc3c9b971f716464bca5a0adcd8d5334c79d76ffe4776646c0a2228f (confirmations: 10058, value: 4331)
2025/09/16 15:03:23 ELECTRUM: Sending relevant transaction notification for 57d7e5a301f0f54500424260dcc2b9825574b77e89a4f019d9af0df573bf443b
2025/09/16 15:03:23 ELECTRUM: Transaction 57d7e5a301f0f54500424260dcc2b9825574b77e89a4f019d9af0df573bf443b already processed globally, skipping duplicate notification
2025/09/16 15:03:23 ELECTRUM: Got current height 4671607 from headers subscription
2025/09/16 15:03:23 ELECTRUM: Returning hash 0000000000017870157e5806d2d7d6b022f4ee36798b5844602382a4ef80897f for height 4671607 (from headers subscription)
2025/09/16 15:03:23 ELECTRUM: GetBlockHeader called for hash: 0000000000017870157e5806d2d7d6b022f4ee36798b5844602382a4ef80897f
2025/09/16 15:03:23 ELECTRUM: GetBestBlock called
2025/09/16 15:03:23 ELECTRUM: Subscribing to headers to get current height
2025/09/16 15:03:23 ELECTRUM: Script hash fb61782f1e6f1393af564ec097b0ea9834062d5649138e20295f647f97a5361c status changed from fb61782f1e6f1393af564ec097b0ea9834062d5649138e20295f647f97a5361c to tx_count:0 - new transactions detected!
2025/09/16 15:03:23 ELECTRUM: Handling script hash update for fb61782f1e6f1393af564ec097b0ea9834062d5649138e20295f647f97a5361c
2025/09/16 15:03:23 ELECTRUM: Got current height 4671607 from headers subscription
2025/09/16 15:03:23 ELECTRUM: Returning hash 0000000000017870157e5806d2d7d6b022f4ee36798b5844602382a4ef80897f for height 4671607 (from headers subscription)
2025/09/16 15:03:23 ELECTRUM: Found 0 transactions for script hash fb61782f1e6f1393af564ec097b0ea9834062d5649138e20295f647f97a5361c
2025-09-16 15:03:23.888 [DBG] LTND lnd.go:727: Syncing to block chain rev=08ae35 best_block_time="2025-09-16 15:03:19 -0400 EDT" is_synced=false
2025/09/16 15:03:24 ELECTRUM: Script hash f5c33ca4f183067b5c6f0c90abf586cb7bfac7aa4718bbbb54d982ae17efdc4e status changed from f5c33ca4f183067b5c6f0c90abf586cb7bfac7aa4718bbbb54d982ae17efdc4e to tx_count:1,latest_height:4665879 - new transactions detected!
2025/09/16 15:03:24 ELECTRUM: Handling script hash update for f5c33ca4f183067b5c6f0c90abf586cb7bfac7aa4718bbbb54d982ae17efdc4e
2025/09/16 15:03:24 ELECTRUM: Found 1 transactions for script hash f5c33ca4f183067b5c6f0c90abf586cb7bfac7aa4718bbbb54d982ae17efdc4e
2025/09/16 15:03:24 ELECTRUM: Processing transaction 0 for script hash f5c33ca4f183067b5c6f0c90abf586cb7bfac7aa4718bbbb54d982ae17efdc4e
ELECTRUM: buildTransactionDetail called with entry type: *electrum.GetMempoolResult
ELECTRUM: buildTransactionDetail: Transaction 70b89aa06b86eea0e6d870f9ee0e6b2881efcc189af8e8c9f6326927fd2db5ce has height: 4665879
ELECTRUM: buildTransactionDetail: About to call GetTransaction for 70b89aa06b86eea0e6d870f9ee0e6b2881efcc189af8e8c9f6326927fd2db5ce
ELECTRUM: buildTransactionDetail: Getting transaction details for 70b89aa06b86eea0e6d870f9ee0e6b2881efcc189af8e8c9f6326927fd2db5ce
ELECTRUM: buildTransactionDetail: Successfully got transaction 70b89aa06b86eea0e6d870f9ee0e6b2881efcc189af8e8c9f6326927fd2db5ce
ELECTRUM: buildTransactionDetail: GetTransaction succeeded for 70b89aa06b86eea0e6d870f9ee0e6b2881efcc189af8e8c9f6326927fd2db5ce, processing result
ELECTRUM: buildTransactionDetail: Processing transaction result for 70b89aa06b86eea0e6d870f9ee0e6b2881efcc189af8e8c9f6326927fd2db5ce
ELECTRUM: buildTransactionDetail: Transaction result is not nil for 70b89aa06b86eea0e6d870f9ee0e6b2881efcc189af8e8c9f6326927fd2db5ce
ELECTRUM: buildTransactionDetail: Attempting to get actual value for transaction 70b89aa06b86eea0e6d870f9ee0e6b2881efcc189af8e8c9f6326927fd2db5ce
ELECTRUM: getTransactionValue: Transaction result type: *electrum.GetTransactionResult, fields: 12
ELECTRUM: getTransactionValue: Field 0: Blockhash = 000000000000116242136073a4a852db7fe9d1df3a40fd8cc63406bb09ad832f (type: string)
ELECTRUM: getTransactionValue: Field 1: Blocktime = 1758036367 (type: uint64)
ELECTRUM: getTransactionValue: Field 2: Confirmations = 5729 (type: int32)
ELECTRUM: getTransactionValue: Field 3: Hash = 7dd5a01e353db4e588a83daebd2247317de97d2d2d52c2759f3568d5d65dd51a (type: string)
ELECTRUM: getTransactionValue: Field 4: Hex = 0100000000010194fd0563da521fe38d87737bd27f4032217b2f4b2cd8f1cf6f6e674fa3830e480100000000ffffffff02e632000000000000225120231e4bfd36e669261db29820b56ccf47e15d653550d3b34e069e81678e0acaf37cdaa200000000002251203ab4fb974815d5bbd4311d2b5a0b2fcbff49a01ff0db93dda6aaca61d0da914e0140f4b195521857f4498c883a2017dce416f1111fcc162d15c43cbc7dbd42b33b3f52c608e0fa222cbcfa184c1f915a637152fcc5fb35edf8c3c165124ba67c7a0d00000000 (type: string)
ELECTRUM: getTransactionValue: Field 5: Locktime = 0 (type: uint32)
ELECTRUM: getTransactionValue: Field 6: Size = 205 (type: uint32)
ELECTRUM: getTransactionValue: Field 7: Time = 1758036367 (type: uint64)
ELECTRUM: getTransactionValue: Field 8: Version = 1 (type: uint32)
ELECTRUM: getTransactionValue: Field 9: Vin = [{ 0x140002c98e0 4294967295 480e83a34f676e6fcff1d82c4b2f7b2132407fd27b73878de31f52da6305fd94 1}] (type: []electrum.Vin)
ELECTRUM: getTransactionValue: Field 10: Vout = [{0 {[] 1 231e4bfd36e669261db29820b56ccf47e15d653550d3b34e069e81678e0acaf3 5120231e4bfd36e669261db29820b56ccf47e15d653550d3b34e069e81678e0acaf3 0 witness_v1_taproot} 0.0001303} {1 {[] 1 3ab4fb974815d5bbd4311d2b5a0b2fcbff49a01ff0db93dda6aaca61d0da914e 51203ab4fb974815d5bbd4311d2b5a0b2fcbff49a01ff0db93dda6aaca61d0da914e 0 witness_v1_taproot} 0.10672764}] (type: []electrum.Vout)
ELECTRUM: getTransactionValue: Field 11: Merkle = {[] 0 0} (type: electrum.GetMerkleProofResult)
ELECTRUM: getTransactionValue: Processing 2 Vout entries for transaction 70b89aa06b86eea0e6d870f9ee0e6b2881efcc189af8e8c9f6326927fd2db5ce
ELECTRUM: getTransactionValue: Processing Vout entry 0 for transaction 70b89aa06b86eea0e6d870f9ee0e6b2881efcc189af8e8c9f6326927fd2db5ce
ELECTRUM: getTransactionValue: Vout[0] Field 0: N = 0 (type: uint32)
ELECTRUM: getTransactionValue: Vout[0] Field 1: ScriptPubkey = {[] 1 231e4bfd36e669261db29820b56ccf47e15d653550d3b34e069e81678e0acaf3 5120231e4bfd36e669261db29820b56ccf47e15d653550d3b34e069e81678e0acaf3 0 witness_v1_taproot} (type: electrum.ScriptPubkey)
ELECTRUM: getTransactionValue: Vout[0] Field 2: Value = 0.0001303 (type: float64)
ELECTRUM: getTransactionValue: Vout[0] has value 0.000130 BTC (13030 satoshis)
ELECTRUM: getTransactionValue: Vout[0] ScriptPubkey type: electrum.ScriptPubkey
ELECTRUM: getTransactionValue: Vout[0] ScriptPubkey has 5 fields
ELECTRUM: getTransactionValue: Vout[0] ScriptPubkey Field 0: Addresses = [] (type: []string)
ELECTRUM: getTransactionValue: Vout[0] ScriptPubkey Field 1: Asm = 1 231e4bfd36e669261db29820b56ccf47e15d653550d3b34e069e81678e0acaf3 (type: string)
ELECTRUM: getTransactionValue: Vout[0] ScriptPubkey Field 2: Hex = 5120231e4bfd36e669261db29820b56ccf47e15d653550d3b34e069e81678e0acaf3 (type: string)
ELECTRUM: getTransactionValue: Vout[0] ScriptPubkey Field 3: ReqSigs = 0 (type: uint32)
ELECTRUM: getTransactionValue: Vout[0] ScriptPubkey Field 4: Type = witness_v1_taproot (type: string)
ELECTRUM: getTransactionValue: Vout[0] extracted script hex from Hex field: 5120231e4bfd36e669261db29820b56ccf47e15d653550d3b34e069e81678e0acaf3
ELECTRUM: getTransactionValue: Vout[0] calculated script hash: f5c33ca4f183067b5c6f0c90abf586cb7bfac7aa4718bbbb54d982ae17efdc4e, target: f5c33ca4f183067b5c6f0c90abf586cb7bfac7aa4718bbbb54d982ae17efdc4e
ELECTRUM: getTransactionValue: Vout[0] matches our script hash, adding 13030 satoshis
ELECTRUM: getTransactionValue: Processing Vout entry 1 for transaction 70b89aa06b86eea0e6d870f9ee0e6b2881efcc189af8e8c9f6326927fd2db5ce
ELECTRUM: getTransactionValue: Vout[1] Field 0: N = 1 (type: uint32)
ELECTRUM: getTransactionValue: Vout[1] Field 1: ScriptPubkey = {[] 1 3ab4fb974815d5bbd4311d2b5a0b2fcbff49a01ff0db93dda6aaca61d0da914e 51203ab4fb974815d5bbd4311d2b5a0b2fcbff49a01ff0db93dda6aaca61d0da914e 0 witness_v1_taproot} (type: electrum.ScriptPubkey)
ELECTRUM: getTransactionValue: Vout[1] Field 2: Value = 0.10672764 (type: float64)
ELECTRUM: getTransactionValue: Vout[1] has value 0.106728 BTC (10672764 satoshis)
ELECTRUM: getTransactionValue: Vout[1] ScriptPubkey type: electrum.ScriptPubkey
ELECTRUM: getTransactionValue: Vout[1] ScriptPubkey has 5 fields
ELECTRUM: getTransactionValue: Vout[1] ScriptPubkey Field 0: Addresses = [] (type: []string)
ELECTRUM: getTransactionValue: Vout[1] ScriptPubkey Field 1: Asm = 1 3ab4fb974815d5bbd4311d2b5a0b2fcbff49a01ff0db93dda6aaca61d0da914e (type: string)
ELECTRUM: getTransactionValue: Vout[1] ScriptPubkey Field 2: Hex = 51203ab4fb974815d5bbd4311d2b5a0b2fcbff49a01ff0db93dda6aaca61d0da914e (type: string)
ELECTRUM: getTransactionValue: Vout[1] ScriptPubkey Field 3: ReqSigs = 0 (type: uint32)
ELECTRUM: getTransactionValue: Vout[1] ScriptPubkey Field 4: Type = witness_v1_taproot (type: string)
ELECTRUM: getTransactionValue: Vout[1] extracted script hex from Hex field: 51203ab4fb974815d5bbd4311d2b5a0b2fcbff49a01ff0db93dda6aaca61d0da914e
ELECTRUM: getTransactionValue: Vout[1] calculated script hash: b7aae3c97d4769611aee910825b7118d7ad2151c446f074416f7bf72160dcfd2, target: f5c33ca4f183067b5c6f0c90abf586cb7bfac7aa4718bbbb54d982ae17efdc4e
ELECTRUM: getTransactionValue: Vout[1] does not match our script hash, skipping
ELECTRUM: buildTransactionDetail: Transaction 70b89aa06b86eea0e6d870f9ee0e6b2881efcc189af8e8c9f6326927fd2db5ce has actual value 13030 satoshis
2025/09/16 15:03:24 ELECTRUM: GetBlockHash called for height: 4665879
2025/09/16 15:03:24 ELECTRUM: GetBestBlock called
2025/09/16 15:03:24 ELECTRUM: Subscribing to headers to get current height
2025/09/16 15:03:25 ELECTRUM: Found transaction 70b89aa06b86eea0e6d870f9ee0e6b2881efcc189af8e8c9f6326927fd2db5ce for script hash f5c33ca4f183067b5c6f0c90abf586cb7bfac7aa4718bbbb54d982ae17efdc4e (confirmations: 5729, value: 13030)
2025/09/16 15:03:25 ELECTRUM: Sending relevant transaction notification for 70b89aa06b86eea0e6d870f9ee0e6b2881efcc189af8e8c9f6326927fd2db5ce
2025/09/16 15:03:25 ELECTRUM: Transaction 70b89aa06b86eea0e6d870f9ee0e6b2881efcc189af8e8c9f6326927fd2db5ce already processed globally, skipping duplicate notification
2025/09/16 15:03:25 ELECTRUM: Got current height 4671607 from headers subscription
2025/09/16 15:03:25 ELECTRUM: Returning hash 0000000000017870157e5806d2d7d6b022f4ee36798b5844602382a4ef80897f for height 4671607 (from headers subscription)
2025/09/16 15:03:25 ELECTRUM: GetBlockHeader called for hash: 0000000000017870157e5806d2d7d6b022f4ee36798b5844602382a4ef80897f
2025/09/16 15:03:25 ELECTRUM: GetBestBlock called
2025/09/16 15:03:25 ELECTRUM: Subscribing to headers to get current height
2025-09-16 15:03:25.203 [DBG] RPCS interceptor.go:775: [/lnrpc.Lightning/WalletBalance] requested
2025/09/16 15:03:25 ELECTRUM: Script hash 5987449d703426b3d8882ca6a898953f5475d0e7579d6c3c11c28a2d2279d2a1 status changed from 5987449d703426b3d8882ca6a898953f5475d0e7579d6c3c11c28a2d2279d2a1 to tx_count:1,latest_height:4667133 - new transactions detected!
2025/09/16 15:03:25 ELECTRUM: Handling script hash update for 5987449d703426b3d8882ca6a898953f5475d0e7579d6c3c11c28a2d2279d2a1
2025/09/16 15:03:25 ELECTRUM: Got current height 4671607 from headers subscription
2025/09/16 15:03:25 ELECTRUM: Returning hash 0000000000017870157e5806d2d7d6b022f4ee36798b5844602382a4ef80897f for height 4671607 (from headers subscription)
2025/09/16 15:03:25 ELECTRUM: Found 1 transactions for script hash 5987449d703426b3d8882ca6a898953f5475d0e7579d6c3c11c28a2d2279d2a1
2025/09/16 15:03:25 ELECTRUM: Processing transaction 0 for script hash 5987449d703426b3d8882ca6a898953f5475d0e7579d6c3c11c28a2d2279d2a1
ELECTRUM: buildTransactionDetail called with entry type: *electrum.GetMempoolResult
ELECTRUM: buildTransactionDetail: Transaction 319cca7de1a53e4a43e3462c066ecfe1223a17a6f7d957aac2f3521a012248c4 has height: 4667133
ELECTRUM: buildTransactionDetail: About to call GetTransaction for 319cca7de1a53e4a43e3462c066ecfe1223a17a6f7d957aac2f3521a012248c4
ELECTRUM: buildTransactionDetail: Getting transaction details for 319cca7de1a53e4a43e3462c066ecfe1223a17a6f7d957aac2f3521a012248c4
2025-09-16 15:03:25.586 [DBG] LTND lnd.go:727: Syncing to block chain rev=08ae35 best_block_time="2025-09-16 15:03:19 -0400 EDT" is_synced=false
ELECTRUM: buildTransactionDetail: Successfully got transaction 319cca7de1a53e4a43e3462c066ecfe1223a17a6f7d957aac2f3521a012248c4
ELECTRUM: buildTransactionDetail: GetTransaction succeeded for 319cca7de1a53e4a43e3462c066ecfe1223a17a6f7d957aac2f3521a012248c4, processing result
ELECTRUM: buildTransactionDetail: Processing transaction result for 319cca7de1a53e4a43e3462c066ecfe1223a17a6f7d957aac2f3521a012248c4
ELECTRUM: buildTransactionDetail: Transaction result is not nil for 319cca7de1a53e4a43e3462c066ecfe1223a17a6f7d957aac2f3521a012248c4
ELECTRUM: buildTransactionDetail: Attempting to get actual value for transaction 319cca7de1a53e4a43e3462c066ecfe1223a17a6f7d957aac2f3521a012248c4
2025-09-16 15:03:25.914 [INF] BTWL btcwallet.go:823: BTCWALLET: ConfirmedBalance called with confs=0, accountFilter=default
2025-09-16 15:03:25.914 [INF] BTWL btcwallet.go:1541: BTCWALLET: Adding 11 discovered Electrum transactions to witness outputs
2025-09-16 15:03:25.914 [INF] BTWL btcwallet.go:823: BTCWALLET: ConfirmedBalance called with confs=1, accountFilter=default
2025-09-16 15:03:25.914 [INF] BTWL btcwallet.go:1541: BTCWALLET: Adding 11 discovered Electrum transactions to witness outputs
2025-09-16 15:03:25.914 [DBG] RPCS rpcserver.go:3746: [walletbalance] Total balance=0.00129314 BTC (confirmed=0.00129314 BTC, unconfirmed=0 BTC, locked=0 BTC)
ELECTRUM: getTransactionValue: Transaction result type: *electrum.GetTransactionResult, fields: 12
ELECTRUM: getTransactionValue: Field 0: Blockhash = 00000000000250b139dcd3b1c9c71b8974b271315c97bec585495f4f7e529dc3 (type: string)
ELECTRUM: getTransactionValue: Field 1: Blocktime = 1758039166 (type: uint64)
ELECTRUM: getTransactionValue: Field 2: Confirmations = 4475 (type: int32)
ELECTRUM: getTransactionValue: Field 3: Hash = 91bf7327473c9bc0234f3d934656c53ec09bbc1794cf2b3fa87f8cfd984e456f (type: string)
ELECTRUM: getTransactionValue: Field 4: Hex = 01000000000101ceb52dfd276932f6c9e8f89a18ccef81286b0eeef970d8e6a0ee866ba09ab8700100000000ffffffff026a96a20000000000225120a26e00c992e2f66cd6fef339fbf84e2b0d9e0358286aa6ea9c00d9ca6684224c76430000000000002251206ba924bcb3eed3e836c60487f1f3dc5ddb9e206186b4ac37e2cacf75bd52754f01400e4892d04983c7415e5baa0a8b7e25b02f74a747cdf60eb29a20aafc131bc9e7d28e484f53ab8f25a5262d7f8f94c4947dcdce9606f53a8e445fd10505d9855800000000 (type: string)
ELECTRUM: getTransactionValue: Field 5: Locktime = 0 (type: uint32)
ELECTRUM: getTransactionValue: Field 6: Size = 205 (type: uint32)
ELECTRUM: getTransactionValue: Field 7: Time = 1758039166 (type: uint64)
ELECTRUM: getTransactionValue: Field 8: Version = 1 (type: uint32)
ELECTRUM: getTransactionValue: Field 9: Vin = [{ 0x1400068eb80 4294967295 70b89aa06b86eea0e6d870f9ee0e6b2881efcc189af8e8c9f6326927fd2db5ce 1}] (type: []electrum.Vin)
ELECTRUM: getTransactionValue: Field 10: Vout = [{0 {[] 1 a26e00c992e2f66cd6fef339fbf84e2b0d9e0358286aa6ea9c00d9ca6684224c 5120a26e00c992e2f66cd6fef339fbf84e2b0d9e0358286aa6ea9c00d9ca6684224c 0 witness_v1_taproot} 0.10655338} {1 {[] 1 6ba924bcb3eed3e836c60487f1f3dc5ddb9e206186b4ac37e2cacf75bd52754f 51206ba924bcb3eed3e836c60487f1f3dc5ddb9e206186b4ac37e2cacf75bd52754f 0 witness_v1_taproot} 0.0001727}] (type: []electrum.Vout)
ELECTRUM: getTransactionValue: Field 11: Merkle = {[] 0 0} (type: electrum.GetMerkleProofResult)
ELECTRUM: getTransactionValue: Processing 2 Vout entries for transaction 319cca7de1a53e4a43e3462c066ecfe1223a17a6f7d957aac2f3521a012248c4
ELECTRUM: getTransactionValue: Processing Vout entry 0 for transaction 319cca7de1a53e4a43e3462c066ecfe1223a17a6f7d957aac2f3521a012248c4
ELECTRUM: getTransactionValue: Vout[0] Field 0: N = 0 (type: uint32)
ELECTRUM: getTransactionValue: Vout[0] Field 1: ScriptPubkey = {[] 1 a26e00c992e2f66cd6fef339fbf84e2b0d9e0358286aa6ea9c00d9ca6684224c 5120a26e00c992e2f66cd6fef339fbf84e2b0d9e0358286aa6ea9c00d9ca6684224c 0 witness_v1_taproot} (type: electrum.ScriptPubkey)
ELECTRUM: getTransactionValue: Vout[0] Field 2: Value = 0.10655338 (type: float64)
ELECTRUM: getTransactionValue: Vout[0] has value 0.106553 BTC (10655338 satoshis)
ELECTRUM: getTransactionValue: Vout[0] ScriptPubkey type: electrum.ScriptPubkey
ELECTRUM: getTransactionValue: Vout[0] ScriptPubkey has 5 fields
ELECTRUM: getTransactionValue: Vout[0] ScriptPubkey Field 0: Addresses = [] (type: []string)
ELECTRUM: getTransactionValue: Vout[0] ScriptPubkey Field 1: Asm = 1 a26e00c992e2f66cd6fef339fbf84e2b0d9e0358286aa6ea9c00d9ca6684224c (type: string)
ELECTRUM: getTransactionValue: Vout[0] ScriptPubkey Field 2: Hex = 5120a26e00c992e2f66cd6fef339fbf84e2b0d9e0358286aa6ea9c00d9ca6684224c (type: string)
ELECTRUM: getTransactionValue: Vout[0] ScriptPubkey Field 3: ReqSigs = 0 (type: uint32)
ELECTRUM: getTransactionValue: Vout[0] ScriptPubkey Field 4: Type = witness_v1_taproot (type: string)
ELECTRUM: getTransactionValue: Vout[0] extracted script hex from Hex field: 5120a26e00c992e2f66cd6fef339fbf84e2b0d9e0358286aa6ea9c00d9ca6684224c
ELECTRUM: getTransactionValue: Vout[0] calculated script hash: 285267eb98af21c308e1f0497341c7158d33f4401a11d6c74bc5cb5c78db664c, target: 5987449d703426b3d8882ca6a898953f5475d0e7579d6c3c11c28a2d2279d2a1
ELECTRUM: getTransactionValue: Vout[0] does not match our script hash, skipping
ELECTRUM: getTransactionValue: Processing Vout entry 1 for transaction 319cca7de1a53e4a43e3462c066ecfe1223a17a6f7d957aac2f3521a012248c4
ELECTRUM: getTransactionValue: Vout[1] Field 0: N = 1 (type: uint32)
ELECTRUM: getTransactionValue: Vout[1] Field 1: ScriptPubkey = {[] 1 6ba924bcb3eed3e836c60487f1f3dc5ddb9e206186b4ac37e2cacf75bd52754f 51206ba924bcb3eed3e836c60487f1f3dc5ddb9e206186b4ac37e2cacf75bd52754f 0 witness_v1_taproot} (type: electrum.ScriptPubkey)
ELECTRUM: getTransactionValue: Vout[1] Field 2: Value = 0.0001727 (type: float64)
ELECTRUM: getTransactionValue: Vout[1] has value 0.000173 BTC (17270 satoshis)
ELECTRUM: getTransactionValue: Vout[1] ScriptPubkey type: electrum.ScriptPubkey
ELECTRUM: getTransactionValue: Vout[1] ScriptPubkey has 5 fields
ELECTRUM: getTransactionValue: Vout[1] ScriptPubkey Field 0: Addresses = [] (type: []string)
ELECTRUM: getTransactionValue: Vout[1] ScriptPubkey Field 1: Asm = 1 6ba924bcb3eed3e836c60487f1f3dc5ddb9e206186b4ac37e2cacf75bd52754f (type: string)
ELECTRUM: getTransactionValue: Vout[1] ScriptPubkey Field 2: Hex = 51206ba924bcb3eed3e836c60487f1f3dc5ddb9e206186b4ac37e2cacf75bd52754f (type: string)
ELECTRUM: getTransactionValue: Vout[1] ScriptPubkey Field 3: ReqSigs = 0 (type: uint32)
ELECTRUM: getTransactionValue: Vout[1] ScriptPubkey Field 4: Type = witness_v1_taproot (type: string)
ELECTRUM: getTransactionValue: Vout[1] extracted script hex from Hex field: 51206ba924bcb3eed3e836c60487f1f3dc5ddb9e206186b4ac37e2cacf75bd52754f
ELECTRUM: getTransactionValue: Vout[1] calculated script hash: 5987449d703426b3d8882ca6a898953f5475d0e7579d6c3c11c28a2d2279d2a1, target: 5987449d703426b3d8882ca6a898953f5475d0e7579d6c3c11c28a2d2279d2a1
ELECTRUM: getTransactionValue: Vout[1] matches our script hash, adding 17270 satoshis
ELECTRUM: buildTransactionDetail: Transaction 319cca7de1a53e4a43e3462c066ecfe1223a17a6f7d957aac2f3521a012248c4 has actual value 17270 satoshis
2025/09/16 15:03:25 ELECTRUM: GetBlockHash called for height: 4667133
2025/09/16 15:03:26 ELECTRUM: Found transaction 319cca7de1a53e4a43e3462c066ecfe1223a17a6f7d957aac2f3521a012248c4 for script hash 5987449d703426b3d8882ca6a898953f5475d0e7579d6c3c11c28a2d2279d2a1 (confirmations: 4475, value: 17270)
2025/09/16 15:03:26 ELECTRUM: Sending relevant transaction notification for 319cca7de1a53e4a43e3462c066ecfe1223a17a6f7d957aac2f3521a012248c4
2025/09/16 15:03:26 ELECTRUM: Transaction 319cca7de1a53e4a43e3462c066ecfe1223a17a6f7d957aac2f3521a012248c4 already processed globally, skipping duplicate notification
2025/09/16 15:03:26 ELECTRUM: Script hash f67a34ebd66063c1a926b52c9a5e00f290e890e3b2a8b3acf99e6ca0840e2c69 status changed from f67a34ebd66063c1a926b52c9a5e00f290e890e3b2a8b3acf99e6ca0840e2c69 to tx_count:1,latest_height:4661302 - new transactions detected!
2025/09/16 15:03:26 ELECTRUM: Handling script hash update for f67a34ebd66063c1a926b52c9a5e00f290e890e3b2a8b3acf99e6ca0840e2c69
2025/09/16 15:03:26 ELECTRUM: GetBestBlock called
2025/09/16 15:03:26 ELECTRUM: Subscribing to headers to get current height
2025/09/16 15:03:26 ELECTRUM: Found 1 transactions for script hash f67a34ebd66063c1a926b52c9a5e00f290e890e3b2a8b3acf99e6ca0840e2c69
2025/09/16 15:03:26 ELECTRUM: Processing transaction 0 for script hash f67a34ebd66063c1a926b52c9a5e00f290e890e3b2a8b3acf99e6ca0840e2c69
ELECTRUM: buildTransactionDetail called with entry type: *electrum.GetMempoolResult
ELECTRUM: buildTransactionDetail: Transaction 51abc2a15b01e008362af0075a3616d445af203deaea3abcad4d94f607dbafab has height: 4661302
ELECTRUM: buildTransactionDetail: About to call GetTransaction for 51abc2a15b01e008362af0075a3616d445af203deaea3abcad4d94f607dbafab
ELECTRUM: buildTransactionDetail: Getting transaction details for 51abc2a15b01e008362af0075a3616d445af203deaea3abcad4d94f607dbafab
2025/09/16 15:03:26 ELECTRUM: Got current height 4671607 from headers subscription
2025/09/16 15:03:26 ELECTRUM: Returning hash 0000000000017870157e5806d2d7d6b022f4ee36798b5844602382a4ef80897f for height 4671607 (from headers subscription)
2025/09/16 15:03:26 ELECTRUM: GetBlockHeader called for hash: 0000000000017870157e5806d2d7d6b022f4ee36798b5844602382a4ef80897f
2025/09/16 15:03:26 ELECTRUM: GetBestBlock called
2025/09/16 15:03:26 ELECTRUM: Subscribing to headers to get current height
ELECTRUM: buildTransactionDetail: Successfully got transaction 51abc2a15b01e008362af0075a3616d445af203deaea3abcad4d94f607dbafab
ELECTRUM: buildTransactionDetail: GetTransaction succeeded for 51abc2a15b01e008362af0075a3616d445af203deaea3abcad4d94f607dbafab, processing result
ELECTRUM: buildTransactionDetail: Processing transaction result for 51abc2a15b01e008362af0075a3616d445af203deaea3abcad4d94f607dbafab
ELECTRUM: buildTransactionDetail: Transaction result is not nil for 51abc2a15b01e008362af0075a3616d445af203deaea3abcad4d94f607dbafab
ELECTRUM: buildTransactionDetail: Attempting to get actual value for transaction 51abc2a15b01e008362af0075a3616d445af203deaea3abcad4d94f607dbafab
2025/09/16 15:03:27 ELECTRUM: Got current height 4671607 from headers subscription
2025/09/16 15:03:27 ELECTRUM: Returning hash 0000000000017870157e5806d2d7d6b022f4ee36798b5844602382a4ef80897f for height 4671607 (from headers subscription)
ELECTRUM: getTransactionValue: Transaction result type: *electrum.GetTransactionResult, fields: 12
ELECTRUM: getTransactionValue: Field 0: Blockhash = 000000000000d9d0b2232466509b2064dc52a17e0281d0a41cb22b82b056a939 (type: string)
ELECTRUM: getTransactionValue: Field 1: Blocktime = 1758029049 (type: uint64)
ELECTRUM: getTransactionValue: Field 2: Confirmations = 10306 (type: int32)
ELECTRUM: getTransactionValue: Field 3: Hash = 2a00084f427029c04184dd7c2a7f005a307033bcca717762d460c4c25fc51494 (type: string)
ELECTRUM: getTransactionValue: Field 4: Hex = 01000000000101637952d19b0f724cc4e7b8c675eb1ab36de90eb2e6a0b6752b0e04955c59cd250100000000ffffffff02b14300000000000022512022e0f3960afc4414df1cfff8ed7cc27261d190f89176ad65ab180d08783e011aa631a30000000000225120f61348d82e1f34ff3a16071de3e7d484a48937fb50cbc50bfc2d17d28182118d014083a3432f882b81365a92edaad1db40f4fa714d1f5b41e4c45adc2a6aacc6f1acef118c51f7129536122f54509d26775587379935aaeeacd730922806abecb83100000000 (type: string)
ELECTRUM: getTransactionValue: Field 5: Locktime = 0 (type: uint32)
ELECTRUM: getTransactionValue: Field 6: Size = 205 (type: uint32)
ELECTRUM: getTransactionValue: Field 7: Time = 1758029049 (type: uint64)
ELECTRUM: getTransactionValue: Field 8: Version = 1 (type: uint32)
ELECTRUM: getTransactionValue: Field 9: Vin = [{ 0x1400048c9e0 4294967295 25cd595c95040e2b75b6a0e6b20ee96db31aeb75c6b8e7c44c720f9bd1527963 1}] (type: []electrum.Vin)
ELECTRUM: getTransactionValue: Field 10: Vout = [{0 {[] 1 22e0f3960afc4414df1cfff8ed7cc27261d190f89176ad65ab180d08783e011a 512022e0f3960afc4414df1cfff8ed7cc27261d190f89176ad65ab180d08783e011a 0 witness_v1_taproot} 0.00017329} {1 {[] 1 f61348d82e1f34ff3a16071de3e7d484a48937fb50cbc50bfc2d17d28182118d 5120f61348d82e1f34ff3a16071de3e7d484a48937fb50cbc50bfc2d17d28182118d 0 witness_v1_taproot} 0.10695078}] (type: []electrum.Vout)
ELECTRUM: getTransactionValue: Field 11: Merkle = {[] 0 0} (type: electrum.GetMerkleProofResult)
ELECTRUM: getTransactionValue: Processing 2 Vout entries for transaction 51abc2a15b01e008362af0075a3616d445af203deaea3abcad4d94f607dbafab
ELECTRUM: getTransactionValue: Processing Vout entry 0 for transaction 51abc2a15b01e008362af0075a3616d445af203deaea3abcad4d94f607dbafab
ELECTRUM: getTransactionValue: Vout[0] Field 0: N = 0 (type: uint32)
ELECTRUM: getTransactionValue: Vout[0] Field 1: ScriptPubkey = {[] 1 22e0f3960afc4414df1cfff8ed7cc27261d190f89176ad65ab180d08783e011a 512022e0f3960afc4414df1cfff8ed7cc27261d190f89176ad65ab180d08783e011a 0 witness_v1_taproot} (type: electrum.ScriptPubkey)
ELECTRUM: getTransactionValue: Vout[0] Field 2: Value = 0.00017329 (type: float64)
ELECTRUM: getTransactionValue: Vout[0] has value 0.000173 BTC (17329 satoshis)
ELECTRUM: getTransactionValue: Vout[0] ScriptPubkey type: electrum.ScriptPubkey
ELECTRUM: getTransactionValue: Vout[0] ScriptPubkey has 5 fields
ELECTRUM: getTransactionValue: Vout[0] ScriptPubkey Field 0: Addresses = [] (type: []string)
ELECTRUM: getTransactionValue: Vout[0] ScriptPubkey Field 1: Asm = 1 22e0f3960afc4414df1cfff8ed7cc27261d190f89176ad65ab180d08783e011a (type: string)
ELECTRUM: getTransactionValue: Vout[0] ScriptPubkey Field 2: Hex = 512022e0f3960afc4414df1cfff8ed7cc27261d190f89176ad65ab180d08783e011a (type: string)
ELECTRUM: getTransactionValue: Vout[0] ScriptPubkey Field 3: ReqSigs = 0 (type: uint32)
ELECTRUM: getTransactionValue: Vout[0] ScriptPubkey Field 4: Type = witness_v1_taproot (type: string)
ELECTRUM: getTransactionValue: Vout[0] extracted script hex from Hex field: 512022e0f3960afc4414df1cfff8ed7cc27261d190f89176ad65ab180d08783e011a
ELECTRUM: getTransactionValue: Vout[0] calculated script hash: f67a34ebd66063c1a926b52c9a5e00f290e890e3b2a8b3acf99e6ca0840e2c69, target: f67a34ebd66063c1a926b52c9a5e00f290e890e3b2a8b3acf99e6ca0840e2c69
ELECTRUM: getTransactionValue: Vout[0] matches our script hash, adding 17329 satoshis
ELECTRUM: getTransactionValue: Processing Vout entry 1 for transaction 51abc2a15b01e008362af0075a3616d445af203deaea3abcad4d94f607dbafab
ELECTRUM: getTransactionValue: Vout[1] Field 0: N = 1 (type: uint32)
ELECTRUM: getTransactionValue: Vout[1] Field 1: ScriptPubkey = {[] 1 f61348d82e1f34ff3a16071de3e7d484a48937fb50cbc50bfc2d17d28182118d 5120f61348d82e1f34ff3a16071de3e7d484a48937fb50cbc50bfc2d17d28182118d 0 witness_v1_taproot} (type: electrum.ScriptPubkey)
ELECTRUM: getTransactionValue: Vout[1] Field 2: Value = 0.10695078 (type: float64)
ELECTRUM: getTransactionValue: Vout[1] has value 0.106951 BTC (10695078 satoshis)
ELECTRUM: getTransactionValue: Vout[1] ScriptPubkey type: electrum.ScriptPubkey
ELECTRUM: getTransactionValue: Vout[1] ScriptPubkey has 5 fields
ELECTRUM: getTransactionValue: Vout[1] ScriptPubkey Field 0: Addresses = [] (type: []string)
ELECTRUM: getTransactionValue: Vout[1] ScriptPubkey Field 1: Asm = 1 f61348d82e1f34ff3a16071de3e7d484a48937fb50cbc50bfc2d17d28182118d (type: string)
ELECTRUM: getTransactionValue: Vout[1] ScriptPubkey Field 2: Hex = 5120f61348d82e1f34ff3a16071de3e7d484a48937fb50cbc50bfc2d17d28182118d (type: string)
ELECTRUM: getTransactionValue: Vout[1] ScriptPubkey Field 3: ReqSigs = 0 (type: uint32)
ELECTRUM: getTransactionValue: Vout[1] ScriptPubkey Field 4: Type = witness_v1_taproot (type: string)
ELECTRUM: getTransactionValue: Vout[1] extracted script hex from Hex field: 5120f61348d82e1f34ff3a16071de3e7d484a48937fb50cbc50bfc2d17d28182118d
ELECTRUM: getTransactionValue: Vout[1] calculated script hash: 5644f9b92bed87105e1519ba555fe45a4956697de6b7c3ec8ed25ba31e2e215b, target: f67a34ebd66063c1a926b52c9a5e00f290e890e3b2a8b3acf99e6ca0840e2c69
ELECTRUM: getTransactionValue: Vout[1] does not match our script hash, skipping
ELECTRUM: buildTransactionDetail: Transaction 51abc2a15b01e008362af0075a3616d445af203deaea3abcad4d94f607dbafab has actual value 17329 satoshis
2025/09/16 15:03:27 ELECTRUM: GetBlockHash called for height: 4661302
2025-09-16 15:03:27.284 [DBG] LTND lnd.go:727: Syncing to block chain rev=08ae35 best_block_time="2025-09-16 15:03:19 -0400 EDT" is_synced=false
2025/09/16 15:03:27 ELECTRUM: Found transaction 51abc2a15b01e008362af0075a3616d445af203deaea3abcad4d94f607dbafab for script hash f67a34ebd66063c1a926b52c9a5e00f290e890e3b2a8b3acf99e6ca0840e2c69 (confirmations: 10306, value: 17329)
2025/09/16 15:03:27 ELECTRUM: Sending relevant transaction notification for 51abc2a15b01e008362af0075a3616d445af203deaea3abcad4d94f607dbafab
2025/09/16 15:03:27 ELECTRUM: Transaction 51abc2a15b01e008362af0075a3616d445af203deaea3abcad4d94f607dbafab already processed globally, skipping duplicate notification
2025/09/16 15:03:27 ELECTRUM: Script hash c5c501974b54b604a07b751557f5492a62e0024f3b6de9e8a3c970fe9f4e8f65 status changed from c5c501974b54b604a07b751557f5492a62e0024f3b6de9e8a3c970fe9f4e8f65 to tx_count:0 - new transactions detected!
2025/09/16 15:03:27 ELECTRUM: Handling script hash update for c5c501974b54b604a07b751557f5492a62e0024f3b6de9e8a3c970fe9f4e8f65
2025/09/16 15:03:27 ELECTRUM: Found 0 transactions for script hash c5c501974b54b604a07b751557f5492a62e0024f3b6de9e8a3c970fe9f4e8f65
2025/09/16 15:03:28 ELECTRUM: Script hash c9d8bc157913c0cdb12c85d685798b196f5db58e760e18e83102d6b04d1963c3 status changed from c9d8bc157913c0cdb12c85d685798b196f5db58e760e18e83102d6b04d1963c3 to tx_count:0 - new transactions detected!
2025/09/16 15:03:28 ELECTRUM: Handling script hash update for c9d8bc157913c0cdb12c85d685798b196f5db58e760e18e83102d6b04d1963c3
2025/09/16 15:03:28 ELECTRUM: GetBestBlock called
2025/09/16 15:03:28 ELECTRUM: Subscribing to headers to get current height
2025/09/16 15:03:28 ELECTRUM: Found 0 transactions for script hash c9d8bc157913c0cdb12c85d685798b196f5db58e760e18e83102d6b04d1963c3
2025/09/16 15:03:28 ELECTRUM: Got current height 4671607 from headers subscription
2025/09/16 15:03:28 ELECTRUM: Returning hash 0000000000017870157e5806d2d7d6b022f4ee36798b5844602382a4ef80897f for height 4671607 (from headers subscription)
2025/09/16 15:03:28 ELECTRUM: GetBlockHeader called for hash: 0000000000017870157e5806d2d7d6b022f4ee36798b5844602382a4ef80897f
2025/09/16 15:03:28 ELECTRUM: GetBestBlock called
2025/09/16 15:03:28 ELECTRUM: Subscribing to headers to get current height
2025/09/16 15:03:28 ELECTRUM: Script hash 6fc32843e990f987cd411ceb807c95b202cec6c3971e9cb4e6caa2b607feb8f5 status changed from 6fc32843e990f987cd411ceb807c95b202cec6c3971e9cb4e6caa2b607feb8f5 to tx_count:0 - new transactions detected!
2025/09/16 15:03:28 ELECTRUM: Handling script hash update for 6fc32843e990f987cd411ceb807c95b202cec6c3971e9cb4e6caa2b607feb8f5
2025/09/16 15:03:28 ELECTRUM: Got current height 4671607 from headers subscription
2025/09/16 15:03:28 ELECTRUM: Returning hash 0000000000017870157e5806d2d7d6b022f4ee36798b5844602382a4ef80897f for height 4671607 (from headers subscription)
2025/09/16 15:03:28 ELECTRUM: Found 0 transactions for script hash 6fc32843e990f987cd411ceb807c95b202cec6c3971e9cb4e6caa2b607feb8f5
2025-09-16 15:03:28.980 [DBG] LTND lnd.go:727: Syncing to block chain rev=08ae35 best_block_time="2025-09-16 15:03:19 -0400 EDT" is_synced=false
2025/09/16 15:03:29 ELECTRUM: Script hash 28292b8697bd25f1db778ae58cac1627a8e4b8e7a4a5a427ff50d42bafd07e52 status changed from 28292b8697bd25f1db778ae58cac1627a8e4b8e7a4a5a427ff50d42bafd07e52 to tx_count:0 - new transactions detected!
2025/09/16 15:03:29 ELECTRUM: Handling script hash update for 28292b8697bd25f1db778ae58cac1627a8e4b8e7a4a5a427ff50d42bafd07e52
2025/09/16 15:03:29 ELECTRUM: Found 0 transactions for script hash 28292b8697bd25f1db778ae58cac1627a8e4b8e7a4a5a427ff50d42bafd07e52
2025/09/16 15:03:29 ELECTRUM: Script hash e49ffa552cb23af49332713f9fedd2efce14dc2902c11597fda6ea1fb83468cc status changed from e49ffa552cb23af49332713f9fedd2efce14dc2902c11597fda6ea1fb83468cc to tx_count:0 - new transactions detected!
2025/09/16 15:03:29 ELECTRUM: Handling script hash update for e49ffa552cb23af49332713f9fedd2efce14dc2902c11597fda6ea1fb83468cc
2025/09/16 15:03:29 ELECTRUM: Found 0 transactions for script hash e49ffa552cb23af49332713f9fedd2efce14dc2902c11597fda6ea1fb83468cc
2025/09/16 15:03:29 ELECTRUM: GetBestBlock called
2025/09/16 15:03:29 ELECTRUM: Subscribing to headers to get current height
2025/09/16 15:03:30 ELECTRUM: Script hash 0ef136938f4e6ec14f5b140956aa93ab312107d6eed8cc07ab19f19ecfb78117 status changed from 0ef136938f4e6ec14f5b140956aa93ab312107d6eed8cc07ab19f19ecfb78117 to tx_count:0 - new transactions detected!
2025/09/16 15:03:30 ELECTRUM: Handling script hash update for 0ef136938f4e6ec14f5b140956aa93ab312107d6eed8cc07ab19f19ecfb78117
2025/09/16 15:03:30 ELECTRUM: Got current height 4671608 from headers subscription
2025/09/16 15:03:30 ELECTRUM: Returning hash 000000000002eba871ea294bd7bedf7515f1bdcb2506c5433e458f4499c16f3e for height 4671608 (from headers subscription)
2025/09/16 15:03:30 ELECTRUM: GetBlockHeader called for hash: 000000000002eba871ea294bd7bedf7515f1bdcb2506c5433e458f4499c16f3e
2025/09/16 15:03:30 ELECTRUM: GetBestBlock called
2025/09/16 15:03:30 ELECTRUM: Subscribing to headers to get current height
2025/09/16 15:03:30 ELECTRUM: Found 0 transactions for script hash 0ef136938f4e6ec14f5b140956aa93ab312107d6eed8cc07ab19f19ecfb78117
2025/09/16 15:03:30 ELECTRUM: Got current height 4671609 from headers subscription
2025/09/16 15:03:30 ELECTRUM: Returning hash 0000000000006ada5a24ba0c817338bef6a848b166e418c88e64c5260b8133f5 for height 4671609 (from headers subscription)
2025/09/16 15:03:30 ELECTRUM: Script hash cfc6755ee8113d01dd7f0146742b825bb2c4d99fbe07b6ddc5f0d9d3ef4862f2 status changed from cfc6755ee8113d01dd7f0146742b825bb2c4d99fbe07b6ddc5f0d9d3ef4862f2 to tx_count:1,latest_height:4670343 - new transactions detected!
2025/09/16 15:03:30 ELECTRUM: Handling script hash update for cfc6755ee8113d01dd7f0146742b825bb2c4d99fbe07b6ddc5f0d9d3ef4862f2
2025/09/16 15:03:30 ELECTRUM: Found 1 transactions for script hash cfc6755ee8113d01dd7f0146742b825bb2c4d99fbe07b6ddc5f0d9d3ef4862f2
2025/09/16 15:03:30 ELECTRUM: Processing transaction 0 for script hash cfc6755ee8113d01dd7f0146742b825bb2c4d99fbe07b6ddc5f0d9d3ef4862f2
ELECTRUM: buildTransactionDetail called with entry type: *electrum.GetMempoolResult
ELECTRUM: buildTransactionDetail: Transaction 358ed5e554073681bfff88d67684b6960bbb7e4d37503572eb4509608a94a2bb has height: 4670343
ELECTRUM: buildTransactionDetail: About to call GetTransaction for 358ed5e554073681bfff88d67684b6960bbb7e4d37503572eb4509608a94a2bb
ELECTRUM: buildTransactionDetail: Getting transaction details for 358ed5e554073681bfff88d67684b6960bbb7e4d37503572eb4509608a94a2bb
ELECTRUM: buildTransactionDetail: Successfully got transaction 358ed5e554073681bfff88d67684b6960bbb7e4d37503572eb4509608a94a2bb
ELECTRUM: buildTransactionDetail: GetTransaction succeeded for 358ed5e554073681bfff88d67684b6960bbb7e4d37503572eb4509608a94a2bb, processing result
ELECTRUM: buildTransactionDetail: Processing transaction result for 358ed5e554073681bfff88d67684b6960bbb7e4d37503572eb4509608a94a2bb
ELECTRUM: buildTransactionDetail: Transaction result is not nil for 358ed5e554073681bfff88d67684b6960bbb7e4d37503572eb4509608a94a2bb
ELECTRUM: buildTransactionDetail: Attempting to get actual value for transaction 358ed5e554073681bfff88d67684b6960bbb7e4d37503572eb4509608a94a2bb
ELECTRUM: getTransactionValue: Transaction result type: *electrum.GetTransactionResult, fields: 12
ELECTRUM: getTransactionValue: Field 0: Blockhash = 0000000000001138eb4a1eb324777e443affeb03d93ac4ee91353ff00fb162d6 (type: string)
ELECTRUM: getTransactionValue: Field 1: Blocktime = 1758046485 (type: uint64)
ELECTRUM: getTransactionValue: Field 2: Confirmations = 1267 (type: int32)
ELECTRUM: getTransactionValue: Field 3: Hash = 5917ab5c871aa93d44e440dff954dd3a4ff6e82005268d4663428fed4c9ab2d1 (type: string)
ELECTRUM: getTransactionValue: Field 4: Hex = 0100000000010197a24478523a2569d4b0de529d76c276a57a262cc8f4029b53e7fe796a0c93de0100000000ffffffff0238eda10000000000225120de11facba0f9f7fbb84eaa49179743bd4340fb7995c61dced4c5d9ff33083d122c32000000000000225120cdff7d5c8e467c6bf94cf6873df7528de9e9cf2f4996e1d1aff1eb26ad3e2add01408a59c0c38b0bec93c053e02a59bf79a064f0f82656630e05ea8daef44076c24b6f5bc08c8b32a0e4ac42ea54490908f395744070c940a36682144455c2640bfc00000000 (type: string)
ELECTRUM: getTransactionValue: Field 5: Locktime = 0 (type: uint32)
ELECTRUM: getTransactionValue: Field 6: Size = 205 (type: uint32)
ELECTRUM: getTransactionValue: Field 7: Time = 1758046485 (type: uint64)
ELECTRUM: getTransactionValue: Field 8: Version = 1 (type: uint32)
ELECTRUM: getTransactionValue: Field 9: Vin = [{ 0x140004904c0 4294967295 de930c6a79fee7539b02f4c82c267aa576c2769d52deb0d469253a527844a297 1}] (type: []electrum.Vin)
ELECTRUM: getTransactionValue: Field 10: Vout = [{0 {[] 1 de11facba0f9f7fbb84eaa49179743bd4340fb7995c61dced4c5d9ff33083d12 5120de11facba0f9f7fbb84eaa49179743bd4340fb7995c61dced4c5d9ff33083d12 0 witness_v1_taproot} 0.10612024} {1 {[] 1 cdff7d5c8e467c6bf94cf6873df7528de9e9cf2f4996e1d1aff1eb26ad3e2add 5120cdff7d5c8e467c6bf94cf6873df7528de9e9cf2f4996e1d1aff1eb26ad3e2add 0 witness_v1_taproot} 0.00012844}] (type: []electrum.Vout)
ELECTRUM: getTransactionValue: Field 11: Merkle = {[] 0 0} (type: electrum.GetMerkleProofResult)
ELECTRUM: getTransactionValue: Processing 2 Vout entries for transaction 358ed5e554073681bfff88d67684b6960bbb7e4d37503572eb4509608a94a2bb
ELECTRUM: getTransactionValue: Processing Vout entry 0 for transaction 358ed5e554073681bfff88d67684b6960bbb7e4d37503572eb4509608a94a2bb
ELECTRUM: getTransactionValue: Vout[0] Field 0: N = 0 (type: uint32)
ELECTRUM: getTransactionValue: Vout[0] Field 1: ScriptPubkey = {[] 1 de11facba0f9f7fbb84eaa49179743bd4340fb7995c61dced4c5d9ff33083d12 5120de11facba0f9f7fbb84eaa49179743bd4340fb7995c61dced4c5d9ff33083d12 0 witness_v1_taproot} (type: electrum.ScriptPubkey)
ELECTRUM: getTransactionValue: Vout[0] Field 2: Value = 0.10612024 (type: float64)
ELECTRUM: getTransactionValue: Vout[0] has value 0.106120 BTC (10612024 satoshis)
ELECTRUM: getTransactionValue: Vout[0] ScriptPubkey type: electrum.ScriptPubkey
ELECTRUM: getTransactionValue: Vout[0] ScriptPubkey has 5 fields
ELECTRUM: getTransactionValue: Vout[0] ScriptPubkey Field 0: Addresses = [] (type: []string)
ELECTRUM: getTransactionValue: Vout[0] ScriptPubkey Field 1: Asm = 1 de11facba0f9f7fbb84eaa49179743bd4340fb7995c61dced4c5d9ff33083d12 (type: string)
ELECTRUM: getTransactionValue: Vout[0] ScriptPubkey Field 2: Hex = 5120de11facba0f9f7fbb84eaa49179743bd4340fb7995c61dced4c5d9ff33083d12 (type: string)
ELECTRUM: getTransactionValue: Vout[0] ScriptPubkey Field 3: ReqSigs = 0 (type: uint32)
ELECTRUM: getTransactionValue: Vout[0] ScriptPubkey Field 4: Type = witness_v1_taproot (type: string)
ELECTRUM: getTransactionValue: Vout[0] extracted script hex from Hex field: 5120de11facba0f9f7fbb84eaa49179743bd4340fb7995c61dced4c5d9ff33083d12
ELECTRUM: getTransactionValue: Vout[0] calculated script hash: 03e0e5ccca6dfc4a065094b501d8ac4bea894dc49e358fff19e8b4a199a9dd94, target: cfc6755ee8113d01dd7f0146742b825bb2c4d99fbe07b6ddc5f0d9d3ef4862f2
ELECTRUM: getTransactionValue: Vout[0] does not match our script hash, skipping
ELECTRUM: getTransactionValue: Processing Vout entry 1 for transaction 358ed5e554073681bfff88d67684b6960bbb7e4d37503572eb4509608a94a2bb
ELECTRUM: getTransactionValue: Vout[1] Field 0: N = 1 (type: uint32)
ELECTRUM: getTransactionValue: Vout[1] Field 1: ScriptPubkey = {[] 1 cdff7d5c8e467c6bf94cf6873df7528de9e9cf2f4996e1d1aff1eb26ad3e2add 5120cdff7d5c8e467c6bf94cf6873df7528de9e9cf2f4996e1d1aff1eb26ad3e2add 0 witness_v1_taproot} (type: electrum.ScriptPubkey)
ELECTRUM: getTransactionValue: Vout[1] Field 2: Value = 0.00012844 (type: float64)
ELECTRUM: getTransactionValue: Vout[1] has value 0.000128 BTC (12844 satoshis)
ELECTRUM: getTransactionValue: Vout[1] ScriptPubkey type: electrum.ScriptPubkey
ELECTRUM: getTransactionValue: Vout[1] ScriptPubkey has 5 fields
ELECTRUM: getTransactionValue: Vout[1] ScriptPubkey Field 0: Addresses = [] (type: []string)
ELECTRUM: getTransactionValue: Vout[1] ScriptPubkey Field 1: Asm = 1 cdff7d5c8e467c6bf94cf6873df7528de9e9cf2f4996e1d1aff1eb26ad3e2add (type: string)
ELECTRUM: getTransactionValue: Vout[1] ScriptPubkey Field 2: Hex = 5120cdff7d5c8e467c6bf94cf6873df7528de9e9cf2f4996e1d1aff1eb26ad3e2add (type: string)
ELECTRUM: getTransactionValue: Vout[1] ScriptPubkey Field 3: ReqSigs = 0 (type: uint32)
ELECTRUM: getTransactionValue: Vout[1] ScriptPubkey Field 4: Type = witness_v1_taproot (type: string)
ELECTRUM: getTransactionValue: Vout[1] extracted script hex from Hex field: 5120cdff7d5c8e467c6bf94cf6873df7528de9e9cf2f4996e1d1aff1eb26ad3e2add
ELECTRUM: getTransactionValue: Vout[1] calculated script hash: cfc6755ee8113d01dd7f0146742b825bb2c4d99fbe07b6ddc5f0d9d3ef4862f2, target: cfc6755ee8113d01dd7f0146742b825bb2c4d99fbe07b6ddc5f0d9d3ef4862f2
ELECTRUM: getTransactionValue: Vout[1] matches our script hash, adding 12844 satoshis
ELECTRUM: buildTransactionDetail: Transaction 358ed5e554073681bfff88d67684b6960bbb7e4d37503572eb4509608a94a2bb has actual value 12844 satoshis
2025/09/16 15:03:31 ELECTRUM: GetBlockHash called for height: 4670343
2025/09/16 15:03:31 ELECTRUM: Found transaction 358ed5e554073681bfff88d67684b6960bbb7e4d37503572eb4509608a94a2bb for script hash cfc6755ee8113d01dd7f0146742b825bb2c4d99fbe07b6ddc5f0d9d3ef4862f2 (confirmations: 1267, value: 12844)
2025/09/16 15:03:31 ELECTRUM: Sending relevant transaction notification for 358ed5e554073681bfff88d67684b6960bbb7e4d37503572eb4509608a94a2bb
2025/09/16 15:03:31 ELECTRUM: Transaction 358ed5e554073681bfff88d67684b6960bbb7e4d37503572eb4509608a94a2bb already processed globally, skipping duplicate notification
2025/09/16 15:03:31 ELECTRUM: Script hash a316d302121d1b62c9b4ec3de415b72930916c9b2fecde6d85dcb59e82024e3d status changed from a316d302121d1b62c9b4ec3de415b72930916c9b2fecde6d85dcb59e82024e3d to tx_count:0 - new transactions detected!
2025/09/16 15:03:31 ELECTRUM: Handling script hash update for a316d302121d1b62c9b4ec3de415b72930916c9b2fecde6d85dcb59e82024e3d
2025/09/16 15:03:31 ELECTRUM: Found 0 transactions for script hash a316d302121d1b62c9b4ec3de415b72930916c9b2fecde6d85dcb59e82024e3d
2025/09/16 15:03:32 ELECTRUM: Script hash 86be3f5bd32e85596af35440487dae22a79e6fb2679998d38f51fc323189b022 status changed from 86be3f5bd32e85596af35440487dae22a79e6fb2679998d38f51fc323189b022 to tx_count:0 - new transactions detected!
2025/09/16 15:03:32 ELECTRUM: Handling script hash update for 86be3f5bd32e85596af35440487dae22a79e6fb2679998d38f51fc323189b022
2025/09/16 15:03:32 ELECTRUM: Found 0 transactions for script hash 86be3f5bd32e85596af35440487dae22a79e6fb2679998d38f51fc323189b022
2025/09/16 15:03:32 ELECTRUM: Script hash 8b874fe06c0a029126d30048dd68ce279f86ab73018e41fbce4e5db15bbd4d68 status changed from 8b874fe06c0a029126d30048dd68ce279f86ab73018e41fbce4e5db15bbd4d68 to tx_count:0 - new transactions detected!
2025/09/16 15:03:32 ELECTRUM: Handling script hash update for 8b874fe06c0a029126d30048dd68ce279f86ab73018e41fbce4e5db15bbd4d68
2025/09/16 15:03:32 ELECTRUM: Found 0 transactions for script hash 8b874fe06c0a029126d30048dd68ce279f86ab73018e41fbce4e5db15bbd4d68
2025/09/16 15:03:33 ELECTRUM: Script hash 30311d2d2edd9aabdf8d1684192145260c6f30c8c843ae927758b737aac07235 status changed from 30311d2d2edd9aabdf8d1684192145260c6f30c8c843ae927758b737aac07235 to tx_count:0 - new transactions detected!
2025/09/16 15:03:33 ELECTRUM: Handling script hash update for 30311d2d2edd9aabdf8d1684192145260c6f30c8c843ae927758b737aac07235
2025/09/16 15:03:33 ELECTRUM: Found 0 transactions for script hash 30311d2d2edd9aabdf8d1684192145260c6f30c8c843ae927758b737aac07235
2025/09/16 15:03:33 ELECTRUM: Script hash e099d9fde9213ef12ff365704a11cffd8f3bcb116dbdd10b3c5175d8508bac33 status changed from e099d9fde9213ef12ff365704a11cffd8f3bcb116dbdd10b3c5175d8508bac33 to tx_count:0 - new transactions detected!
2025/09/16 15:03:33 ELECTRUM: Handling script hash update for e099d9fde9213ef12ff365704a11cffd8f3bcb116dbdd10b3c5175d8508bac33
2025/09/16 15:03:33 ELECTRUM: Found 0 transactions for script hash e099d9fde9213ef12ff365704a11cffd8f3bcb116dbdd10b3c5175d8508bac33
2025/09/16 15:03:34 ELECTRUM: Script hash 772c610aa6b1b17496234e4d5e817a7bb5a9bedae737ff88e3f62109756fbe0f status changed from 772c610aa6b1b17496234e4d5e817a7bb5a9bedae737ff88e3f62109756fbe0f to tx_count:0 - new transactions detected!
2025/09/16 15:03:34 ELECTRUM: Handling script hash update for 772c610aa6b1b17496234e4d5e817a7bb5a9bedae737ff88e3f62109756fbe0f
2025/09/16 15:03:34 ELECTRUM: Found 0 transactions for script hash 772c610aa6b1b17496234e4d5e817a7bb5a9bedae737ff88e3f62109756fbe0f
2025/09/16 15:03:34 ELECTRUM: Script hash 15bf6986842102e96df220461b8cfa26e5306ee0eedd007d5dddd821d6745563 status changed from 15bf6986842102e96df220461b8cfa26e5306ee0eedd007d5dddd821d6745563 to tx_count:1,latest_height:4670036 - new transactions detected!
2025/09/16 15:03:34 ELECTRUM: Handling script hash update for 15bf6986842102e96df220461b8cfa26e5306ee0eedd007d5dddd821d6745563
2025/09/16 15:03:34 ELECTRUM: Found 1 transactions for script hash 15bf6986842102e96df220461b8cfa26e5306ee0eedd007d5dddd821d6745563
2025/09/16 15:03:34 ELECTRUM: Processing transaction 0 for script hash 15bf6986842102e96df220461b8cfa26e5306ee0eedd007d5dddd821d6745563
ELECTRUM: buildTransactionDetail called with entry type: *electrum.GetMempoolResult
ELECTRUM: buildTransactionDetail: Transaction 1ecd261bcd0685971ea43cbbd12631a449a1765f67f90c3813c8a6b8c93b86fc has height: 4670036
ELECTRUM: buildTransactionDetail: About to call GetTransaction for 1ecd261bcd0685971ea43cbbd12631a449a1765f67f90c3813c8a6b8c93b86fc
ELECTRUM: buildTransactionDetail: Getting transaction details for 1ecd261bcd0685971ea43cbbd12631a449a1765f67f90c3813c8a6b8c93b86fc
ELECTRUM: buildTransactionDetail: Successfully got transaction 1ecd261bcd0685971ea43cbbd12631a449a1765f67f90c3813c8a6b8c93b86fc
ELECTRUM: buildTransactionDetail: GetTransaction succeeded for 1ecd261bcd0685971ea43cbbd12631a449a1765f67f90c3813c8a6b8c93b86fc, processing result
ELECTRUM: buildTransactionDetail: Processing transaction result for 1ecd261bcd0685971ea43cbbd12631a449a1765f67f90c3813c8a6b8c93b86fc
ELECTRUM: buildTransactionDetail: Transaction result is not nil for 1ecd261bcd0685971ea43cbbd12631a449a1765f67f90c3813c8a6b8c93b86fc
ELECTRUM: buildTransactionDetail: Attempting to get actual value for transaction 1ecd261bcd0685971ea43cbbd12631a449a1765f67f90c3813c8a6b8c93b86fc
ELECTRUM: getTransactionValue: Transaction result type: *electrum.GetTransactionResult, fields: 12
ELECTRUM: getTransactionValue: Field 0: Blockhash = 0000000000015d41dd7639d096da19e5ae0307ffbea46adf233d0c7f779d7ed6 (type: string)
ELECTRUM: getTransactionValue: Field 1: Blocktime = 1758045809 (type: uint64)
ELECTRUM: getTransactionValue: Field 2: Confirmations = 1576 (type: int32)
ELECTRUM: getTransactionValue: Field 3: Hash = cf05190df9cf6a90cc51d827f7ee7d2dea6dd0ae479db0836805c5a49d0a21ff (type: string)
ELECTRUM: getTransactionValue: Field 4: Hex = 01000000000101c44822011a52f3c2aa57d9f7a6173a22e1cf6e062c46e3434a3ea5e17dca9c310000000000ffffffff0206430000000000002251206dadec86b602950d982192f31264475290bfe0b7f31e40eeffd5859a62e0ede4c852a200000000002251206cc89a54ee175a70d71d798e0adf3705ce2503da5526d77fd4f70abcb60522f001406f931887910e946d933885a6e1bb12bc8b9dc0fb319b052366fd2dbb2ccb84159e85d10dbd133ac346021695f88d2afeb336da5babb79e2b5c14b476a88f08bb00000000 (type: string)
ELECTRUM: getTransactionValue: Field 5: Locktime = 0 (type: uint32)
ELECTRUM: getTransactionValue: Field 6: Size = 205 (type: uint32)
ELECTRUM: getTransactionValue: Field 7: Time = 1758045809 (type: uint64)
ELECTRUM: getTransactionValue: Field 8: Version = 1 (type: uint32)
ELECTRUM: getTransactionValue: Field 9: Vin = [{ 0x140004917e0 4294967295 319cca7de1a53e4a43e3462c066ecfe1223a17a6f7d957aac2f3521a012248c4 0}] (type: []electrum.Vin)
ELECTRUM: getTransactionValue: Field 10: Vout = [{0 {[] 1 6dadec86b602950d982192f31264475290bfe0b7f31e40eeffd5859a62e0ede4 51206dadec86b602950d982192f31264475290bfe0b7f31e40eeffd5859a62e0ede4 0 witness_v1_taproot} 0.00017158} {1 {[] 1 6cc89a54ee175a70d71d798e0adf3705ce2503da5526d77fd4f70abcb60522f0 51206cc89a54ee175a70d71d798e0adf3705ce2503da5526d77fd4f70abcb60522f0 0 witness_v1_taproot} 0.10638024}] (type: []electrum.Vout)
ELECTRUM: getTransactionValue: Field 11: Merkle = {[] 0 0} (type: electrum.GetMerkleProofResult)
ELECTRUM: getTransactionValue: Processing 2 Vout entries for transaction 1ecd261bcd0685971ea43cbbd12631a449a1765f67f90c3813c8a6b8c93b86fc
ELECTRUM: getTransactionValue: Processing Vout entry 0 for transaction 1ecd261bcd0685971ea43cbbd12631a449a1765f67f90c3813c8a6b8c93b86fc
ELECTRUM: getTransactionValue: Vout[0] Field 0: N = 0 (type: uint32)
ELECTRUM: getTransactionValue: Vout[0] Field 1: ScriptPubkey = {[] 1 6dadec86b602950d982192f31264475290bfe0b7f31e40eeffd5859a62e0ede4 51206dadec86b602950d982192f31264475290bfe0b7f31e40eeffd5859a62e0ede4 0 witness_v1_taproot} (type: electrum.ScriptPubkey)
ELECTRUM: getTransactionValue: Vout[0] Field 2: Value = 0.00017158 (type: float64)
ELECTRUM: getTransactionValue: Vout[0] has value 0.000172 BTC (17158 satoshis)
ELECTRUM: getTransactionValue: Vout[0] ScriptPubkey type: electrum.ScriptPubkey
ELECTRUM: getTransactionValue: Vout[0] ScriptPubkey has 5 fields
ELECTRUM: getTransactionValue: Vout[0] ScriptPubkey Field 0: Addresses = [] (type: []string)
ELECTRUM: getTransactionValue: Vout[0] ScriptPubkey Field 1: Asm = 1 6dadec86b602950d982192f31264475290bfe0b7f31e40eeffd5859a62e0ede4 (type: string)
ELECTRUM: getTransactionValue: Vout[0] ScriptPubkey Field 2: Hex = 51206dadec86b602950d982192f31264475290bfe0b7f31e40eeffd5859a62e0ede4 (type: string)
ELECTRUM: getTransactionValue: Vout[0] ScriptPubkey Field 3: ReqSigs = 0 (type: uint32)
ELECTRUM: getTransactionValue: Vout[0] ScriptPubkey Field 4: Type = witness_v1_taproot (type: string)
ELECTRUM: getTransactionValue: Vout[0] extracted script hex from Hex field: 51206dadec86b602950d982192f31264475290bfe0b7f31e40eeffd5859a62e0ede4
ELECTRUM: getTransactionValue: Vout[0] calculated script hash: 15bf6986842102e96df220461b8cfa26e5306ee0eedd007d5dddd821d6745563, target: 15bf6986842102e96df220461b8cfa26e5306ee0eedd007d5dddd821d6745563
ELECTRUM: getTransactionValue: Vout[0] matches our script hash, adding 17158 satoshis
ELECTRUM: getTransactionValue: Processing Vout entry 1 for transaction 1ecd261bcd0685971ea43cbbd12631a449a1765f67f90c3813c8a6b8c93b86fc
ELECTRUM: getTransactionValue: Vout[1] Field 0: N = 1 (type: uint32)
ELECTRUM: getTransactionValue: Vout[1] Field 1: ScriptPubkey = {[] 1 6cc89a54ee175a70d71d798e0adf3705ce2503da5526d77fd4f70abcb60522f0 51206cc89a54ee175a70d71d798e0adf3705ce2503da5526d77fd4f70abcb60522f0 0 witness_v1_taproot} (type: electrum.ScriptPubkey)
ELECTRUM: getTransactionValue: Vout[1] Field 2: Value = 0.10638024 (type: float64)
ELECTRUM: getTransactionValue: Vout[1] has value 0.106380 BTC (10638024 satoshis)
ELECTRUM: getTransactionValue: Vout[1] ScriptPubkey type: electrum.ScriptPubkey
ELECTRUM: getTransactionValue: Vout[1] ScriptPubkey has 5 fields
ELECTRUM: getTransactionValue: Vout[1] ScriptPubkey Field 0: Addresses = [] (type: []string)
ELECTRUM: getTransactionValue: Vout[1] ScriptPubkey Field 1: Asm = 1 6cc89a54ee175a70d71d798e0adf3705ce2503da5526d77fd4f70abcb60522f0 (type: string)
ELECTRUM: getTransactionValue: Vout[1] ScriptPubkey Field 2: Hex = 51206cc89a54ee175a70d71d798e0adf3705ce2503da5526d77fd4f70abcb60522f0 (type: string)
ELECTRUM: getTransactionValue: Vout[1] ScriptPubkey Field 3: ReqSigs = 0 (type: uint32)
ELECTRUM: getTransactionValue: Vout[1] ScriptPubkey Field 4: Type = witness_v1_taproot (type: string)
ELECTRUM: getTransactionValue: Vout[1] extracted script hex from Hex field: 51206cc89a54ee175a70d71d798e0adf3705ce2503da5526d77fd4f70abcb60522f0
ELECTRUM: getTransactionValue: Vout[1] calculated script hash: e86f3f3f4929bec039bb0229be9edb8343b43af2081e5037fb2094134bb9583b, target: 15bf6986842102e96df220461b8cfa26e5306ee0eedd007d5dddd821d6745563
ELECTRUM: getTransactionValue: Vout[1] does not match our script hash, skipping
ELECTRUM: buildTransactionDetail: Transaction 1ecd261bcd0685971ea43cbbd12631a449a1765f67f90c3813c8a6b8c93b86fc has actual value 17158 satoshis
2025/09/16 15:03:35 ELECTRUM: GetBlockHash called for height: 4670036
2025/09/16 15:03:35 ELECTRUM: Found transaction 1ecd261bcd0685971ea43cbbd12631a449a1765f67f90c3813c8a6b8c93b86fc for script hash 15bf6986842102e96df220461b8cfa26e5306ee0eedd007d5dddd821d6745563 (confirmations: 1574, value: 17158)
2025/09/16 15:03:35 ELECTRUM: Sending relevant transaction notification for 1ecd261bcd0685971ea43cbbd12631a449a1765f67f90c3813c8a6b8c93b86fc
2025/09/16 15:03:35 ELECTRUM: Transaction 1ecd261bcd0685971ea43cbbd12631a449a1765f67f90c3813c8a6b8c93b86fc already processed globally, skipping duplicate notification
2025/09/16 15:03:35 ELECTRUM: Script hash 68427e23296ee56cb016cf304d9d30df101c75d22e4198bc54dced0563ffea61 status changed from 68427e23296ee56cb016cf304d9d30df101c75d22e4198bc54dced0563ffea61 to tx_count:1,latest_height:4670278 - new transactions detected!
2025/09/16 15:03:35 ELECTRUM: Handling script hash update for 68427e23296ee56cb016cf304d9d30df101c75d22e4198bc54dced0563ffea61
2025/09/16 15:03:35 ELECTRUM: Found 1 transactions for script hash 68427e23296ee56cb016cf304d9d30df101c75d22e4198bc54dced0563ffea61
2025/09/16 15:03:35 ELECTRUM: Processing transaction 0 for script hash 68427e23296ee56cb016cf304d9d30df101c75d22e4198bc54dced0563ffea61
ELECTRUM: buildTransactionDetail called with entry type: *electrum.GetMempoolResult
ELECTRUM: buildTransactionDetail: Transaction de930c6a79fee7539b02f4c82c267aa576c2769d52deb0d469253a527844a297 has height: 4670278
ELECTRUM: buildTransactionDetail: About to call GetTransaction for de930c6a79fee7539b02f4c82c267aa576c2769d52deb0d469253a527844a297
ELECTRUM: buildTransactionDetail: Getting transaction details for de930c6a79fee7539b02f4c82c267aa576c2769d52deb0d469253a527844a297
ELECTRUM: buildTransactionDetail: Successfully got transaction de930c6a79fee7539b02f4c82c267aa576c2769d52deb0d469253a527844a297
ELECTRUM: buildTransactionDetail: GetTransaction succeeded for de930c6a79fee7539b02f4c82c267aa576c2769d52deb0d469253a527844a297, processing result
ELECTRUM: buildTransactionDetail: Processing transaction result for de930c6a79fee7539b02f4c82c267aa576c2769d52deb0d469253a527844a297
ELECTRUM: buildTransactionDetail: Transaction result is not nil for de930c6a79fee7539b02f4c82c267aa576c2769d52deb0d469253a527844a297
ELECTRUM: buildTransactionDetail: Attempting to get actual value for transaction de930c6a79fee7539b02f4c82c267aa576c2769d52deb0d469253a527844a297
ELECTRUM: getTransactionValue: Transaction result type: *electrum.GetTransactionResult, fields: 12
ELECTRUM: getTransactionValue: Field 0: Blockhash = 000000000001ae237ca6e03a201d57a11953683c957e09c2dd8bfbbe3222fde0 (type: string)
ELECTRUM: getTransactionValue: Field 1: Blocktime = 1758046330 (type: uint64)
ELECTRUM: getTransactionValue: Field 2: Confirmations = 1334 (type: int32)
ELECTRUM: getTransactionValue: Field 3: Hash = 7f1fbefe05ffe2813299372a36a1d0aa278df8629130dfb28ffc67fc95e61a9e (type: string)
ELECTRUM: getTransactionValue: Field 4: Hex = 01000000000101fc863bc9b8a6c813380cf9675f76a149a43126d1bb3ca41e978506cd1b26cd1e0100000000ffffffff022c3200000000000022512001a20eaf717ba3c511c355ac769be3c00028bb30cb4711b0a2ac63358ba8dc190020a2000000000022512030f7623d02e535487795819d2517080257d7f00951c76dea0980ffc14b3e5f790140fb013b8bc60ddbb3aacd940eda56632d219fae4d02245cd95418df2ab8e9245734356bc907ab3d9b2925e637370e4e90c1efceb02fb6ff9af3135de4d9b3519b00000000 (type: string)
ELECTRUM: getTransactionValue: Field 5: Locktime = 0 (type: uint32)
ELECTRUM: getTransactionValue: Field 6: Size = 205 (type: uint32)
ELECTRUM: getTransactionValue: Field 7: Time = 1758046330 (type: uint64)
ELECTRUM: getTransactionValue: Field 8: Version = 1 (type: uint32)
ELECTRUM: getTransactionValue: Field 9: Vin = [{ 0x14000492280 4294967295 1ecd261bcd0685971ea43cbbd12631a449a1765f67f90c3813c8a6b8c93b86fc 1}] (type: []electrum.Vin)
ELECTRUM: getTransactionValue: Field 10: Vout = [{0 {[] 1 01a20eaf717ba3c511c355ac769be3c00028bb30cb4711b0a2ac63358ba8dc19 512001a20eaf717ba3c511c355ac769be3c00028bb30cb4711b0a2ac63358ba8dc19 0 witness_v1_taproot} 0.00012844} {1 {[] 1 30f7623d02e535487795819d2517080257d7f00951c76dea0980ffc14b3e5f79 512030f7623d02e535487795819d2517080257d7f00951c76dea0980ffc14b3e5f79 0 witness_v1_taproot} 0.10625024}] (type: []electrum.Vout)
ELECTRUM: getTransactionValue: Field 11: Merkle = {[] 0 0} (type: electrum.GetMerkleProofResult)
ELECTRUM: getTransactionValue: Processing 2 Vout entries for transaction de930c6a79fee7539b02f4c82c267aa576c2769d52deb0d469253a527844a297
ELECTRUM: getTransactionValue: Processing Vout entry 0 for transaction de930c6a79fee7539b02f4c82c267aa576c2769d52deb0d469253a527844a297
ELECTRUM: getTransactionValue: Vout[0] Field 0: N = 0 (type: uint32)
ELECTRUM: getTransactionValue: Vout[0] Field 1: ScriptPubkey = {[] 1 01a20eaf717ba3c511c355ac769be3c00028bb30cb4711b0a2ac63358ba8dc19 512001a20eaf717ba3c511c355ac769be3c00028bb30cb4711b0a2ac63358ba8dc19 0 witness_v1_taproot} (type: electrum.ScriptPubkey)
ELECTRUM: getTransactionValue: Vout[0] Field 2: Value = 0.00012844 (type: float64)
ELECTRUM: getTransactionValue: Vout[0] has value 0.000128 BTC (12844 satoshis)
ELECTRUM: getTransactionValue: Vout[0] ScriptPubkey type: electrum.ScriptPubkey
ELECTRUM: getTransactionValue: Vout[0] ScriptPubkey has 5 fields
ELECTRUM: getTransactionValue: Vout[0] ScriptPubkey Field 0: Addresses = [] (type: []string)
ELECTRUM: getTransactionValue: Vout[0] ScriptPubkey Field 1: Asm = 1 01a20eaf717ba3c511c355ac769be3c00028bb30cb4711b0a2ac63358ba8dc19 (type: string)
ELECTRUM: getTransactionValue: Vout[0] ScriptPubkey Field 2: Hex = 512001a20eaf717ba3c511c355ac769be3c00028bb30cb4711b0a2ac63358ba8dc19 (type: string)
ELECTRUM: getTransactionValue: Vout[0] ScriptPubkey Field 3: ReqSigs = 0 (type: uint32)
ELECTRUM: getTransactionValue: Vout[0] ScriptPubkey Field 4: Type = witness_v1_taproot (type: string)
ELECTRUM: getTransactionValue: Vout[0] extracted script hex from Hex field: 512001a20eaf717ba3c511c355ac769be3c00028bb30cb4711b0a2ac63358ba8dc19
ELECTRUM: getTransactionValue: Vout[0] calculated script hash: 68427e23296ee56cb016cf304d9d30df101c75d22e4198bc54dced0563ffea61, target: 68427e23296ee56cb016cf304d9d30df101c75d22e4198bc54dced0563ffea61
ELECTRUM: getTransactionValue: Vout[0] matches our script hash, adding 12844 satoshis
ELECTRUM: getTransactionValue: Processing Vout entry 1 for transaction de930c6a79fee7539b02f4c82c267aa576c2769d52deb0d469253a527844a297
ELECTRUM: getTransactionValue: Vout[1] Field 0: N = 1 (type: uint32)
ELECTRUM: getTransactionValue: Vout[1] Field 1: ScriptPubkey = {[] 1 30f7623d02e535487795819d2517080257d7f00951c76dea0980ffc14b3e5f79 512030f7623d02e535487795819d2517080257d7f00951c76dea0980ffc14b3e5f79 0 witness_v1_taproot} (type: electrum.ScriptPubkey)
ELECTRUM: getTransactionValue: Vout[1] Field 2: Value = 0.10625024 (type: float64)
ELECTRUM: getTransactionValue: Vout[1] has value 0.106250 BTC (10625024 satoshis)
ELECTRUM: getTransactionValue: Vout[1] ScriptPubkey type: electrum.ScriptPubkey
ELECTRUM: getTransactionValue: Vout[1] ScriptPubkey has 5 fields
ELECTRUM: getTransactionValue: Vout[1] ScriptPubkey Field 0: Addresses = [] (type: []string)
ELECTRUM: getTransactionValue: Vout[1] ScriptPubkey Field 1: Asm = 1 30f7623d02e535487795819d2517080257d7f00951c76dea0980ffc14b3e5f79 (type: string)
ELECTRUM: getTransactionValue: Vout[1] ScriptPubkey Field 2: Hex = 512030f7623d02e535487795819d2517080257d7f00951c76dea0980ffc14b3e5f79 (type: string)
ELECTRUM: getTransactionValue: Vout[1] ScriptPubkey Field 3: ReqSigs = 0 (type: uint32)
ELECTRUM: getTransactionValue: Vout[1] ScriptPubkey Field 4: Type = witness_v1_taproot (type: string)
ELECTRUM: getTransactionValue: Vout[1] extracted script hex from Hex field: 512030f7623d02e535487795819d2517080257d7f00951c76dea0980ffc14b3e5f79
ELECTRUM: getTransactionValue: Vout[1] calculated script hash: 1ed742a4087ec5c6236422bab46284b189f143bb5578b71a05b92d3bf9290470, target: 68427e23296ee56cb016cf304d9d30df101c75d22e4198bc54dced0563ffea61
ELECTRUM: getTransactionValue: Vout[1] does not match our script hash, skipping
ELECTRUM: buildTransactionDetail: Transaction de930c6a79fee7539b02f4c82c267aa576c2769d52deb0d469253a527844a297 has actual value 12844 satoshis
2025/09/16 15:03:36 ELECTRUM: GetBlockHash called for height: 4670278
2025/09/16 15:03:36 ELECTRUM: Found transaction de930c6a79fee7539b02f4c82c267aa576c2769d52deb0d469253a527844a297 for script hash 68427e23296ee56cb016cf304d9d30df101c75d22e4198bc54dced0563ffea61 (confirmations: 1332, value: 12844)
2025/09/16 15:03:36 ELECTRUM: Sending relevant transaction notification for de930c6a79fee7539b02f4c82c267aa576c2769d52deb0d469253a527844a297
2025/09/16 15:03:36 ELECTRUM: Transaction de930c6a79fee7539b02f4c82c267aa576c2769d52deb0d469253a527844a297 already processed globally, skipping duplicate notification
2025/09/16 15:03:36 ELECTRUM: Script hash 5402d6c137487f5e00d46c16a85ec56d25ab29f8636995d4bf586bc08bbce31e status changed from 5402d6c137487f5e00d46c16a85ec56d25ab29f8636995d4bf586bc08bbce31e to tx_count:0 - new transactions detected!
2025/09/16 15:03:36 ELECTRUM: Handling script hash update for 5402d6c137487f5e00d46c16a85ec56d25ab29f8636995d4bf586bc08bbce31e
2025/09/16 15:03:37 ELECTRUM: Found 0 transactions for script hash 5402d6c137487f5e00d46c16a85ec56d25ab29f8636995d4bf586bc08bbce31e
2025/09/16 15:03:37 ELECTRUM: Script hash 8578ba4feebf5378a3775363d531f253b8fbf9b00df139d1346ef1cbb8d17245 status changed from 8578ba4feebf5378a3775363d531f253b8fbf9b00df139d1346ef1cbb8d17245 to tx_count:1,latest_height:4660782 - new transactions detected!
2025/09/16 15:03:37 ELECTRUM: Handling script hash update for 8578ba4feebf5378a3775363d531f253b8fbf9b00df139d1346ef1cbb8d17245
2025/09/16 15:03:37 ELECTRUM: Found 1 transactions for script hash 8578ba4feebf5378a3775363d531f253b8fbf9b00df139d1346ef1cbb8d17245
2025/09/16 15:03:37 ELECTRUM: Processing transaction 0 for script hash 8578ba4feebf5378a3775363d531f253b8fbf9b00df139d1346ef1cbb8d17245
ELECTRUM: buildTransactionDetail called with entry type: *electrum.GetMempoolResult
ELECTRUM: buildTransactionDetail: Transaction 53c28422f27e5b7d71977dfbc73a0c85480a9d618c75b05b4cbaf178747f914b has height: 4660782
ELECTRUM: buildTransactionDetail: About to call GetTransaction for 53c28422f27e5b7d71977dfbc73a0c85480a9d618c75b05b4cbaf178747f914b
ELECTRUM: buildTransactionDetail: Getting transaction details for 53c28422f27e5b7d71977dfbc73a0c85480a9d618c75b05b4cbaf178747f914b
ELECTRUM: buildTransactionDetail: Successfully got transaction 53c28422f27e5b7d71977dfbc73a0c85480a9d618c75b05b4cbaf178747f914b
ELECTRUM: buildTransactionDetail: GetTransaction succeeded for 53c28422f27e5b7d71977dfbc73a0c85480a9d618c75b05b4cbaf178747f914b, processing result
ELECTRUM: buildTransactionDetail: Processing transaction result for 53c28422f27e5b7d71977dfbc73a0c85480a9d618c75b05b4cbaf178747f914b
ELECTRUM: buildTransactionDetail: Transaction result is not nil for 53c28422f27e5b7d71977dfbc73a0c85480a9d618c75b05b4cbaf178747f914b
ELECTRUM: buildTransactionDetail: Attempting to get actual value for transaction 53c28422f27e5b7d71977dfbc73a0c85480a9d618c75b05b4cbaf178747f914b
ELECTRUM: getTransactionValue: Transaction result type: *electrum.GetTransactionResult, fields: 12
ELECTRUM: getTransactionValue: Field 0: Blockhash = 0000000000000042e460b9fad2e9532cf1cc3f4170a53d9d26ab6e78ff236847 (type: string)
ELECTRUM: getTransactionValue: Field 1: Blocktime = 1757981159 (type: uint64)
ELECTRUM: getTransactionValue: Field 2: Confirmations = 10831 (type: int32)
ELECTRUM: getTransactionValue: Field 3: Hash = 15c263df20efdbc1e9a831e492e4448bfae81a419aebddaf1cdaa9581e5886ec (type: string)
ELECTRUM: getTransactionValue: Field 4: Hex = 01000000000101e1a363336ff7bf5c9cfe66dd6f03620ebcf0a6c9a8500fcd9ad509606e08c27f0000000000ffffffff026198a300000000002251201edf63902042b3252443e16248200720e90b315f7e4512f05583cc0e49e6c07dd721000000000000225120669dc55941fc359c7d17b11951e6fb61c292c6d2a1bc1cc85db45026c7a5f78f0140a7bf98f7dbc055da2864c132b6e28616cee30297c3b4432b31f725f1f3eac4f52fa39ab8a351aa1c2a07848c8657f223f648ba92739e8ca06bd8acf140ecacbb00000000 (type: string)
ELECTRUM: getTransactionValue: Field 5: Locktime = 0 (type: uint32)
ELECTRUM: getTransactionValue: Field 6: Size = 205 (type: uint32)
ELECTRUM: getTransactionValue: Field 7: Time = 1757981159 (type: uint64)
ELECTRUM: getTransactionValue: Field 8: Version = 1 (type: uint32)
ELECTRUM: getTransactionValue: Field 9: Vin = [{ 0x14000492e00 4294967295 7fc2086e6009d59acd0f50a8c9a6f0bc0e62036fdd66fe9c5cbff76f3363a3e1 0}] (type: []electrum.Vin)
ELECTRUM: getTransactionValue: Field 10: Vout = [{0 {[] 1 1edf63902042b3252443e16248200720e90b315f7e4512f05583cc0e49e6c07d 51201edf63902042b3252443e16248200720e90b315f7e4512f05583cc0e49e6c07d 0 witness_v1_taproot} 0.10721377} {1 {[] 1 669dc55941fc359c7d17b11951e6fb61c292c6d2a1bc1cc85db45026c7a5f78f 5120669dc55941fc359c7d17b11951e6fb61c292c6d2a1bc1cc85db45026c7a5f78f 0 witness_v1_taproot} 8.663e-05}] (type: []electrum.Vout)
ELECTRUM: getTransactionValue: Field 11: Merkle = {[] 0 0} (type: electrum.GetMerkleProofResult)
ELECTRUM: getTransactionValue: Processing 2 Vout entries for transaction 53c28422f27e5b7d71977dfbc73a0c85480a9d618c75b05b4cbaf178747f914b
ELECTRUM: getTransactionValue: Processing Vout entry 0 for transaction 53c28422f27e5b7d71977dfbc73a0c85480a9d618c75b05b4cbaf178747f914b
ELECTRUM: getTransactionValue: Vout[0] Field 0: N = 0 (type: uint32)
ELECTRUM: getTransactionValue: Vout[0] Field 1: ScriptPubkey = {[] 1 1edf63902042b3252443e16248200720e90b315f7e4512f05583cc0e49e6c07d 51201edf63902042b3252443e16248200720e90b315f7e4512f05583cc0e49e6c07d 0 witness_v1_taproot} (type: electrum.ScriptPubkey)
ELECTRUM: getTransactionValue: Vout[0] Field 2: Value = 0.10721377 (type: float64)
ELECTRUM: getTransactionValue: Vout[0] has value 0.107214 BTC (10721377 satoshis)
ELECTRUM: getTransactionValue: Vout[0] ScriptPubkey type: electrum.ScriptPubkey
ELECTRUM: getTransactionValue: Vout[0] ScriptPubkey has 5 fields
ELECTRUM: getTransactionValue: Vout[0] ScriptPubkey Field 0: Addresses = [] (type: []string)
ELECTRUM: getTransactionValue: Vout[0] ScriptPubkey Field 1: Asm = 1 1edf63902042b3252443e16248200720e90b315f7e4512f05583cc0e49e6c07d (type: string)
ELECTRUM: getTransactionValue: Vout[0] ScriptPubkey Field 2: Hex = 51201edf63902042b3252443e16248200720e90b315f7e4512f05583cc0e49e6c07d (type: string)
ELECTRUM: getTransactionValue: Vout[0] ScriptPubkey Field 3: ReqSigs = 0 (type: uint32)
ELECTRUM: getTransactionValue: Vout[0] ScriptPubkey Field 4: Type = witness_v1_taproot (type: string)
ELECTRUM: getTransactionValue: Vout[0] extracted script hex from Hex field: 51201edf63902042b3252443e16248200720e90b315f7e4512f05583cc0e49e6c07d
ELECTRUM: getTransactionValue: Vout[0] calculated script hash: ecafa67b1773168b4fb6c72f570956f426e9587530e4e08c911f95c5e7bf21ea, target: 8578ba4feebf5378a3775363d531f253b8fbf9b00df139d1346ef1cbb8d17245
ELECTRUM: getTransactionValue: Vout[0] does not match our script hash, skipping
ELECTRUM: getTransactionValue: Processing Vout entry 1 for transaction 53c28422f27e5b7d71977dfbc73a0c85480a9d618c75b05b4cbaf178747f914b
ELECTRUM: getTransactionValue: Vout[1] Field 0: N = 1 (type: uint32)
ELECTRUM: getTransactionValue: Vout[1] Field 1: ScriptPubkey = {[] 1 669dc55941fc359c7d17b11951e6fb61c292c6d2a1bc1cc85db45026c7a5f78f 5120669dc55941fc359c7d17b11951e6fb61c292c6d2a1bc1cc85db45026c7a5f78f 0 witness_v1_taproot} (type: electrum.ScriptPubkey)
ELECTRUM: getTransactionValue: Vout[1] Field 2: Value = 8.663e-05 (type: float64)
ELECTRUM: getTransactionValue: Vout[1] has value 0.000087 BTC (8663 satoshis)
ELECTRUM: getTransactionValue: Vout[1] ScriptPubkey type: electrum.ScriptPubkey
ELECTRUM: getTransactionValue: Vout[1] ScriptPubkey has 5 fields
ELECTRUM: getTransactionValue: Vout[1] ScriptPubkey Field 0: Addresses = [] (type: []string)
ELECTRUM: getTransactionValue: Vout[1] ScriptPubkey Field 1: Asm = 1 669dc55941fc359c7d17b11951e6fb61c292c6d2a1bc1cc85db45026c7a5f78f (type: string)
ELECTRUM: getTransactionValue: Vout[1] ScriptPubkey Field 2: Hex = 5120669dc55941fc359c7d17b11951e6fb61c292c6d2a1bc1cc85db45026c7a5f78f (type: string)
ELECTRUM: getTransactionValue: Vout[1] ScriptPubkey Field 3: ReqSigs = 0 (type: uint32)
ELECTRUM: getTransactionValue: Vout[1] ScriptPubkey Field 4: Type = witness_v1_taproot (type: string)
ELECTRUM: getTransactionValue: Vout[1] extracted script hex from Hex field: 5120669dc55941fc359c7d17b11951e6fb61c292c6d2a1bc1cc85db45026c7a5f78f
ELECTRUM: getTransactionValue: Vout[1] calculated script hash: 8578ba4feebf5378a3775363d531f253b8fbf9b00df139d1346ef1cbb8d17245, target: 8578ba4feebf5378a3775363d531f253b8fbf9b00df139d1346ef1cbb8d17245
ELECTRUM: getTransactionValue: Vout[1] matches our script hash, adding 8663 satoshis
ELECTRUM: buildTransactionDetail: Transaction 53c28422f27e5b7d71977dfbc73a0c85480a9d618c75b05b4cbaf178747f914b has actual value 8663 satoshis
2025/09/16 15:03:37 ELECTRUM: GetBlockHash called for height: 4660782
2025/09/16 15:03:38 ELECTRUM: Found transaction 53c28422f27e5b7d71977dfbc73a0c85480a9d618c75b05b4cbaf178747f914b for script hash 8578ba4feebf5378a3775363d531f253b8fbf9b00df139d1346ef1cbb8d17245 (confirmations: 10828, value: 8663)
2025/09/16 15:03:38 ELECTRUM: Sending relevant transaction notification for 53c28422f27e5b7d71977dfbc73a0c85480a9d618c75b05b4cbaf178747f914b
2025/09/16 15:03:38 ELECTRUM: Transaction 53c28422f27e5b7d71977dfbc73a0c85480a9d618c75b05b4cbaf178747f914b already processed globally, skipping duplicate notification
2025/09/16 15:03:38 ELECTRUM: Script hash 1f1546aea3cb0bbe6272bb05f049b1d43ea9cd69a421402946f1e21b67d24a7f status changed from 1f1546aea3cb0bbe6272bb05f049b1d43ea9cd69a421402946f1e21b67d24a7f to tx_count:1,latest_height:4661802 - new transactions detected!
2025/09/16 15:03:38 ELECTRUM: Handling script hash update for 1f1546aea3cb0bbe6272bb05f049b1d43ea9cd69a421402946f1e21b67d24a7f
2025/09/16 15:03:38 ELECTRUM: Found 1 transactions for script hash 1f1546aea3cb0bbe6272bb05f049b1d43ea9cd69a421402946f1e21b67d24a7f
2025/09/16 15:03:38 ELECTRUM: Processing transaction 0 for script hash 1f1546aea3cb0bbe6272bb05f049b1d43ea9cd69a421402946f1e21b67d24a7f
ELECTRUM: buildTransactionDetail called with entry type: *electrum.GetMempoolResult
ELECTRUM: buildTransactionDetail: Transaction 480e83a34f676e6fcff1d82c4b2f7b2132407fd27b73878de31f52da6305fd94 has height: 4661802
ELECTRUM: buildTransactionDetail: About to call GetTransaction for 480e83a34f676e6fcff1d82c4b2f7b2132407fd27b73878de31f52da6305fd94
ELECTRUM: buildTransactionDetail: Getting transaction details for 480e83a34f676e6fcff1d82c4b2f7b2132407fd27b73878de31f52da6305fd94
ELECTRUM: buildTransactionDetail: Successfully got transaction 480e83a34f676e6fcff1d82c4b2f7b2132407fd27b73878de31f52da6305fd94
ELECTRUM: buildTransactionDetail: GetTransaction succeeded for 480e83a34f676e6fcff1d82c4b2f7b2132407fd27b73878de31f52da6305fd94, processing result
ELECTRUM: buildTransactionDetail: Processing transaction result for 480e83a34f676e6fcff1d82c4b2f7b2132407fd27b73878de31f52da6305fd94
ELECTRUM: buildTransactionDetail: Transaction result is not nil for 480e83a34f676e6fcff1d82c4b2f7b2132407fd27b73878de31f52da6305fd94
ELECTRUM: buildTransactionDetail: Attempting to get actual value for transaction 480e83a34f676e6fcff1d82c4b2f7b2132407fd27b73878de31f52da6305fd94
2025/09/16 15:03:39 ELECTRUM: GetBestBlock called
2025/09/16 15:03:39 ELECTRUM: Subscribing to headers to get current height
ELECTRUM: getTransactionValue: Transaction result type: *electrum.GetTransactionResult, fields: 12
ELECTRUM: getTransactionValue: Field 0: Blockhash = 000000000000184ff2bbae51760a4abbd4744106a6b30f6ddb96fe9fb4c9fb27 (type: string)
ELECTRUM: getTransactionValue: Field 1: Blocktime = 1758029275 (type: uint64)
ELECTRUM: getTransactionValue: Field 2: Confirmations = 9812 (type: int32)
ELECTRUM: getTransactionValue: Field 3: Hash = bd86ffd16fd7cc0c80eb6e714382a0b2317922fb5a6cd70b23893f7d6ef4f814 (type: string)
ELECTRUM: getTransactionValue: Field 4: Hex = 010000000001013b44bf73f50dafd919f0a4897eb7745582b9c2dc6042420045f5f001a3e5d7570000000000ffffffff02eb1000000000000022512023e490e1e95d4504dd1e0c439166a0d39bf2fd484b8493f47aac2c6b5c45617ffe0da30000000000225120a93a8cba6673228ea32811dfac43d127bd8caf5d31562a3f8013812d98b9be19014042a93481889251b8a32e77dcffde5e58a2412ca94203e41a508f8089da0127d2f42861578088109ed8145b35f54ce495f09a77a6f4a4de4aca30e40ee062d2ba00000000 (type: string)
ELECTRUM: getTransactionValue: Field 5: Locktime = 0 (type: uint32)
ELECTRUM: getTransactionValue: Field 6: Size = 205 (type: uint32)
ELECTRUM: getTransactionValue: Field 7: Time = 1758029275 (type: uint64)
ELECTRUM: getTransactionValue: Field 8: Version = 1 (type: uint32)
ELECTRUM: getTransactionValue: Field 9: Vin = [{ 0x14000486880 4294967295 57d7e5a301f0f54500424260dcc2b9825574b77e89a4f019d9af0df573bf443b 0}] (type: []electrum.Vin)
ELECTRUM: getTransactionValue: Field 10: Vout = [{0 {[] 1 23e490e1e95d4504dd1e0c439166a0d39bf2fd484b8493f47aac2c6b5c45617f 512023e490e1e95d4504dd1e0c439166a0d39bf2fd484b8493f47aac2c6b5c45617f 0 witness_v1_taproot} 4.331e-05} {1 {[] 1 a93a8cba6673228ea32811dfac43d127bd8caf5d31562a3f8013812d98b9be19 5120a93a8cba6673228ea32811dfac43d127bd8caf5d31562a3f8013812d98b9be19 0 witness_v1_taproot} 0.1068595}] (type: []electrum.Vout)
ELECTRUM: getTransactionValue: Field 11: Merkle = {[] 0 0} (type: electrum.GetMerkleProofResult)
ELECTRUM: getTransactionValue: Processing 2 Vout entries for transaction 480e83a34f676e6fcff1d82c4b2f7b2132407fd27b73878de31f52da6305fd94
ELECTRUM: getTransactionValue: Processing Vout entry 0 for transaction 480e83a34f676e6fcff1d82c4b2f7b2132407fd27b73878de31f52da6305fd94
ELECTRUM: getTransactionValue: Vout[0] Field 0: N = 0 (type: uint32)
ELECTRUM: getTransactionValue: Vout[0] Field 1: ScriptPubkey = {[] 1 23e490e1e95d4504dd1e0c439166a0d39bf2fd484b8493f47aac2c6b5c45617f 512023e490e1e95d4504dd1e0c439166a0d39bf2fd484b8493f47aac2c6b5c45617f 0 witness_v1_taproot} (type: electrum.ScriptPubkey)
ELECTRUM: getTransactionValue: Vout[0] Field 2: Value = 4.331e-05 (type: float64)
ELECTRUM: getTransactionValue: Vout[0] has value 0.000043 BTC (4331 satoshis)
ELECTRUM: getTransactionValue: Vout[0] ScriptPubkey type: electrum.ScriptPubkey
ELECTRUM: getTransactionValue: Vout[0] ScriptPubkey has 5 fields
ELECTRUM: getTransactionValue: Vout[0] ScriptPubkey Field 0: Addresses = [] (type: []string)
ELECTRUM: getTransactionValue: Vout[0] ScriptPubkey Field 1: Asm = 1 23e490e1e95d4504dd1e0c439166a0d39bf2fd484b8493f47aac2c6b5c45617f (type: string)
ELECTRUM: getTransactionValue: Vout[0] ScriptPubkey Field 2: Hex = 512023e490e1e95d4504dd1e0c439166a0d39bf2fd484b8493f47aac2c6b5c45617f (type: string)
ELECTRUM: getTransactionValue: Vout[0] ScriptPubkey Field 3: ReqSigs = 0 (type: uint32)
ELECTRUM: getTransactionValue: Vout[0] ScriptPubkey Field 4: Type = witness_v1_taproot (type: string)
ELECTRUM: getTransactionValue: Vout[0] extracted script hex from Hex field: 512023e490e1e95d4504dd1e0c439166a0d39bf2fd484b8493f47aac2c6b5c45617f
ELECTRUM: getTransactionValue: Vout[0] calculated script hash: 1f1546aea3cb0bbe6272bb05f049b1d43ea9cd69a421402946f1e21b67d24a7f, target: 1f1546aea3cb0bbe6272bb05f049b1d43ea9cd69a421402946f1e21b67d24a7f
ELECTRUM: getTransactionValue: Vout[0] matches our script hash, adding 4331 satoshis
ELECTRUM: getTransactionValue: Processing Vout entry 1 for transaction 480e83a34f676e6fcff1d82c4b2f7b2132407fd27b73878de31f52da6305fd94
ELECTRUM: getTransactionValue: Vout[1] Field 0: N = 1 (type: uint32)
ELECTRUM: getTransactionValue: Vout[1] Field 1: ScriptPubkey = {[] 1 a93a8cba6673228ea32811dfac43d127bd8caf5d31562a3f8013812d98b9be19 5120a93a8cba6673228ea32811dfac43d127bd8caf5d31562a3f8013812d98b9be19 0 witness_v1_taproot} (type: electrum.ScriptPubkey)
ELECTRUM: getTransactionValue: Vout[1] Field 2: Value = 0.1068595 (type: float64)
ELECTRUM: getTransactionValue: Vout[1] has value 0.106859 BTC (10685950 satoshis)
ELECTRUM: getTransactionValue: Vout[1] ScriptPubkey type: electrum.ScriptPubkey
ELECTRUM: getTransactionValue: Vout[1] ScriptPubkey has 5 fields
ELECTRUM: getTransactionValue: Vout[1] ScriptPubkey Field 0: Addresses = [] (type: []string)
ELECTRUM: getTransactionValue: Vout[1] ScriptPubkey Field 1: Asm = 1 a93a8cba6673228ea32811dfac43d127bd8caf5d31562a3f8013812d98b9be19 (type: string)
ELECTRUM: getTransactionValue: Vout[1] ScriptPubkey Field 2: Hex = 5120a93a8cba6673228ea32811dfac43d127bd8caf5d31562a3f8013812d98b9be19 (type: string)
ELECTRUM: getTransactionValue: Vout[1] ScriptPubkey Field 3: ReqSigs = 0 (type: uint32)
ELECTRUM: getTransactionValue: Vout[1] ScriptPubkey Field 4: Type = witness_v1_taproot (type: string)
ELECTRUM: getTransactionValue: Vout[1] extracted script hex from Hex field: 5120a93a8cba6673228ea32811dfac43d127bd8caf5d31562a3f8013812d98b9be19
ELECTRUM: getTransactionValue: Vout[1] calculated script hash: a1330b9529e9351c100a2383420588cf78c0dce0e68cfa538fbb5335a1eea6dc, target: 1f1546aea3cb0bbe6272bb05f049b1d43ea9cd69a421402946f1e21b67d24a7f
ELECTRUM: getTransactionValue: Vout[1] does not match our script hash, skipping
ELECTRUM: buildTransactionDetail: Transaction 480e83a34f676e6fcff1d82c4b2f7b2132407fd27b73878de31f52da6305fd94 has actual value 4331 satoshis
2025/09/16 15:03:39 ELECTRUM: GetBlockHash called for height: 4661802
2025/09/16 15:03:39 ELECTRUM: Got current height 4671613 from headers subscription
2025/09/16 15:03:39 ELECTRUM: Returning hash 0000000000002e12652580c3e8692559b2165523eab1a1bd206b6f0a5faedc6b for height 4671613 (from headers subscription)
2025/09/16 15:03:39 ELECTRUM: Checking for new blocks - current: 4671613, last known: 4671601
2025/09/16 15:03:39 ELECTRUM: New block detected! Height: 4671613 (was 4671601)
2025/09/16 15:03:39 ELECTRUM: Sending block connected notification for height 4671613
2025/09/16 15:03:39 ELECTRUM: Block notification sent successfully for height 4671613
2025/09/16 15:03:39 ELECTRUM: Found transaction 480e83a34f676e6fcff1d82c4b2f7b2132407fd27b73878de31f52da6305fd94 for script hash 1f1546aea3cb0bbe6272bb05f049b1d43ea9cd69a421402946f1e21b67d24a7f (confirmations: 9808, value: 4331)
2025/09/16 15:03:39 ELECTRUM: Sending relevant transaction notification for 480e83a34f676e6fcff1d82c4b2f7b2132407fd27b73878de31f52da6305fd94
2025/09/16 15:03:39 ELECTRUM: Transaction 480e83a34f676e6fcff1d82c4b2f7b2132407fd27b73878de31f52da6305fd94 already processed globally, skipping duplicate notification
2025/09/16 15:03:39 ELECTRUM: Script hash 7c36ccc0075dc560ee1dce05f35eb2b31d712f2860ea4b6626f3ffd9d9b2d507 status changed from 7c36ccc0075dc560ee1dce05f35eb2b31d712f2860ea4b6626f3ffd9d9b2d507 to tx_count:0 - new transactions detected!
2025/09/16 15:03:39 ELECTRUM: Handling script hash update for 7c36ccc0075dc560ee1dce05f35eb2b31d712f2860ea4b6626f3ffd9d9b2d507
2025/09/16 15:03:39 ELECTRUM: Found 0 transactions for script hash 7c36ccc0075dc560ee1dce05f35eb2b31d712f2860ea4b6626f3ffd9d9b2d507
2025/09/16 15:03:40 ELECTRUM: Script hash 6bf1890b216a5372d5a81a5ca9791137d77c1853dd628b5d3aa34d8ec00604a5 status changed from 6bf1890b216a5372d5a81a5ca9791137d77c1853dd628b5d3aa34d8ec00604a5 to tx_count:1,latest_height:4660785 - new transactions detected!
2025/09/16 15:03:40 ELECTRUM: Handling script hash update for 6bf1890b216a5372d5a81a5ca9791137d77c1853dd628b5d3aa34d8ec00604a5
2025/09/16 15:03:40 ELECTRUM: GetBestBlock called
2025/09/16 15:03:40 ELECTRUM: Subscribing to headers to get current height
2025/09/16 15:03:40 ELECTRUM: Found 1 transactions for script hash 6bf1890b216a5372d5a81a5ca9791137d77c1853dd628b5d3aa34d8ec00604a5
2025/09/16 15:03:40 ELECTRUM: Processing transaction 0 for script hash 6bf1890b216a5372d5a81a5ca9791137d77c1853dd628b5d3aa34d8ec00604a5
ELECTRUM: buildTransactionDetail called with entry type: *electrum.GetMempoolResult
ELECTRUM: buildTransactionDetail: Transaction 25cd595c95040e2b75b6a0e6b20ee96db31aeb75c6b8e7c44c720f9bd1527963 has height: 4660785
ELECTRUM: buildTransactionDetail: About to call GetTransaction for 25cd595c95040e2b75b6a0e6b20ee96db31aeb75c6b8e7c44c720f9bd1527963
ELECTRUM: buildTransactionDetail: Getting transaction details for 25cd595c95040e2b75b6a0e6b20ee96db31aeb75c6b8e7c44c720f9bd1527963
2025/09/16 15:03:40 ELECTRUM: Got current height 4671614 from headers subscription
2025/09/16 15:03:40 ELECTRUM: Returning hash 00000000000043651b2cf6bce59ebb7676ea1c128567e0417266ff6016a95d0f for height 4671614 (from headers subscription)
2025/09/16 15:03:40 ELECTRUM: Checking for new blocks - current: 4671614, last known: 4671602
2025/09/16 15:03:40 ELECTRUM: New block detected! Height: 4671614 (was 4671602)
2025/09/16 15:03:40 ELECTRUM: Sending block connected notification for height 4671614
2025/09/16 15:03:40 ELECTRUM: Block notification sent successfully for height 4671614
2025/09/16 15:03:40 ELECTRUM: GetBestBlock called
2025/09/16 15:03:40 ELECTRUM: Subscribing to headers to get current height
ELECTRUM: buildTransactionDetail: Successfully got transaction 25cd595c95040e2b75b6a0e6b20ee96db31aeb75c6b8e7c44c720f9bd1527963
ELECTRUM: buildTransactionDetail: GetTransaction succeeded for 25cd595c95040e2b75b6a0e6b20ee96db31aeb75c6b8e7c44c720f9bd1527963, processing result
ELECTRUM: buildTransactionDetail: Processing transaction result for 25cd595c95040e2b75b6a0e6b20ee96db31aeb75c6b8e7c44c720f9bd1527963
ELECTRUM: buildTransactionDetail: Transaction result is not nil for 25cd595c95040e2b75b6a0e6b20ee96db31aeb75c6b8e7c44c720f9bd1527963
ELECTRUM: buildTransactionDetail: Attempting to get actual value for transaction 25cd595c95040e2b75b6a0e6b20ee96db31aeb75c6b8e7c44c720f9bd1527963
2025/09/16 15:03:40 ELECTRUM: Got current height 4671614 from headers subscription
2025/09/16 15:03:40 ELECTRUM: Returning hash 00000000000043651b2cf6bce59ebb7676ea1c128567e0417266ff6016a95d0f for height 4671614 (from headers subscription)
2025/09/16 15:03:40 ELECTRUM: Checking for new blocks - current: 4671614, last known: 4671602
2025/09/16 15:03:40 ELECTRUM: New block detected! Height: 4671614 (was 4671602)
2025/09/16 15:03:40 ELECTRUM: Sending block connected notification for height 4671614
2025/09/16 15:03:40 ELECTRUM: Block notification sent successfully for height 4671614
ELECTRUM: getTransactionValue: Transaction result type: *electrum.GetTransactionResult, fields: 12
ELECTRUM: getTransactionValue: Field 0: Blockhash = 00000000000000673a2cc7418fcfc9ace5b5884689f671dbb7eeab05b8090e88 (type: string)
ELECTRUM: getTransactionValue: Field 1: Blocktime = 1757981635 (type: uint64)
ELECTRUM: getTransactionValue: Field 2: Confirmations = 10830 (type: int32)
ELECTRUM: getTransactionValue: Field 3: Hash = d8a7630f7dd4ed9c3bc6884807f1c0692b556e3ccb83a37f24f9797fa4c8361f (type: string)
ELECTRUM: getTransactionValue: Field 4: Hex = 010000000001014b917f7478f1ba4c5bb0758c619d0a48850c3ac7fb7d97717d5b7ef22284c2530000000000ffffffff02de2100000000000016001414baa10e325a973a4ab9dc2152fab4bb9a6ea3a0f375a3000000000022512005090923a2d5a8f95f8f50c0e191462e7692094a9307747b0c5580ea43073ea30140202840e6f21166743530d5fbd6eb0a8e2d19ed7be743cc3cc62b24a813ca14627cbb02faf49a90e1c525213516d03bfe986377a51e858356c48dad5efbcdf95a00000000 (type: string)
ELECTRUM: getTransactionValue: Field 5: Locktime = 0 (type: uint32)
ELECTRUM: getTransactionValue: Field 6: Size = 193 (type: uint32)
ELECTRUM: getTransactionValue: Field 7: Time = 1757981635 (type: uint64)
ELECTRUM: getTransactionValue: Field 8: Version = 1 (type: uint32)
ELECTRUM: getTransactionValue: Field 9: Vin = [{ 0x1400068f540 4294967295 53c28422f27e5b7d71977dfbc73a0c85480a9d618c75b05b4cbaf178747f914b 0}] (type: []electrum.Vin)
ELECTRUM: getTransactionValue: Field 10: Vout = [{0 {[] 0 14baa10e325a973a4ab9dc2152fab4bb9a6ea3a0 001414baa10e325a973a4ab9dc2152fab4bb9a6ea3a0 0 witness_v0_keyhash} 8.67e-05} {1 {[] 1 05090923a2d5a8f95f8f50c0e191462e7692094a9307747b0c5580ea43073ea3 512005090923a2d5a8f95f8f50c0e191462e7692094a9307747b0c5580ea43073ea3 0 witness_v1_taproot} 0.10712563}] (type: []electrum.Vout)
ELECTRUM: getTransactionValue: Field 11: Merkle = {[] 0 0} (type: electrum.GetMerkleProofResult)
ELECTRUM: getTransactionValue: Processing 2 Vout entries for transaction 25cd595c95040e2b75b6a0e6b20ee96db31aeb75c6b8e7c44c720f9bd1527963
ELECTRUM: getTransactionValue: Processing Vout entry 0 for transaction 25cd595c95040e2b75b6a0e6b20ee96db31aeb75c6b8e7c44c720f9bd1527963
ELECTRUM: getTransactionValue: Vout[0] Field 0: N = 0 (type: uint32)
ELECTRUM: getTransactionValue: Vout[0] Field 1: ScriptPubkey = {[] 0 14baa10e325a973a4ab9dc2152fab4bb9a6ea3a0 001414baa10e325a973a4ab9dc2152fab4bb9a6ea3a0 0 witness_v0_keyhash} (type: electrum.ScriptPubkey)
ELECTRUM: getTransactionValue: Vout[0] Field 2: Value = 8.67e-05 (type: float64)
ELECTRUM: getTransactionValue: Vout[0] has value 0.000087 BTC (8670 satoshis)
ELECTRUM: getTransactionValue: Vout[0] ScriptPubkey type: electrum.ScriptPubkey
ELECTRUM: getTransactionValue: Vout[0] ScriptPubkey has 5 fields
ELECTRUM: getTransactionValue: Vout[0] ScriptPubkey Field 0: Addresses = [] (type: []string)
ELECTRUM: getTransactionValue: Vout[0] ScriptPubkey Field 1: Asm = 0 14baa10e325a973a4ab9dc2152fab4bb9a6ea3a0 (type: string)
ELECTRUM: getTransactionValue: Vout[0] ScriptPubkey Field 2: Hex = 001414baa10e325a973a4ab9dc2152fab4bb9a6ea3a0 (type: string)
ELECTRUM: getTransactionValue: Vout[0] ScriptPubkey Field 3: ReqSigs = 0 (type: uint32)
ELECTRUM: getTransactionValue: Vout[0] ScriptPubkey Field 4: Type = witness_v0_keyhash (type: string)
ELECTRUM: getTransactionValue: Vout[0] extracted script hex from Hex field: 001414baa10e325a973a4ab9dc2152fab4bb9a6ea3a0
ELECTRUM: getTransactionValue: Vout[0] calculated script hash: 6bf1890b216a5372d5a81a5ca9791137d77c1853dd628b5d3aa34d8ec00604a5, target: 6bf1890b216a5372d5a81a5ca9791137d77c1853dd628b5d3aa34d8ec00604a5
ELECTRUM: getTransactionValue: Vout[0] matches our script hash, adding 8670 satoshis
ELECTRUM: getTransactionValue: Processing Vout entry 1 for transaction 25cd595c95040e2b75b6a0e6b20ee96db31aeb75c6b8e7c44c720f9bd1527963
ELECTRUM: getTransactionValue: Vout[1] Field 0: N = 1 (type: uint32)
ELECTRUM: getTransactionValue: Vout[1] Field 1: ScriptPubkey = {[] 1 05090923a2d5a8f95f8f50c0e191462e7692094a9307747b0c5580ea43073ea3 512005090923a2d5a8f95f8f50c0e191462e7692094a9307747b0c5580ea43073ea3 0 witness_v1_taproot} (type: electrum.ScriptPubkey)
ELECTRUM: getTransactionValue: Vout[1] Field 2: Value = 0.10712563 (type: float64)
ELECTRUM: getTransactionValue: Vout[1] has value 0.107126 BTC (10712563 satoshis)
ELECTRUM: getTransactionValue: Vout[1] ScriptPubkey type: electrum.ScriptPubkey
ELECTRUM: getTransactionValue: Vout[1] ScriptPubkey has 5 fields
ELECTRUM: getTransactionValue: Vout[1] ScriptPubkey Field 0: Addresses = [] (type: []string)
ELECTRUM: getTransactionValue: Vout[1] ScriptPubkey Field 1: Asm = 1 05090923a2d5a8f95f8f50c0e191462e7692094a9307747b0c5580ea43073ea3 (type: string)
ELECTRUM: getTransactionValue: Vout[1] ScriptPubkey Field 2: Hex = 512005090923a2d5a8f95f8f50c0e191462e7692094a9307747b0c5580ea43073ea3 (type: string)
ELECTRUM: getTransactionValue: Vout[1] ScriptPubkey Field 3: ReqSigs = 0 (type: uint32)
ELECTRUM: getTransactionValue: Vout[1] ScriptPubkey Field 4: Type = witness_v1_taproot (type: string)
ELECTRUM: getTransactionValue: Vout[1] extracted script hex from Hex field: 512005090923a2d5a8f95f8f50c0e191462e7692094a9307747b0c5580ea43073ea3
ELECTRUM: getTransactionValue: Vout[1] calculated script hash: 222baf51ae983e703d9ecb39f410510ac4514da35620ee9986494c88e20a46a1, target: 6bf1890b216a5372d5a81a5ca9791137d77c1853dd628b5d3aa34d8ec00604a5
ELECTRUM: getTransactionValue: Vout[1] does not match our script hash, skipping
ELECTRUM: buildTransactionDetail: Transaction 25cd595c95040e2b75b6a0e6b20ee96db31aeb75c6b8e7c44c720f9bd1527963 has actual value 8670 satoshis
2025/09/16 15:03:40 ELECTRUM: GetBlockHash called for height: 4660785
2025-09-16 15:03:40.808 [DBG] RPCS interceptor.go:775: [/lnrpc.Lightning/NewAddress] requested
ELECTRUM: NotifyReceived called with 1 addresses
2025-09-16 15:03:40.832 [INF] BTWL btcwallet.go:911: BTCWALLET: Setting up notification for new address: tb1pfupw2hh0f8eylexp7xwvc808zp730m8quqv3jcnuhygayhtqn7dqqzd22e
2025-09-16 15:03:40.832 [DBG] RPCS rpcserver.go:1713: [newaddress] account=default type=TAPROOT_PUBKEY addr=tb1pfupw2hh0f8eylexp7xwvc808zp730m8quqv3jcnuhygayhtqn7dqqzd22e
2025-09-16 15:03:40.832 [INF] BTWL btcwallet.go:580: BTCWALLET: Setting up notification for address: tb1pfupw2hh0f8eylexp7xwvc808zp730m8quqv3jcnuhygayhtqn7dqqzd22e
2025-09-16 15:03:40.832 [INF] BTWL btcwallet.go:593: BTCWALLET: Calling chain.NotifyReceived for address: tb1pfupw2hh0f8eylexp7xwvc808zp730m8quqv3jcnuhygayhtqn7dqqzd22e
ELECTRUM: NotifyReceived called with 1 addresses
2025-09-16 15:03:40.832 [INF] BTWL btcwallet.go:603: BTCWALLET: chain.NotifyReceived completed successfully for address: tb1pfupw2hh0f8eylexp7xwvc808zp730m8quqv3jcnuhygayhtqn7dqqzd22e
2025-09-16 15:03:40.832 [INF] BTWL btcwallet.go:605: BTCWALLET: Successfully set up notification for address: tb1pfupw2hh0f8eylexp7xwvc808zp730m8quqv3jcnuhygayhtqn7dqqzd22e
2025-09-16 15:03:40.832 [INF] BTWL btcwallet.go:917: BTCWALLET: Successfully set up notification for new address: tb1pfupw2hh0f8eylexp7xwvc808zp730m8quqv3jcnuhygayhtqn7dqqzd22e
2025/09/16 15:03:41 ELECTRUM: Found transaction 25cd595c95040e2b75b6a0e6b20ee96db31aeb75c6b8e7c44c720f9bd1527963 for script hash 6bf1890b216a5372d5a81a5ca9791137d77c1853dd628b5d3aa34d8ec00604a5 (confirmations: 10830, value: 8670)
2025/09/16 15:03:41 ELECTRUM: Sending relevant transaction notification for 25cd595c95040e2b75b6a0e6b20ee96db31aeb75c6b8e7c44c720f9bd1527963
2025/09/16 15:03:41 ELECTRUM: Transaction 25cd595c95040e2b75b6a0e6b20ee96db31aeb75c6b8e7c44c720f9bd1527963 already processed globally, skipping duplicate notification
2025/09/16 15:03:41 ELECTRUM: Script hash c4c6d9d832fdbfd4a966340001ce4a928adc558ad3cff548e1a78f0962aa141a status changed from c4c6d9d832fdbfd4a966340001ce4a928adc558ad3cff548e1a78f0962aa141a to tx_count:0 - new transactions detected!
2025/09/16 15:03:41 ELECTRUM: Handling script hash update for c4c6d9d832fdbfd4a966340001ce4a928adc558ad3cff548e1a78f0962aa141a
2025/09/16 15:03:41 ELECTRUM: Found 0 transactions for script hash c4c6d9d832fdbfd4a966340001ce4a928adc558ad3cff548e1a78f0962aa141a
2025-09-16 15:03:41.496 [DBG] RPCS interceptor.go:775: [/lnrpc.Lightning/NewAddress] requested
ELECTRUM: NotifyReceived called with 1 addresses
2025-09-16 15:03:41.519 [INF] BTWL btcwallet.go:911: BTCWALLET: Setting up notification for new address: tb1pfa45x8q236tlj2qzy5rugwdus9yvy44m8z46mf96r5kud0am3a6spg2nx2
2025-09-16 15:03:41.519 [DBG] RPCS rpcserver.go:1713: [newaddress] account=default type=TAPROOT_PUBKEY addr=tb1pfa45x8q236tlj2qzy5rugwdus9yvy44m8z46mf96r5kud0am3a6spg2nx2
2025-09-16 15:03:41.519 [INF] BTWL btcwallet.go:580: BTCWALLET: Setting up notification for address: tb1pfa45x8q236tlj2qzy5rugwdus9yvy44m8z46mf96r5kud0am3a6spg2nx2
2025-09-16 15:03:41.519 [INF] BTWL btcwallet.go:593: BTCWALLET: Calling chain.NotifyReceived for address: tb1pfa45x8q236tlj2qzy5rugwdus9yvy44m8z46mf96r5kud0am3a6spg2nx2
ELECTRUM: NotifyReceived called with 1 addresses
2025-09-16 15:03:41.519 [INF] BTWL btcwallet.go:603: BTCWALLET: chain.NotifyReceived completed successfully for address: tb1pfa45x8q236tlj2qzy5rugwdus9yvy44m8z46mf96r5kud0am3a6spg2nx2
2025-09-16 15:03:41.519 [INF] BTWL btcwallet.go:605: BTCWALLET: Successfully set up notification for address: tb1pfa45x8q236tlj2qzy5rugwdus9yvy44m8z46mf96r5kud0am3a6spg2nx2
2025-09-16 15:03:41.519 [INF] BTWL btcwallet.go:917: BTCWALLET: Successfully set up notification for new address: tb1pfa45x8q236tlj2qzy5rugwdus9yvy44m8z46mf96r5kud0am3a6spg2nx2
2025-09-16 15:03:48.123 [DBG] RPCS interceptor.go:775: [/lnrpc.Lightning/WalletBalance] requested
2025-09-16 15:03:48.123 [INF] BTWL btcwallet.go:823: BTCWALLET: ConfirmedBalance called with confs=0, accountFilter=default
2025-09-16 15:03:48.124 [INF] BTWL btcwallet.go:1541: BTCWALLET: Adding 11 discovered Electrum transactions to witness outputs
2025-09-16 15:03:48.124 [INF] BTWL btcwallet.go:823: BTCWALLET: ConfirmedBalance called with confs=1, accountFilter=default
2025-09-16 15:03:48.124 [INF] BTWL btcwallet.go:1541: BTCWALLET: Adding 11 discovered Electrum transactions to witness outputs
2025-09-16 15:03:48.124 [DBG] RPCS rpcserver.go:3746: [walletbalance] Total balance=0.00129314 BTC (confirmed=0.00129314 BTC, unconfirmed=0 BTC, locked=0 BTC)
2025-09-16 15:03:52.622 [DBG] RPCS interceptor.go:775: [/lnrpc.Lightning/NewAddress] requested
ELECTRUM: NotifyReceived called with 1 addresses
2025-09-16 15:03:52.646 [INF] BTWL btcwallet.go:911: BTCWALLET: Setting up notification for new address: tb1pdgk4u0s9wx5x94qzek0avr3z7lfxq5narwxy8m7hxp5ssx0segwspfg8av
2025-09-16 15:03:52.646 [DBG] RPCS rpcserver.go:1713: [newaddress] account=default type=TAPROOT_PUBKEY addr=tb1pdgk4u0s9wx5x94qzek0avr3z7lfxq5narwxy8m7hxp5ssx0segwspfg8av
2025-09-16 15:03:52.646 [INF] BTWL btcwallet.go:580: BTCWALLET: Setting up notification for address: tb1pdgk4u0s9wx5x94qzek0avr3z7lfxq5narwxy8m7hxp5ssx0segwspfg8av
2025-09-16 15:03:52.646 [INF] BTWL btcwallet.go:593: BTCWALLET: Calling chain.NotifyReceived for address: tb1pdgk4u0s9wx5x94qzek0avr3z7lfxq5narwxy8m7hxp5ssx0segwspfg8av
ELECTRUM: NotifyReceived called with 1 addresses
2025-09-16 15:03:52.646 [INF] BTWL btcwallet.go:603: BTCWALLET: chain.NotifyReceived completed successfully for address: tb1pdgk4u0s9wx5x94qzek0avr3z7lfxq5narwxy8m7hxp5ssx0segwspfg8av
2025-09-16 15:03:52.646 [INF] BTWL btcwallet.go:605: BTCWALLET: Successfully set up notification for address: tb1pdgk4u0s9wx5x94qzek0avr3z7lfxq5narwxy8m7hxp5ssx0segwspfg8av
2025-09-16 15:03:52.646 [INF] BTWL btcwallet.go:917: BTCWALLET: Successfully set up notification for new address: tb1pdgk4u0s9wx5x94qzek0avr3z7lfxq5narwxy8m7hxp5ssx0segwspfg8av
2025-09-16 15:03:53.800 [DBG] LTND lnd.go:727: Syncing to block chain rev=08ae35 best_block_time="2025-09-16 15:03:22 -0400 EDT" is_synced=false
2025/09/16 15:03:54 ELECTRUM: GetBestBlock called
2025/09/16 15:03:54 ELECTRUM: Subscribing to headers to get current height
2025/09/16 15:03:55 ELECTRUM: Got current height 4671618 from headers subscription
2025/09/16 15:03:55 ELECTRUM: Returning hash 0000000000005b316eab6cc84d48f24b9ddc16267b5fe7ad662afd601c644e6f for height 4671618 (from headers subscription)
2025/09/16 15:03:55 ELECTRUM: GetBlockHeader called for hash: 0000000000005b316eab6cc84d48f24b9ddc16267b5fe7ad662afd601c644e6f
2025/09/16 15:03:55 ELECTRUM: GetBestBlock called
2025/09/16 15:03:55 ELECTRUM: Subscribing to headers to get current height
2025/09/16 15:03:55 ELECTRUM: Got current height 4671618 from headers subscription
2025/09/16 15:03:55 ELECTRUM: Returning hash 0000000000005b316eab6cc84d48f24b9ddc16267b5fe7ad662afd601c644e6f for height 4671618 (from headers subscription)
2025-09-16 15:03:55.512 [DBG] LTND lnd.go:727: Syncing to block chain rev=08ae35 best_block_time="2025-09-16 15:03:50 -0400 EDT" is_synced=false
2025/09/16 15:03:56 ELECTRUM: GetBestBlock called
2025/09/16 15:03:56 ELECTRUM: Subscribing to headers to get current height
2025/09/16 15:03:56 ELECTRUM: Got current height 4671618 from headers subscription
2025/09/16 15:03:56 ELECTRUM: Returning hash 0000000000005b316eab6cc84d48f24b9ddc16267b5fe7ad662afd601c644e6f for height 4671618 (from headers subscription)
2025/09/16 15:03:56 ELECTRUM: GetBlockHeader called for hash: 0000000000005b316eab6cc84d48f24b9ddc16267b5fe7ad662afd601c644e6f
2025/09/16 15:03:56 ELECTRUM: GetBestBlock called
2025/09/16 15:03:56 ELECTRUM: Subscribing to headers to get current height
2025/09/16 15:03:56 ELECTRUM: Got current height 4671618 from headers subscription
2025/09/16 15:03:56 ELECTRUM: Returning hash 0000000000005b316eab6cc84d48f24b9ddc16267b5fe7ad662afd601c644e6f for height 4671618 (from headers subscription)
2025-09-16 15:03:57.226 [DBG] LTND lnd.go:727: Syncing to block chain rev=08ae35 best_block_time="2025-09-16 15:03:50 -0400 EDT" is_synced=false
2025/09/16 15:03:58 ELECTRUM: GetBestBlock called
2025/09/16 15:03:58 ELECTRUM: Subscribing to headers to get current height
2025/09/16 15:03:58 ELECTRUM: Got current height 4671619 from headers subscription
2025/09/16 15:03:58 ELECTRUM: Returning hash 00000000000037cff0d20ced3a17dc9003ac34f447ab772349b79a5f0e76804a for height 4671619 (from headers subscription)
2025/09/16 15:03:58 ELECTRUM: GetBlockHeader called for hash: 00000000000037cff0d20ced3a17dc9003ac34f447ab772349b79a5f0e76804a
2025/09/16 15:03:58 ELECTRUM: GetBestBlock called
2025/09/16 15:03:58 ELECTRUM: Subscribing to headers to get current height
2025/09/16 15:03:58 ELECTRUM: Got current height 4671619 from headers subscription
2025/09/16 15:03:58 ELECTRUM: Returning hash 00000000000037cff0d20ced3a17dc9003ac34f447ab772349b79a5f0e76804a for height 4671619 (from headers subscription)
2025-09-16 15:03:58.930 [DBG] LTND lnd.go:727: Syncing to block chain rev=08ae35 best_block_time="2025-09-16 15:03:52 -0400 EDT" is_synced=false
2025/09/16 15:03:59 ELECTRUM: GetBestBlock called
2025/09/16 15:03:59 ELECTRUM: Subscribing to headers to get current height
2025/09/16 15:04:00 ELECTRUM: Got current height 4671620 from headers subscription
2025/09/16 15:04:00 ELECTRUM: Returning hash 0000000000003e6343a28a0579b7b6608852b7d454a174d0ba58a12c3660bd37 for height 4671620 (from headers subscription)
2025/09/16 15:04:00 ELECTRUM: GetBlockHeader called for hash: 0000000000003e6343a28a0579b7b6608852b7d454a174d0ba58a12c3660bd37
2025/09/16 15:04:00 ELECTRUM: GetBestBlock called
2025/09/16 15:04:00 ELECTRUM: Subscribing to headers to get current height
2025/09/16 15:04:00 ELECTRUM: Got current height 4671620 from headers subscription
2025/09/16 15:04:00 ELECTRUM: Returning hash 0000000000003e6343a28a0579b7b6608852b7d454a174d0ba58a12c3660bd37 for height 4671620 (from headers subscription)
2025-09-16 15:04:00.635 [DBG] LTND lnd.go:727: Syncing to block chain rev=08ae35 best_block_time="2025-09-16 15:03:58 -0400 EDT" is_synced=false
2025/09/16 15:04:01 ELECTRUM: GetBestBlock called
2025/09/16 15:04:01 ELECTRUM: Subscribing to headers to get current height
2025/09/16 15:04:01 ELECTRUM: Got current height 4671620 from headers subscription
2025/09/16 15:04:01 ELECTRUM: Returning hash 0000000000003e6343a28a0579b7b6608852b7d454a174d0ba58a12c3660bd37 for height 4671620 (from headers subscription)
2025/09/16 15:04:01 ELECTRUM: GetBlockHeader called for hash: 0000000000003e6343a28a0579b7b6608852b7d454a174d0ba58a12c3660bd37
2025/09/16 15:04:01 ELECTRUM: GetBestBlock called
2025/09/16 15:04:01 ELECTRUM: Subscribing to headers to get current height
2025/09/16 15:04:02 ELECTRUM: Got current height 4671620 from headers subscription
2025/09/16 15:04:02 ELECTRUM: Returning hash 0000000000003e6343a28a0579b7b6608852b7d454a174d0ba58a12c3660bd37 for height 4671620 (from headers subscription)
2025-09-16 15:04:02.337 [DBG] LTND lnd.go:727: Syncing to block chain rev=08ae35 best_block_time="2025-09-16 15:03:58 -0400 EDT" is_synced=false
2025/09/16 15:04:03 ELECTRUM: GetBestBlock called
2025/09/16 15:04:03 ELECTRUM: Subscribing to headers to get current height
2025/09/16 15:04:03 ELECTRUM: Got current height 4671620 from headers subscription
2025/09/16 15:04:03 ELECTRUM: Returning hash 0000000000003e6343a28a0579b7b6608852b7d454a174d0ba58a12c3660bd37 for height 4671620 (from headers subscription)
2025/09/16 15:04:03 ELECTRUM: GetBlockHeader called for hash: 0000000000003e6343a28a0579b7b6608852b7d454a174d0ba58a12c3660bd37
2025/09/16 15:04:03 ELECTRUM: GetBestBlock called
2025/09/16 15:04:03 ELECTRUM: Subscribing to headers to get current height
2025/09/16 15:04:03 ELECTRUM: Got current height 4671620 from headers subscription
2025/09/16 15:04:03 ELECTRUM: Returning hash 0000000000003e6343a28a0579b7b6608852b7d454a174d0ba58a12c3660bd37 for height 4671620 (from headers subscription)
2025-09-16 15:04:04.036 [DBG] LTND lnd.go:727: Syncing to block chain rev=08ae35 best_block_time="2025-09-16 15:03:58 -0400 EDT" is_synced=false
2025/09/16 15:04:05 ELECTRUM: GetBestBlock called
2025/09/16 15:04:05 ELECTRUM: Subscribing to headers to get current height
2025/09/16 15:04:05 ELECTRUM: Got current height 4671622 from headers subscription
2025/09/16 15:04:05 ELECTRUM: Returning hash 00000000000026c79834ffa727b681b8d240926b8feac9327365f0aa007d4348 for height 4671622 (from headers subscription)
2025/09/16 15:04:05 ELECTRUM: GetBlockHeader called for hash: 00000000000026c79834ffa727b681b8d240926b8feac9327365f0aa007d4348
2025/09/16 15:04:05 ELECTRUM: GetBestBlock called
2025/09/16 15:04:05 ELECTRUM: Subscribing to headers to get current height
2025/09/16 15:04:05 ELECTRUM: Got current height 4671622 from headers subscription
2025/09/16 15:04:05 ELECTRUM: Returning hash 00000000000026c79834ffa727b681b8d240926b8feac9327365f0aa007d4348 for height 4671622 (from headers subscription)
2025-09-16 15:04:05.736 [DBG] LTND lnd.go:727: Syncing to block chain rev=08ae35 best_block_time="2025-09-16 15:04:04 -0400 EDT" is_synced=false
ELECTRUM: Starting fetchAddressHistory for address: tb1pfupw2hh0f8eylexp7xwvc808zp730m8quqv3jcnuhygayhtqn7dqqzd22e
ELECTRUM: Fetching transaction history for address: tb1pfupw2hh0f8eylexp7xwvc808zp730m8quqv3jcnuhygayhtqn7dqqzd22e
ELECTRUM: Calling GetHistory for address: tb1pfupw2hh0f8eylexp7xwvc808zp730m8quqv3jcnuhygayhtqn7dqqzd22e, scriptHash: 2966a8cfe5d1d6942120f6e15911f2a159331b3cb5df79b5a19bb6ffa1e98e85
ELECTRUM: Starting fetchAddressHistory for address: tb1pfupw2hh0f8eylexp7xwvc808zp730m8quqv3jcnuhygayhtqn7dqqzd22e
ELECTRUM: Fetching transaction history for address: tb1pfupw2hh0f8eylexp7xwvc808zp730m8quqv3jcnuhygayhtqn7dqqzd22e
ELECTRUM: Calling GetHistory for address: tb1pfupw2hh0f8eylexp7xwvc808zp730m8quqv3jcnuhygayhtqn7dqqzd22e, scriptHash: 2966a8cfe5d1d6942120f6e15911f2a159331b3cb5df79b5a19bb6ffa1e98e85
ELECTRUM: Starting fetchAddressHistory for address: tb1pfa45x8q236tlj2qzy5rugwdus9yvy44m8z46mf96r5kud0am3a6spg2nx2
ELECTRUM: Fetching transaction history for address: tb1pfa45x8q236tlj2qzy5rugwdus9yvy44m8z46mf96r5kud0am3a6spg2nx2
ELECTRUM: Calling GetHistory for address: tb1pfa45x8q236tlj2qzy5rugwdus9yvy44m8z46mf96r5kud0am3a6spg2nx2, scriptHash: 8b444a6098628c19c7db49588158bfc7fac0dae1e025c3fa3b31b99227ed2e87
ELECTRUM: Starting fetchAddressHistory for address: tb1pfa45x8q236tlj2qzy5rugwdus9yvy44m8z46mf96r5kud0am3a6spg2nx2
ELECTRUM: Fetching transaction history for address: tb1pfa45x8q236tlj2qzy5rugwdus9yvy44m8z46mf96r5kud0am3a6spg2nx2
ELECTRUM: Calling GetHistory for address: tb1pfa45x8q236tlj2qzy5rugwdus9yvy44m8z46mf96r5kud0am3a6spg2nx2, scriptHash: 8b444a6098628c19c7db49588158bfc7fac0dae1e025c3fa3b31b99227ed2e87
2025/09/16 15:04:06 ELECTRUM: GetBestBlock called
2025/09/16 15:04:06 ELECTRUM: Subscribing to headers to get current height
2025/09/16 15:04:06 ELECTRUM: Got current height 4671623 from headers subscription
2025/09/16 15:04:06 ELECTRUM: Returning hash 000000000002ab588eee47f2c7a4a3bc929f8b9eb6c5d8c743933c7507315bad for height 4671623 (from headers subscription)
2025/09/16 15:04:06 ELECTRUM: GetBlockHeader called for hash: 000000000002ab588eee47f2c7a4a3bc929f8b9eb6c5d8c743933c7507315bad
2025/09/16 15:04:06 ELECTRUM: GetBestBlock called
2025/09/16 15:04:06 ELECTRUM: Subscribing to headers to get current height
2025/09/16 15:04:07 ELECTRUM: Got current height 4671623 from headers subscription
2025/09/16 15:04:07 ELECTRUM: Returning hash 000000000002ab588eee47f2c7a4a3bc929f8b9eb6c5d8c743933c7507315bad for height 4671623 (from headers subscription)
2025-09-16 15:04:07.437 [DBG] LTND lnd.go:727: Syncing to block chain rev=08ae35 best_block_time="2025-09-16 15:04:04 -0400 EDT" is_synced=false
2025/09/16 15:04:08 ELECTRUM: GetBestBlock called
2025/09/16 15:04:08 ELECTRUM: Subscribing to headers to get current height
2025/09/16 15:04:08 ELECTRUM: Got current height 4671623 from headers subscription
2025/09/16 15:04:08 ELECTRUM: Returning hash 000000000002ab588eee47f2c7a4a3bc929f8b9eb6c5d8c743933c7507315bad for height 4671623 (from headers subscription)
2025/09/16 15:04:08 ELECTRUM: GetBlockHeader called for hash: 000000000002ab588eee47f2c7a4a3bc929f8b9eb6c5d8c743933c7507315bad
2025/09/16 15:04:08 ELECTRUM: GetBestBlock called
2025/09/16 15:04:08 ELECTRUM: Subscribing to headers to get current height
2025/09/16 15:04:08 ELECTRUM: Got current height 4671624 from headers subscription
2025/09/16 15:04:08 ELECTRUM: Returning hash 00000000000041d754536869cfa53e8a4927fdcd7f31bb54381fcbe48da81117 for height 4671624 (from headers subscription)
2025/09/16 15:04:08 ELECTRUM: GetBestBlock called
2025/09/16 15:04:09 ELECTRUM: Subscribing to headers to get current height
2025/09/16 15:04:09 ELECTRUM: Got current height 4671624 from headers subscription
2025/09/16 15:04:09 ELECTRUM: Returning hash 00000000000041d754536869cfa53e8a4927fdcd7f31bb54381fcbe48da81117 for height 4671624 (from headers subscription)
2025/09/16 15:04:09 ELECTRUM: Checking for new blocks - current: 4671624, last known: 4671613
2025/09/16 15:04:09 ELECTRUM: New block detected! Height: 4671624 (was 4671613)
2025/09/16 15:04:09 ELECTRUM: Sending block connected notification for height 4671624
2025/09/16 15:04:09 ELECTRUM: Block notification sent successfully for height 4671624
2025/09/16 15:04:09 ELECTRUM: Script hash 2966a8cfe5d1d6942120f6e15911f2a159331b3cb5df79b5a19bb6ffa1e98e85 status changed from 2966a8cfe5d1d6942120f6e15911f2a159331b3cb5df79b5a19bb6ffa1e98e85 to tx_count:0 - new transactions detected!
2025/09/16 15:04:09 ELECTRUM: Handling script hash update for 2966a8cfe5d1d6942120f6e15911f2a159331b3cb5df79b5a19bb6ffa1e98e85
2025/09/16 15:04:10 ELECTRUM: Found 0 transactions for script hash 2966a8cfe5d1d6942120f6e15911f2a159331b3cb5df79b5a19bb6ffa1e98e85
2025/09/16 15:04:10 ELECTRUM: GetBestBlock called
2025/09/16 15:04:10 ELECTRUM: Subscribing to headers to get current height
2025/09/16 15:04:10 ELECTRUM: Got current height 4671624 from headers subscription
2025/09/16 15:04:10 ELECTRUM: Returning hash 00000000000041d754536869cfa53e8a4927fdcd7f31bb54381fcbe48da81117 for height 4671624 (from headers subscription)
2025/09/16 15:04:10 ELECTRUM: Checking for new blocks - current: 4671624, last known: 4671614
2025/09/16 15:04:10 ELECTRUM: New block detected! Height: 4671624 (was 4671614)
2025/09/16 15:04:10 ELECTRUM: Sending block connected notification for height 4671624
2025/09/16 15:04:10 ELECTRUM: Block notification sent successfully for height 4671624
2025/09/16 15:04:10 ELECTRUM: GetBestBlock called
2025/09/16 15:04:10 ELECTRUM: Subscribing to headers to get current height
2025/09/16 15:04:10 ELECTRUM: Got current height 4671624 from headers subscription
2025/09/16 15:04:10 ELECTRUM: Returning hash 00000000000041d754536869cfa53e8a4927fdcd7f31bb54381fcbe48da81117 for height 4671624 (from headers subscription)
2025/09/16 15:04:10 ELECTRUM: Checking for new blocks - current: 4671624, last known: 4671614
2025/09/16 15:04:10 ELECTRUM: New block detected! Height: 4671624 (was 4671614)
2025/09/16 15:04:10 ELECTRUM: Sending block connected notification for height 4671624
2025/09/16 15:04:10 ELECTRUM: Block notification sent successfully for height 4671624
2025/09/16 15:04:12 ELECTRUM: Script hash 8b444a6098628c19c7db49588158bfc7fac0dae1e025c3fa3b31b99227ed2e87 status changed from 8b444a6098628c19c7db49588158bfc7fac0dae1e025c3fa3b31b99227ed2e87 to tx_count:0 - new transactions detected!
2025/09/16 15:04:12 ELECTRUM: Handling script hash update for 8b444a6098628c19c7db49588158bfc7fac0dae1e025c3fa3b31b99227ed2e87
2025/09/16 15:04:12 ELECTRUM: Found 0 transactions for script hash 8b444a6098628c19c7db49588158bfc7fac0dae1e025c3fa3b31b99227ed2e87
ELECTRUM: Starting fetchAddressHistory for address: tb1pdgk4u0s9wx5x94qzek0avr3z7lfxq5narwxy8m7hxp5ssx0segwspfg8av
ELECTRUM: Fetching transaction history for address: tb1pdgk4u0s9wx5x94qzek0avr3z7lfxq5narwxy8m7hxp5ssx0segwspfg8av
ELECTRUM: Calling GetHistory for address: tb1pdgk4u0s9wx5x94qzek0avr3z7lfxq5narwxy8m7hxp5ssx0segwspfg8av, scriptHash: 236dcdd5f7ff8eab299f61a8ef0df9378e9e78079c2071ac5375e20631754177
ELECTRUM: Starting fetchAddressHistory for address: tb1pdgk4u0s9wx5x94qzek0avr3z7lfxq5narwxy8m7hxp5ssx0segwspfg8av
ELECTRUM: Fetching transaction history for address: tb1pdgk4u0s9wx5x94qzek0avr3z7lfxq5narwxy8m7hxp5ssx0segwspfg8av
ELECTRUM: Calling GetHistory for address: tb1pdgk4u0s9wx5x94qzek0avr3z7lfxq5narwxy8m7hxp5ssx0segwspfg8av, scriptHash: 236dcdd5f7ff8eab299f61a8ef0df9378e9e78079c2071ac5375e20631754177
2025/09/16 15:04:15 ELECTRUM: Script hash 236dcdd5f7ff8eab299f61a8ef0df9378e9e78079c2071ac5375e20631754177 status changed from 236dcdd5f7ff8eab299f61a8ef0df9378e9e78079c2071ac5375e20631754177 to tx_count:0 - new transactions detected!
2025/09/16 15:04:15 ELECTRUM: Handling script hash update for 236dcdd5f7ff8eab299f61a8ef0df9378e9e78079c2071ac5375e20631754177
2025/09/16 15:04:15 ELECTRUM: Found 0 transactions for script hash 236dcdd5f7ff8eab299f61a8ef0df9378e9e78079c2071ac5375e20631754177
2025-09-16 15:04:27.643 [DBG] RPCS interceptor.go:775: [/lnrpc.Lightning/WalletBalance] requested
2025-09-16 15:04:27.644 [INF] BTWL btcwallet.go:823: BTCWALLET: ConfirmedBalance called with confs=0, accountFilter=default
2025-09-16 15:04:27.645 [INF] BTWL btcwallet.go:1541: BTCWALLET: Adding 11 discovered Electrum transactions to witness outputs
2025-09-16 15:04:27.645 [INF] BTWL btcwallet.go:823: BTCWALLET: ConfirmedBalance called with confs=1, accountFilter=default
2025-09-16 15:04:27.645 [INF] BTWL btcwallet.go:1541: BTCWALLET: Adding 11 discovered Electrum transactions to witness outputs
2025-09-16 15:04:27.645 [DBG] RPCS rpcserver.go:3746: [walletbalance] Total balance=0.00129314 BTC (confirmed=0.00129314 BTC, unconfirmed=0 BTC, locked=0 BTC)
2025-09-16 15:04:28.804 [DBG] RPCS interceptor.go:775: [/lnrpc.Lightning/WalletBalance] requested
2025-09-16 15:04:28.805 [INF] BTWL btcwallet.go:823: BTCWALLET: ConfirmedBalance called with confs=0, accountFilter=default
2025-09-16 15:04:28.805 [INF] BTWL btcwallet.go:1541: BTCWALLET: Adding 11 discovered Electrum transactions to witness outputs
2025-09-16 15:04:28.805 [INF] BTWL btcwallet.go:823: BTCWALLET: ConfirmedBalance called with confs=1, accountFilter=default
2025-09-16 15:04:28.805 [INF] BTWL btcwallet.go:1541: BTCWALLET: Adding 11 discovered Electrum transactions to witness outputs
2025-09-16 15:04:28.805 [DBG] RPCS rpcserver.go:3746: [walletbalance] Total balance=0.00129314 BTC (confirmed=0.00129314 BTC, unconfirmed=0 BTC, locked=0 BTC)
2025-09-16 15:04:29.448 [DBG] RPCS interceptor.go:775: [/lnrpc.Lightning/WalletBalance] requested
2025-09-16 15:04:29.449 [INF] BTWL btcwallet.go:823: BTCWALLET: ConfirmedBalance called with confs=0, accountFilter=default
2025-09-16 15:04:29.449 [INF] BTWL btcwallet.go:1541: BTCWALLET: Adding 11 discovered Electrum transactions to witness outputs
2025-09-16 15:04:29.449 [INF] BTWL btcwallet.go:823: BTCWALLET: ConfirmedBalance called with confs=1, accountFilter=default
2025-09-16 15:04:29.449 [INF] BTWL btcwallet.go:1541: BTCWALLET: Adding 11 discovered Electrum transactions to witness outputs
2025-09-16 15:04:29.449 [DBG] RPCS rpcserver.go:3746: [walletbalance] Total balance=0.00129314 BTC (confirmed=0.00129314 BTC, unconfirmed=0 BTC, locked=0 BTC)
2025-09-16 15:04:30.059 [DBG] RPCS interceptor.go:775: [/lnrpc.Lightning/WalletBalance] requested
2025-09-16 15:04:30.060 [INF] BTWL btcwallet.go:823: BTCWALLET: ConfirmedBalance called with confs=0, accountFilter=default
2025-09-16 15:04:30.060 [INF] BTWL btcwallet.go:1541: BTCWALLET: Adding 11 discovered Electrum transactions to witness outputs
2025-09-16 15:04:30.060 [INF] BTWL btcwallet.go:823: BTCWALLET: ConfirmedBalance called with confs=1, accountFilter=default
2025-09-16 15:04:30.060 [INF] BTWL btcwallet.go:1541: BTCWALLET: Adding 11 discovered Electrum transactions to witness outputs
2025-09-16 15:04:30.060 [DBG] RPCS rpcserver.go:3746: [walletbalance] Total balance=0.00129314 BTC (confirmed=0.00129314 BTC, unconfirmed=0 BTC, locked=0 BTC)
2025-09-16 15:04:30.621 [DBG] RPCS interceptor.go:775: [/lnrpc.Lightning/WalletBalance] requested
2025-09-16 15:04:30.621 [INF] BTWL btcwallet.go:823: BTCWALLET: ConfirmedBalance called with confs=0, accountFilter=default
2025-09-16 15:04:30.622 [INF] BTWL btcwallet.go:1541: BTCWALLET: Adding 11 discovered Electrum transactions to witness outputs
2025-09-16 15:04:30.622 [INF] BTWL btcwallet.go:823: BTCWALLET: ConfirmedBalance called with confs=1, accountFilter=default
2025-09-16 15:04:30.622 [INF] BTWL btcwallet.go:1541: BTCWALLET: Adding 11 discovered Electrum transactions to witness outputs
2025-09-16 15:04:30.622 [DBG] RPCS rpcserver.go:3746: [walletbalance] Total balance=0.00129314 BTC (confirmed=0.00129314 BTC, unconfirmed=0 BTC, locked=0 BTC)
2025/09/16 15:04:31 ELECTRUM: Script hash 236dcdd5f7ff8eab299f61a8ef0df9378e9e78079c2071ac5375e20631754177 status changed from tx_count:0 to tx_count:1,latest_height:4671633 - new transactions detected!
2025/09/16 15:04:31 ELECTRUM: Handling script hash update for 236dcdd5f7ff8eab299f61a8ef0df9378e9e78079c2071ac5375e20631754177
2025-09-16 15:04:31.321 [DBG] RPCS interceptor.go:775: [/lnrpc.Lightning/WalletBalance] requested
2025-09-16 15:04:31.322 [INF] BTWL btcwallet.go:823: BTCWALLET: ConfirmedBalance called with confs=0, accountFilter=default
2025-09-16 15:04:31.322 [INF] BTWL btcwallet.go:1541: BTCWALLET: Adding 11 discovered Electrum transactions to witness outputs
2025-09-16 15:04:31.322 [INF] BTWL btcwallet.go:823: BTCWALLET: ConfirmedBalance called with confs=1, accountFilter=default
2025-09-16 15:04:31.322 [INF] BTWL btcwallet.go:1541: BTCWALLET: Adding 11 discovered Electrum transactions to witness outputs
2025-09-16 15:04:31.323 [DBG] RPCS rpcserver.go:3746: [walletbalance] Total balance=0.00129314 BTC (confirmed=0.00129314 BTC, unconfirmed=0 BTC, locked=0 BTC)
2025/09/16 15:04:31 ELECTRUM: Found 1 transactions for script hash 236dcdd5f7ff8eab299f61a8ef0df9378e9e78079c2071ac5375e20631754177
2025/09/16 15:04:31 ELECTRUM: Processing transaction 0 for script hash 236dcdd5f7ff8eab299f61a8ef0df9378e9e78079c2071ac5375e20631754177
ELECTRUM: buildTransactionDetail called with entry type: *electrum.GetMempoolResult
ELECTRUM: buildTransactionDetail: Transaction 5f70a219e46295819c278cd10694f8a424d68f07db156a1063373cdb0559c404 has height: 4671633
ELECTRUM: buildTransactionDetail: About to call GetTransaction for 5f70a219e46295819c278cd10694f8a424d68f07db156a1063373cdb0559c404
ELECTRUM: buildTransactionDetail: Getting transaction details for 5f70a219e46295819c278cd10694f8a424d68f07db156a1063373cdb0559c404
ELECTRUM: buildTransactionDetail: Successfully got transaction 5f70a219e46295819c278cd10694f8a424d68f07db156a1063373cdb0559c404
ELECTRUM: buildTransactionDetail: GetTransaction succeeded for 5f70a219e46295819c278cd10694f8a424d68f07db156a1063373cdb0559c404, processing result
ELECTRUM: buildTransactionDetail: Processing transaction result for 5f70a219e46295819c278cd10694f8a424d68f07db156a1063373cdb0559c404
ELECTRUM: buildTransactionDetail: Transaction result is not nil for 5f70a219e46295819c278cd10694f8a424d68f07db156a1063373cdb0559c404
ELECTRUM: buildTransactionDetail: Attempting to get actual value for transaction 5f70a219e46295819c278cd10694f8a424d68f07db156a1063373cdb0559c404
ELECTRUM: getTransactionValue: Transaction result type: *electrum.GetTransactionResult, fields: 12
ELECTRUM: getTransactionValue: Field 0: Blockhash = 00000000000026db83ab93ffac27c891b627912f3d1f14843b478dac7bc7d9ae (type: string)
ELECTRUM: getTransactionValue: Field 1: Blocktime = 1758049467 (type: uint64)
ELECTRUM: getTransactionValue: Field 2: Confirmations = 5 (type: int32)
ELECTRUM: getTransactionValue: Field 3: Hash = f8db6d43eb017d4c8194cc57659df2528a24f01d5dfa759e3612987eabed2fdb (type: string)
ELECTRUM: getTransactionValue: Field 4: Hex = 010000000001018579683c0cfd776af522fac6afd4e516596670f270ca8287aa0cdeb19423e52a0100000000ffffffff026673a10000000000225120d3b6cfb4d724b96d458372bac368928693c00673c08da3f76d02241761bd36396e460000000000002251206a2d5e3e0571a862d402cd9fd60e22f7d260527d1b8c43efd730690819f0ca1d0140ba482efd22ed3f6978a5266385cbe047510eb5e214cb36ee4797042fe399a0733e3d71ae47257b5c3fd22527861e1598d5c2c48653fea4e4d05eaef7ba59cc8c00000000 (type: string)
ELECTRUM: getTransactionValue: Field 5: Locktime = 0 (type: uint32)
ELECTRUM: getTransactionValue: Field 6: Size = 205 (type: uint32)
ELECTRUM: getTransactionValue: Field 7: Time = 1758049467 (type: uint64)
ELECTRUM: getTransactionValue: Field 8: Version = 1 (type: uint32)
ELECTRUM: getTransactionValue: Field 9: Vin = [{ 0x140004e5c60 4294967295 2ae52394b1de0caa8782ca70f270665916e5d4afc6fa22f56a77fd0c3c687985 1}] (type: []electrum.Vin)
ELECTRUM: getTransactionValue: Field 10: Vout = [{0 {[] 1 d3b6cfb4d724b96d458372bac368928693c00673c08da3f76d02241761bd3639 5120d3b6cfb4d724b96d458372bac368928693c00673c08da3f76d02241761bd3639 0 witness_v1_taproot} 0.10580838} {1 {[] 1 6a2d5e3e0571a862d402cd9fd60e22f7d260527d1b8c43efd730690819f0ca1d 51206a2d5e3e0571a862d402cd9fd60e22f7d260527d1b8c43efd730690819f0ca1d 0 witness_v1_taproot} 0.0001803}] (type: []electrum.Vout)
ELECTRUM: getTransactionValue: Field 11: Merkle = {[] 0 0} (type: electrum.GetMerkleProofResult)
ELECTRUM: getTransactionValue: Processing 2 Vout entries for transaction 5f70a219e46295819c278cd10694f8a424d68f07db156a1063373cdb0559c404
ELECTRUM: getTransactionValue: Processing Vout entry 0 for transaction 5f70a219e46295819c278cd10694f8a424d68f07db156a1063373cdb0559c404
ELECTRUM: getTransactionValue: Vout[0] Field 0: N = 0 (type: uint32)
ELECTRUM: getTransactionValue: Vout[0] Field 1: ScriptPubkey = {[] 1 d3b6cfb4d724b96d458372bac368928693c00673c08da3f76d02241761bd3639 5120d3b6cfb4d724b96d458372bac368928693c00673c08da3f76d02241761bd3639 0 witness_v1_taproot} (type: electrum.ScriptPubkey)
ELECTRUM: getTransactionValue: Vout[0] Field 2: Value = 0.10580838 (type: float64)
ELECTRUM: getTransactionValue: Vout[0] has value 0.105808 BTC (10580838 satoshis)
ELECTRUM: getTransactionValue: Vout[0] ScriptPubkey type: electrum.ScriptPubkey
ELECTRUM: getTransactionValue: Vout[0] ScriptPubkey has 5 fields
ELECTRUM: getTransactionValue: Vout[0] ScriptPubkey Field 0: Addresses = [] (type: []string)
ELECTRUM: getTransactionValue: Vout[0] ScriptPubkey Field 1: Asm = 1 d3b6cfb4d724b96d458372bac368928693c00673c08da3f76d02241761bd3639 (type: string)
ELECTRUM: getTransactionValue: Vout[0] ScriptPubkey Field 2: Hex = 5120d3b6cfb4d724b96d458372bac368928693c00673c08da3f76d02241761bd3639 (type: string)
ELECTRUM: getTransactionValue: Vout[0] ScriptPubkey Field 3: ReqSigs = 0 (type: uint32)
ELECTRUM: getTransactionValue: Vout[0] ScriptPubkey Field 4: Type = witness_v1_taproot (type: string)
ELECTRUM: getTransactionValue: Vout[0] extracted script hex from Hex field: 5120d3b6cfb4d724b96d458372bac368928693c00673c08da3f76d02241761bd3639
ELECTRUM: getTransactionValue: Vout[0] calculated script hash: c34c6f7208974853caf8729d66f9b4600c6c5eb3bb450825547d5b67c8855330, target: 236dcdd5f7ff8eab299f61a8ef0df9378e9e78079c2071ac5375e20631754177
ELECTRUM: getTransactionValue: Vout[0] does not match our script hash, skipping
ELECTRUM: getTransactionValue: Processing Vout entry 1 for transaction 5f70a219e46295819c278cd10694f8a424d68f07db156a1063373cdb0559c404
ELECTRUM: getTransactionValue: Vout[1] Field 0: N = 1 (type: uint32)
ELECTRUM: getTransactionValue: Vout[1] Field 1: ScriptPubkey = {[] 1 6a2d5e3e0571a862d402cd9fd60e22f7d260527d1b8c43efd730690819f0ca1d 51206a2d5e3e0571a862d402cd9fd60e22f7d260527d1b8c43efd730690819f0ca1d 0 witness_v1_taproot} (type: electrum.ScriptPubkey)
ELECTRUM: getTransactionValue: Vout[1] Field 2: Value = 0.0001803 (type: float64)
ELECTRUM: getTransactionValue: Vout[1] has value 0.000180 BTC (18030 satoshis)
ELECTRUM: getTransactionValue: Vout[1] ScriptPubkey type: electrum.ScriptPubkey
ELECTRUM: getTransactionValue: Vout[1] ScriptPubkey has 5 fields
ELECTRUM: getTransactionValue: Vout[1] ScriptPubkey Field 0: Addresses = [] (type: []string)
ELECTRUM: getTransactionValue: Vout[1] ScriptPubkey Field 1: Asm = 1 6a2d5e3e0571a862d402cd9fd60e22f7d260527d1b8c43efd730690819f0ca1d (type: string)
ELECTRUM: getTransactionValue: Vout[1] ScriptPubkey Field 2: Hex = 51206a2d5e3e0571a862d402cd9fd60e22f7d260527d1b8c43efd730690819f0ca1d (type: string)
ELECTRUM: getTransactionValue: Vout[1] ScriptPubkey Field 3: ReqSigs = 0 (type: uint32)
ELECTRUM: getTransactionValue: Vout[1] ScriptPubkey Field 4: Type = witness_v1_taproot (type: string)
ELECTRUM: getTransactionValue: Vout[1] extracted script hex from Hex field: 51206a2d5e3e0571a862d402cd9fd60e22f7d260527d1b8c43efd730690819f0ca1d
ELECTRUM: getTransactionValue: Vout[1] calculated script hash: 236dcdd5f7ff8eab299f61a8ef0df9378e9e78079c2071ac5375e20631754177, target: 236dcdd5f7ff8eab299f61a8ef0df9378e9e78079c2071ac5375e20631754177
ELECTRUM: getTransactionValue: Vout[1] matches our script hash, adding 18030 satoshis
ELECTRUM: buildTransactionDetail: Transaction 5f70a219e46295819c278cd10694f8a424d68f07db156a1063373cdb0559c404 has actual value 18030 satoshis
2025/09/16 15:04:31 ELECTRUM: GetBlockHash called for height: 4671633
2025/09/16 15:04:32 ELECTRUM: Found transaction 5f70a219e46295819c278cd10694f8a424d68f07db156a1063373cdb0559c404 for script hash 236dcdd5f7ff8eab299f61a8ef0df9378e9e78079c2071ac5375e20631754177 (confirmations: -8, value: 18030)
2025/09/16 15:04:32 ELECTRUM: Sending relevant transaction notification for 5f70a219e46295819c278cd10694f8a424d68f07db156a1063373cdb0559c404
2025/09/16 15:04:32 ELECTRUM: Found address mapping for transaction 5f70a219e46295819c278cd10694f8a424d68f07db156a1063373cdb0559c404: scriptHash 8578ba4feebf5378a3775363d531f253b8fbf9b00df139d1346ef1cbb8d17245 -> address tb1pv6wu2k2pls6eclghkyv4rehmv8pf93kj5x7pejzak3gzd3a9778shsgnq0
2025/09/16 15:04:32 ELECTRUM: Calling transaction callback for 5f70a219e46295819c278cd10694f8a424d68f07db156a1063373cdb0559c404 (value: 18030, confirmations: -8, address: tb1pv6wu2k2pls6eclghkyv4rehmv8pf93kj5x7pejzak3gzd3a9778shsgnq0)
2025-09-16 15:04:32.300 [INF] BTWL btcwallet.go:490: BTCWALLET: Received transaction callback - txHash: 5f70a219e46295819c278cd10694f8a424d68f07db156a1063373cdb0559c404, address: tb1pv6wu2k2pls6eclghkyv4rehmv8pf93kj5x7pejzak3gzd3a9778shsgnq0, value: 18030, confirmations: -8
2025-09-16 15:04:32.300 [INF] BTWL btcwallet.go:514: BTCWALLET: Integrating discovered transaction 5f70a219e46295819c278cd10694f8a424d68f07db156a1063373cdb0559c404 for address tb1pv6wu2k2pls6eclghkyv4rehmv8pf93kj5x7pejzak3gzd3a9778shsgnq0 (value: 18030, confirmations: -8)
2025-09-16 15:04:32.300 [INF] BTWL btcwallet.go:561: BTCWALLET: Successfully integrated transaction 5f70a219e46295819c278cd10694f8a424d68f07db156a1063373cdb0559c404 (value: 18030 satoshis, confirmations: -8)
2025-09-16 15:04:32.300 [INF] BTWL btcwallet.go:498: BTCWALLET: Successfully integrated discovered transaction 5f70a219e46295819c278cd10694f8a424d68f07db156a1063373cdb0559c404
2025/09/16 15:04:32 ELECTRUM: Transaction callback completed for 5f70a219e46295819c278cd10694f8a424d68f07db156a1063373cdb0559c404
2025-09-16 15:04:32.643 [DBG] RPCS interceptor.go:775: [/lnrpc.Lightning/WalletBalance] requested
2025-09-16 15:04:32.644 [INF] BTWL btcwallet.go:823: BTCWALLET: ConfirmedBalance called with confs=0, accountFilter=default
2025-09-16 15:04:32.644 [INF] BTWL btcwallet.go:1541: BTCWALLET: Adding 12 discovered Electrum transactions to witness outputs
2025-09-16 15:04:32.644 [INF] BTWL btcwallet.go:823: BTCWALLET: ConfirmedBalance called with confs=1, accountFilter=default
2025-09-16 15:04:32.644 [INF] BTWL btcwallet.go:1541: BTCWALLET: Adding 12 discovered Electrum transactions to witness outputs
2025-09-16 15:04:32.644 [DBG] RPCS rpcserver.go:3746: [walletbalance] Total balance=0.00147344 BTC (confirmed=0.00147344 BTC, unconfirmed=0 BTC, locked=0 BTC)
2025-09-16 15:04:33.044 [DBG] LTND lnd.go:727: Syncing to block chain rev=08ae35 best_block_time="2025-09-16 15:04:04 -0400 EDT" is_synced=false
2025/09/16 15:04:34 ELECTRUM: GetBestBlock called
2025/09/16 15:04:34 ELECTRUM: Subscribing to headers to get current height
2025/09/16 15:04:34 ELECTRUM: Got current height 4671638 from headers subscription
2025/09/16 15:04:34 ELECTRUM: Returning hash 00000000000034df84b6fc06254dd9aaa5bbba911a93517bc5132458e11336aa for height 4671638 (from headers subscription)
2025/09/16 15:04:34 ELECTRUM: GetBlockHeader called for hash: 00000000000034df84b6fc06254dd9aaa5bbba911a93517bc5132458e11336aa
2025/09/16 15:04:34 ELECTRUM: GetBestBlock called
2025/09/16 15:04:34 ELECTRUM: Subscribing to headers to get current height
2025/09/16 15:04:34 ELECTRUM: Got current height 4671638 from headers subscription
2025/09/16 15:04:34 ELECTRUM: Returning hash 00000000000034df84b6fc06254dd9aaa5bbba911a93517bc5132458e11336aa for height 4671638 (from headers subscription)
2025-09-16 15:04:34.746 [DBG] LTND lnd.go:727: Syncing to block chain rev=08ae35 best_block_time="2025-09-16 15:04:39 -0400 EDT" is_synced=false
2025/09/16 15:04:35 ELECTRUM: GetBestBlock called
2025/09/16 15:04:35 ELECTRUM: Subscribing to headers to get current height
2025/09/16 15:04:35 ELECTRUM: Got current height 4671639 from headers subscription
2025/09/16 15:04:35 ELECTRUM: Returning hash 0000000000001da9c07ac2f88dfb70782a32e0f5e636ddece24e563b208276fe for height 4671639 (from headers subscription)
2025/09/16 15:04:35 ELECTRUM: GetBlockHeader called for hash: 0000000000001da9c07ac2f88dfb70782a32e0f5e636ddece24e563b208276fe
2025/09/16 15:04:35 ELECTRUM: GetBestBlock called
2025/09/16 15:04:35 ELECTRUM: Subscribing to headers to get current height
2025/09/16 15:04:36 ELECTRUM: Got current height 4671639 from headers subscription
2025/09/16 15:04:36 ELECTRUM: Returning hash 0000000000001da9c07ac2f88dfb70782a32e0f5e636ddece24e563b208276fe for height 4671639 (from headers subscription)
2025-09-16 15:04:36.453 [DBG] LTND lnd.go:727: Syncing to block chain rev=08ae35 best_block_time="2025-09-16 15:04:33 -0400 EDT" is_synced=false
2025/09/16 15:04:37 ELECTRUM: GetBestBlock called
2025/09/16 15:04:37 ELECTRUM: Subscribing to headers to get current height
2025/09/16 15:04:37 ELECTRUM: Got current height 4671640 from headers subscription
2025/09/16 15:04:37 ELECTRUM: Returning hash 000000000002aac7d61254429cee7d486ec2bd06decfb2364d6d98e8d9af2a5f for height 4671640 (from headers subscription)
2025/09/16 15:04:37 ELECTRUM: GetBlockHeader called for hash: 000000000002aac7d61254429cee7d486ec2bd06decfb2364d6d98e8d9af2a5f
2025/09/16 15:04:37 ELECTRUM: GetBestBlock called
2025/09/16 15:04:37 ELECTRUM: Subscribing to headers to get current height
2025/09/16 15:04:37 ELECTRUM: Got current height 4671640 from headers subscription
2025/09/16 15:04:37 ELECTRUM: Returning hash 000000000002aac7d61254429cee7d486ec2bd06decfb2364d6d98e8d9af2a5f for height 4671640 (from headers subscription)
2025-09-16 15:04:38.153 [DBG] LTND lnd.go:727: Syncing to block chain rev=08ae35 best_block_time="2025-09-16 15:04:42 -0400 EDT" is_synced=false
2025-09-16 15:04:38.974 [DBG] RPCS interceptor.go:775: [/lnrpc.Lightning/WalletBalance] requested
2025-09-16 15:04:38.974 [INF] BTWL btcwallet.go:823: BTCWALLET: ConfirmedBalance called with confs=0, accountFilter=default
2025-09-16 15:04:38.974 [INF] BTWL btcwallet.go:1541: BTCWALLET: Adding 12 discovered Electrum transactions to witness outputs
2025-09-16 15:04:38.974 [INF] BTWL btcwallet.go:823: BTCWALLET: ConfirmedBalance called with confs=1, accountFilter=default
2025-09-16 15:04:38.975 [INF] BTWL btcwallet.go:1541: BTCWALLET: Adding 12 discovered Electrum transactions to witness outputs
2025-09-16 15:04:38.975 [DBG] RPCS rpcserver.go:3746: [walletbalance] Total balance=0.00147344 BTC (confirmed=0.00147344 BTC, unconfirmed=0 BTC, locked=0 BTC)
2025/09/16 15:04:38 ELECTRUM: GetBestBlock called
2025/09/16 15:04:38 ELECTRUM: Subscribing to headers to get current height
2025/09/16 15:04:39 ELECTRUM: GetBestBlock called
2025/09/16 15:04:39 ELECTRUM: Subscribing to headers to get current height
2025/09/16 15:04:39 ELECTRUM: Got current height 4671640 from headers subscription
2025/09/16 15:04:39 ELECTRUM: Returning hash 000000000002aac7d61254429cee7d486ec2bd06decfb2364d6d98e8d9af2a5f for height 4671640 (from headers subscription)
2025/09/16 15:04:39 ELECTRUM: Checking for new blocks - current: 4671640, last known: 4671624
2025/09/16 15:04:39 ELECTRUM: New block detected! Height: 4671640 (was 4671624)
2025/09/16 15:04:39 ELECTRUM: Sending block connected notification for height 4671640
2025/09/16 15:04:39 ELECTRUM: Block notification sent successfully for height 4671640
2025/09/16 15:04:39 ELECTRUM: Got current height 4671640 from headers subscription
2025/09/16 15:04:39 ELECTRUM: Returning hash 000000000002aac7d61254429cee7d486ec2bd06decfb2364d6d98e8d9af2a5f for height 4671640 (from headers subscription)
2025/09/16 15:04:39 ELECTRUM: GetBlockHeader called for hash: 000000000002aac7d61254429cee7d486ec2bd06decfb2364d6d98e8d9af2a5f
2025/09/16 15:04:39 ELECTRUM: GetBestBlock called
2025/09/16 15:04:39 ELECTRUM: Subscribing to headers to get current height
2025/09/16 15:04:39 ELECTRUM: Got current height 4671640 from headers subscription
2025/09/16 15:04:39 ELECTRUM: Returning hash 000000000002aac7d61254429cee7d486ec2bd06decfb2364d6d98e8d9af2a5f for height 4671640 (from headers subscription)
2025-09-16 15:04:39.649 [DBG] RPCS interceptor.go:775: [/lnrpc.Lightning/WalletBalance] requested
2025-09-16 15:04:39.650 [INF] BTWL btcwallet.go:823: BTCWALLET: ConfirmedBalance called with confs=0, accountFilter=default
2025-09-16 15:04:39.650 [INF] BTWL btcwallet.go:1541: BTCWALLET: Adding 12 discovered Electrum transactions to witness outputs
2025-09-16 15:04:39.650 [INF] BTWL btcwallet.go:823: BTCWALLET: ConfirmedBalance called with confs=1, accountFilter=default
2025-09-16 15:04:39.650 [INF] BTWL btcwallet.go:1541: BTCWALLET: Adding 12 discovered Electrum transactions to witness outputs
2025-09-16 15:04:39.650 [DBG] RPCS rpcserver.go:3746: [walletbalance] Total balance=0.00147344 BTC (confirmed=0.00147344 BTC, unconfirmed=0 BTC, locked=0 BTC)
2025-09-16 15:04:39.857 [DBG] LTND lnd.go:727: Syncing to block chain rev=08ae35 best_block_time="2025-09-16 15:04:42 -0400 EDT" is_synced=false
2025/09/16 15:04:40 ELECTRUM: GetBestBlock called
2025/09/16 15:04:40 ELECTRUM: Subscribing to headers to get current height
2025/09/16 15:04:40 ELECTRUM: Got current height 4671641 from headers subscription
2025/09/16 15:04:40 ELECTRUM: Returning hash 0000000000034a6c84e2906cc28e1668b97ba5d88eedbcf436741bda61a7a568 for height 4671641 (from headers subscription)
2025/09/16 15:04:40 ELECTRUM: Checking for new blocks - current: 4671641, last known: 4671624
2025/09/16 15:04:40 ELECTRUM: New block detected! Height: 4671641 (was 4671624)
2025/09/16 15:04:40 ELECTRUM: Sending block connected notification for height 4671641
2025/09/16 15:04:40 ELECTRUM: Block notification sent successfully for height 4671641
2025/09/16 15:04:40 ELECTRUM: GetBestBlock called
2025/09/16 15:04:40 ELECTRUM: Subscribing to headers to get current height
2025/09/16 15:04:40 ELECTRUM: Got current height 4671641 from headers subscription
2025/09/16 15:04:40 ELECTRUM: Returning hash 0000000000034a6c84e2906cc28e1668b97ba5d88eedbcf436741bda61a7a568 for height 4671641 (from headers subscription)
2025/09/16 15:04:40 ELECTRUM: Checking for new blocks - current: 4671641, last known: 4671624
2025/09/16 15:04:40 ELECTRUM: New block detected! Height: 4671641 (was 4671624)
2025/09/16 15:04:40 ELECTRUM: Sending block connected notification for height 4671641
2025/09/16 15:04:40 ELECTRUM: Block notification sent successfully for height 4671641
2025/09/16 15:04:40 ELECTRUM: GetBestBlock called
2025/09/16 15:04:40 ELECTRUM: Subscribing to headers to get current height
2025/09/16 15:04:41 ELECTRUM: Got current height 4671642 from headers subscription
2025/09/16 15:04:41 ELECTRUM: Returning hash 00000000000005175ee0d0046f36c34072fa4ec55e91c7daca85223e50b38a2a for height 4671642 (from headers subscription)
2025/09/16 15:04:41 ELECTRUM: GetBlockHeader called for hash: 00000000000005175ee0d0046f36c34072fa4ec55e91c7daca85223e50b38a2a
2025/09/16 15:04:41 ELECTRUM: GetBestBlock called
2025/09/16 15:04:41 ELECTRUM: Subscribing to headers to get current height
2025/09/16 15:04:41 ELECTRUM: Got current height 4671642 from headers subscription
2025/09/16 15:04:41 ELECTRUM: Returning hash 00000000000005175ee0d0046f36c34072fa4ec55e91c7daca85223e50b38a2a for height 4671642 (from headers subscription)
2025-09-16 15:04:41.556 [DBG] LTND lnd.go:727: Syncing to block chain rev=08ae35 best_block_time="2025-09-16 15:04:42 -0400 EDT" is_synced=false
2025/09/16 15:04:42 ELECTRUM: GetBestBlock called
2025/09/16 15:04:42 ELECTRUM: Subscribing to headers to get current height
2025/09/16 15:04:42 ELECTRUM: Got current height 4671644 from headers subscription
2025/09/16 15:04:42 ELECTRUM: Returning hash 0000000000014b0317176c568c3a77366a93ad2f0d319ae79cef6fbdd064c9c7 for height 4671644 (from headers subscription)
2025/09/16 15:04:42 ELECTRUM: GetBlockHeader called for hash: 0000000000014b0317176c568c3a77366a93ad2f0d319ae79cef6fbdd064c9c7
2025/09/16 15:04:42 ELECTRUM: GetBestBlock called
2025/09/16 15:04:42 ELECTRUM: Subscribing to headers to get current height
2025/09/16 15:04:43 ELECTRUM: Got current height 4671645 from headers subscription
2025/09/16 15:04:43 ELECTRUM: Returning hash 00000000000051fc6b9666fd6468518e6e1734c733dfa6a42106e3711c6517f7 for height 4671645 (from headers subscription)
