2025-09-16 14:45:01.255 [INF] LTND lnd.go:186: Version Info rev=08ae35 version=0.19.99-beta commit=sqldb/v1.0.10-646-g08ae35193-dirty debuglevel=development logging=debug
2025-09-16 14:45:01.255 [INF] LTND lnd.go:213: Network Info rev=08ae35 active_chain=Bitcoin network=testnet
2025-09-16 14:45:01.256 [DBG] NTFR chain_server.go:210: ChainNotifier RPC server successfully registered with root gRPC server
2025-09-16 14:45:01.256 [DBG] NTFR chain_server.go:214: ChainKit RPC server successfully registered with root gRPC server
2025-09-16 14:45:01.256 [DBG] DRPC dev_server.go:137: DEV RPC server successfully registered with root the gRPC server
2025-09-16 14:45:01.256 [DBG] IRPC invoices_server.go:190: Invoices RPC server successfully registered with root gRPC server
2025-09-16 14:45:01.256 [DBG] RRPC router_server.go:301: Router RPC server successfully registered with root gRPC server
2025-09-16 14:45:01.256 [DBG] VRPC server.go:66: Versioner RPC server successfully registered with root gRPC server
2025-09-16 14:45:01.256 [DBG] WLKT walletkit_server.go:344: WalletKit RPC server successfully registered with root gRPC server
2025-09-16 14:45:01.256 [DBG] PRPC peers_server.go:119: Peers RPC server successfully registered with root gRPC server
2025-09-16 14:45:01.256 [DBG] SGNR signer_server.go:216: Signer RPC server successfully registered with root gRPC server
2025-09-16 14:45:01.256 [INF] RPCS lnd.go:925: RPC server listening on 127.0.0.1:10009
2025-09-16 14:45:01.257 [DBG] NTFR chain_server.go:237: ChainNotifier REST server successfully registered with root REST server
2025-09-16 14:45:01.257 [DBG] NTFR chain_server.go:248: ChainKit REST server successfully registered with root REST server
2025-09-16 14:45:01.258 [DBG] DRPC dev_server.go:160: DEV REST server successfully registered with the root REST server
2025-09-16 14:45:01.258 [DBG] IRPC invoices_server.go:213: Invoices REST server successfully registered with root REST server
2025-09-16 14:45:01.258 [DBG] RRPC router_server.go:324: Router REST server successfully registered with root REST server
2025-09-16 14:45:01.258 [DBG] VRPC server.go:89: Versioner REST server successfully registered with root REST server
2025-09-16 14:45:01.259 [DBG] WLKT walletkit_server.go:367: WalletKit REST server successfully registered with root REST server
2025-09-16 14:45:01.259 [DBG] PRPC peers_server.go:142: Peers REST server successfully registered with root REST server
2025-09-16 14:45:01.259 [DBG] SGNR signer_server.go:239: Signer REST server successfully registered with root REST server
2025-09-16 14:45:01.260 [INF] RPCS lnd.go:1046: gRPC proxy started at 127.0.0.1:8080
2025-09-16 14:45:01.260 [INF] LTND config_builder.go:1009: Opening the main database, this might take a few minutes...
2025-09-16 14:45:01.260 [INF] LTND config_builder.go:1014: Opening bbolt database, sync_freelist=false, auto_compact=false
2025-09-16 14:45:01.260 [INF] LTND config_builder.go:1057: Creating local graph and channel state DB instances
2025-09-16 14:45:01.284 [INF] CHDB db.go:1687: Checking for schema update: latest_version=33, db_version=33
2025-09-16 14:45:01.285 [INF] CHDB db.go:1781: Applying 2 optional migrations
2025-09-16 14:45:01.285 [INF] CHDB db.go:1785: Checking for optional update: name=prune_revocation_log
2025-09-16 14:45:01.285 [DBG] CHDB db.go:1789: Skipping optional migration: name=prune_revocation_log as it is not specified in the config
2025-09-16 14:45:01.285 [INF] CHDB db.go:1785: Checking for optional update: name=gc_decayed_log
2025-09-16 14:45:01.285 [DBG] CHDB db.go:1799: Skipping optional migration: name=gc_decayed_log as it has already been applied
2025-09-16 14:45:01.301 [INF] LTND config_builder.go:1289: Database(s) now open (time_to_open=40.916959ms)!
2025-09-16 14:45:01.301 [INF] LTND signal.go:45: We're not running within systemd or the service type is not 'notify'
2025-09-16 14:45:01.301 [INF] LTND config_builder.go:1302: Waiting for wallet encryption password. Use `lncli create` to create a wallet, `lncli unlock` to unlock an existing wallet, or `lncli changepassword` to change the password of an existing wallet and unlock it.
2025-09-16 14:45:22.279 [DBG] RPCS interceptor.go:775: [/lnrpc.WalletUnlocker/UnlockWallet] requested
2025-09-16 14:45:23.291 [INF] BTWL wallet.go:4340: Opened wallet
2025-09-16 14:45:23.291 [INF] BTWL history.go:28: Dropping btcwallet transaction history
2025-09-16 14:45:23.291 [WRN] BTWL history.go:67: Wallet does not have a birthday block set, falling back to rescan from genesis
2025-09-16 14:45:24.313 [INF] BTWL wallet.go:4340: Opened wallet
2025-09-16 14:45:24.313 [WRN] LTND config_builder.go:1432: Dropped all transaction history from on-chain wallet. Remember to disable reset-wallet-transactions flag for next start of lnd
2025-09-16 14:45:24.417 [INF] CHRE chainregistry.go:694: Initializing electrum backend
2025-09-16 14:45:24.417 [INF] CHRE chainregistry.go:695: ElectrumMode config: &{ServerAddr:testnet.aranguren.org:51002 UseTLS:true ValidateServerCertificate:false ConnectTimeout:30s RequestTimeout:30s PersistTxHistory:false}
2025-09-16 14:45:24.417 [INF] CHRE chainregistry.go:699: ElectrumMode server: testnet.aranguren.org:51002
2025/09/16 14:45:24 ELECTRUM: Config - ServerAddr: testnet.aranguren.org:51002, UseTLS: true, ValidateServerCertificate: false
2025/09/16 14:45:24 ELECTRUM: Creating TLS client for server: testnet.aranguren.org:51002
2025/09/16 14:45:25 ELECTRUM: Successfully created TLS client
2025/09/16 14:45:25 ELECTRUM: Initializing best block during startup
2025/09/16 14:45:25 ELECTRUM: GetBestBlock called
2025/09/16 14:45:25 ELECTRUM: Subscribing to headers to get current height
2025/09/16 14:45:25 ELECTRUM: Got current height 4671154 from headers subscription
2025/09/16 14:45:25 ELECTRUM: Returning hash 00000000000036074eb3a34525f4f668d152e6c6ee78174e028e58cf082060ba for height 4671154 (from headers subscription)
2025/09/16 14:45:25 ELECTRUM: Successfully initialized best block
2025-09-16 14:45:25.722 [INF] LTND lnd.go:496: About to call BuildChainControl
2025/09/16 14:45:25 ELECTRUM: Starting continuous block notification loop
2025-09-16 14:45:25.722 [INF] LTND config_builder.go:769: BuildChainControl called - starting wallet controller creation
2025/09/16 14:45:25 ELECTRUM: Starting script hash notification loop
2025-09-16 14:45:25.722 [INF] LTND config_builder.go:772: About to call btcwallet.New
2025-09-16 14:45:25.722 [INF] LTND config_builder.go:776: btcwallet.New completed
2025-09-16 14:45:25.722 [INF] LTND config_builder.go:789: Setting WalletController type: *btcwallet.BtcWallet
2025-09-16 14:45:26.719 [INF] BTWL wallet.go:1430: The wallet has been unlocked without a time limit
2025/09/16 14:45:26 ELECTRUM: Initializing best block during startup
2025/09/16 14:45:26 ELECTRUM: GetBestBlock called
2025/09/16 14:45:26 ELECTRUM: Subscribing to headers to get current height
2025/09/16 14:45:26 ELECTRUM: Got current height 4671155 from headers subscription
2025/09/16 14:45:26 ELECTRUM: Returning hash 00000000000011f6897c06f2f12f7d7f20a9382c48f24dbe201a1d40f67890b6 for height 4671155 (from headers subscription)
2025/09/16 14:45:26 ELECTRUM: Successfully initialized best block
2025-09-16 14:45:26.968 [INF] BTWL btcwallet.go:415: BTCWALLET: Setting up Electrum address notifications during wallet initialization
2025-09-16 14:45:26.968 [INF] BTWL btcwallet.go:479: BTCWALLET: Setting up Electrum transaction callback
2025/09/16 14:45:26 ELECTRUM: Starting continuous block notification loop
2025-09-16 14:45:26.968 [INF] BTWL btcwallet.go:486: BTCWALLET: Found SetTransactionCallback method, setting up callback
2025/09/16 14:45:26 ELECTRUM: Starting script hash notification loop
2025-09-16 14:45:26.968 [INF] BTWL btcwallet.go:506: BTCWALLET: Successfully set up Electrum transaction callback
2025-09-16 14:45:26.968 [INF] CHRE chainregistry.go:845: LightningWallet opened
2025-09-16 14:45:26.968 [INF] LTND lnd.go:500: BuildChainControl completed
2025-09-16 14:45:26.968 [INF] BTWL btcwallet.go:453: BTCWALLET: Setting up Electrum address notifications
2025/09/16 14:45:26 ELECTRUM: Sending current best block to client 1 - Hash: 00000000000011f6897c06f2f12f7d7f20a9382c48f24dbe201a1d40f67890b6, Height: 4671155, BlockHeader: true
2025/09/16 14:45:26 ELECTRUM: Successfully sent block epoch to client 1
2025-09-16 14:45:26.969 [INF] BTCN broadcaster.go:131: Broadcaster now active
2025-09-16 14:45:26.969 [INF] BTWL btcwallet.go:708: BTCWALLET: Getting all wallet addresses dynamically
2025/09/16 14:45:26 ELECTRUM: Initializing best block during startup
2025/09/16 14:45:26 ELECTRUM: GetBestBlock called
2025/09/16 14:45:26 ELECTRUM: Subscribing to headers to get current height
2025-09-16 14:45:27.098 [INF] BTWL btcwallet.go:750: BTCWALLET: Found 64 total addresses to check dynamically
2025-09-16 14:45:27.098 [INF] BTWL btcwallet.go:462: BTCWALLET: Found 64 existing addresses to set up notifications for
2025-09-16 14:45:27.098 [INF] BTWL btcwallet.go:580: BTCWALLET: Setting up notification for address: tb1q35l5pfwv0wj2x0w6dvfr6rdv43mrdavey28800
2025-09-16 14:45:27.099 [INF] BTWL btcwallet.go:593: BTCWALLET: Calling chain.NotifyReceived for address: tb1q35l5pfwv0wj2x0w6dvfr6rdv43mrdavey28800
ELECTRUM: NotifyReceived called with 1 addresses
2025/09/16 14:45:27 ELECTRUM: Got current height 4671155 from headers subscription
2025/09/16 14:45:27 ELECTRUM: Returning hash 00000000000011f6897c06f2f12f7d7f20a9382c48f24dbe201a1d40f67890b6 for height 4671155 (from headers subscription)
2025/09/16 14:45:27 ELECTRUM: Successfully initialized best block
2025/09/16 14:45:27 ELECTRUM: GetBestBlock called
2025/09/16 14:45:27 ELECTRUM: Starting script hash notification loop
2025/09/16 14:45:27 ELECTRUM: Subscribing to headers to get current height
2025/09/16 14:45:27 ELECTRUM: Starting continuous block notification loop
ELECTRUM: Starting fetchAddressHistory for address: tb1q35l5pfwv0wj2x0w6dvfr6rdv43mrdavey28800
2025-09-16 14:45:27.331 [INF] BTWL btcwallet.go:603: BTCWALLET: chain.NotifyReceived completed successfully for address: tb1q35l5pfwv0wj2x0w6dvfr6rdv43mrdavey28800
ELECTRUM: Fetching transaction history for address: tb1q35l5pfwv0wj2x0w6dvfr6rdv43mrdavey28800
2025-09-16 14:45:27.331 [INF] BTWL btcwallet.go:605: BTCWALLET: Successfully set up notification for address: tb1q35l5pfwv0wj2x0w6dvfr6rdv43mrdavey28800
2025-09-16 14:45:27.331 [INF] BTWL btcwallet.go:580: BTCWALLET: Setting up notification for address: tb1q3wmfzpnluglv5auudgl2zzsne33auzpmr3vguv
ELECTRUM: Calling GetHistory for address: tb1q35l5pfwv0wj2x0w6dvfr6rdv43mrdavey28800, scriptHash: 5402d6c137487f5e00d46c16a85ec56d25ab29f8636995d4bf586bc08bbce31e
2025-09-16 14:45:27.332 [INF] BTWL btcwallet.go:593: BTCWALLET: Calling chain.NotifyReceived for address: tb1q3wmfzpnluglv5auudgl2zzsne33auzpmr3vguv
ELECTRUM: NotifyReceived called with 1 addresses
2025/09/16 14:45:27 ELECTRUM: Got current height 4671155 from headers subscription
2025/09/16 14:45:27 ELECTRUM: Returning hash 00000000000011f6897c06f2f12f7d7f20a9382c48f24dbe201a1d40f67890b6 for height 4671155 (from headers subscription)
2025-09-16 14:45:27.479 [INF] HSWC circuit_map.go:280: Cleaning circuits from disk for closed channels
2025-09-16 14:45:27.479 [DBG] HSWC circuit_map.go:324: Found 0 closed channels
2025-09-16 14:45:27.479 [INF] HSWC circuit_map.go:328: Finished cleaning: no closed channels found, no actions taken.
2025-09-16 14:45:27.479 [INF] HSWC circuit_map.go:497: Restoring in-memory circuit state from disk
2025-09-16 14:45:27.491 [INF] HSWC circuit_map.go:602: Payment circuits loaded: num_pending=0, num_open=0
2025-09-16 14:45:27.506 [DBG] CRTR missioncontrol.go:307: Instantiating mission control with config: maximum history: 1000, minimum failure relax interval: 1m0s, estimator type: apriori, penalty halflife time: 1h0m0s, apriori hop probability: 0.6, apriori weight: 0.5, previous success probability: 0.95, capacity fraction: 0.9999
2025-09-16 14:45:27.517 [INF] CRTR missioncontrol_store.go:107: Loaded 0 mission control entries
2025-09-16 14:45:27.518 [DBG] CRTR missioncontrol.go:455: [default]: Mission control state reconstruction started
2025-09-16 14:45:27.518 [DBG] CRTR missioncontrol.go:471: [default]: Mission control state reconstruction finished: n=0, time=16.25µs
2025-09-16 14:45:27.518 [DBG] SRVR server.go:1111: Instantiating payment session source with config: AttemptCost=100 + 0.1%, MinRouteProbability=0.01
2025-09-16 14:45:27.528 [INF] ACSM accessman.go:79: Access Manager initialized
2025-09-16 14:45:27.539 [INF] LTND channel_notifier.go:39: Channel backup proxy channel notifier starting
2025-09-16 14:45:27.539 [INF] CHIO dispatcher.go:92: Registered queue=1 with 3 blockbeat consumers
2025-09-16 14:45:27.539 [DBG] CHIO dispatcher.go:96: Consumer [ChainArbitrator] registered in queue 1
2025-09-16 14:45:27.539 [DBG] CHIO dispatcher.go:96: Consumer [UtxoSweeper] registered in queue 1
2025-09-16 14:45:27.539 [DBG] CHIO dispatcher.go:96: Consumer [TxPublisher] registered in queue 1
2025-09-16 14:45:27.539 [INF] ATPL pilot.go:143: Instantiating autopilot with active=false, max_channels=5, allocation=0.600000, min_chan_size=20000, max_chan_size=16777215, private=false, min_confs=1, conf_target=3
2025-09-16 14:45:27.539 [DBG] LTND subrpcserver_config.go:145: Populating dependencies for sub RPC server: SignRPC
2025-09-16 14:45:27.539 [DBG] LTND subrpcserver_config.go:145: Populating dependencies for sub RPC server: WalletKitRPC
2025-09-16 14:45:27.539 [DBG] LTND subrpcserver_config.go:145: Populating dependencies for sub RPC server: AutopilotRPC
2025-09-16 14:45:27.539 [DBG] LTND subrpcserver_config.go:145: Populating dependencies for sub RPC server: ChainRPC
2025-09-16 14:45:27.539 [DBG] LTND subrpcserver_config.go:145: Populating dependencies for sub RPC server: InvoicesRPC
2025-09-16 14:45:27.539 [DBG] LTND subrpcserver_config.go:145: Populating dependencies for sub RPC server: PeersRPC
2025-09-16 14:45:27.539 [DBG] LTND subrpcserver_config.go:145: Populating dependencies for sub RPC server: NeutrinoKitRPC
2025-09-16 14:45:27.539 [DBG] LTND subrpcserver_config.go:145: Populating dependencies for sub RPC server: RouterRPC
2025-09-16 14:45:27.539 [DBG] LTND subrpcserver_config.go:145: Populating dependencies for sub RPC server: WatchtowerRPC
2025-09-16 14:45:27.539 [DBG] LTND subrpcserver_config.go:145: Populating dependencies for sub RPC server: WatchtowerClientRPC
2025-09-16 14:45:27.539 [DBG] LTND subrpcserver_config.go:145: Populating dependencies for sub RPC server: DevRPC
2025-09-16 14:45:27.540 [DBG] RPCS rpcserver.go:963: Starting sub RPC server: ChainRPC
2025-09-16 14:45:27.540 [DBG] RPCS rpcserver.go:963: Starting sub RPC server: DevRPC
2025-09-16 14:45:27.540 [DBG] RPCS rpcserver.go:963: Starting sub RPC server: InvoicesRPC
2025-09-16 14:45:27.540 [DBG] RPCS rpcserver.go:963: Starting sub RPC server: RouterRPC
2025-09-16 14:45:27.540 [DBG] RPCS rpcserver.go:963: Starting sub RPC server: VersionRPC
2025-09-16 14:45:27.540 [DBG] RPCS rpcserver.go:963: Starting sub RPC server: WalletKitRPC
2025-09-16 14:45:27.540 [DBG] RPCS rpcserver.go:963: Starting sub RPC server: WatchtowerClientRPC
2025-09-16 14:45:27.540 [DBG] RPCS rpcserver.go:963: Starting sub RPC server: PeersRPC
2025-09-16 14:45:27.540 [DBG] RPCS rpcserver.go:963: Starting sub RPC server: SignRPC
2025-09-16 14:45:27.540 [INF] LTND signal.go:45: We're not running within systemd or the service type is not 'notify'
2025/09/16 14:45:27 ELECTRUM: GetBestBlock called
2025/09/16 14:45:27 ELECTRUM: Subscribing to headers to get current height
ELECTRUM: Starting fetchAddressHistory for address: tb1q3wmfzpnluglv5auudgl2zzsne33auzpmr3vguv
2025-09-16 14:45:27.567 [INF] BTWL btcwallet.go:603: BTCWALLET: chain.NotifyReceived completed successfully for address: tb1q3wmfzpnluglv5auudgl2zzsne33auzpmr3vguv
ELECTRUM: Fetching transaction history for address: tb1q3wmfzpnluglv5auudgl2zzsne33auzpmr3vguv
ELECTRUM: Calling GetHistory for address: tb1q3wmfzpnluglv5auudgl2zzsne33auzpmr3vguv, scriptHash: b66131e80f4d50ca98ca6c1a4944746699c609136ce4aa4b4f162dd9de3dfe6d
2025-09-16 14:45:27.567 [INF] BTWL btcwallet.go:605: BTCWALLET: Successfully set up notification for address: tb1q3wmfzpnluglv5auudgl2zzsne33auzpmr3vguv
2025-09-16 14:45:27.567 [INF] BTWL btcwallet.go:580: BTCWALLET: Setting up notification for address: tb1qnf9a6cdf8c93ca97767cvted4y9a8lrjr9rctd
2025-09-16 14:45:27.567 [INF] BTWL btcwallet.go:593: BTCWALLET: Calling chain.NotifyReceived for address: tb1qnf9a6cdf8c93ca97767cvted4y9a8lrjr9rctd
ELECTRUM: NotifyReceived called with 1 addresses
ELECTRUM: Starting fetchAddressHistory for address: tb1qnf9a6cdf8c93ca97767cvted4y9a8lrjr9rctd
2025/09/16 14:45:27 ELECTRUM: Got current height 4671155 from headers subscription
2025-09-16 14:45:27.852 [INF] BTWL btcwallet.go:603: BTCWALLET: chain.NotifyReceived completed successfully for address: tb1qnf9a6cdf8c93ca97767cvted4y9a8lrjr9rctd
2025/09/16 14:45:27 ELECTRUM: Returning hash 00000000000011f6897c06f2f12f7d7f20a9382c48f24dbe201a1d40f67890b6 for height 4671155 (from headers subscription)
ELECTRUM: Fetching transaction history for address: tb1qnf9a6cdf8c93ca97767cvted4y9a8lrjr9rctd
2025-09-16 14:45:27.852 [INF] LTND lnd.go:696: Waiting for chain backend to finish sync rev=08ae35 start_height=4671155
2025-09-16 14:45:27.852 [INF] BTWL btcwallet.go:605: BTCWALLET: Successfully set up notification for address: tb1qnf9a6cdf8c93ca97767cvted4y9a8lrjr9rctd
2025-09-16 14:45:27.852 [INF] BTWL btcwallet.go:580: BTCWALLET: Setting up notification for address: tb1qudd8v6rz3m294gdmmmys29xugkl2f6qzgk3str
2025/09/16 14:45:27 ELECTRUM: GetBestBlock called
2025-09-16 14:45:27.852 [INF] BTWL btcwallet.go:593: BTCWALLET: Calling chain.NotifyReceived for address: tb1qudd8v6rz3m294gdmmmys29xugkl2f6qzgk3str
ELECTRUM: NotifyReceived called with 1 addresses
2025/09/16 14:45:27 ELECTRUM: Subscribing to headers to get current height
ELECTRUM: Calling GetHistory for address: tb1qnf9a6cdf8c93ca97767cvted4y9a8lrjr9rctd, scriptHash: 6fc32843e990f987cd411ceb807c95b202cec6c3971e9cb4e6caa2b607feb8f5
ELECTRUM: Starting fetchAddressHistory for address: tb1qudd8v6rz3m294gdmmmys29xugkl2f6qzgk3str
2025/09/16 14:45:28 ELECTRUM: Got current height 4671155 from headers subscription
2025-09-16 14:45:28.087 [INF] BTWL btcwallet.go:603: BTCWALLET: chain.NotifyReceived completed successfully for address: tb1qudd8v6rz3m294gdmmmys29xugkl2f6qzgk3str
2025/09/16 14:45:28 ELECTRUM: Returning hash 00000000000011f6897c06f2f12f7d7f20a9382c48f24dbe201a1d40f67890b6 for height 4671155 (from headers subscription)
ELECTRUM: Fetching transaction history for address: tb1qudd8v6rz3m294gdmmmys29xugkl2f6qzgk3str
2025/09/16 14:45:28 ELECTRUM: GetBlockHeader called for hash: 00000000000011f6897c06f2f12f7d7f20a9382c48f24dbe201a1d40f67890b6
ELECTRUM: Calling GetHistory for address: tb1qudd8v6rz3m294gdmmmys29xugkl2f6qzgk3str, scriptHash: 28292b8697bd25f1db778ae58cac1627a8e4b8e7a4a5a427ff50d42bafd07e52
2025/09/16 14:45:28 ELECTRUM: GetBestBlock called
2025-09-16 14:45:28.087 [INF] BTWL btcwallet.go:605: BTCWALLET: Successfully set up notification for address: tb1qudd8v6rz3m294gdmmmys29xugkl2f6qzgk3str
2025/09/16 14:45:28 ELECTRUM: Subscribing to headers to get current height
2025-09-16 14:45:28.087 [INF] BTWL btcwallet.go:580: BTCWALLET: Setting up notification for address: tb1qzja2zr3jt2tn5j4emss49745hwdxagaqvru8d4
2025-09-16 14:45:28.087 [INF] BTWL btcwallet.go:593: BTCWALLET: Calling chain.NotifyReceived for address: tb1qzja2zr3jt2tn5j4emss49745hwdxagaqvru8d4
ELECTRUM: NotifyReceived called with 1 addresses
ELECTRUM: Starting fetchAddressHistory for address: tb1qzja2zr3jt2tn5j4emss49745hwdxagaqvru8d4
2025/09/16 14:45:28 ELECTRUM: Got current height 4671155 from headers subscription
2025-09-16 14:45:28.322 [INF] BTWL btcwallet.go:603: BTCWALLET: chain.NotifyReceived completed successfully for address: tb1qzja2zr3jt2tn5j4emss49745hwdxagaqvru8d4
2025/09/16 14:45:28 ELECTRUM: Returning hash 00000000000011f6897c06f2f12f7d7f20a9382c48f24dbe201a1d40f67890b6 for height 4671155 (from headers subscription)
ELECTRUM: Fetching transaction history for address: tb1qzja2zr3jt2tn5j4emss49745hwdxagaqvru8d4
ELECTRUM: Calling GetHistory for address: tb1qzja2zr3jt2tn5j4emss49745hwdxagaqvru8d4, scriptHash: 6bf1890b216a5372d5a81a5ca9791137d77c1853dd628b5d3aa34d8ec00604a5
2025-09-16 14:45:28.322 [INF] BTWL btcwallet.go:605: BTCWALLET: Successfully set up notification for address: tb1qzja2zr3jt2tn5j4emss49745hwdxagaqvru8d4
2025-09-16 14:45:28.322 [INF] BTWL btcwallet.go:580: BTCWALLET: Setting up notification for address: tb1q25xq62ad6s9pymemadk7sf08alk3k6q7l4m5pj
2025-09-16 14:45:28.322 [INF] BTWL btcwallet.go:593: BTCWALLET: Calling chain.NotifyReceived for address: tb1q25xq62ad6s9pymemadk7sf08alk3k6q7l4m5pj
ELECTRUM: NotifyReceived called with 1 addresses
ELECTRUM: Starting fetchAddressHistory for address: tb1q25xq62ad6s9pymemadk7sf08alk3k6q7l4m5pj
2025-09-16 14:45:28.581 [DBG] LTND lnd.go:727: Syncing to block chain rev=08ae35 best_block_time="2025-09-16 14:45:23 -0400 EDT" is_synced=false
ELECTRUM: Processing transaction 0 for address tb1qzja2zr3jt2tn5j4emss49745hwdxagaqvru8d4
ELECTRUM: Calling buildTransactionDetail for entry 0
ELECTRUM: buildTransactionDetail called with entry type: *electrum.GetMempoolResult
ELECTRUM: Fetching transaction history for address: tb1q25xq62ad6s9pymemadk7sf08alk3k6q7l4m5pj
ELECTRUM: Calling GetHistory for address: tb1q25xq62ad6s9pymemadk7sf08alk3k6q7l4m5pj, scriptHash: c4c6d9d832fdbfd4a966340001ce4a928adc558ad3cff548e1a78f0962aa141a
2025-09-16 14:45:28.581 [INF] BTWL btcwallet.go:603: BTCWALLET: chain.NotifyReceived completed successfully for address: tb1q25xq62ad6s9pymemadk7sf08alk3k6q7l4m5pj
ELECTRUM: buildTransactionDetail: Transaction 25cd595c95040e2b75b6a0e6b20ee96db31aeb75c6b8e7c44c720f9bd1527963 has height: 4660785
2025-09-16 14:45:28.581 [INF] BTWL btcwallet.go:605: BTCWALLET: Successfully set up notification for address: tb1q25xq62ad6s9pymemadk7sf08alk3k6q7l4m5pj
2025-09-16 14:45:28.581 [INF] BTWL btcwallet.go:580: BTCWALLET: Setting up notification for address: tb1qu4ug4mres4yx49ts998805u2ale66jeah6dvxq
2025-09-16 14:45:28.581 [INF] BTWL btcwallet.go:593: BTCWALLET: Calling chain.NotifyReceived for address: tb1qu4ug4mres4yx49ts998805u2ale66jeah6dvxq
ELECTRUM: buildTransactionDetail: About to call GetTransaction for 25cd595c95040e2b75b6a0e6b20ee96db31aeb75c6b8e7c44c720f9bd1527963
ELECTRUM: buildTransactionDetail: Getting transaction details for 25cd595c95040e2b75b6a0e6b20ee96db31aeb75c6b8e7c44c720f9bd1527963
ELECTRUM: NotifyReceived called with 1 addresses
2025/09/16 14:45:28 ELECTRUM: GetBestBlock called
2025/09/16 14:45:28 ELECTRUM: Subscribing to headers to get current height
ELECTRUM: Starting fetchAddressHistory for address: tb1qu4ug4mres4yx49ts998805u2ale66jeah6dvxq
ELECTRUM: Fetching transaction history for address: tb1qu4ug4mres4yx49ts998805u2ale66jeah6dvxq
ELECTRUM: Calling GetHistory for address: tb1qu4ug4mres4yx49ts998805u2ale66jeah6dvxq, scriptHash: ca676392dcbc659e23aa827453de1938add752fb16394cdd5252328fe3faa89e
2025-09-16 14:45:28.825 [INF] BTWL btcwallet.go:603: BTCWALLET: chain.NotifyReceived completed successfully for address: tb1qu4ug4mres4yx49ts998805u2ale66jeah6dvxq
ELECTRUM: buildTransactionDetail: Successfully got transaction 25cd595c95040e2b75b6a0e6b20ee96db31aeb75c6b8e7c44c720f9bd1527963
ELECTRUM: buildTransactionDetail: GetTransaction succeeded for 25cd595c95040e2b75b6a0e6b20ee96db31aeb75c6b8e7c44c720f9bd1527963, processing result
ELECTRUM: buildTransactionDetail: Processing transaction result for 25cd595c95040e2b75b6a0e6b20ee96db31aeb75c6b8e7c44c720f9bd1527963
ELECTRUM: buildTransactionDetail: Transaction result is not nil for 25cd595c95040e2b75b6a0e6b20ee96db31aeb75c6b8e7c44c720f9bd1527963
ELECTRUM: buildTransactionDetail: Attempting to get actual value for transaction 25cd595c95040e2b75b6a0e6b20ee96db31aeb75c6b8e7c44c720f9bd1527963
2025-09-16 14:45:28.825 [INF] BTWL btcwallet.go:605: BTCWALLET: Successfully set up notification for address: tb1qu4ug4mres4yx49ts998805u2ale66jeah6dvxq
2025-09-16 14:45:28.826 [INF] BTWL btcwallet.go:580: BTCWALLET: Setting up notification for address: tb1qs6nvlnyhs604adlsulc3p0c4fa0g80uutdukx9
2025-09-16 14:45:28.826 [INF] BTWL btcwallet.go:593: BTCWALLET: Calling chain.NotifyReceived for address: tb1qs6nvlnyhs604adlsulc3p0c4fa0g80uutdukx9
ELECTRUM: NotifyReceived called with 1 addresses
2025/09/16 14:45:28 ELECTRUM: Got current height 4671155 from headers subscription
2025/09/16 14:45:28 ELECTRUM: Returning hash 00000000000011f6897c06f2f12f7d7f20a9382c48f24dbe201a1d40f67890b6 for height 4671155 (from headers subscription)
2025/09/16 14:45:28 ELECTRUM: Sending initial block notification for height 4671155
2025/09/16 14:45:28 ELECTRUM: Sending block connected notification for height 4671155
2025/09/16 14:45:28 ELECTRUM: Block notification sent successfully for height 4671155
ELECTRUM: Starting fetchAddressHistory for address: tb1qs6nvlnyhs604adlsulc3p0c4fa0g80uutdukx9
2025-09-16 14:45:29.080 [INF] BTWL btcwallet.go:603: BTCWALLET: chain.NotifyReceived completed successfully for address: tb1qs6nvlnyhs604adlsulc3p0c4fa0g80uutdukx9
ELECTRUM: Fetching transaction history for address: tb1qs6nvlnyhs604adlsulc3p0c4fa0g80uutdukx9
ELECTRUM: Calling GetHistory for address: tb1qs6nvlnyhs604adlsulc3p0c4fa0g80uutdukx9, scriptHash: 86be3f5bd32e85596af35440487dae22a79e6fb2679998d38f51fc323189b022
ELECTRUM: getTransactionValue: Transaction result type: *electrum.GetTransactionResult, fields: 12
ELECTRUM: getTransactionValue: Field 0: Blockhash = 00000000000000673a2cc7418fcfc9ace5b5884689f671dbb7eeab05b8090e88 (type: string)
ELECTRUM: getTransactionValue: Field 1: Blocktime = 1757981635 (type: uint64)
ELECTRUM: getTransactionValue: Field 2: Confirmations = 10371 (type: int32)
ELECTRUM: getTransactionValue: Field 3: Hash = d8a7630f7dd4ed9c3bc6884807f1c0692b556e3ccb83a37f24f9797fa4c8361f (type: string)
ELECTRUM: getTransactionValue: Field 4: Hex = 010000000001014b917f7478f1ba4c5bb0758c619d0a48850c3ac7fb7d97717d5b7ef22284c2530000000000ffffffff02de2100000000000016001414baa10e325a973a4ab9dc2152fab4bb9a6ea3a0f375a3000000000022512005090923a2d5a8f95f8f50c0e191462e7692094a9307747b0c5580ea43073ea30140202840e6f21166743530d5fbd6eb0a8e2d19ed7be743cc3cc62b24a813ca14627cbb02faf49a90e1c525213516d03bfe986377a51e858356c48dad5efbcdf95a00000000 (type: string)
2025-09-16 14:45:29.080 [INF] BTWL btcwallet.go:605: BTCWALLET: Successfully set up notification for address: tb1qs6nvlnyhs604adlsulc3p0c4fa0g80uutdukx9
2025-09-16 14:45:29.080 [INF] BTWL btcwallet.go:580: BTCWALLET: Setting up notification for address: tb1q8chvehh7ptzcfylzsgysk08cm3ppt8fvleeggz
ELECTRUM: getTransactionValue: Field 5: Locktime = 0 (type: uint32)
ELECTRUM: getTransactionValue: Field 6: Size = 193 (type: uint32)
ELECTRUM: getTransactionValue: Field 7: Time = 1757981635 (type: uint64)
ELECTRUM: getTransactionValue: Field 8: Version = 1 (type: uint32)
ELECTRUM: getTransactionValue: Field 9: Vin = [{ 0x1400058fc20 4294967295 53c28422f27e5b7d71977dfbc73a0c85480a9d618c75b05b4cbaf178747f914b 0}] (type: []electrum.Vin)
ELECTRUM: getTransactionValue: Field 10: Vout = [{0 {[] 0 14baa10e325a973a4ab9dc2152fab4bb9a6ea3a0 001414baa10e325a973a4ab9dc2152fab4bb9a6ea3a0 0 witness_v0_keyhash} 8.67e-05} {1 {[] 1 05090923a2d5a8f95f8f50c0e191462e7692094a9307747b0c5580ea43073ea3 512005090923a2d5a8f95f8f50c0e191462e7692094a9307747b0c5580ea43073ea3 0 witness_v1_taproot} 0.10712563}] (type: []electrum.Vout)
ELECTRUM: getTransactionValue: Field 11: Merkle = {[] 0 0} (type: electrum.GetMerkleProofResult)
ELECTRUM: getTransactionValue: Processing 2 Vout entries for transaction 25cd595c95040e2b75b6a0e6b20ee96db31aeb75c6b8e7c44c720f9bd1527963
ELECTRUM: getTransactionValue: Processing Vout entry 0 for transaction 25cd595c95040e2b75b6a0e6b20ee96db31aeb75c6b8e7c44c720f9bd1527963
ELECTRUM: getTransactionValue: Vout[0] Field 0: N = 0 (type: uint32)
2025-09-16 14:45:29.080 [INF] BTWL btcwallet.go:593: BTCWALLET: Calling chain.NotifyReceived for address: tb1q8chvehh7ptzcfylzsgysk08cm3ppt8fvleeggz
ELECTRUM: NotifyReceived called with 1 addresses
ELECTRUM: getTransactionValue: Vout[0] Field 1: ScriptPubkey = {[] 0 14baa10e325a973a4ab9dc2152fab4bb9a6ea3a0 001414baa10e325a973a4ab9dc2152fab4bb9a6ea3a0 0 witness_v0_keyhash} (type: electrum.ScriptPubkey)
ELECTRUM: getTransactionValue: Vout[0] Field 2: Value = 8.67e-05 (type: float64)
ELECTRUM: getTransactionValue: Vout[0] has value 0.000087 BTC (8670 satoshis)
ELECTRUM: getTransactionValue: Vout[0] ScriptPubkey type: electrum.ScriptPubkey
ELECTRUM: getTransactionValue: Vout[0] ScriptPubkey has 5 fields
ELECTRUM: getTransactionValue: Vout[0] ScriptPubkey Field 0: Addresses = [] (type: []string)
ELECTRUM: getTransactionValue: Vout[0] ScriptPubkey Field 1: Asm = 0 14baa10e325a973a4ab9dc2152fab4bb9a6ea3a0 (type: string)
ELECTRUM: getTransactionValue: Vout[0] ScriptPubkey Field 2: Hex = 001414baa10e325a973a4ab9dc2152fab4bb9a6ea3a0 (type: string)
ELECTRUM: getTransactionValue: Vout[0] ScriptPubkey Field 3: ReqSigs = 0 (type: uint32)
ELECTRUM: getTransactionValue: Vout[0] ScriptPubkey Field 4: Type = witness_v0_keyhash (type: string)
ELECTRUM: getTransactionValue: Vout[0] extracted script hex from Hex field: 001414baa10e325a973a4ab9dc2152fab4bb9a6ea3a0
ELECTRUM: getTransactionValue: Vout[0] calculated script hash: 6bf1890b216a5372d5a81a5ca9791137d77c1853dd628b5d3aa34d8ec00604a5, target: 6bf1890b216a5372d5a81a5ca9791137d77c1853dd628b5d3aa34d8ec00604a5
ELECTRUM: getTransactionValue: Vout[0] matches our script hash, adding 8670 satoshis
ELECTRUM: getTransactionValue: Processing Vout entry 1 for transaction 25cd595c95040e2b75b6a0e6b20ee96db31aeb75c6b8e7c44c720f9bd1527963
ELECTRUM: getTransactionValue: Vout[1] Field 0: N = 1 (type: uint32)
ELECTRUM: getTransactionValue: Vout[1] Field 1: ScriptPubkey = {[] 1 05090923a2d5a8f95f8f50c0e191462e7692094a9307747b0c5580ea43073ea3 512005090923a2d5a8f95f8f50c0e191462e7692094a9307747b0c5580ea43073ea3 0 witness_v1_taproot} (type: electrum.ScriptPubkey)
ELECTRUM: getTransactionValue: Vout[1] Field 2: Value = 0.10712563 (type: float64)
ELECTRUM: getTransactionValue: Vout[1] has value 0.107126 BTC (10712563 satoshis)
ELECTRUM: getTransactionValue: Vout[1] ScriptPubkey type: electrum.ScriptPubkey
ELECTRUM: getTransactionValue: Vout[1] ScriptPubkey has 5 fields
ELECTRUM: getTransactionValue: Vout[1] ScriptPubkey Field 0: Addresses = [] (type: []string)
ELECTRUM: getTransactionValue: Vout[1] ScriptPubkey Field 1: Asm = 1 05090923a2d5a8f95f8f50c0e191462e7692094a9307747b0c5580ea43073ea3 (type: string)
ELECTRUM: getTransactionValue: Vout[1] ScriptPubkey Field 2: Hex = 512005090923a2d5a8f95f8f50c0e191462e7692094a9307747b0c5580ea43073ea3 (type: string)
ELECTRUM: getTransactionValue: Vout[1] ScriptPubkey Field 3: ReqSigs = 0 (type: uint32)
ELECTRUM: getTransactionValue: Vout[1] ScriptPubkey Field 4: Type = witness_v1_taproot (type: string)
ELECTRUM: getTransactionValue: Vout[1] extracted script hex from Hex field: 512005090923a2d5a8f95f8f50c0e191462e7692094a9307747b0c5580ea43073ea3
ELECTRUM: getTransactionValue: Vout[1] calculated script hash: 222baf51ae983e703d9ecb39f410510ac4514da35620ee9986494c88e20a46a1, target: 6bf1890b216a5372d5a81a5ca9791137d77c1853dd628b5d3aa34d8ec00604a5
ELECTRUM: getTransactionValue: Vout[1] does not match our script hash, skipping
ELECTRUM: buildTransactionDetail: Transaction 25cd595c95040e2b75b6a0e6b20ee96db31aeb75c6b8e7c44c720f9bd1527963 has actual value 8670 satoshis
2025/09/16 14:45:29 ELECTRUM: GetBlockHash called for height: 4660785
ELECTRUM: Starting fetchAddressHistory for address: tb1q8chvehh7ptzcfylzsgysk08cm3ppt8fvleeggz
ELECTRUM: Fetching transaction history for address: tb1q8chvehh7ptzcfylzsgysk08cm3ppt8fvleeggz
ELECTRUM: Calling GetHistory for address: tb1q8chvehh7ptzcfylzsgysk08cm3ppt8fvleeggz, scriptHash: 8b874fe06c0a029126d30048dd68ce279f86ab73018e41fbce4e5db15bbd4d68
2025-09-16 14:45:29.322 [INF] BTWL btcwallet.go:490: BTCWALLET: Received transaction callback - txHash: 25cd595c95040e2b75b6a0e6b20ee96db31aeb75c6b8e7c44c720f9bd1527963, address: tb1qzja2zr3jt2tn5j4emss49745hwdxagaqvru8d4, value: 8670, confirmations: 10371
2025-09-16 14:45:29.323 [INF] BTWL btcwallet.go:603: BTCWALLET: chain.NotifyReceived completed successfully for address: tb1q8chvehh7ptzcfylzsgysk08cm3ppt8fvleeggz
2025-09-16 14:45:29.323 [INF] BTWL btcwallet.go:514: BTCWALLET: Integrating discovered transaction 25cd595c95040e2b75b6a0e6b20ee96db31aeb75c6b8e7c44c720f9bd1527963 for address tb1qzja2zr3jt2tn5j4emss49745hwdxagaqvru8d4 (value: 8670, confirmations: 10371)
2025-09-16 14:45:29.323 [INF] BTWL btcwallet.go:605: BTCWALLET: Successfully set up notification for address: tb1q8chvehh7ptzcfylzsgysk08cm3ppt8fvleeggz
2025-09-16 14:45:29.323 [INF] BTWL btcwallet.go:561: BTCWALLET: Successfully integrated transaction 25cd595c95040e2b75b6a0e6b20ee96db31aeb75c6b8e7c44c720f9bd1527963 (value: 8670 satoshis, confirmations: 10371)
2025-09-16 14:45:29.323 [INF] BTWL btcwallet.go:580: BTCWALLET: Setting up notification for address: tb1q2xgdnhrez9r46a65g4jacpynkjmnfe6f6a7rv9
2025-09-16 14:45:29.323 [INF] BTWL btcwallet.go:498: BTCWALLET: Successfully integrated discovered transaction 25cd595c95040e2b75b6a0e6b20ee96db31aeb75c6b8e7c44c720f9bd1527963
2025-09-16 14:45:29.323 [INF] BTWL btcwallet.go:593: BTCWALLET: Calling chain.NotifyReceived for address: tb1q2xgdnhrez9r46a65g4jacpynkjmnfe6f6a7rv9
ELECTRUM: NotifyReceived called with 1 addresses
ELECTRUM: Starting fetchAddressHistory for address: tb1q2xgdnhrez9r46a65g4jacpynkjmnfe6f6a7rv9
2025-09-16 14:45:29.558 [INF] BTWL btcwallet.go:603: BTCWALLET: chain.NotifyReceived completed successfully for address: tb1q2xgdnhrez9r46a65g4jacpynkjmnfe6f6a7rv9
ELECTRUM: Fetching transaction history for address: tb1q2xgdnhrez9r46a65g4jacpynkjmnfe6f6a7rv9
ELECTRUM: Calling GetHistory for address: tb1q2xgdnhrez9r46a65g4jacpynkjmnfe6f6a7rv9, scriptHash: 8ffe8589aabc0270d07eb3d7eb59003aea385db49b2f2cda6a405ba17ae25436
2025-09-16 14:45:29.560 [INF] BTWL btcwallet.go:605: BTCWALLET: Successfully set up notification for address: tb1q2xgdnhrez9r46a65g4jacpynkjmnfe6f6a7rv9
2025-09-16 14:45:29.560 [INF] BTWL btcwallet.go:580: BTCWALLET: Setting up notification for address: tb1qjka5z9xsg53v4925jn28umwwz3u5tyh302wg30
2025-09-16 14:45:29.560 [INF] BTWL btcwallet.go:593: BTCWALLET: Calling chain.NotifyReceived for address: tb1qjka5z9xsg53v4925jn28umwwz3u5tyh302wg30
ELECTRUM: NotifyReceived called with 1 addresses
2025/09/16 14:45:29 ELECTRUM: GetBestBlock called
2025/09/16 14:45:29 ELECTRUM: Subscribing to headers to get current height
ELECTRUM: Starting fetchAddressHistory for address: tb1qjka5z9xsg53v4925jn28umwwz3u5tyh302wg30
2025-09-16 14:45:29.797 [INF] BTWL btcwallet.go:603: BTCWALLET: chain.NotifyReceived completed successfully for address: tb1qjka5z9xsg53v4925jn28umwwz3u5tyh302wg30
ELECTRUM: Fetching transaction history for address: tb1qjka5z9xsg53v4925jn28umwwz3u5tyh302wg30
2025-09-16 14:45:29.797 [INF] BTWL btcwallet.go:605: BTCWALLET: Successfully set up notification for address: tb1qjka5z9xsg53v4925jn28umwwz3u5tyh302wg30
ELECTRUM: Calling GetHistory for address: tb1qjka5z9xsg53v4925jn28umwwz3u5tyh302wg30, scriptHash: 30311d2d2edd9aabdf8d1684192145260c6f30c8c843ae927758b737aac07235
2025-09-16 14:45:29.797 [INF] BTWL btcwallet.go:580: BTCWALLET: Setting up notification for address: tb1qy84s4sf7y0eetkst3eaah849ky60jdjra09ptk
2025-09-16 14:45:29.797 [INF] BTWL btcwallet.go:593: BTCWALLET: Calling chain.NotifyReceived for address: tb1qy84s4sf7y0eetkst3eaah849ky60jdjra09ptk
ELECTRUM: NotifyReceived called with 1 addresses
2025/09/16 14:45:29 ELECTRUM: Got current height 4671155 from headers subscription
2025/09/16 14:45:29 ELECTRUM: Returning hash 00000000000011f6897c06f2f12f7d7f20a9382c48f24dbe201a1d40f67890b6 for height 4671155 (from headers subscription)
2025/09/16 14:45:29 ELECTRUM: GetBlockHeader called for hash: 00000000000011f6897c06f2f12f7d7f20a9382c48f24dbe201a1d40f67890b6
2025/09/16 14:45:29 ELECTRUM: GetBestBlock called
2025/09/16 14:45:29 ELECTRUM: Subscribing to headers to get current height
2025/09/16 14:45:29 ELECTRUM: GetBestBlock called
2025/09/16 14:45:29 ELECTRUM: Subscribing to headers to get current height
ELECTRUM: Starting fetchAddressHistory for address: tb1qy84s4sf7y0eetkst3eaah849ky60jdjra09ptk
2025-09-16 14:45:30.034 [INF] BTWL btcwallet.go:603: BTCWALLET: chain.NotifyReceived completed successfully for address: tb1qy84s4sf7y0eetkst3eaah849ky60jdjra09ptk
ELECTRUM: Fetching transaction history for address: tb1qy84s4sf7y0eetkst3eaah849ky60jdjra09ptk
ELECTRUM: Calling GetHistory for address: tb1qy84s4sf7y0eetkst3eaah849ky60jdjra09ptk, scriptHash: e49ffa552cb23af49332713f9fedd2efce14dc2902c11597fda6ea1fb83468cc
2025-09-16 14:45:30.034 [INF] BTWL btcwallet.go:605: BTCWALLET: Successfully set up notification for address: tb1qy84s4sf7y0eetkst3eaah849ky60jdjra09ptk
2025-09-16 14:45:30.034 [INF] BTWL btcwallet.go:580: BTCWALLET: Setting up notification for address: tb1q84gk7xt5mkcd5d0kn2pj26gep8zdp8esy5jst5
2025-09-16 14:45:30.034 [INF] BTWL btcwallet.go:593: BTCWALLET: Calling chain.NotifyReceived for address: tb1q84gk7xt5mkcd5d0kn2pj26gep8zdp8esy5jst5
ELECTRUM: NotifyReceived called with 1 addresses
2025/09/16 14:45:30 ELECTRUM: Got current height 4671156 from headers subscription
2025/09/16 14:45:30 ELECTRUM: Returning hash 0000000000000150cde30a4e9b0572d863658bcb5a2a2a5ddae1d24741508b8c for height 4671156 (from headers subscription)
2025/09/16 14:45:30 ELECTRUM: Got current height 4671156 from headers subscription
2025/09/16 14:45:30 ELECTRUM: Returning hash 0000000000000150cde30a4e9b0572d863658bcb5a2a2a5ddae1d24741508b8c for height 4671156 (from headers subscription)
2025/09/16 14:45:30 ELECTRUM: Sending initial block notification for height 4671156
2025/09/16 14:45:30 ELECTRUM: Sending block connected notification for height 4671156
2025/09/16 14:45:30 ELECTRUM: Block notification sent successfully for height 4671156
2025/09/16 14:45:30 ELECTRUM: GetBestBlock called
2025/09/16 14:45:30 ELECTRUM: Subscribing to headers to get current height
ELECTRUM: Starting fetchAddressHistory for address: tb1q84gk7xt5mkcd5d0kn2pj26gep8zdp8esy5jst5
2025-09-16 14:45:30.270 [INF] BTWL btcwallet.go:603: BTCWALLET: chain.NotifyReceived completed successfully for address: tb1q84gk7xt5mkcd5d0kn2pj26gep8zdp8esy5jst5
ELECTRUM: Fetching transaction history for address: tb1q84gk7xt5mkcd5d0kn2pj26gep8zdp8esy5jst5
2025-09-16 14:45:30.270 [INF] BTWL btcwallet.go:605: BTCWALLET: Successfully set up notification for address: tb1q84gk7xt5mkcd5d0kn2pj26gep8zdp8esy5jst5
ELECTRUM: Calling GetHistory for address: tb1q84gk7xt5mkcd5d0kn2pj26gep8zdp8esy5jst5, scriptHash: 0ef136938f4e6ec14f5b140956aa93ab312107d6eed8cc07ab19f19ecfb78117
2025-09-16 14:45:30.270 [INF] BTWL btcwallet.go:580: BTCWALLET: Setting up notification for address: tb1qf07tpug9zz6vffhhm3amvqtujhldkcv2j2wycf
2025-09-16 14:45:30.270 [INF] BTWL btcwallet.go:593: BTCWALLET: Calling chain.NotifyReceived for address: tb1qf07tpug9zz6vffhhm3amvqtujhldkcv2j2wycf
ELECTRUM: NotifyReceived called with 1 addresses
2025/09/16 14:45:30 ELECTRUM: Got current height 4671156 from headers subscription
2025/09/16 14:45:30 ELECTRUM: Returning hash 0000000000000150cde30a4e9b0572d863658bcb5a2a2a5ddae1d24741508b8c for height 4671156 (from headers subscription)
2025/09/16 14:45:30 ELECTRUM: Sending initial block notification for height 4671156
2025/09/16 14:45:30 ELECTRUM: Sending block connected notification for height 4671156
2025/09/16 14:45:30 ELECTRUM: Block notification sent successfully for height 4671156
ELECTRUM: Starting fetchAddressHistory for address: tb1qf07tpug9zz6vffhhm3amvqtujhldkcv2j2wycf
ELECTRUM: Fetching transaction history for address: tb1qf07tpug9zz6vffhhm3amvqtujhldkcv2j2wycf
ELECTRUM: Calling GetHistory for address: tb1qf07tpug9zz6vffhhm3amvqtujhldkcv2j2wycf, scriptHash: fb61782f1e6f1393af564ec097b0ea9834062d5649138e20295f647f97a5361c
2025-09-16 14:45:30.506 [INF] BTWL btcwallet.go:603: BTCWALLET: chain.NotifyReceived completed successfully for address: tb1qf07tpug9zz6vffhhm3amvqtujhldkcv2j2wycf
2025-09-16 14:45:30.507 [INF] BTWL btcwallet.go:605: BTCWALLET: Successfully set up notification for address: tb1qf07tpug9zz6vffhhm3amvqtujhldkcv2j2wycf
2025-09-16 14:45:30.507 [INF] BTWL btcwallet.go:580: BTCWALLET: Setting up notification for address: tb1pv6wu2k2pls6eclghkyv4rehmv8pf93kj5x7pejzak3gzd3a9778shsgnq0
2025-09-16 14:45:30.507 [INF] BTWL btcwallet.go:593: BTCWALLET: Calling chain.NotifyReceived for address: tb1pv6wu2k2pls6eclghkyv4rehmv8pf93kj5x7pejzak3gzd3a9778shsgnq0
ELECTRUM: NotifyReceived called with 1 addresses
ELECTRUM: Starting fetchAddressHistory for address: tb1pv6wu2k2pls6eclghkyv4rehmv8pf93kj5x7pejzak3gzd3a9778shsgnq0
2025-09-16 14:45:30.744 [INF] BTWL btcwallet.go:603: BTCWALLET: chain.NotifyReceived completed successfully for address: tb1pv6wu2k2pls6eclghkyv4rehmv8pf93kj5x7pejzak3gzd3a9778shsgnq0
ELECTRUM: Fetching transaction history for address: tb1pv6wu2k2pls6eclghkyv4rehmv8pf93kj5x7pejzak3gzd3a9778shsgnq0
ELECTRUM: Calling GetHistory for address: tb1pv6wu2k2pls6eclghkyv4rehmv8pf93kj5x7pejzak3gzd3a9778shsgnq0, scriptHash: 8578ba4feebf5378a3775363d531f253b8fbf9b00df139d1346ef1cbb8d17245
2025-09-16 14:45:30.744 [INF] BTWL btcwallet.go:605: BTCWALLET: Successfully set up notification for address: tb1pv6wu2k2pls6eclghkyv4rehmv8pf93kj5x7pejzak3gzd3a9778shsgnq0
2025-09-16 14:45:30.744 [INF] BTWL btcwallet.go:580: BTCWALLET: Setting up notification for address: tb1pa8pzeyefw7glky6entgy0zge4w22kvd0smr56m03jv0z3d0nlxqq6ww377
2025-09-16 14:45:30.745 [INF] BTWL btcwallet.go:593: BTCWALLET: Calling chain.NotifyReceived for address: tb1pa8pzeyefw7glky6entgy0zge4w22kvd0smr56m03jv0z3d0nlxqq6ww377
ELECTRUM: NotifyReceived called with 1 addresses
ELECTRUM: Processing transaction 0 for address tb1pv6wu2k2pls6eclghkyv4rehmv8pf93kj5x7pejzak3gzd3a9778shsgnq0
ELECTRUM: Calling buildTransactionDetail for entry 0
ELECTRUM: buildTransactionDetail called with entry type: *electrum.GetMempoolResult
ELECTRUM: buildTransactionDetail: Transaction 53c28422f27e5b7d71977dfbc73a0c85480a9d618c75b05b4cbaf178747f914b has height: 4660782
ELECTRUM: buildTransactionDetail: About to call GetTransaction for 53c28422f27e5b7d71977dfbc73a0c85480a9d618c75b05b4cbaf178747f914b
ELECTRUM: buildTransactionDetail: Getting transaction details for 53c28422f27e5b7d71977dfbc73a0c85480a9d618c75b05b4cbaf178747f914b
ELECTRUM: Starting fetchAddressHistory for address: tb1pa8pzeyefw7glky6entgy0zge4w22kvd0smr56m03jv0z3d0nlxqq6ww377
2025-09-16 14:45:30.980 [INF] BTWL btcwallet.go:603: BTCWALLET: chain.NotifyReceived completed successfully for address: tb1pa8pzeyefw7glky6entgy0zge4w22kvd0smr56m03jv0z3d0nlxqq6ww377
2025-09-16 14:45:30.980 [INF] BTWL btcwallet.go:605: BTCWALLET: Successfully set up notification for address: tb1pa8pzeyefw7glky6entgy0zge4w22kvd0smr56m03jv0z3d0nlxqq6ww377
ELECTRUM: Fetching transaction history for address: tb1pa8pzeyefw7glky6entgy0zge4w22kvd0smr56m03jv0z3d0nlxqq6ww377
ELECTRUM: Calling GetHistory for address: tb1pa8pzeyefw7glky6entgy0zge4w22kvd0smr56m03jv0z3d0nlxqq6ww377, scriptHash: e099d9fde9213ef12ff365704a11cffd8f3bcb116dbdd10b3c5175d8508bac33
2025-09-16 14:45:30.980 [INF] BTWL btcwallet.go:580: BTCWALLET: Setting up notification for address: tb1pyv0yhlfkue5jv8djnqst2mx0gls46ef42rfmxnsxn6qk0rs2etesn8ee50
2025-09-16 14:45:30.980 [INF] BTWL btcwallet.go:593: BTCWALLET: Calling chain.NotifyReceived for address: tb1pyv0yhlfkue5jv8djnqst2mx0gls46ef42rfmxnsxn6qk0rs2etesn8ee50
ELECTRUM: NotifyReceived called with 1 addresses
ELECTRUM: buildTransactionDetail: Successfully got transaction 53c28422f27e5b7d71977dfbc73a0c85480a9d618c75b05b4cbaf178747f914b
ELECTRUM: buildTransactionDetail: GetTransaction succeeded for 53c28422f27e5b7d71977dfbc73a0c85480a9d618c75b05b4cbaf178747f914b, processing result
ELECTRUM: buildTransactionDetail: Processing transaction result for 53c28422f27e5b7d71977dfbc73a0c85480a9d618c75b05b4cbaf178747f914b
ELECTRUM: buildTransactionDetail: Transaction result is not nil for 53c28422f27e5b7d71977dfbc73a0c85480a9d618c75b05b4cbaf178747f914b
ELECTRUM: buildTransactionDetail: Attempting to get actual value for transaction 53c28422f27e5b7d71977dfbc73a0c85480a9d618c75b05b4cbaf178747f914b
ELECTRUM: Starting fetchAddressHistory for address: tb1pyv0yhlfkue5jv8djnqst2mx0gls46ef42rfmxnsxn6qk0rs2etesn8ee50
2025-09-16 14:45:31.237 [INF] BTWL btcwallet.go:603: BTCWALLET: chain.NotifyReceived completed successfully for address: tb1pyv0yhlfkue5jv8djnqst2mx0gls46ef42rfmxnsxn6qk0rs2etesn8ee50
ELECTRUM: Fetching transaction history for address: tb1pyv0yhlfkue5jv8djnqst2mx0gls46ef42rfmxnsxn6qk0rs2etesn8ee50
ELECTRUM: Calling GetHistory for address: tb1pyv0yhlfkue5jv8djnqst2mx0gls46ef42rfmxnsxn6qk0rs2etesn8ee50, scriptHash: f5c33ca4f183067b5c6f0c90abf586cb7bfac7aa4718bbbb54d982ae17efdc4e
2025-09-16 14:45:31.237 [INF] BTWL btcwallet.go:605: BTCWALLET: Successfully set up notification for address: tb1pyv0yhlfkue5jv8djnqst2mx0gls46ef42rfmxnsxn6qk0rs2etesn8ee50
2025-09-16 14:45:31.238 [INF] BTWL btcwallet.go:580: BTCWALLET: Setting up notification for address: tb1pdw5jf09namf7sdkxqjrlru7uthdeugrps662cdlzet8ht02jw48sgy0gs6
2025-09-16 14:45:31.238 [INF] BTWL btcwallet.go:593: BTCWALLET: Calling chain.NotifyReceived for address: tb1pdw5jf09namf7sdkxqjrlru7uthdeugrps662cdlzet8ht02jw48sgy0gs6
ELECTRUM: NotifyReceived called with 1 addresses
ELECTRUM: Processing transaction 0 for address tb1pyv0yhlfkue5jv8djnqst2mx0gls46ef42rfmxnsxn6qk0rs2etesn8ee50
ELECTRUM: Calling buildTransactionDetail for entry 0
ELECTRUM: buildTransactionDetail called with entry type: *electrum.GetMempoolResult
ELECTRUM: buildTransactionDetail: Transaction 70b89aa06b86eea0e6d870f9ee0e6b2881efcc189af8e8c9f6326927fd2db5ce has height: 4665879
ELECTRUM: buildTransactionDetail: About to call GetTransaction for 70b89aa06b86eea0e6d870f9ee0e6b2881efcc189af8e8c9f6326927fd2db5ce
ELECTRUM: buildTransactionDetail: Getting transaction details for 70b89aa06b86eea0e6d870f9ee0e6b2881efcc189af8e8c9f6326927fd2db5ce
ELECTRUM: getTransactionValue: Transaction result type: *electrum.GetTransactionResult, fields: 12
ELECTRUM: getTransactionValue: Field 0: Blockhash = 0000000000000042e460b9fad2e9532cf1cc3f4170a53d9d26ab6e78ff236847 (type: string)
ELECTRUM: getTransactionValue: Field 1: Blocktime = 1757981159 (type: uint64)
ELECTRUM: getTransactionValue: Field 2: Confirmations = 10375 (type: int32)
ELECTRUM: getTransactionValue: Field 3: Hash = 15c263df20efdbc1e9a831e492e4448bfae81a419aebddaf1cdaa9581e5886ec (type: string)
ELECTRUM: getTransactionValue: Field 4: Hex = 01000000000101e1a363336ff7bf5c9cfe66dd6f03620ebcf0a6c9a8500fcd9ad509606e08c27f0000000000ffffffff026198a300000000002251201edf63902042b3252443e16248200720e90b315f7e4512f05583cc0e49e6c07dd721000000000000225120669dc55941fc359c7d17b11951e6fb61c292c6d2a1bc1cc85db45026c7a5f78f0140a7bf98f7dbc055da2864c132b6e28616cee30297c3b4432b31f725f1f3eac4f52fa39ab8a351aa1c2a07848c8657f223f648ba92739e8ca06bd8acf140ecacbb00000000 (type: string)
ELECTRUM: getTransactionValue: Field 5: Locktime = 0 (type: uint32)
ELECTRUM: getTransactionValue: Field 6: Size = 205 (type: uint32)
ELECTRUM: Starting fetchAddressHistory for address: tb1pdw5jf09namf7sdkxqjrlru7uthdeugrps662cdlzet8ht02jw48sgy0gs6
2025-09-16 14:45:31.476 [INF] BTWL btcwallet.go:603: BTCWALLET: chain.NotifyReceived completed successfully for address: tb1pdw5jf09namf7sdkxqjrlru7uthdeugrps662cdlzet8ht02jw48sgy0gs6
2025-09-16 14:45:31.476 [INF] BTWL btcwallet.go:605: BTCWALLET: Successfully set up notification for address: tb1pdw5jf09namf7sdkxqjrlru7uthdeugrps662cdlzet8ht02jw48sgy0gs6
2025-09-16 14:45:31.476 [INF] BTWL btcwallet.go:580: BTCWALLET: Setting up notification for address: tb1pqxhwj0c5z7jkz6pcur2lryehylrl4yzh0fvgphnpf769578k2qwqq8pvqd
2025-09-16 14:45:31.476 [INF] BTWL btcwallet.go:593: BTCWALLET: Calling chain.NotifyReceived for address: tb1pqxhwj0c5z7jkz6pcur2lryehylrl4yzh0fvgphnpf769578k2qwqq8pvqd
ELECTRUM: NotifyReceived called with 1 addresses
ELECTRUM: getTransactionValue: Field 7: Time = 1757981159 (type: uint64)
ELECTRUM: getTransactionValue: Field 8: Version = 1 (type: uint32)
ELECTRUM: getTransactionValue: Field 9: Vin = [{ 0x1400011e540 4294967295 7fc2086e6009d59acd0f50a8c9a6f0bc0e62036fdd66fe9c5cbff76f3363a3e1 0}] (type: []electrum.Vin)
ELECTRUM: getTransactionValue: Field 10: Vout = [{0 {[] 1 1edf63902042b3252443e16248200720e90b315f7e4512f05583cc0e49e6c07d 51201edf63902042b3252443e16248200720e90b315f7e4512f05583cc0e49e6c07d 0 witness_v1_taproot} 0.10721377} {1 {[] 1 669dc55941fc359c7d17b11951e6fb61c292c6d2a1bc1cc85db45026c7a5f78f 5120669dc55941fc359c7d17b11951e6fb61c292c6d2a1bc1cc85db45026c7a5f78f 0 witness_v1_taproot} 8.663e-05}] (type: []electrum.Vout)
ELECTRUM: getTransactionValue: Field 11: Merkle = {[] 0 0} (type: electrum.GetMerkleProofResult)
ELECTRUM: getTransactionValue: Processing 2 Vout entries for transaction 53c28422f27e5b7d71977dfbc73a0c85480a9d618c75b05b4cbaf178747f914b
ELECTRUM: getTransactionValue: Processing Vout entry 0 for transaction 53c28422f27e5b7d71977dfbc73a0c85480a9d618c75b05b4cbaf178747f914b
ELECTRUM: getTransactionValue: Vout[0] Field 0: N = 0 (type: uint32)
ELECTRUM: getTransactionValue: Vout[0] Field 1: ScriptPubkey = {[] 1 1edf63902042b3252443e16248200720e90b315f7e4512f05583cc0e49e6c07d 51201edf63902042b3252443e16248200720e90b315f7e4512f05583cc0e49e6c07d 0 witness_v1_taproot} (type: electrum.ScriptPubkey)
ELECTRUM: getTransactionValue: Vout[0] Field 2: Value = 0.10721377 (type: float64)
ELECTRUM: getTransactionValue: Vout[0] has value 0.107214 BTC (10721377 satoshis)
ELECTRUM: getTransactionValue: Vout[0] ScriptPubkey type: electrum.ScriptPubkey
ELECTRUM: getTransactionValue: Vout[0] ScriptPubkey has 5 fields
ELECTRUM: getTransactionValue: Vout[0] ScriptPubkey Field 0: Addresses = [] (type: []string)
ELECTRUM: getTransactionValue: Vout[0] ScriptPubkey Field 1: Asm = 1 1edf63902042b3252443e16248200720e90b315f7e4512f05583cc0e49e6c07d (type: string)
ELECTRUM: getTransactionValue: Vout[0] ScriptPubkey Field 2: Hex = 51201edf63902042b3252443e16248200720e90b315f7e4512f05583cc0e49e6c07d (type: string)
ELECTRUM: getTransactionValue: Vout[0] ScriptPubkey Field 3: ReqSigs = 0 (type: uint32)
ELECTRUM: getTransactionValue: Vout[0] ScriptPubkey Field 4: Type = witness_v1_taproot (type: string)
ELECTRUM: getTransactionValue: Vout[0] extracted script hex from Hex field: 51201edf63902042b3252443e16248200720e90b315f7e4512f05583cc0e49e6c07d
ELECTRUM: getTransactionValue: Vout[0] calculated script hash: ecafa67b1773168b4fb6c72f570956f426e9587530e4e08c911f95c5e7bf21ea, target: 8578ba4feebf5378a3775363d531f253b8fbf9b00df139d1346ef1cbb8d17245
ELECTRUM: getTransactionValue: Vout[0] does not match our script hash, skipping
ELECTRUM: getTransactionValue: Processing Vout entry 1 for transaction 53c28422f27e5b7d71977dfbc73a0c85480a9d618c75b05b4cbaf178747f914b
ELECTRUM: getTransactionValue: Vout[1] Field 0: N = 1 (type: uint32)
ELECTRUM: getTransactionValue: Vout[1] Field 1: ScriptPubkey = {[] 1 669dc55941fc359c7d17b11951e6fb61c292c6d2a1bc1cc85db45026c7a5f78f 5120669dc55941fc359c7d17b11951e6fb61c292c6d2a1bc1cc85db45026c7a5f78f 0 witness_v1_taproot} (type: electrum.ScriptPubkey)
ELECTRUM: getTransactionValue: Vout[1] Field 2: Value = 8.663e-05 (type: float64)
ELECTRUM: getTransactionValue: Vout[1] has value 0.000087 BTC (8663 satoshis)
ELECTRUM: getTransactionValue: Vout[1] ScriptPubkey type: electrum.ScriptPubkey
ELECTRUM: getTransactionValue: Vout[1] ScriptPubkey has 5 fields
ELECTRUM: getTransactionValue: Vout[1] ScriptPubkey Field 0: Addresses = [] (type: []string)
ELECTRUM: getTransactionValue: Vout[1] ScriptPubkey Field 1: Asm = 1 669dc55941fc359c7d17b11951e6fb61c292c6d2a1bc1cc85db45026c7a5f78f (type: string)
ELECTRUM: getTransactionValue: Vout[1] ScriptPubkey Field 2: Hex = 5120669dc55941fc359c7d17b11951e6fb61c292c6d2a1bc1cc85db45026c7a5f78f (type: string)
ELECTRUM: getTransactionValue: Vout[1] ScriptPubkey Field 3: ReqSigs = 0 (type: uint32)
ELECTRUM: getTransactionValue: Vout[1] ScriptPubkey Field 4: Type = witness_v1_taproot (type: string)
ELECTRUM: getTransactionValue: Vout[1] extracted script hex from Hex field: 5120669dc55941fc359c7d17b11951e6fb61c292c6d2a1bc1cc85db45026c7a5f78f
ELECTRUM: getTransactionValue: Vout[1] calculated script hash: 8578ba4feebf5378a3775363d531f253b8fbf9b00df139d1346ef1cbb8d17245, target: 8578ba4feebf5378a3775363d531f253b8fbf9b00df139d1346ef1cbb8d17245
ELECTRUM: getTransactionValue: Vout[1] matches our script hash, adding 8663 satoshis
ELECTRUM: buildTransactionDetail: Transaction 53c28422f27e5b7d71977dfbc73a0c85480a9d618c75b05b4cbaf178747f914b has actual value 8663 satoshis
2025/09/16 14:45:31 ELECTRUM: GetBlockHash called for height: 4660782
ELECTRUM: Fetching transaction history for address: tb1pdw5jf09namf7sdkxqjrlru7uthdeugrps662cdlzet8ht02jw48sgy0gs6
ELECTRUM: Calling GetHistory for address: tb1pdw5jf09namf7sdkxqjrlru7uthdeugrps662cdlzet8ht02jw48sgy0gs6, scriptHash: 5987449d703426b3d8882ca6a898953f5475d0e7579d6c3c11c28a2d2279d2a1
ELECTRUM: Starting fetchAddressHistory for address: tb1pqxhwj0c5z7jkz6pcur2lryehylrl4yzh0fvgphnpf769578k2qwqq8pvqd
ELECTRUM: buildTransactionDetail: Successfully got transaction 70b89aa06b86eea0e6d870f9ee0e6b2881efcc189af8e8c9f6326927fd2db5ce
ELECTRUM: buildTransactionDetail: GetTransaction succeeded for 70b89aa06b86eea0e6d870f9ee0e6b2881efcc189af8e8c9f6326927fd2db5ce, processing result
ELECTRUM: buildTransactionDetail: Processing transaction result for 70b89aa06b86eea0e6d870f9ee0e6b2881efcc189af8e8c9f6326927fd2db5ce
ELECTRUM: buildTransactionDetail: Transaction result is not nil for 70b89aa06b86eea0e6d870f9ee0e6b2881efcc189af8e8c9f6326927fd2db5ce
ELECTRUM: buildTransactionDetail: Attempting to get actual value for transaction 70b89aa06b86eea0e6d870f9ee0e6b2881efcc189af8e8c9f6326927fd2db5ce
2025-09-16 14:45:31.740 [INF] BTWL btcwallet.go:490: BTCWALLET: Received transaction callback - txHash: 53c28422f27e5b7d71977dfbc73a0c85480a9d618c75b05b4cbaf178747f914b, address: tb1pv6wu2k2pls6eclghkyv4rehmv8pf93kj5x7pejzak3gzd3a9778shsgnq0, value: 8663, confirmations: 10375
ELECTRUM: Fetching transaction history for address: tb1pqxhwj0c5z7jkz6pcur2lryehylrl4yzh0fvgphnpf769578k2qwqq8pvqd
2025-09-16 14:45:31.741 [INF] BTWL btcwallet.go:603: BTCWALLET: chain.NotifyReceived completed successfully for address: tb1pqxhwj0c5z7jkz6pcur2lryehylrl4yzh0fvgphnpf769578k2qwqq8pvqd
ELECTRUM: Calling GetHistory for address: tb1pqxhwj0c5z7jkz6pcur2lryehylrl4yzh0fvgphnpf769578k2qwqq8pvqd, scriptHash: b4b1be16fa88724c29732edb1ff71e5ab276106ae5fc1021dbec298966da0b83
ELECTRUM: Processing transaction 0 for address tb1pdw5jf09namf7sdkxqjrlru7uthdeugrps662cdlzet8ht02jw48sgy0gs6
ELECTRUM: Calling buildTransactionDetail for entry 0
ELECTRUM: buildTransactionDetail called with entry type: *electrum.GetMempoolResult
ELECTRUM: buildTransactionDetail: Transaction 319cca7de1a53e4a43e3462c066ecfe1223a17a6f7d957aac2f3521a012248c4 has height: 4667133
ELECTRUM: buildTransactionDetail: About to call GetTransaction for 319cca7de1a53e4a43e3462c066ecfe1223a17a6f7d957aac2f3521a012248c4
ELECTRUM: buildTransactionDetail: Getting transaction details for 319cca7de1a53e4a43e3462c066ecfe1223a17a6f7d957aac2f3521a012248c4
2025-09-16 14:45:31.741 [INF] BTWL btcwallet.go:514: BTCWALLET: Integrating discovered transaction 53c28422f27e5b7d71977dfbc73a0c85480a9d618c75b05b4cbaf178747f914b for address tb1pv6wu2k2pls6eclghkyv4rehmv8pf93kj5x7pejzak3gzd3a9778shsgnq0 (value: 8663, confirmations: 10375)
2025-09-16 14:45:31.741 [INF] BTWL btcwallet.go:605: BTCWALLET: Successfully set up notification for address: tb1pqxhwj0c5z7jkz6pcur2lryehylrl4yzh0fvgphnpf769578k2qwqq8pvqd
2025-09-16 14:45:31.741 [INF] BTWL btcwallet.go:561: BTCWALLET: Successfully integrated transaction 53c28422f27e5b7d71977dfbc73a0c85480a9d618c75b05b4cbaf178747f914b (value: 8663 satoshis, confirmations: 10375)
2025-09-16 14:45:31.741 [INF] BTWL btcwallet.go:580: BTCWALLET: Setting up notification for address: tb1pyts089s2l3zpfhculluw6lxzwfsary8cj9m26edtrqxss7p7qydqat9hw2
2025-09-16 14:45:31.741 [INF] BTWL btcwallet.go:498: BTCWALLET: Successfully integrated discovered transaction 53c28422f27e5b7d71977dfbc73a0c85480a9d618c75b05b4cbaf178747f914b
2025-09-16 14:45:31.741 [INF] BTWL btcwallet.go:593: BTCWALLET: Calling chain.NotifyReceived for address: tb1pyts089s2l3zpfhculluw6lxzwfsary8cj9m26edtrqxss7p7qydqat9hw2
ELECTRUM: NotifyReceived called with 1 addresses
ELECTRUM: Starting fetchAddressHistory for address: tb1pyts089s2l3zpfhculluw6lxzwfsary8cj9m26edtrqxss7p7qydqat9hw2
ELECTRUM: Fetching transaction history for address: tb1pyts089s2l3zpfhculluw6lxzwfsary8cj9m26edtrqxss7p7qydqat9hw2
ELECTRUM: getTransactionValue: Transaction result type: *electrum.GetTransactionResult, fields: 12
ELECTRUM: getTransactionValue: Field 0: Blockhash = 000000000000116242136073a4a852db7fe9d1df3a40fd8cc63406bb09ad832f (type: string)
ELECTRUM: getTransactionValue: Field 1: Blocktime = 1758036367 (type: uint64)
ELECTRUM: getTransactionValue: Field 2: Confirmations = 5279 (type: int32)
ELECTRUM: getTransactionValue: Field 3: Hash = 7dd5a01e353db4e588a83daebd2247317de97d2d2d52c2759f3568d5d65dd51a (type: string)
ELECTRUM: getTransactionValue: Field 4: Hex = 0100000000010194fd0563da521fe38d87737bd27f4032217b2f4b2cd8f1cf6f6e674fa3830e480100000000ffffffff02e632000000000000225120231e4bfd36e669261db29820b56ccf47e15d653550d3b34e069e81678e0acaf37cdaa200000000002251203ab4fb974815d5bbd4311d2b5a0b2fcbff49a01ff0db93dda6aaca61d0da914e0140f4b195521857f4498c883a2017dce416f1111fcc162d15c43cbc7dbd42b33b3f52c608e0fa222cbcfa184c1f915a637152fcc5fb35edf8c3c165124ba67c7a0d00000000 (type: string)
ELECTRUM: getTransactionValue: Field 5: Locktime = 0 (type: uint32)
ELECTRUM: getTransactionValue: Field 6: Size = 205 (type: uint32)
ELECTRUM: getTransactionValue: Field 7: Time = 1758036367 (type: uint64)
ELECTRUM: getTransactionValue: Field 8: Version = 1 (type: uint32)
2025-09-16 14:45:31.981 [INF] BTWL btcwallet.go:603: BTCWALLET: chain.NotifyReceived completed successfully for address: tb1pyts089s2l3zpfhculluw6lxzwfsary8cj9m26edtrqxss7p7qydqat9hw2
ELECTRUM: buildTransactionDetail: Successfully got transaction 319cca7de1a53e4a43e3462c066ecfe1223a17a6f7d957aac2f3521a012248c4
ELECTRUM: buildTransactionDetail: GetTransaction succeeded for 319cca7de1a53e4a43e3462c066ecfe1223a17a6f7d957aac2f3521a012248c4, processing result
ELECTRUM: buildTransactionDetail: Processing transaction result for 319cca7de1a53e4a43e3462c066ecfe1223a17a6f7d957aac2f3521a012248c4
ELECTRUM: buildTransactionDetail: Transaction result is not nil for 319cca7de1a53e4a43e3462c066ecfe1223a17a6f7d957aac2f3521a012248c4
ELECTRUM: buildTransactionDetail: Attempting to get actual value for transaction 319cca7de1a53e4a43e3462c066ecfe1223a17a6f7d957aac2f3521a012248c4
ELECTRUM: getTransactionValue: Field 9: Vin = [{ 0x14000306360 4294967295 480e83a34f676e6fcff1d82c4b2f7b2132407fd27b73878de31f52da6305fd94 1}] (type: []electrum.Vin)
2025-09-16 14:45:31.981 [INF] BTWL btcwallet.go:605: BTCWALLET: Successfully set up notification for address: tb1pyts089s2l3zpfhculluw6lxzwfsary8cj9m26edtrqxss7p7qydqat9hw2
ELECTRUM: Calling GetHistory for address: tb1pyts089s2l3zpfhculluw6lxzwfsary8cj9m26edtrqxss7p7qydqat9hw2, scriptHash: f67a34ebd66063c1a926b52c9a5e00f290e890e3b2a8b3acf99e6ca0840e2c69
2025-09-16 14:45:31.981 [INF] BTWL btcwallet.go:580: BTCWALLET: Setting up notification for address: tb1py0jfpc0ft4zsfhg7p3peze4q6wdl9l2gfwzf8ar64skxkhz9v9lsuhm2g4
ELECTRUM: getTransactionValue: Field 10: Vout = [{0 {[] 1 231e4bfd36e669261db29820b56ccf47e15d653550d3b34e069e81678e0acaf3 5120231e4bfd36e669261db29820b56ccf47e15d653550d3b34e069e81678e0acaf3 0 witness_v1_taproot} 0.0001303} {1 {[] 1 3ab4fb974815d5bbd4311d2b5a0b2fcbff49a01ff0db93dda6aaca61d0da914e 51203ab4fb974815d5bbd4311d2b5a0b2fcbff49a01ff0db93dda6aaca61d0da914e 0 witness_v1_taproot} 0.10672764}] (type: []electrum.Vout)
2025-09-16 14:45:31.982 [INF] BTWL btcwallet.go:593: BTCWALLET: Calling chain.NotifyReceived for address: tb1py0jfpc0ft4zsfhg7p3peze4q6wdl9l2gfwzf8ar64skxkhz9v9lsuhm2g4
ELECTRUM: getTransactionValue: Field 11: Merkle = {[] 0 0} (type: electrum.GetMerkleProofResult)
ELECTRUM: NotifyReceived called with 1 addresses
ELECTRUM: getTransactionValue: Processing 2 Vout entries for transaction 70b89aa06b86eea0e6d870f9ee0e6b2881efcc189af8e8c9f6326927fd2db5ce
ELECTRUM: getTransactionValue: Processing Vout entry 0 for transaction 70b89aa06b86eea0e6d870f9ee0e6b2881efcc189af8e8c9f6326927fd2db5ce
ELECTRUM: getTransactionValue: Vout[0] Field 0: N = 0 (type: uint32)
ELECTRUM: getTransactionValue: Vout[0] Field 1: ScriptPubkey = {[] 1 231e4bfd36e669261db29820b56ccf47e15d653550d3b34e069e81678e0acaf3 5120231e4bfd36e669261db29820b56ccf47e15d653550d3b34e069e81678e0acaf3 0 witness_v1_taproot} (type: electrum.ScriptPubkey)
ELECTRUM: getTransactionValue: Vout[0] Field 2: Value = 0.0001303 (type: float64)
ELECTRUM: getTransactionValue: Vout[0] has value 0.000130 BTC (13030 satoshis)
ELECTRUM: getTransactionValue: Vout[0] ScriptPubkey type: electrum.ScriptPubkey
ELECTRUM: getTransactionValue: Vout[0] ScriptPubkey has 5 fields
ELECTRUM: getTransactionValue: Vout[0] ScriptPubkey Field 0: Addresses = [] (type: []string)
ELECTRUM: getTransactionValue: Vout[0] ScriptPubkey Field 1: Asm = 1 231e4bfd36e669261db29820b56ccf47e15d653550d3b34e069e81678e0acaf3 (type: string)
ELECTRUM: getTransactionValue: Vout[0] ScriptPubkey Field 2: Hex = 5120231e4bfd36e669261db29820b56ccf47e15d653550d3b34e069e81678e0acaf3 (type: string)
ELECTRUM: getTransactionValue: Vout[0] ScriptPubkey Field 3: ReqSigs = 0 (type: uint32)
ELECTRUM: getTransactionValue: Vout[0] ScriptPubkey Field 4: Type = witness_v1_taproot (type: string)
ELECTRUM: getTransactionValue: Vout[0] extracted script hex from Hex field: 5120231e4bfd36e669261db29820b56ccf47e15d653550d3b34e069e81678e0acaf3
ELECTRUM: getTransactionValue: Vout[0] calculated script hash: f5c33ca4f183067b5c6f0c90abf586cb7bfac7aa4718bbbb54d982ae17efdc4e, target: f5c33ca4f183067b5c6f0c90abf586cb7bfac7aa4718bbbb54d982ae17efdc4e
ELECTRUM: getTransactionValue: Vout[0] matches our script hash, adding 13030 satoshis
ELECTRUM: getTransactionValue: Processing Vout entry 1 for transaction 70b89aa06b86eea0e6d870f9ee0e6b2881efcc189af8e8c9f6326927fd2db5ce
ELECTRUM: getTransactionValue: Vout[1] Field 0: N = 1 (type: uint32)
ELECTRUM: getTransactionValue: Vout[1] Field 1: ScriptPubkey = {[] 1 3ab4fb974815d5bbd4311d2b5a0b2fcbff49a01ff0db93dda6aaca61d0da914e 51203ab4fb974815d5bbd4311d2b5a0b2fcbff49a01ff0db93dda6aaca61d0da914e 0 witness_v1_taproot} (type: electrum.ScriptPubkey)
ELECTRUM: getTransactionValue: Vout[1] Field 2: Value = 0.10672764 (type: float64)
ELECTRUM: getTransactionValue: Vout[1] has value 0.106728 BTC (10672764 satoshis)
ELECTRUM: getTransactionValue: Vout[1] ScriptPubkey type: electrum.ScriptPubkey
ELECTRUM: getTransactionValue: Vout[1] ScriptPubkey has 5 fields
ELECTRUM: getTransactionValue: Vout[1] ScriptPubkey Field 0: Addresses = [] (type: []string)
ELECTRUM: getTransactionValue: Vout[1] ScriptPubkey Field 1: Asm = 1 3ab4fb974815d5bbd4311d2b5a0b2fcbff49a01ff0db93dda6aaca61d0da914e (type: string)
ELECTRUM: getTransactionValue: Vout[1] ScriptPubkey Field 2: Hex = 51203ab4fb974815d5bbd4311d2b5a0b2fcbff49a01ff0db93dda6aaca61d0da914e (type: string)
ELECTRUM: getTransactionValue: Vout[1] ScriptPubkey Field 3: ReqSigs = 0 (type: uint32)
ELECTRUM: getTransactionValue: Vout[1] ScriptPubkey Field 4: Type = witness_v1_taproot (type: string)
ELECTRUM: getTransactionValue: Vout[1] extracted script hex from Hex field: 51203ab4fb974815d5bbd4311d2b5a0b2fcbff49a01ff0db93dda6aaca61d0da914e
ELECTRUM: getTransactionValue: Vout[1] calculated script hash: b7aae3c97d4769611aee910825b7118d7ad2151c446f074416f7bf72160dcfd2, target: f5c33ca4f183067b5c6f0c90abf586cb7bfac7aa4718bbbb54d982ae17efdc4e
ELECTRUM: getTransactionValue: Vout[1] does not match our script hash, skipping
ELECTRUM: buildTransactionDetail: Transaction 70b89aa06b86eea0e6d870f9ee0e6b2881efcc189af8e8c9f6326927fd2db5ce has actual value 13030 satoshis
2025/09/16 14:45:31 ELECTRUM: GetBlockHash called for height: 4665879
ELECTRUM: Starting fetchAddressHistory for address: tb1py0jfpc0ft4zsfhg7p3peze4q6wdl9l2gfwzf8ar64skxkhz9v9lsuhm2g4
2025-09-16 14:45:32.216 [INF] BTWL btcwallet.go:603: BTCWALLET: chain.NotifyReceived completed successfully for address: tb1py0jfpc0ft4zsfhg7p3peze4q6wdl9l2gfwzf8ar64skxkhz9v9lsuhm2g4
ELECTRUM: Processing transaction 0 for address tb1pyts089s2l3zpfhculluw6lxzwfsary8cj9m26edtrqxss7p7qydqat9hw2
ELECTRUM: Calling buildTransactionDetail for entry 0
ELECTRUM: buildTransactionDetail called with entry type: *electrum.GetMempoolResult
ELECTRUM: Fetching transaction history for address: tb1py0jfpc0ft4zsfhg7p3peze4q6wdl9l2gfwzf8ar64skxkhz9v9lsuhm2g4
ELECTRUM: Calling GetHistory for address: tb1py0jfpc0ft4zsfhg7p3peze4q6wdl9l2gfwzf8ar64skxkhz9v9lsuhm2g4, scriptHash: 1f1546aea3cb0bbe6272bb05f049b1d43ea9cd69a421402946f1e21b67d24a7f
2025-09-16 14:45:32.216 [INF] BTWL btcwallet.go:605: BTCWALLET: Successfully set up notification for address: tb1py0jfpc0ft4zsfhg7p3peze4q6wdl9l2gfwzf8ar64skxkhz9v9lsuhm2g4
2025-09-16 14:45:32.216 [INF] BTWL btcwallet.go:580: BTCWALLET: Setting up notification for address: tb1pehlh6hywge7xh72v76rnma6j3h57nne0fxtwr5d0784jdtf79twstllsvz
ELECTRUM: buildTransactionDetail: Transaction 51abc2a15b01e008362af0075a3616d445af203deaea3abcad4d94f607dbafab has height: 4661302
ELECTRUM: buildTransactionDetail: About to call GetTransaction for 51abc2a15b01e008362af0075a3616d445af203deaea3abcad4d94f607dbafab
ELECTRUM: buildTransactionDetail: Getting transaction details for 51abc2a15b01e008362af0075a3616d445af203deaea3abcad4d94f607dbafab
2025-09-16 14:45:32.218 [INF] BTWL btcwallet.go:593: BTCWALLET: Calling chain.NotifyReceived for address: tb1pehlh6hywge7xh72v76rnma6j3h57nne0fxtwr5d0784jdtf79twstllsvz
ELECTRUM: NotifyReceived called with 1 addresses
2025-09-16 14:45:32.220 [INF] BTWL btcwallet.go:490: BTCWALLET: Received transaction callback - txHash: 70b89aa06b86eea0e6d870f9ee0e6b2881efcc189af8e8c9f6326927fd2db5ce, address: tb1pyv0yhlfkue5jv8djnqst2mx0gls46ef42rfmxnsxn6qk0rs2etesn8ee50, value: 13030, confirmations: 5278
ELECTRUM: getTransactionValue: Transaction result type: *electrum.GetTransactionResult, fields: 12
2025-09-16 14:45:32.221 [INF] BTWL btcwallet.go:514: BTCWALLET: Integrating discovered transaction 70b89aa06b86eea0e6d870f9ee0e6b2881efcc189af8e8c9f6326927fd2db5ce for address tb1pyv0yhlfkue5jv8djnqst2mx0gls46ef42rfmxnsxn6qk0rs2etesn8ee50 (value: 13030, confirmations: 5278)
ELECTRUM: getTransactionValue: Field 0: Blockhash = 00000000000250b139dcd3b1c9c71b8974b271315c97bec585495f4f7e529dc3 (type: string)
ELECTRUM: getTransactionValue: Field 1: Blocktime = 1758039166 (type: uint64)
ELECTRUM: getTransactionValue: Field 2: Confirmations = 4025 (type: int32)
ELECTRUM: getTransactionValue: Field 3: Hash = 91bf7327473c9bc0234f3d934656c53ec09bbc1794cf2b3fa87f8cfd984e456f (type: string)
ELECTRUM: getTransactionValue: Field 4: Hex = 01000000000101ceb52dfd276932f6c9e8f89a18ccef81286b0eeef970d8e6a0ee866ba09ab8700100000000ffffffff026a96a20000000000225120a26e00c992e2f66cd6fef339fbf84e2b0d9e0358286aa6ea9c00d9ca6684224c76430000000000002251206ba924bcb3eed3e836c60487f1f3dc5ddb9e206186b4ac37e2cacf75bd52754f01400e4892d04983c7415e5baa0a8b7e25b02f74a747cdf60eb29a20aafc131bc9e7d28e484f53ab8f25a5262d7f8f94c4947dcdce9606f53a8e445fd10505d9855800000000 (type: string)
ELECTRUM: getTransactionValue: Field 5: Locktime = 0 (type: uint32)
ELECTRUM: getTransactionValue: Field 6: Size = 205 (type: uint32)
ELECTRUM: getTransactionValue: Field 7: Time = 1758039166 (type: uint64)
ELECTRUM: getTransactionValue: Field 8: Version = 1 (type: uint32)
ELECTRUM: getTransactionValue: Field 9: Vin = [{ 0x14000307500 4294967295 70b89aa06b86eea0e6d870f9ee0e6b2881efcc189af8e8c9f6326927fd2db5ce 1}] (type: []electrum.Vin)
ELECTRUM: getTransactionValue: Field 10: Vout = [{0 {[] 1 a26e00c992e2f66cd6fef339fbf84e2b0d9e0358286aa6ea9c00d9ca6684224c 5120a26e00c992e2f66cd6fef339fbf84e2b0d9e0358286aa6ea9c00d9ca6684224c 0 witness_v1_taproot} 0.10655338} {1 {[] 1 6ba924bcb3eed3e836c60487f1f3dc5ddb9e206186b4ac37e2cacf75bd52754f 51206ba924bcb3eed3e836c60487f1f3dc5ddb9e206186b4ac37e2cacf75bd52754f 0 witness_v1_taproot} 0.0001727}] (type: []electrum.Vout)
ELECTRUM: getTransactionValue: Field 11: Merkle = {[] 0 0} (type: electrum.GetMerkleProofResult)
ELECTRUM: getTransactionValue: Processing 2 Vout entries for transaction 319cca7de1a53e4a43e3462c066ecfe1223a17a6f7d957aac2f3521a012248c4
2025-09-16 14:45:32.221 [INF] BTWL btcwallet.go:561: BTCWALLET: Successfully integrated transaction 70b89aa06b86eea0e6d870f9ee0e6b2881efcc189af8e8c9f6326927fd2db5ce (value: 13030 satoshis, confirmations: 5278)
ELECTRUM: getTransactionValue: Processing Vout entry 0 for transaction 319cca7de1a53e4a43e3462c066ecfe1223a17a6f7d957aac2f3521a012248c4
ELECTRUM: getTransactionValue: Vout[0] Field 0: N = 0 (type: uint32)
ELECTRUM: getTransactionValue: Vout[0] Field 1: ScriptPubkey = {[] 1 a26e00c992e2f66cd6fef339fbf84e2b0d9e0358286aa6ea9c00d9ca6684224c 5120a26e00c992e2f66cd6fef339fbf84e2b0d9e0358286aa6ea9c00d9ca6684224c 0 witness_v1_taproot} (type: electrum.ScriptPubkey)
ELECTRUM: getTransactionValue: Vout[0] Field 2: Value = 0.10655338 (type: float64)
2025-09-16 14:45:32.221 [INF] BTWL btcwallet.go:498: BTCWALLET: Successfully integrated discovered transaction 70b89aa06b86eea0e6d870f9ee0e6b2881efcc189af8e8c9f6326927fd2db5ce
ELECTRUM: getTransactionValue: Vout[0] has value 0.106553 BTC (10655338 satoshis)
ELECTRUM: getTransactionValue: Vout[0] ScriptPubkey type: electrum.ScriptPubkey
ELECTRUM: getTransactionValue: Vout[0] ScriptPubkey has 5 fields
ELECTRUM: getTransactionValue: Vout[0] ScriptPubkey Field 0: Addresses = [] (type: []string)
ELECTRUM: getTransactionValue: Vout[0] ScriptPubkey Field 1: Asm = 1 a26e00c992e2f66cd6fef339fbf84e2b0d9e0358286aa6ea9c00d9ca6684224c (type: string)
ELECTRUM: getTransactionValue: Vout[0] ScriptPubkey Field 2: Hex = 5120a26e00c992e2f66cd6fef339fbf84e2b0d9e0358286aa6ea9c00d9ca6684224c (type: string)
ELECTRUM: getTransactionValue: Vout[0] ScriptPubkey Field 3: ReqSigs = 0 (type: uint32)
ELECTRUM: getTransactionValue: Vout[0] ScriptPubkey Field 4: Type = witness_v1_taproot (type: string)
ELECTRUM: getTransactionValue: Vout[0] extracted script hex from Hex field: 5120a26e00c992e2f66cd6fef339fbf84e2b0d9e0358286aa6ea9c00d9ca6684224c
ELECTRUM: getTransactionValue: Vout[0] calculated script hash: 285267eb98af21c308e1f0497341c7158d33f4401a11d6c74bc5cb5c78db664c, target: 5987449d703426b3d8882ca6a898953f5475d0e7579d6c3c11c28a2d2279d2a1
ELECTRUM: getTransactionValue: Vout[0] does not match our script hash, skipping
ELECTRUM: getTransactionValue: Processing Vout entry 1 for transaction 319cca7de1a53e4a43e3462c066ecfe1223a17a6f7d957aac2f3521a012248c4
ELECTRUM: getTransactionValue: Vout[1] Field 0: N = 1 (type: uint32)
ELECTRUM: getTransactionValue: Vout[1] Field 1: ScriptPubkey = {[] 1 6ba924bcb3eed3e836c60487f1f3dc5ddb9e206186b4ac37e2cacf75bd52754f 51206ba924bcb3eed3e836c60487f1f3dc5ddb9e206186b4ac37e2cacf75bd52754f 0 witness_v1_taproot} (type: electrum.ScriptPubkey)
ELECTRUM: getTransactionValue: Vout[1] Field 2: Value = 0.0001727 (type: float64)
ELECTRUM: getTransactionValue: Vout[1] has value 0.000173 BTC (17270 satoshis)
ELECTRUM: getTransactionValue: Vout[1] ScriptPubkey type: electrum.ScriptPubkey
ELECTRUM: getTransactionValue: Vout[1] ScriptPubkey has 5 fields
ELECTRUM: getTransactionValue: Vout[1] ScriptPubkey Field 0: Addresses = [] (type: []string)
ELECTRUM: getTransactionValue: Vout[1] ScriptPubkey Field 1: Asm = 1 6ba924bcb3eed3e836c60487f1f3dc5ddb9e206186b4ac37e2cacf75bd52754f (type: string)
ELECTRUM: getTransactionValue: Vout[1] ScriptPubkey Field 2: Hex = 51206ba924bcb3eed3e836c60487f1f3dc5ddb9e206186b4ac37e2cacf75bd52754f (type: string)
ELECTRUM: getTransactionValue: Vout[1] ScriptPubkey Field 3: ReqSigs = 0 (type: uint32)
ELECTRUM: getTransactionValue: Vout[1] ScriptPubkey Field 4: Type = witness_v1_taproot (type: string)
ELECTRUM: getTransactionValue: Vout[1] extracted script hex from Hex field: 51206ba924bcb3eed3e836c60487f1f3dc5ddb9e206186b4ac37e2cacf75bd52754f
ELECTRUM: getTransactionValue: Vout[1] calculated script hash: 5987449d703426b3d8882ca6a898953f5475d0e7579d6c3c11c28a2d2279d2a1, target: 5987449d703426b3d8882ca6a898953f5475d0e7579d6c3c11c28a2d2279d2a1
ELECTRUM: getTransactionValue: Vout[1] matches our script hash, adding 17270 satoshis
ELECTRUM: buildTransactionDetail: Transaction 319cca7de1a53e4a43e3462c066ecfe1223a17a6f7d957aac2f3521a012248c4 has actual value 17270 satoshis
2025/09/16 14:45:32 ELECTRUM: GetBlockHash called for height: 4667133
ELECTRUM: Processing transaction 0 for address tb1py0jfpc0ft4zsfhg7p3peze4q6wdl9l2gfwzf8ar64skxkhz9v9lsuhm2g4
ELECTRUM: Calling buildTransactionDetail for entry 0
ELECTRUM: Starting fetchAddressHistory for address: tb1pehlh6hywge7xh72v76rnma6j3h57nne0fxtwr5d0784jdtf79twstllsvz
ELECTRUM: buildTransactionDetail called with entry type: *electrum.GetMempoolResult
ELECTRUM: buildTransactionDetail: Transaction 480e83a34f676e6fcff1d82c4b2f7b2132407fd27b73878de31f52da6305fd94 has height: 4661802
ELECTRUM: buildTransactionDetail: About to call GetTransaction for 480e83a34f676e6fcff1d82c4b2f7b2132407fd27b73878de31f52da6305fd94
2025-09-16 14:45:32.562 [INF] BTWL btcwallet.go:490: BTCWALLET: Received transaction callback - txHash: 319cca7de1a53e4a43e3462c066ecfe1223a17a6f7d957aac2f3521a012248c4, address: tb1pdw5jf09namf7sdkxqjrlru7uthdeugrps662cdlzet8ht02jw48sgy0gs6, value: 17270, confirmations: 4024
ELECTRUM: buildTransactionDetail: Successfully got transaction 51abc2a15b01e008362af0075a3616d445af203deaea3abcad4d94f607dbafab
ELECTRUM: buildTransactionDetail: GetTransaction succeeded for 51abc2a15b01e008362af0075a3616d445af203deaea3abcad4d94f607dbafab, processing result
ELECTRUM: buildTransactionDetail: Processing transaction result for 51abc2a15b01e008362af0075a3616d445af203deaea3abcad4d94f607dbafab
ELECTRUM: buildTransactionDetail: Transaction result is not nil for 51abc2a15b01e008362af0075a3616d445af203deaea3abcad4d94f607dbafab
ELECTRUM: buildTransactionDetail: Attempting to get actual value for transaction 51abc2a15b01e008362af0075a3616d445af203deaea3abcad4d94f607dbafab
ELECTRUM: Fetching transaction history for address: tb1pehlh6hywge7xh72v76rnma6j3h57nne0fxtwr5d0784jdtf79twstllsvz
ELECTRUM: Calling GetHistory for address: tb1pehlh6hywge7xh72v76rnma6j3h57nne0fxtwr5d0784jdtf79twstllsvz, scriptHash: cfc6755ee8113d01dd7f0146742b825bb2c4d99fbe07b6ddc5f0d9d3ef4862f2
ELECTRUM: buildTransactionDetail: Getting transaction details for 480e83a34f676e6fcff1d82c4b2f7b2132407fd27b73878de31f52da6305fd94
2025-09-16 14:45:32.562 [INF] BTWL btcwallet.go:603: BTCWALLET: chain.NotifyReceived completed successfully for address: tb1pehlh6hywge7xh72v76rnma6j3h57nne0fxtwr5d0784jdtf79twstllsvz
2025-09-16 14:45:32.562 [INF] BTWL btcwallet.go:514: BTCWALLET: Integrating discovered transaction 319cca7de1a53e4a43e3462c066ecfe1223a17a6f7d957aac2f3521a012248c4 for address tb1pdw5jf09namf7sdkxqjrlru7uthdeugrps662cdlzet8ht02jw48sgy0gs6 (value: 17270, confirmations: 4024)
2025-09-16 14:45:32.563 [INF] BTWL btcwallet.go:605: BTCWALLET: Successfully set up notification for address: tb1pehlh6hywge7xh72v76rnma6j3h57nne0fxtwr5d0784jdtf79twstllsvz
2025-09-16 14:45:32.563 [INF] BTWL btcwallet.go:561: BTCWALLET: Successfully integrated transaction 319cca7de1a53e4a43e3462c066ecfe1223a17a6f7d957aac2f3521a012248c4 (value: 17270 satoshis, confirmations: 4024)
2025-09-16 14:45:32.563 [INF] BTWL btcwallet.go:580: BTCWALLET: Setting up notification for address: tb1putvlls3ekqm74khy2ls7hdadxn4ldxsuh9v2thg7hyht9ysjlvsqqwjnw6
2025-09-16 14:45:32.563 [INF] BTWL btcwallet.go:498: BTCWALLET: Successfully integrated discovered transaction 319cca7de1a53e4a43e3462c066ecfe1223a17a6f7d957aac2f3521a012248c4
2025-09-16 14:45:32.563 [INF] BTWL btcwallet.go:593: BTCWALLET: Calling chain.NotifyReceived for address: tb1putvlls3ekqm74khy2ls7hdadxn4ldxsuh9v2thg7hyht9ysjlvsqqwjnw6
ELECTRUM: NotifyReceived called with 1 addresses
ELECTRUM: Starting fetchAddressHistory for address: tb1putvlls3ekqm74khy2ls7hdadxn4ldxsuh9v2thg7hyht9ysjlvsqqwjnw6
ELECTRUM: Processing transaction 0 for address tb1pehlh6hywge7xh72v76rnma6j3h57nne0fxtwr5d0784jdtf79twstllsvz
ELECTRUM: buildTransactionDetail: Successfully got transaction 480e83a34f676e6fcff1d82c4b2f7b2132407fd27b73878de31f52da6305fd94
ELECTRUM: buildTransactionDetail: GetTransaction succeeded for 480e83a34f676e6fcff1d82c4b2f7b2132407fd27b73878de31f52da6305fd94, processing result
ELECTRUM: buildTransactionDetail: Processing transaction result for 480e83a34f676e6fcff1d82c4b2f7b2132407fd27b73878de31f52da6305fd94
ELECTRUM: buildTransactionDetail: Transaction result is not nil for 480e83a34f676e6fcff1d82c4b2f7b2132407fd27b73878de31f52da6305fd94
ELECTRUM: buildTransactionDetail: Attempting to get actual value for transaction 480e83a34f676e6fcff1d82c4b2f7b2132407fd27b73878de31f52da6305fd94
ELECTRUM: getTransactionValue: Transaction result type: *electrum.GetTransactionResult, fields: 12
ELECTRUM: getTransactionValue: Field 0: Blockhash = 000000000000d9d0b2232466509b2064dc52a17e0281d0a41cb22b82b056a939 (type: string)
ELECTRUM: Calling buildTransactionDetail for entry 0
ELECTRUM: buildTransactionDetail called with entry type: *electrum.GetMempoolResult
ELECTRUM: buildTransactionDetail: Transaction 358ed5e554073681bfff88d67684b6960bbb7e4d37503572eb4509608a94a2bb has height: 4670343
ELECTRUM: buildTransactionDetail: About to call GetTransaction for 358ed5e554073681bfff88d67684b6960bbb7e4d37503572eb4509608a94a2bb
ELECTRUM: buildTransactionDetail: Getting transaction details for 358ed5e554073681bfff88d67684b6960bbb7e4d37503572eb4509608a94a2bb
ELECTRUM: getTransactionValue: Field 1: Blocktime = 1758029049 (type: uint64)
ELECTRUM: getTransactionValue: Field 2: Confirmations = 9856 (type: int32)
ELECTRUM: getTransactionValue: Field 3: Hash = 2a00084f427029c04184dd7c2a7f005a307033bcca717762d460c4c25fc51494 (type: string)
ELECTRUM: getTransactionValue: Field 4: Hex = 01000000000101637952d19b0f724cc4e7b8c675eb1ab36de90eb2e6a0b6752b0e04955c59cd250100000000ffffffff02b14300000000000022512022e0f3960afc4414df1cfff8ed7cc27261d190f89176ad65ab180d08783e011aa631a30000000000225120f61348d82e1f34ff3a16071de3e7d484a48937fb50cbc50bfc2d17d28182118d014083a3432f882b81365a92edaad1db40f4fa714d1f5b41e4c45adc2a6aacc6f1acef118c51f7129536122f54509d26775587379935aaeeacd730922806abecb83100000000 (type: string)
ELECTRUM: Fetching transaction history for address: tb1putvlls3ekqm74khy2ls7hdadxn4ldxsuh9v2thg7hyht9ysjlvsqqwjnw6
ELECTRUM: Calling GetHistory for address: tb1putvlls3ekqm74khy2ls7hdadxn4ldxsuh9v2thg7hyht9ysjlvsqqwjnw6, scriptHash: 772c610aa6b1b17496234e4d5e817a7bb5a9bedae737ff88e3f62109756fbe0f
2025-09-16 14:45:32.873 [INF] BTWL btcwallet.go:603: BTCWALLET: chain.NotifyReceived completed successfully for address: tb1putvlls3ekqm74khy2ls7hdadxn4ldxsuh9v2thg7hyht9ysjlvsqqwjnw6
ELECTRUM: getTransactionValue: Field 5: Locktime = 0 (type: uint32)
ELECTRUM: getTransactionValue: Field 6: Size = 205 (type: uint32)
ELECTRUM: getTransactionValue: Field 7: Time = 1758029049 (type: uint64)
ELECTRUM: getTransactionValue: Field 8: Version = 1 (type: uint32)
ELECTRUM: getTransactionValue: Field 9: Vin = [{ 0x1400011eda0 4294967295 25cd595c95040e2b75b6a0e6b20ee96db31aeb75c6b8e7c44c720f9bd1527963 1}] (type: []electrum.Vin)
2025-09-16 14:45:32.874 [INF] BTWL btcwallet.go:605: BTCWALLET: Successfully set up notification for address: tb1putvlls3ekqm74khy2ls7hdadxn4ldxsuh9v2thg7hyht9ysjlvsqqwjnw6
ELECTRUM: getTransactionValue: Field 10: Vout = [{0 {[] 1 22e0f3960afc4414df1cfff8ed7cc27261d190f89176ad65ab180d08783e011a 512022e0f3960afc4414df1cfff8ed7cc27261d190f89176ad65ab180d08783e011a 0 witness_v1_taproot} 0.00017329} {1 {[] 1 f61348d82e1f34ff3a16071de3e7d484a48937fb50cbc50bfc2d17d28182118d 5120f61348d82e1f34ff3a16071de3e7d484a48937fb50cbc50bfc2d17d28182118d 0 witness_v1_taproot} 0.10695078}] (type: []electrum.Vout)
2025-09-16 14:45:32.874 [INF] BTWL btcwallet.go:580: BTCWALLET: Setting up notification for address: tb1pwf755qrlgyaa59k6yp02thcnxc2ug2ln5vy6qj257l0zsn8hdgqsfpc782
ELECTRUM: getTransactionValue: Field 11: Merkle = {[] 0 0} (type: electrum.GetMerkleProofResult)
ELECTRUM: getTransactionValue: Processing 2 Vout entries for transaction 51abc2a15b01e008362af0075a3616d445af203deaea3abcad4d94f607dbafab
ELECTRUM: getTransactionValue: Processing Vout entry 0 for transaction 51abc2a15b01e008362af0075a3616d445af203deaea3abcad4d94f607dbafab
ELECTRUM: getTransactionValue: Vout[0] Field 0: N = 0 (type: uint32)
ELECTRUM: getTransactionValue: Vout[0] Field 1: ScriptPubkey = {[] 1 22e0f3960afc4414df1cfff8ed7cc27261d190f89176ad65ab180d08783e011a 512022e0f3960afc4414df1cfff8ed7cc27261d190f89176ad65ab180d08783e011a 0 witness_v1_taproot} (type: electrum.ScriptPubkey)
ELECTRUM: getTransactionValue: Vout[0] Field 2: Value = 0.00017329 (type: float64)
ELECTRUM: getTransactionValue: Vout[0] has value 0.000173 BTC (17329 satoshis)
ELECTRUM: getTransactionValue: Vout[0] ScriptPubkey type: electrum.ScriptPubkey
ELECTRUM: getTransactionValue: Vout[0] ScriptPubkey has 5 fields
ELECTRUM: getTransactionValue: Vout[0] ScriptPubkey Field 0: Addresses = [] (type: []string)
ELECTRUM: getTransactionValue: Vout[0] ScriptPubkey Field 1: Asm = 1 22e0f3960afc4414df1cfff8ed7cc27261d190f89176ad65ab180d08783e011a (type: string)
ELECTRUM: getTransactionValue: Vout[0] ScriptPubkey Field 2: Hex = 512022e0f3960afc4414df1cfff8ed7cc27261d190f89176ad65ab180d08783e011a (type: string)
ELECTRUM: getTransactionValue: Vout[0] ScriptPubkey Field 3: ReqSigs = 0 (type: uint32)
ELECTRUM: getTransactionValue: Vout[0] ScriptPubkey Field 4: Type = witness_v1_taproot (type: string)
ELECTRUM: getTransactionValue: Vout[0] extracted script hex from Hex field: 512022e0f3960afc4414df1cfff8ed7cc27261d190f89176ad65ab180d08783e011a
ELECTRUM: getTransactionValue: Vout[0] calculated script hash: f67a34ebd66063c1a926b52c9a5e00f290e890e3b2a8b3acf99e6ca0840e2c69, target: f67a34ebd66063c1a926b52c9a5e00f290e890e3b2a8b3acf99e6ca0840e2c69
ELECTRUM: getTransactionValue: Vout[0] matches our script hash, adding 17329 satoshis
ELECTRUM: getTransactionValue: Processing Vout entry 1 for transaction 51abc2a15b01e008362af0075a3616d445af203deaea3abcad4d94f607dbafab
ELECTRUM: getTransactionValue: Vout[1] Field 0: N = 1 (type: uint32)
ELECTRUM: getTransactionValue: Vout[1] Field 1: ScriptPubkey = {[] 1 f61348d82e1f34ff3a16071de3e7d484a48937fb50cbc50bfc2d17d28182118d 5120f61348d82e1f34ff3a16071de3e7d484a48937fb50cbc50bfc2d17d28182118d 0 witness_v1_taproot} (type: electrum.ScriptPubkey)
ELECTRUM: getTransactionValue: Vout[1] Field 2: Value = 0.10695078 (type: float64)
ELECTRUM: getTransactionValue: Vout[1] has value 0.106951 BTC (10695078 satoshis)
ELECTRUM: getTransactionValue: Vout[1] ScriptPubkey type: electrum.ScriptPubkey
ELECTRUM: getTransactionValue: Vout[1] ScriptPubkey has 5 fields
ELECTRUM: getTransactionValue: Vout[1] ScriptPubkey Field 0: Addresses = [] (type: []string)
ELECTRUM: getTransactionValue: Vout[1] ScriptPubkey Field 1: Asm = 1 f61348d82e1f34ff3a16071de3e7d484a48937fb50cbc50bfc2d17d28182118d (type: string)
2025-09-16 14:45:32.874 [INF] BTWL btcwallet.go:593: BTCWALLET: Calling chain.NotifyReceived for address: tb1pwf755qrlgyaa59k6yp02thcnxc2ug2ln5vy6qj257l0zsn8hdgqsfpc782
ELECTRUM: getTransactionValue: Vout[1] ScriptPubkey Field 2: Hex = 5120f61348d82e1f34ff3a16071de3e7d484a48937fb50cbc50bfc2d17d28182118d (type: string)
ELECTRUM: NotifyReceived called with 1 addresses
ELECTRUM: getTransactionValue: Vout[1] ScriptPubkey Field 3: ReqSigs = 0 (type: uint32)
ELECTRUM: getTransactionValue: Vout[1] ScriptPubkey Field 4: Type = witness_v1_taproot (type: string)
ELECTRUM: getTransactionValue: Vout[1] extracted script hex from Hex field: 5120f61348d82e1f34ff3a16071de3e7d484a48937fb50cbc50bfc2d17d28182118d
ELECTRUM: getTransactionValue: Vout[1] calculated script hash: 5644f9b92bed87105e1519ba555fe45a4956697de6b7c3ec8ed25ba31e2e215b, target: f67a34ebd66063c1a926b52c9a5e00f290e890e3b2a8b3acf99e6ca0840e2c69
ELECTRUM: getTransactionValue: Vout[1] does not match our script hash, skipping
ELECTRUM: buildTransactionDetail: Transaction 51abc2a15b01e008362af0075a3616d445af203deaea3abcad4d94f607dbafab has actual value 17329 satoshis
2025/09/16 14:45:32 ELECTRUM: GetBlockHash called for height: 4661302
ELECTRUM: Starting fetchAddressHistory for address: tb1pwf755qrlgyaa59k6yp02thcnxc2ug2ln5vy6qj257l0zsn8hdgqsfpc782
2025-09-16 14:45:33.112 [INF] BTWL btcwallet.go:603: BTCWALLET: chain.NotifyReceived completed successfully for address: tb1pwf755qrlgyaa59k6yp02thcnxc2ug2ln5vy6qj257l0zsn8hdgqsfpc782
2025-09-16 14:45:33.112 [INF] BTWL btcwallet.go:605: BTCWALLET: Successfully set up notification for address: tb1pwf755qrlgyaa59k6yp02thcnxc2ug2ln5vy6qj257l0zsn8hdgqsfpc782
2025-09-16 14:45:33.112 [INF] BTWL btcwallet.go:580: BTCWALLET: Setting up notification for address: tb1pdkk7ep4kq22smxppjte3yez822gtlc9h7v0ypmhl6kze5chqahjqahfutx
2025-09-16 14:45:33.112 [INF] BTWL btcwallet.go:593: BTCWALLET: Calling chain.NotifyReceived for address: tb1pdkk7ep4kq22smxppjte3yez822gtlc9h7v0ypmhl6kze5chqahjqahfutx
ELECTRUM: NotifyReceived called with 1 addresses
ELECTRUM: Fetching transaction history for address: tb1pwf755qrlgyaa59k6yp02thcnxc2ug2ln5vy6qj257l0zsn8hdgqsfpc782
ELECTRUM: Calling GetHistory for address: tb1pwf755qrlgyaa59k6yp02thcnxc2ug2ln5vy6qj257l0zsn8hdgqsfpc782, scriptHash: 5a37981f0a3eed03fb6e95f4e44bee61f45395d25a4b3b269975a8120937b1d5
ELECTRUM: getTransactionValue: Transaction result type: *electrum.GetTransactionResult, fields: 12
ELECTRUM: getTransactionValue: Field 0: Blockhash = 000000000000184ff2bbae51760a4abbd4744106a6b30f6ddb96fe9fb4c9fb27 (type: string)
ELECTRUM: getTransactionValue: Field 1: Blocktime = 1758029275 (type: uint64)
ELECTRUM: getTransactionValue: Field 2: Confirmations = 9357 (type: int32)
ELECTRUM: getTransactionValue: Field 3: Hash = bd86ffd16fd7cc0c80eb6e714382a0b2317922fb5a6cd70b23893f7d6ef4f814 (type: string)
ELECTRUM: getTransactionValue: Field 4: Hex = 010000000001013b44bf73f50dafd919f0a4897eb7745582b9c2dc6042420045f5f001a3e5d7570000000000ffffffff02eb1000000000000022512023e490e1e95d4504dd1e0c439166a0d39bf2fd484b8493f47aac2c6b5c45617ffe0da30000000000225120a93a8cba6673228ea32811dfac43d127bd8caf5d31562a3f8013812d98b9be19014042a93481889251b8a32e77dcffde5e58a2412ca94203e41a508f8089da0127d2f42861578088109ed8145b35f54ce495f09a77a6f4a4de4aca30e40ee062d2ba00000000 (type: string)
ELECTRUM: getTransactionValue: Field 5: Locktime = 0 (type: uint32)
ELECTRUM: getTransactionValue: Field 6: Size = 205 (type: uint32)
ELECTRUM: getTransactionValue: Field 7: Time = 1758029275 (type: uint64)
ELECTRUM: getTransactionValue: Field 8: Version = 1 (type: uint32)
ELECTRUM: getTransactionValue: Field 9: Vin = [{ 0x14000307ca0 4294967295 57d7e5a301f0f54500424260dcc2b9825574b77e89a4f019d9af0df573bf443b 0}] (type: []electrum.Vin)
ELECTRUM: buildTransactionDetail: Successfully got transaction 358ed5e554073681bfff88d67684b6960bbb7e4d37503572eb4509608a94a2bb
ELECTRUM: buildTransactionDetail: GetTransaction succeeded for 358ed5e554073681bfff88d67684b6960bbb7e4d37503572eb4509608a94a2bb, processing result
ELECTRUM: buildTransactionDetail: Processing transaction result for 358ed5e554073681bfff88d67684b6960bbb7e4d37503572eb4509608a94a2bb
ELECTRUM: buildTransactionDetail: Transaction result is not nil for 358ed5e554073681bfff88d67684b6960bbb7e4d37503572eb4509608a94a2bb
ELECTRUM: buildTransactionDetail: Attempting to get actual value for transaction 358ed5e554073681bfff88d67684b6960bbb7e4d37503572eb4509608a94a2bb
ELECTRUM: getTransactionValue: Field 10: Vout = [{0 {[] 1 23e490e1e95d4504dd1e0c439166a0d39bf2fd484b8493f47aac2c6b5c45617f 512023e490e1e95d4504dd1e0c439166a0d39bf2fd484b8493f47aac2c6b5c45617f 0 witness_v1_taproot} 4.331e-05} {1 {[] 1 a93a8cba6673228ea32811dfac43d127bd8caf5d31562a3f8013812d98b9be19 5120a93a8cba6673228ea32811dfac43d127bd8caf5d31562a3f8013812d98b9be19 0 witness_v1_taproot} 0.1068595}] (type: []electrum.Vout)
2025-09-16 14:45:33.113 [INF] BTWL btcwallet.go:490: BTCWALLET: Received transaction callback - txHash: 51abc2a15b01e008362af0075a3616d445af203deaea3abcad4d94f607dbafab, address: tb1pyts089s2l3zpfhculluw6lxzwfsary8cj9m26edtrqxss7p7qydqat9hw2, value: 17329, confirmations: 9855
ELECTRUM: getTransactionValue: Field 11: Merkle = {[] 0 0} (type: electrum.GetMerkleProofResult)
ELECTRUM: getTransactionValue: Processing 2 Vout entries for transaction 480e83a34f676e6fcff1d82c4b2f7b2132407fd27b73878de31f52da6305fd94
ELECTRUM: getTransactionValue: Processing Vout entry 0 for transaction 480e83a34f676e6fcff1d82c4b2f7b2132407fd27b73878de31f52da6305fd94
ELECTRUM: getTransactionValue: Vout[0] Field 0: N = 0 (type: uint32)
ELECTRUM: getTransactionValue: Vout[0] Field 1: ScriptPubkey = {[] 1 23e490e1e95d4504dd1e0c439166a0d39bf2fd484b8493f47aac2c6b5c45617f 512023e490e1e95d4504dd1e0c439166a0d39bf2fd484b8493f47aac2c6b5c45617f 0 witness_v1_taproot} (type: electrum.ScriptPubkey)
ELECTRUM: getTransactionValue: Vout[0] Field 2: Value = 4.331e-05 (type: float64)
ELECTRUM: getTransactionValue: Vout[0] has value 0.000043 BTC (4331 satoshis)
ELECTRUM: getTransactionValue: Vout[0] ScriptPubkey type: electrum.ScriptPubkey
ELECTRUM: getTransactionValue: Vout[0] ScriptPubkey has 5 fields
ELECTRUM: getTransactionValue: Vout[0] ScriptPubkey Field 0: Addresses = [] (type: []string)
ELECTRUM: getTransactionValue: Vout[0] ScriptPubkey Field 1: Asm = 1 23e490e1e95d4504dd1e0c439166a0d39bf2fd484b8493f47aac2c6b5c45617f (type: string)
ELECTRUM: getTransactionValue: Vout[0] ScriptPubkey Field 2: Hex = 512023e490e1e95d4504dd1e0c439166a0d39bf2fd484b8493f47aac2c6b5c45617f (type: string)
ELECTRUM: getTransactionValue: Vout[0] ScriptPubkey Field 3: ReqSigs = 0 (type: uint32)
ELECTRUM: getTransactionValue: Vout[0] ScriptPubkey Field 4: Type = witness_v1_taproot (type: string)
ELECTRUM: getTransactionValue: Vout[0] extracted script hex from Hex field: 512023e490e1e95d4504dd1e0c439166a0d39bf2fd484b8493f47aac2c6b5c45617f
ELECTRUM: getTransactionValue: Vout[0] calculated script hash: 1f1546aea3cb0bbe6272bb05f049b1d43ea9cd69a421402946f1e21b67d24a7f, target: 1f1546aea3cb0bbe6272bb05f049b1d43ea9cd69a421402946f1e21b67d24a7f
ELECTRUM: getTransactionValue: Vout[0] matches our script hash, adding 4331 satoshis
ELECTRUM: getTransactionValue: Processing Vout entry 1 for transaction 480e83a34f676e6fcff1d82c4b2f7b2132407fd27b73878de31f52da6305fd94
ELECTRUM: getTransactionValue: Vout[1] Field 0: N = 1 (type: uint32)
ELECTRUM: getTransactionValue: Vout[1] Field 1: ScriptPubkey = {[] 1 a93a8cba6673228ea32811dfac43d127bd8caf5d31562a3f8013812d98b9be19 5120a93a8cba6673228ea32811dfac43d127bd8caf5d31562a3f8013812d98b9be19 0 witness_v1_taproot} (type: electrum.ScriptPubkey)
ELECTRUM: getTransactionValue: Vout[1] Field 2: Value = 0.1068595 (type: float64)
ELECTRUM: getTransactionValue: Vout[1] has value 0.106859 BTC (10685950 satoshis)
ELECTRUM: getTransactionValue: Vout[1] ScriptPubkey type: electrum.ScriptPubkey
ELECTRUM: getTransactionValue: Vout[1] ScriptPubkey has 5 fields
ELECTRUM: getTransactionValue: Vout[1] ScriptPubkey Field 0: Addresses = [] (type: []string)
2025-09-16 14:45:33.113 [INF] BTWL btcwallet.go:514: BTCWALLET: Integrating discovered transaction 51abc2a15b01e008362af0075a3616d445af203deaea3abcad4d94f607dbafab for address tb1pyts089s2l3zpfhculluw6lxzwfsary8cj9m26edtrqxss7p7qydqat9hw2 (value: 17329, confirmations: 9855)
ELECTRUM: getTransactionValue: Vout[1] ScriptPubkey Field 1: Asm = 1 a93a8cba6673228ea32811dfac43d127bd8caf5d31562a3f8013812d98b9be19 (type: string)
2025-09-16 14:45:33.114 [INF] BTWL btcwallet.go:561: BTCWALLET: Successfully integrated transaction 51abc2a15b01e008362af0075a3616d445af203deaea3abcad4d94f607dbafab (value: 17329 satoshis, confirmations: 9855)
ELECTRUM: getTransactionValue: Vout[1] ScriptPubkey Field 2: Hex = 5120a93a8cba6673228ea32811dfac43d127bd8caf5d31562a3f8013812d98b9be19 (type: string)
ELECTRUM: getTransactionValue: Vout[1] ScriptPubkey Field 3: ReqSigs = 0 (type: uint32)
ELECTRUM: getTransactionValue: Vout[1] ScriptPubkey Field 4: Type = witness_v1_taproot (type: string)
ELECTRUM: getTransactionValue: Vout[1] extracted script hex from Hex field: 5120a93a8cba6673228ea32811dfac43d127bd8caf5d31562a3f8013812d98b9be19
ELECTRUM: getTransactionValue: Vout[1] calculated script hash: a1330b9529e9351c100a2383420588cf78c0dce0e68cfa538fbb5335a1eea6dc, target: 1f1546aea3cb0bbe6272bb05f049b1d43ea9cd69a421402946f1e21b67d24a7f
ELECTRUM: getTransactionValue: Vout[1] does not match our script hash, skipping
ELECTRUM: buildTransactionDetail: Transaction 480e83a34f676e6fcff1d82c4b2f7b2132407fd27b73878de31f52da6305fd94 has actual value 4331 satoshis
2025-09-16 14:45:33.114 [INF] BTWL btcwallet.go:498: BTCWALLET: Successfully integrated discovered transaction 51abc2a15b01e008362af0075a3616d445af203deaea3abcad4d94f607dbafab
2025/09/16 14:45:33 ELECTRUM: GetBlockHash called for height: 4661802
ELECTRUM: Starting fetchAddressHistory for address: tb1pdkk7ep4kq22smxppjte3yez822gtlc9h7v0ypmhl6kze5chqahjqahfutx
ELECTRUM: getTransactionValue: Transaction result type: *electrum.GetTransactionResult, fields: 12
ELECTRUM: Fetching transaction history for address: tb1pdkk7ep4kq22smxppjte3yez822gtlc9h7v0ypmhl6kze5chqahjqahfutx
ELECTRUM: Calling GetHistory for address: tb1pdkk7ep4kq22smxppjte3yez822gtlc9h7v0ypmhl6kze5chqahjqahfutx, scriptHash: 15bf6986842102e96df220461b8cfa26e5306ee0eedd007d5dddd821d6745563
2025-09-16 14:45:33.353 [INF] BTWL btcwallet.go:490: BTCWALLET: Received transaction callback - txHash: 480e83a34f676e6fcff1d82c4b2f7b2132407fd27b73878de31f52da6305fd94, address: tb1py0jfpc0ft4zsfhg7p3peze4q6wdl9l2gfwzf8ar64skxkhz9v9lsuhm2g4, value: 4331, confirmations: 9355
ELECTRUM: getTransactionValue: Field 0: Blockhash = 0000000000001138eb4a1eb324777e443affeb03d93ac4ee91353ff00fb162d6 (type: string)
ELECTRUM: getTransactionValue: Field 1: Blocktime = 1758046485 (type: uint64)
ELECTRUM: getTransactionValue: Field 2: Confirmations = 816 (type: int32)
ELECTRUM: getTransactionValue: Field 3: Hash = 5917ab5c871aa93d44e440dff954dd3a4ff6e82005268d4663428fed4c9ab2d1 (type: string)
ELECTRUM: getTransactionValue: Field 4: Hex = 0100000000010197a24478523a2569d4b0de529d76c276a57a262cc8f4029b53e7fe796a0c93de0100000000ffffffff0238eda10000000000225120de11facba0f9f7fbb84eaa49179743bd4340fb7995c61dced4c5d9ff33083d122c32000000000000225120cdff7d5c8e467c6bf94cf6873df7528de9e9cf2f4996e1d1aff1eb26ad3e2add01408a59c0c38b0bec93c053e02a59bf79a064f0f82656630e05ea8daef44076c24b6f5bc08c8b32a0e4ac42ea54490908f395744070c940a36682144455c2640bfc00000000 (type: string)
ELECTRUM: getTransactionValue: Field 5: Locktime = 0 (type: uint32)
ELECTRUM: getTransactionValue: Field 6: Size = 205 (type: uint32)
ELECTRUM: getTransactionValue: Field 7: Time = 1758046485 (type: uint64)
2025-09-16 14:45:33.353 [INF] BTWL btcwallet.go:603: BTCWALLET: chain.NotifyReceived completed successfully for address: tb1pdkk7ep4kq22smxppjte3yez822gtlc9h7v0ypmhl6kze5chqahjqahfutx
2025-09-16 14:45:33.354 [INF] BTWL btcwallet.go:605: BTCWALLET: Successfully set up notification for address: tb1pdkk7ep4kq22smxppjte3yez822gtlc9h7v0ypmhl6kze5chqahjqahfutx
2025-09-16 14:45:33.354 [INF] BTWL btcwallet.go:580: BTCWALLET: Setting up notification for address: tb1pm2zwfrhd04ue5dqlwt8nvg9vdd8kcp75nsh3lmnat2mqmelg2vks5vkvfj
ELECTRUM: getTransactionValue: Field 8: Version = 1 (type: uint32)
2025-09-16 14:45:33.354 [INF] BTWL btcwallet.go:514: BTCWALLET: Integrating discovered transaction 480e83a34f676e6fcff1d82c4b2f7b2132407fd27b73878de31f52da6305fd94 for address tb1py0jfpc0ft4zsfhg7p3peze4q6wdl9l2gfwzf8ar64skxkhz9v9lsuhm2g4 (value: 4331, confirmations: 9355)
ELECTRUM: getTransactionValue: Field 9: Vin = [{ 0x140002623c0 4294967295 de930c6a79fee7539b02f4c82c267aa576c2769d52deb0d469253a527844a297 1}] (type: []electrum.Vin)
ELECTRUM: Processing transaction 0 for address tb1pwf755qrlgyaa59k6yp02thcnxc2ug2ln5vy6qj257l0zsn8hdgqsfpc782
ELECTRUM: Calling buildTransactionDetail for entry 0
ELECTRUM: buildTransactionDetail called with entry type: *electrum.GetMempoolResult
ELECTRUM: getTransactionValue: Field 10: Vout = [{0 {[] 1 de11facba0f9f7fbb84eaa49179743bd4340fb7995c61dced4c5d9ff33083d12 5120de11facba0f9f7fbb84eaa49179743bd4340fb7995c61dced4c5d9ff33083d12 0 witness_v1_taproot} 0.10612024} {1 {[] 1 cdff7d5c8e467c6bf94cf6873df7528de9e9cf2f4996e1d1aff1eb26ad3e2add 5120cdff7d5c8e467c6bf94cf6873df7528de9e9cf2f4996e1d1aff1eb26ad3e2add 0 witness_v1_taproot} 0.00012844}] (type: []electrum.Vout)
ELECTRUM: getTransactionValue: Field 11: Merkle = {[] 0 0} (type: electrum.GetMerkleProofResult)
ELECTRUM: getTransactionValue: Processing 2 Vout entries for transaction 358ed5e554073681bfff88d67684b6960bbb7e4d37503572eb4509608a94a2bb
ELECTRUM: getTransactionValue: Processing Vout entry 0 for transaction 358ed5e554073681bfff88d67684b6960bbb7e4d37503572eb4509608a94a2bb
ELECTRUM: buildTransactionDetail: Transaction 2ae52394b1de0caa8782ca70f270665916e5d4afc6fa22f56a77fd0c3c687985 has height: 4670512
ELECTRUM: buildTransactionDetail: About to call GetTransaction for 2ae52394b1de0caa8782ca70f270665916e5d4afc6fa22f56a77fd0c3c687985
ELECTRUM: buildTransactionDetail: Getting transaction details for 2ae52394b1de0caa8782ca70f270665916e5d4afc6fa22f56a77fd0c3c687985
ELECTRUM: getTransactionValue: Vout[0] Field 0: N = 0 (type: uint32)
ELECTRUM: getTransactionValue: Vout[0] Field 1: ScriptPubkey = {[] 1 de11facba0f9f7fbb84eaa49179743bd4340fb7995c61dced4c5d9ff33083d12 5120de11facba0f9f7fbb84eaa49179743bd4340fb7995c61dced4c5d9ff33083d12 0 witness_v1_taproot} (type: electrum.ScriptPubkey)
ELECTRUM: getTransactionValue: Vout[0] Field 2: Value = 0.10612024 (type: float64)
2025-09-16 14:45:33.354 [INF] BTWL btcwallet.go:561: BTCWALLET: Successfully integrated transaction 480e83a34f676e6fcff1d82c4b2f7b2132407fd27b73878de31f52da6305fd94 (value: 4331 satoshis, confirmations: 9355)
ELECTRUM: getTransactionValue: Vout[0] has value 0.106120 BTC (10612024 satoshis)
ELECTRUM: getTransactionValue: Vout[0] ScriptPubkey type: electrum.ScriptPubkey
ELECTRUM: getTransactionValue: Vout[0] ScriptPubkey has 5 fields
ELECTRUM: getTransactionValue: Vout[0] ScriptPubkey Field 0: Addresses = [] (type: []string)
ELECTRUM: getTransactionValue: Vout[0] ScriptPubkey Field 1: Asm = 1 de11facba0f9f7fbb84eaa49179743bd4340fb7995c61dced4c5d9ff33083d12 (type: string)
ELECTRUM: getTransactionValue: Vout[0] ScriptPubkey Field 2: Hex = 5120de11facba0f9f7fbb84eaa49179743bd4340fb7995c61dced4c5d9ff33083d12 (type: string)
ELECTRUM: getTransactionValue: Vout[0] ScriptPubkey Field 3: ReqSigs = 0 (type: uint32)
ELECTRUM: getTransactionValue: Vout[0] ScriptPubkey Field 4: Type = witness_v1_taproot (type: string)
ELECTRUM: getTransactionValue: Vout[0] extracted script hex from Hex field: 5120de11facba0f9f7fbb84eaa49179743bd4340fb7995c61dced4c5d9ff33083d12
2025-09-16 14:45:33.354 [INF] BTWL btcwallet.go:593: BTCWALLET: Calling chain.NotifyReceived for address: tb1pm2zwfrhd04ue5dqlwt8nvg9vdd8kcp75nsh3lmnat2mqmelg2vks5vkvfj
ELECTRUM: getTransactionValue: Vout[0] calculated script hash: 03e0e5ccca6dfc4a065094b501d8ac4bea894dc49e358fff19e8b4a199a9dd94, target: cfc6755ee8113d01dd7f0146742b825bb2c4d99fbe07b6ddc5f0d9d3ef4862f2
ELECTRUM: getTransactionValue: Vout[0] does not match our script hash, skipping
ELECTRUM: getTransactionValue: Processing Vout entry 1 for transaction 358ed5e554073681bfff88d67684b6960bbb7e4d37503572eb4509608a94a2bb
ELECTRUM: getTransactionValue: Vout[1] Field 0: N = 1 (type: uint32)
ELECTRUM: getTransactionValue: Vout[1] Field 1: ScriptPubkey = {[] 1 cdff7d5c8e467c6bf94cf6873df7528de9e9cf2f4996e1d1aff1eb26ad3e2add 5120cdff7d5c8e467c6bf94cf6873df7528de9e9cf2f4996e1d1aff1eb26ad3e2add 0 witness_v1_taproot} (type: electrum.ScriptPubkey)
ELECTRUM: getTransactionValue: Vout[1] Field 2: Value = 0.00012844 (type: float64)
2025-09-16 14:45:33.354 [INF] BTWL btcwallet.go:498: BTCWALLET: Successfully integrated discovered transaction 480e83a34f676e6fcff1d82c4b2f7b2132407fd27b73878de31f52da6305fd94
ELECTRUM: getTransactionValue: Vout[1] has value 0.000128 BTC (12844 satoshis)
ELECTRUM: getTransactionValue: Vout[1] ScriptPubkey type: electrum.ScriptPubkey
ELECTRUM: getTransactionValue: Vout[1] ScriptPubkey has 5 fields
ELECTRUM: getTransactionValue: Vout[1] ScriptPubkey Field 0: Addresses = [] (type: []string)
ELECTRUM: getTransactionValue: Vout[1] ScriptPubkey Field 1: Asm = 1 cdff7d5c8e467c6bf94cf6873df7528de9e9cf2f4996e1d1aff1eb26ad3e2add (type: string)
ELECTRUM: getTransactionValue: Vout[1] ScriptPubkey Field 2: Hex = 5120cdff7d5c8e467c6bf94cf6873df7528de9e9cf2f4996e1d1aff1eb26ad3e2add (type: string)
ELECTRUM: getTransactionValue: Vout[1] ScriptPubkey Field 3: ReqSigs = 0 (type: uint32)
ELECTRUM: getTransactionValue: Vout[1] ScriptPubkey Field 4: Type = witness_v1_taproot (type: string)
ELECTRUM: getTransactionValue: Vout[1] extracted script hex from Hex field: 5120cdff7d5c8e467c6bf94cf6873df7528de9e9cf2f4996e1d1aff1eb26ad3e2add
ELECTRUM: getTransactionValue: Vout[1] calculated script hash: cfc6755ee8113d01dd7f0146742b825bb2c4d99fbe07b6ddc5f0d9d3ef4862f2, target: cfc6755ee8113d01dd7f0146742b825bb2c4d99fbe07b6ddc5f0d9d3ef4862f2
ELECTRUM: NotifyReceived called with 1 addresses
ELECTRUM: getTransactionValue: Vout[1] matches our script hash, adding 12844 satoshis
ELECTRUM: buildTransactionDetail: Transaction 358ed5e554073681bfff88d67684b6960bbb7e4d37503572eb4509608a94a2bb has actual value 12844 satoshis
2025/09/16 14:45:33 ELECTRUM: GetBlockHash called for height: 4670343
ELECTRUM: Processing transaction 0 for address tb1pdkk7ep4kq22smxppjte3yez822gtlc9h7v0ypmhl6kze5chqahjqahfutx
ELECTRUM: Calling buildTransactionDetail for entry 0
ELECTRUM: buildTransactionDetail called with entry type: *electrum.GetMempoolResult
ELECTRUM: buildTransactionDetail: Transaction 1ecd261bcd0685971ea43cbbd12631a449a1765f67f90c3813c8a6b8c93b86fc has height: 4670036
ELECTRUM: buildTransactionDetail: About to call GetTransaction for 1ecd261bcd0685971ea43cbbd12631a449a1765f67f90c3813c8a6b8c93b86fc
ELECTRUM: buildTransactionDetail: Getting transaction details for 1ecd261bcd0685971ea43cbbd12631a449a1765f67f90c3813c8a6b8c93b86fc
ELECTRUM: Starting fetchAddressHistory for address: tb1pm2zwfrhd04ue5dqlwt8nvg9vdd8kcp75nsh3lmnat2mqmelg2vks5vkvfj
2025-09-16 14:45:33.589 [INF] BTWL btcwallet.go:603: BTCWALLET: chain.NotifyReceived completed successfully for address: tb1pm2zwfrhd04ue5dqlwt8nvg9vdd8kcp75nsh3lmnat2mqmelg2vks5vkvfj
2025-09-16 14:45:33.589 [INF] BTWL btcwallet.go:605: BTCWALLET: Successfully set up notification for address: tb1pm2zwfrhd04ue5dqlwt8nvg9vdd8kcp75nsh3lmnat2mqmelg2vks5vkvfj
2025-09-16 14:45:33.590 [INF] BTWL btcwallet.go:580: BTCWALLET: Setting up notification for address: tb1p4pnenccvuzkx28tz8xgrfepdxzw56zlht9lsr9lef2030m3gcveqrym9ty
ELECTRUM: buildTransactionDetail: Successfully got transaction 2ae52394b1de0caa8782ca70f270665916e5d4afc6fa22f56a77fd0c3c687985
ELECTRUM: buildTransactionDetail: GetTransaction succeeded for 2ae52394b1de0caa8782ca70f270665916e5d4afc6fa22f56a77fd0c3c687985, processing result
ELECTRUM: buildTransactionDetail: Processing transaction result for 2ae52394b1de0caa8782ca70f270665916e5d4afc6fa22f56a77fd0c3c687985
ELECTRUM: buildTransactionDetail: Transaction result is not nil for 2ae52394b1de0caa8782ca70f270665916e5d4afc6fa22f56a77fd0c3c687985
ELECTRUM: buildTransactionDetail: Attempting to get actual value for transaction 2ae52394b1de0caa8782ca70f270665916e5d4afc6fa22f56a77fd0c3c687985
2025-09-16 14:45:33.590 [INF] BTWL btcwallet.go:593: BTCWALLET: Calling chain.NotifyReceived for address: tb1p4pnenccvuzkx28tz8xgrfepdxzw56zlht9lsr9lef2030m3gcveqrym9ty
ELECTRUM: Fetching transaction history for address: tb1pm2zwfrhd04ue5dqlwt8nvg9vdd8kcp75nsh3lmnat2mqmelg2vks5vkvfj
ELECTRUM: Calling GetHistory for address: tb1pm2zwfrhd04ue5dqlwt8nvg9vdd8kcp75nsh3lmnat2mqmelg2vks5vkvfj, scriptHash: c5c501974b54b604a07b751557f5492a62e0024f3b6de9e8a3c970fe9f4e8f65
ELECTRUM: NotifyReceived called with 1 addresses
2025-09-16 14:45:33.590 [INF] BTWL btcwallet.go:490: BTCWALLET: Received transaction callback - txHash: 358ed5e554073681bfff88d67684b6960bbb7e4d37503572eb4509608a94a2bb, address: tb1pehlh6hywge7xh72v76rnma6j3h57nne0fxtwr5d0784jdtf79twstllsvz, value: 12844, confirmations: 814
2025-09-16 14:45:33.590 [INF] BTWL btcwallet.go:514: BTCWALLET: Integrating discovered transaction 358ed5e554073681bfff88d67684b6960bbb7e4d37503572eb4509608a94a2bb for address tb1pehlh6hywge7xh72v76rnma6j3h57nne0fxtwr5d0784jdtf79twstllsvz (value: 12844, confirmations: 814)
2025-09-16 14:45:33.590 [INF] BTWL btcwallet.go:561: BTCWALLET: Successfully integrated transaction 358ed5e554073681bfff88d67684b6960bbb7e4d37503572eb4509608a94a2bb (value: 12844 satoshis, confirmations: 814)
2025-09-16 14:45:33.590 [INF] BTWL btcwallet.go:498: BTCWALLET: Successfully integrated discovered transaction 358ed5e554073681bfff88d67684b6960bbb7e4d37503572eb4509608a94a2bb
ELECTRUM: Starting fetchAddressHistory for address: tb1p4pnenccvuzkx28tz8xgrfepdxzw56zlht9lsr9lef2030m3gcveqrym9ty
2025-09-16 14:45:33.829 [INF] BTWL btcwallet.go:603: BTCWALLET: chain.NotifyReceived completed successfully for address: tb1p4pnenccvuzkx28tz8xgrfepdxzw56zlht9lsr9lef2030m3gcveqrym9ty
ELECTRUM: Fetching transaction history for address: tb1p4pnenccvuzkx28tz8xgrfepdxzw56zlht9lsr9lef2030m3gcveqrym9ty
2025-09-16 14:45:33.829 [INF] BTWL btcwallet.go:605: BTCWALLET: Successfully set up notification for address: tb1p4pnenccvuzkx28tz8xgrfepdxzw56zlht9lsr9lef2030m3gcveqrym9ty
ELECTRUM: Calling GetHistory for address: tb1p4pnenccvuzkx28tz8xgrfepdxzw56zlht9lsr9lef2030m3gcveqrym9ty, scriptHash: c9d8bc157913c0cdb12c85d685798b196f5db58e760e18e83102d6b04d1963c3
2025-09-16 14:45:33.829 [INF] BTWL btcwallet.go:580: BTCWALLET: Setting up notification for address: tb1pvhkycu546rfek5tpkmns0dwxc7v74ul3dlad7as8gflywg3plsvqy8mc4j
2025-09-16 14:45:33.830 [INF] BTWL btcwallet.go:593: BTCWALLET: Calling chain.NotifyReceived for address: tb1pvhkycu546rfek5tpkmns0dwxc7v74ul3dlad7as8gflywg3plsvqy8mc4j
ELECTRUM: NotifyReceived called with 1 addresses
ELECTRUM: getTransactionValue: Transaction result type: *electrum.GetTransactionResult, fields: 12
ELECTRUM: getTransactionValue: Field 0: Blockhash = 0000000000005a63153252e492ce94ae6188bc95e8f81e41a593d99c68f6033e (type: string)
ELECTRUM: getTransactionValue: Field 1: Blocktime = 1758046885 (type: uint64)
ELECTRUM: getTransactionValue: Field 2: Confirmations = 647 (type: int32)
ELECTRUM: getTransactionValue: Field 3: Hash = 57cfb7e36e28dc624a39d217f76757501d9dcfbe3f6b077572fb5bdd3b9157bc (type: string)
ELECTRUM: getTransactionValue: Field 4: Hex = 01000000000101bba2948a600945eb723550374d7ebb0b96b68476d688ffbf81360754e5d58e350000000000ffffffff022c32000000000000225120727d4a007f413bda16da205ea5df133615c42bf3a309a04954f7de284cf76a0170baa1000000000022512073d784e9de7c60825e518488a3ed256c081c65ff490b82fbc5d9f59f0b5344c50140a0c72c53e43c677c9a9ecdd7f2cbfe351281de0f2d5bf282166cb098e4ad389633cdbc0ff0e67b23c8c2e538bc714cf3c4d3d498a59503882eafbf5a0f2f286c00000000 (type: string)
ELECTRUM: buildTransactionDetail: Successfully got transaction 1ecd261bcd0685971ea43cbbd12631a449a1765f67f90c3813c8a6b8c93b86fc
ELECTRUM: buildTransactionDetail: GetTransaction succeeded for 1ecd261bcd0685971ea43cbbd12631a449a1765f67f90c3813c8a6b8c93b86fc, processing result
ELECTRUM: buildTransactionDetail: Processing transaction result for 1ecd261bcd0685971ea43cbbd12631a449a1765f67f90c3813c8a6b8c93b86fc
ELECTRUM: buildTransactionDetail: Transaction result is not nil for 1ecd261bcd0685971ea43cbbd12631a449a1765f67f90c3813c8a6b8c93b86fc
ELECTRUM: buildTransactionDetail: Attempting to get actual value for transaction 1ecd261bcd0685971ea43cbbd12631a449a1765f67f90c3813c8a6b8c93b86fc
ELECTRUM: getTransactionValue: Field 5: Locktime = 0 (type: uint32)
ELECTRUM: getTransactionValue: Field 6: Size = 205 (type: uint32)
ELECTRUM: getTransactionValue: Field 7: Time = 1758046885 (type: uint64)
ELECTRUM: getTransactionValue: Field 8: Version = 1 (type: uint32)
ELECTRUM: getTransactionValue: Field 9: Vin = [{ 0x14000262740 4294967295 358ed5e554073681bfff88d67684b6960bbb7e4d37503572eb4509608a94a2bb 0}] (type: []electrum.Vin)
ELECTRUM: getTransactionValue: Field 10: Vout = [{0 {[] 1 727d4a007f413bda16da205ea5df133615c42bf3a309a04954f7de284cf76a01 5120727d4a007f413bda16da205ea5df133615c42bf3a309a04954f7de284cf76a01 0 witness_v1_taproot} 0.00012844} {1 {[] 1 73d784e9de7c60825e518488a3ed256c081c65ff490b82fbc5d9f59f0b5344c5 512073d784e9de7c60825e518488a3ed256c081c65ff490b82fbc5d9f59f0b5344c5 0 witness_v1_taproot} 0.10599024}] (type: []electrum.Vout)
ELECTRUM: getTransactionValue: Field 11: Merkle = {[] 0 0} (type: electrum.GetMerkleProofResult)
ELECTRUM: getTransactionValue: Processing 2 Vout entries for transaction 2ae52394b1de0caa8782ca70f270665916e5d4afc6fa22f56a77fd0c3c687985
ELECTRUM: getTransactionValue: Processing Vout entry 0 for transaction 2ae52394b1de0caa8782ca70f270665916e5d4afc6fa22f56a77fd0c3c687985
ELECTRUM: getTransactionValue: Vout[0] Field 0: N = 0 (type: uint32)
ELECTRUM: getTransactionValue: Vout[0] Field 1: ScriptPubkey = {[] 1 727d4a007f413bda16da205ea5df133615c42bf3a309a04954f7de284cf76a01 5120727d4a007f413bda16da205ea5df133615c42bf3a309a04954f7de284cf76a01 0 witness_v1_taproot} (type: electrum.ScriptPubkey)
ELECTRUM: getTransactionValue: Vout[0] Field 2: Value = 0.00012844 (type: float64)
ELECTRUM: getTransactionValue: Vout[0] has value 0.000128 BTC (12844 satoshis)
ELECTRUM: getTransactionValue: Vout[0] ScriptPubkey type: electrum.ScriptPubkey
ELECTRUM: getTransactionValue: Vout[0] ScriptPubkey has 5 fields
ELECTRUM: getTransactionValue: Vout[0] ScriptPubkey Field 0: Addresses = [] (type: []string)
ELECTRUM: getTransactionValue: Vout[0] ScriptPubkey Field 1: Asm = 1 727d4a007f413bda16da205ea5df133615c42bf3a309a04954f7de284cf76a01 (type: string)
ELECTRUM: getTransactionValue: Vout[0] ScriptPubkey Field 2: Hex = 5120727d4a007f413bda16da205ea5df133615c42bf3a309a04954f7de284cf76a01 (type: string)
ELECTRUM: getTransactionValue: Vout[0] ScriptPubkey Field 3: ReqSigs = 0 (type: uint32)
ELECTRUM: getTransactionValue: Vout[0] ScriptPubkey Field 4: Type = witness_v1_taproot (type: string)
ELECTRUM: getTransactionValue: Vout[0] extracted script hex from Hex field: 5120727d4a007f413bda16da205ea5df133615c42bf3a309a04954f7de284cf76a01
ELECTRUM: getTransactionValue: Vout[0] calculated script hash: 5a37981f0a3eed03fb6e95f4e44bee61f45395d25a4b3b269975a8120937b1d5, target: 5a37981f0a3eed03fb6e95f4e44bee61f45395d25a4b3b269975a8120937b1d5
ELECTRUM: getTransactionValue: Vout[0] matches our script hash, adding 12844 satoshis
ELECTRUM: getTransactionValue: Processing Vout entry 1 for transaction 2ae52394b1de0caa8782ca70f270665916e5d4afc6fa22f56a77fd0c3c687985
ELECTRUM: getTransactionValue: Vout[1] Field 0: N = 1 (type: uint32)
ELECTRUM: getTransactionValue: Vout[1] Field 1: ScriptPubkey = {[] 1 73d784e9de7c60825e518488a3ed256c081c65ff490b82fbc5d9f59f0b5344c5 512073d784e9de7c60825e518488a3ed256c081c65ff490b82fbc5d9f59f0b5344c5 0 witness_v1_taproot} (type: electrum.ScriptPubkey)
ELECTRUM: getTransactionValue: Vout[1] Field 2: Value = 0.10599024 (type: float64)
ELECTRUM: getTransactionValue: Vout[1] has value 0.105990 BTC (10599024 satoshis)
ELECTRUM: getTransactionValue: Vout[1] ScriptPubkey type: electrum.ScriptPubkey
ELECTRUM: getTransactionValue: Vout[1] ScriptPubkey has 5 fields
ELECTRUM: getTransactionValue: Vout[1] ScriptPubkey Field 0: Addresses = [] (type: []string)
ELECTRUM: getTransactionValue: Vout[1] ScriptPubkey Field 1: Asm = 1 73d784e9de7c60825e518488a3ed256c081c65ff490b82fbc5d9f59f0b5344c5 (type: string)
ELECTRUM: getTransactionValue: Vout[1] ScriptPubkey Field 2: Hex = 512073d784e9de7c60825e518488a3ed256c081c65ff490b82fbc5d9f59f0b5344c5 (type: string)
ELECTRUM: getTransactionValue: Vout[1] ScriptPubkey Field 3: ReqSigs = 0 (type: uint32)
ELECTRUM: getTransactionValue: Vout[1] ScriptPubkey Field 4: Type = witness_v1_taproot (type: string)
ELECTRUM: getTransactionValue: Vout[1] extracted script hex from Hex field: 512073d784e9de7c60825e518488a3ed256c081c65ff490b82fbc5d9f59f0b5344c5
ELECTRUM: getTransactionValue: Vout[1] calculated script hash: f6e7ef2e7a52e88496e055c69abca6df627b0d048c6d590e14f1a6bae04b35a3, target: 5a37981f0a3eed03fb6e95f4e44bee61f45395d25a4b3b269975a8120937b1d5
ELECTRUM: getTransactionValue: Vout[1] does not match our script hash, skipping
ELECTRUM: buildTransactionDetail: Transaction 2ae52394b1de0caa8782ca70f270665916e5d4afc6fa22f56a77fd0c3c687985 has actual value 12844 satoshis
2025/09/16 14:45:33 ELECTRUM: GetBlockHash called for height: 4670512
ELECTRUM: Starting fetchAddressHistory for address: tb1pvhkycu546rfek5tpkmns0dwxc7v74ul3dlad7as8gflywg3plsvqy8mc4j
2025-09-16 14:45:34.067 [INF] BTWL btcwallet.go:490: BTCWALLET: Received transaction callback - txHash: 2ae52394b1de0caa8782ca70f270665916e5d4afc6fa22f56a77fd0c3c687985, address: tb1pwf755qrlgyaa59k6yp02thcnxc2ug2ln5vy6qj257l0zsn8hdgqsfpc782, value: 12844, confirmations: 645
ELECTRUM: Fetching transaction history for address: tb1pvhkycu546rfek5tpkmns0dwxc7v74ul3dlad7as8gflywg3plsvqy8mc4j
ELECTRUM: Calling GetHistory for address: tb1pvhkycu546rfek5tpkmns0dwxc7v74ul3dlad7as8gflywg3plsvqy8mc4j, scriptHash: 8c695d50cc3c9b971f716464bca5a0adcd8d5334c79d76ffe4776646c0a2228f
2025-09-16 14:45:34.067 [INF] BTWL btcwallet.go:514: BTCWALLET: Integrating discovered transaction 2ae52394b1de0caa8782ca70f270665916e5d4afc6fa22f56a77fd0c3c687985 for address tb1pwf755qrlgyaa59k6yp02thcnxc2ug2ln5vy6qj257l0zsn8hdgqsfpc782 (value: 12844, confirmations: 645)
ELECTRUM: getTransactionValue: Transaction result type: *electrum.GetTransactionResult, fields: 12
ELECTRUM: getTransactionValue: Field 0: Blockhash = 0000000000015d41dd7639d096da19e5ae0307ffbea46adf233d0c7f779d7ed6 (type: string)
ELECTRUM: getTransactionValue: Field 1: Blocktime = 1758045809 (type: uint64)
ELECTRUM: getTransactionValue: Field 2: Confirmations = 1123 (type: int32)
ELECTRUM: getTransactionValue: Field 3: Hash = cf05190df9cf6a90cc51d827f7ee7d2dea6dd0ae479db0836805c5a49d0a21ff (type: string)
ELECTRUM: getTransactionValue: Field 4: Hex = 01000000000101c44822011a52f3c2aa57d9f7a6173a22e1cf6e062c46e3434a3ea5e17dca9c310000000000ffffffff0206430000000000002251206dadec86b602950d982192f31264475290bfe0b7f31e40eeffd5859a62e0ede4c852a200000000002251206cc89a54ee175a70d71d798e0adf3705ce2503da5526d77fd4f70abcb60522f001406f931887910e946d933885a6e1bb12bc8b9dc0fb319b052366fd2dbb2ccb84159e85d10dbd133ac346021695f88d2afeb336da5babb79e2b5c14b476a88f08bb00000000 (type: string)
ELECTRUM: getTransactionValue: Field 5: Locktime = 0 (type: uint32)
ELECTRUM: getTransactionValue: Field 6: Size = 205 (type: uint32)
ELECTRUM: getTransactionValue: Field 7: Time = 1758045809 (type: uint64)
2025-09-16 14:45:34.068 [INF] BTWL btcwallet.go:561: BTCWALLET: Successfully integrated transaction 2ae52394b1de0caa8782ca70f270665916e5d4afc6fa22f56a77fd0c3c687985 (value: 12844 satoshis, confirmations: 645)
ELECTRUM: getTransactionValue: Field 8: Version = 1 (type: uint32)
2025-09-16 14:45:34.068 [INF] BTWL btcwallet.go:498: BTCWALLET: Successfully integrated discovered transaction 2ae52394b1de0caa8782ca70f270665916e5d4afc6fa22f56a77fd0c3c687985
ELECTRUM: getTransactionValue: Field 9: Vin = [{ 0x14000307e80 4294967295 319cca7de1a53e4a43e3462c066ecfe1223a17a6f7d957aac2f3521a012248c4 0}] (type: []electrum.Vin)
2025-09-16 14:45:34.067 [INF] BTWL btcwallet.go:603: BTCWALLET: chain.NotifyReceived completed successfully for address: tb1pvhkycu546rfek5tpkmns0dwxc7v74ul3dlad7as8gflywg3plsvqy8mc4j
ELECTRUM: getTransactionValue: Field 10: Vout = [{0 {[] 1 6dadec86b602950d982192f31264475290bfe0b7f31e40eeffd5859a62e0ede4 51206dadec86b602950d982192f31264475290bfe0b7f31e40eeffd5859a62e0ede4 0 witness_v1_taproot} 0.00017158} {1 {[] 1 6cc89a54ee175a70d71d798e0adf3705ce2503da5526d77fd4f70abcb60522f0 51206cc89a54ee175a70d71d798e0adf3705ce2503da5526d77fd4f70abcb60522f0 0 witness_v1_taproot} 0.10638024}] (type: []electrum.Vout)
ELECTRUM: getTransactionValue: Field 11: Merkle = {[] 0 0} (type: electrum.GetMerkleProofResult)
2025-09-16 14:45:34.068 [INF] BTWL btcwallet.go:605: BTCWALLET: Successfully set up notification for address: tb1pvhkycu546rfek5tpkmns0dwxc7v74ul3dlad7as8gflywg3plsvqy8mc4j
ELECTRUM: getTransactionValue: Processing 2 Vout entries for transaction 1ecd261bcd0685971ea43cbbd12631a449a1765f67f90c3813c8a6b8c93b86fc
ELECTRUM: getTransactionValue: Processing Vout entry 0 for transaction 1ecd261bcd0685971ea43cbbd12631a449a1765f67f90c3813c8a6b8c93b86fc
ELECTRUM: getTransactionValue: Vout[0] Field 0: N = 0 (type: uint32)
ELECTRUM: getTransactionValue: Vout[0] Field 1: ScriptPubkey = {[] 1 6dadec86b602950d982192f31264475290bfe0b7f31e40eeffd5859a62e0ede4 51206dadec86b602950d982192f31264475290bfe0b7f31e40eeffd5859a62e0ede4 0 witness_v1_taproot} (type: electrum.ScriptPubkey)
ELECTRUM: getTransactionValue: Vout[0] Field 2: Value = 0.00017158 (type: float64)
ELECTRUM: getTransactionValue: Vout[0] has value 0.000172 BTC (17158 satoshis)
ELECTRUM: getTransactionValue: Vout[0] ScriptPubkey type: electrum.ScriptPubkey
ELECTRUM: getTransactionValue: Vout[0] ScriptPubkey has 5 fields
ELECTRUM: getTransactionValue: Vout[0] ScriptPubkey Field 0: Addresses = [] (type: []string)
ELECTRUM: getTransactionValue: Vout[0] ScriptPubkey Field 1: Asm = 1 6dadec86b602950d982192f31264475290bfe0b7f31e40eeffd5859a62e0ede4 (type: string)
ELECTRUM: getTransactionValue: Vout[0] ScriptPubkey Field 2: Hex = 51206dadec86b602950d982192f31264475290bfe0b7f31e40eeffd5859a62e0ede4 (type: string)
ELECTRUM: getTransactionValue: Vout[0] ScriptPubkey Field 3: ReqSigs = 0 (type: uint32)
ELECTRUM: getTransactionValue: Vout[0] ScriptPubkey Field 4: Type = witness_v1_taproot (type: string)
ELECTRUM: getTransactionValue: Vout[0] extracted script hex from Hex field: 51206dadec86b602950d982192f31264475290bfe0b7f31e40eeffd5859a62e0ede4
2025-09-16 14:45:34.068 [INF] BTWL btcwallet.go:580: BTCWALLET: Setting up notification for address: tb1p0gzw3zejyhpcnhel6fk44utj2wdvt6qeqm98nqxu6j56fcwme4psvdhc46
ELECTRUM: getTransactionValue: Vout[0] calculated script hash: 15bf6986842102e96df220461b8cfa26e5306ee0eedd007d5dddd821d6745563, target: 15bf6986842102e96df220461b8cfa26e5306ee0eedd007d5dddd821d6745563
ELECTRUM: getTransactionValue: Vout[0] matches our script hash, adding 17158 satoshis
ELECTRUM: getTransactionValue: Processing Vout entry 1 for transaction 1ecd261bcd0685971ea43cbbd12631a449a1765f67f90c3813c8a6b8c93b86fc
ELECTRUM: getTransactionValue: Vout[1] Field 0: N = 1 (type: uint32)
ELECTRUM: getTransactionValue: Vout[1] Field 1: ScriptPubkey = {[] 1 6cc89a54ee175a70d71d798e0adf3705ce2503da5526d77fd4f70abcb60522f0 51206cc89a54ee175a70d71d798e0adf3705ce2503da5526d77fd4f70abcb60522f0 0 witness_v1_taproot} (type: electrum.ScriptPubkey)
2025-09-16 14:45:34.069 [INF] BTWL btcwallet.go:593: BTCWALLET: Calling chain.NotifyReceived for address: tb1p0gzw3zejyhpcnhel6fk44utj2wdvt6qeqm98nqxu6j56fcwme4psvdhc46
ELECTRUM: NotifyReceived called with 1 addresses
ELECTRUM: getTransactionValue: Vout[1] Field 2: Value = 0.10638024 (type: float64)
ELECTRUM: getTransactionValue: Vout[1] has value 0.106380 BTC (10638024 satoshis)
ELECTRUM: getTransactionValue: Vout[1] ScriptPubkey type: electrum.ScriptPubkey
ELECTRUM: getTransactionValue: Vout[1] ScriptPubkey has 5 fields
ELECTRUM: getTransactionValue: Vout[1] ScriptPubkey Field 0: Addresses = [] (type: []string)
ELECTRUM: getTransactionValue: Vout[1] ScriptPubkey Field 1: Asm = 1 6cc89a54ee175a70d71d798e0adf3705ce2503da5526d77fd4f70abcb60522f0 (type: string)
ELECTRUM: getTransactionValue: Vout[1] ScriptPubkey Field 2: Hex = 51206cc89a54ee175a70d71d798e0adf3705ce2503da5526d77fd4f70abcb60522f0 (type: string)
ELECTRUM: getTransactionValue: Vout[1] ScriptPubkey Field 3: ReqSigs = 0 (type: uint32)
ELECTRUM: getTransactionValue: Vout[1] ScriptPubkey Field 4: Type = witness_v1_taproot (type: string)
ELECTRUM: getTransactionValue: Vout[1] extracted script hex from Hex field: 51206cc89a54ee175a70d71d798e0adf3705ce2503da5526d77fd4f70abcb60522f0
ELECTRUM: getTransactionValue: Vout[1] calculated script hash: e86f3f3f4929bec039bb0229be9edb8343b43af2081e5037fb2094134bb9583b, target: 15bf6986842102e96df220461b8cfa26e5306ee0eedd007d5dddd821d6745563
ELECTRUM: getTransactionValue: Vout[1] does not match our script hash, skipping
ELECTRUM: buildTransactionDetail: Transaction 1ecd261bcd0685971ea43cbbd12631a449a1765f67f90c3813c8a6b8c93b86fc has actual value 17158 satoshis
2025/09/16 14:45:34 ELECTRUM: GetBlockHash called for height: 4670036
ELECTRUM: Processing transaction 0 for address tb1pvhkycu546rfek5tpkmns0dwxc7v74ul3dlad7as8gflywg3plsvqy8mc4j
ELECTRUM: Calling buildTransactionDetail for entry 0
ELECTRUM: buildTransactionDetail called with entry type: *electrum.GetMempoolResult
ELECTRUM: buildTransactionDetail: Transaction 57d7e5a301f0f54500424260dcc2b9825574b77e89a4f019d9af0df573bf443b has height: 4661549
ELECTRUM: buildTransactionDetail: About to call GetTransaction for 57d7e5a301f0f54500424260dcc2b9825574b77e89a4f019d9af0df573bf443b
ELECTRUM: buildTransactionDetail: Getting transaction details for 57d7e5a301f0f54500424260dcc2b9825574b77e89a4f019d9af0df573bf443b
ELECTRUM: Starting fetchAddressHistory for address: tb1p0gzw3zejyhpcnhel6fk44utj2wdvt6qeqm98nqxu6j56fcwme4psvdhc46
ELECTRUM: Fetching transaction history for address: tb1p0gzw3zejyhpcnhel6fk44utj2wdvt6qeqm98nqxu6j56fcwme4psvdhc46
ELECTRUM: Calling GetHistory for address: tb1p0gzw3zejyhpcnhel6fk44utj2wdvt6qeqm98nqxu6j56fcwme4psvdhc46, scriptHash: e5d8548e6042aa54fcbebb2539efa284c89350ce19c9141286a2f910de14df05
2025-09-16 14:45:34.304 [INF] BTWL btcwallet.go:603: BTCWALLET: chain.NotifyReceived completed successfully for address: tb1p0gzw3zejyhpcnhel6fk44utj2wdvt6qeqm98nqxu6j56fcwme4psvdhc46
2025-09-16 14:45:34.304 [INF] BTWL btcwallet.go:605: BTCWALLET: Successfully set up notification for address: tb1p0gzw3zejyhpcnhel6fk44utj2wdvt6qeqm98nqxu6j56fcwme4psvdhc46
2025-09-16 14:45:34.304 [INF] BTWL btcwallet.go:580: BTCWALLET: Setting up notification for address: tb1pk009nxek67sq93jw5wry764rjm5zkpfs5n8q4n98wcnvujmmnhvqwlyepq
2025-09-16 14:45:34.304 [INF] BTWL btcwallet.go:593: BTCWALLET: Calling chain.NotifyReceived for address: tb1pk009nxek67sq93jw5wry764rjm5zkpfs5n8q4n98wcnvujmmnhvqwlyepq
ELECTRUM: NotifyReceived called with 1 addresses
2025-09-16 14:45:34.304 [INF] BTWL btcwallet.go:490: BTCWALLET: Received transaction callback - txHash: 1ecd261bcd0685971ea43cbbd12631a449a1765f67f90c3813c8a6b8c93b86fc, address: tb1pdkk7ep4kq22smxppjte3yez822gtlc9h7v0ypmhl6kze5chqahjqahfutx, value: 17158, confirmations: 1121
2025-09-16 14:45:34.304 [INF] BTWL btcwallet.go:514: BTCWALLET: Integrating discovered transaction 1ecd261bcd0685971ea43cbbd12631a449a1765f67f90c3813c8a6b8c93b86fc for address tb1pdkk7ep4kq22smxppjte3yez822gtlc9h7v0ypmhl6kze5chqahjqahfutx (value: 17158, confirmations: 1121)
2025-09-16 14:45:34.305 [INF] BTWL btcwallet.go:561: BTCWALLET: Successfully integrated transaction 1ecd261bcd0685971ea43cbbd12631a449a1765f67f90c3813c8a6b8c93b86fc (value: 17158 satoshis, confirmations: 1121)
2025-09-16 14:45:34.305 [INF] BTWL btcwallet.go:498: BTCWALLET: Successfully integrated discovered transaction 1ecd261bcd0685971ea43cbbd12631a449a1765f67f90c3813c8a6b8c93b86fc
ELECTRUM: Starting fetchAddressHistory for address: tb1pk009nxek67sq93jw5wry764rjm5zkpfs5n8q4n98wcnvujmmnhvqwlyepq
2025-09-16 14:45:34.541 [INF] BTWL btcwallet.go:603: BTCWALLET: chain.NotifyReceived completed successfully for address: tb1pk009nxek67sq93jw5wry764rjm5zkpfs5n8q4n98wcnvujmmnhvqwlyepq
ELECTRUM: Fetching transaction history for address: tb1pk009nxek67sq93jw5wry764rjm5zkpfs5n8q4n98wcnvujmmnhvqwlyepq
2025-09-16 14:45:34.541 [INF] BTWL btcwallet.go:605: BTCWALLET: Successfully set up notification for address: tb1pk009nxek67sq93jw5wry764rjm5zkpfs5n8q4n98wcnvujmmnhvqwlyepq
ELECTRUM: Calling GetHistory for address: tb1pk009nxek67sq93jw5wry764rjm5zkpfs5n8q4n98wcnvujmmnhvqwlyepq, scriptHash: e1ad1f932ae867651ec2f60823054c788e2d4777cea966f5a9eb264a24750f03
2025-09-16 14:45:34.541 [INF] BTWL btcwallet.go:580: BTCWALLET: Setting up notification for address: tb1pdt36eq5eqqfmretmf5fttd08w0xvwvz6xlyzy85mn7ae4fxag0gs84m89j
ELECTRUM: buildTransactionDetail: Successfully got transaction 57d7e5a301f0f54500424260dcc2b9825574b77e89a4f019d9af0df573bf443b
2025-09-16 14:45:34.542 [INF] BTWL btcwallet.go:593: BTCWALLET: Calling chain.NotifyReceived for address: tb1pdt36eq5eqqfmretmf5fttd08w0xvwvz6xlyzy85mn7ae4fxag0gs84m89j
ELECTRUM: buildTransactionDetail: GetTransaction succeeded for 57d7e5a301f0f54500424260dcc2b9825574b77e89a4f019d9af0df573bf443b, processing result
ELECTRUM: buildTransactionDetail: Processing transaction result for 57d7e5a301f0f54500424260dcc2b9825574b77e89a4f019d9af0df573bf443b
ELECTRUM: buildTransactionDetail: Transaction result is not nil for 57d7e5a301f0f54500424260dcc2b9825574b77e89a4f019d9af0df573bf443b
ELECTRUM: buildTransactionDetail: Attempting to get actual value for transaction 57d7e5a301f0f54500424260dcc2b9825574b77e89a4f019d9af0df573bf443b
ELECTRUM: NotifyReceived called with 1 addresses
ELECTRUM: Starting fetchAddressHistory for address: tb1pdt36eq5eqqfmretmf5fttd08w0xvwvz6xlyzy85mn7ae4fxag0gs84m89j
2025-09-16 14:45:34.781 [INF] BTWL btcwallet.go:603: BTCWALLET: chain.NotifyReceived completed successfully for address: tb1pdt36eq5eqqfmretmf5fttd08w0xvwvz6xlyzy85mn7ae4fxag0gs84m89j
ELECTRUM: Fetching transaction history for address: tb1pdt36eq5eqqfmretmf5fttd08w0xvwvz6xlyzy85mn7ae4fxag0gs84m89j
ELECTRUM: Calling GetHistory for address: tb1pdt36eq5eqqfmretmf5fttd08w0xvwvz6xlyzy85mn7ae4fxag0gs84m89j, scriptHash: a316d302121d1b62c9b4ec3de415b72930916c9b2fecde6d85dcb59e82024e3d
2025-09-16 14:45:34.781 [INF] BTWL btcwallet.go:605: BTCWALLET: Successfully set up notification for address: tb1pdt36eq5eqqfmretmf5fttd08w0xvwvz6xlyzy85mn7ae4fxag0gs84m89j
2025-09-16 14:45:34.781 [INF] BTWL btcwallet.go:580: BTCWALLET: Setting up notification for address: tb1pqx3qatm30w3u2ywr2kk8dxlrcqqz3wesedr3rv9z433ntzagmsvsckwg58
2025-09-16 14:45:34.781 [INF] BTWL btcwallet.go:593: BTCWALLET: Calling chain.NotifyReceived for address: tb1pqx3qatm30w3u2ywr2kk8dxlrcqqz3wesedr3rv9z433ntzagmsvsckwg58
ELECTRUM: getTransactionValue: Transaction result type: *electrum.GetTransactionResult, fields: 12
ELECTRUM: getTransactionValue: Field 0: Blockhash = 000000000001e10a952d521ee1dd4fea2b58e4e4e38f36c973ebfc92e90fb7d6 (type: string)
ELECTRUM: getTransactionValue: Field 1: Blocktime = 1758029154 (type: uint64)
ELECTRUM: getTransactionValue: Field 2: Confirmations = 9611 (type: int32)
ELECTRUM: getTransactionValue: Field 3: Hash = 79257b4fbbb8885b6bbc2efecff4e9dfdb799a8871e223780cb54ac1ca15cb15 (type: string)
ELECTRUM: getTransactionValue: Field 4: Hex = 01000000000101abafdb07f6944dadbc3aeaea3d20af45d416365a07f02a3608e0015ba1c2ab510100000000ffffffff021f20a30000000000225120bcae08581d1e0f6c335d62afd89bfc1a4f70f2f3191847866e3d07ea86104f9beb1000000000000022512065ec4c7295d0d39b5161b6e707b5c6c799eaf3f16ffadf7607427e472221fc180140ee89d845610998471bac8849ed2b2273b8d0d3a8bab6f2f3403a904ea66a613d3d68645e2931e79f8f78dc5f46b75e56072a8822e873dee9f6b2b4094de36cd600000000 (type: string)
ELECTRUM: getTransactionValue: Field 5: Locktime = 0 (type: uint32)
ELECTRUM: getTransactionValue: Field 6: Size = 205 (type: uint32)
ELECTRUM: getTransactionValue: Field 7: Time = 1758029154 (type: uint64)
ELECTRUM: getTransactionValue: Field 8: Version = 1 (type: uint32)
ELECTRUM: NotifyReceived called with 1 addresses
ELECTRUM: getTransactionValue: Field 9: Vin = [{ 0x14000262da0 4294967295 51abc2a15b01e008362af0075a3616d445af203deaea3abcad4d94f607dbafab 1}] (type: []electrum.Vin)
ELECTRUM: getTransactionValue: Field 10: Vout = [{0 {[] 1 bcae08581d1e0f6c335d62afd89bfc1a4f70f2f3191847866e3d07ea86104f9b 5120bcae08581d1e0f6c335d62afd89bfc1a4f70f2f3191847866e3d07ea86104f9b 0 witness_v1_taproot} 0.10690591} {1 {[] 1 65ec4c7295d0d39b5161b6e707b5c6c799eaf3f16ffadf7607427e472221fc18 512065ec4c7295d0d39b5161b6e707b5c6c799eaf3f16ffadf7607427e472221fc18 0 witness_v1_taproot} 4.331e-05}] (type: []electrum.Vout)
ELECTRUM: getTransactionValue: Field 11: Merkle = {[] 0 0} (type: electrum.GetMerkleProofResult)
ELECTRUM: getTransactionValue: Processing 2 Vout entries for transaction 57d7e5a301f0f54500424260dcc2b9825574b77e89a4f019d9af0df573bf443b
ELECTRUM: getTransactionValue: Processing Vout entry 0 for transaction 57d7e5a301f0f54500424260dcc2b9825574b77e89a4f019d9af0df573bf443b
ELECTRUM: getTransactionValue: Vout[0] Field 0: N = 0 (type: uint32)
ELECTRUM: getTransactionValue: Vout[0] Field 1: ScriptPubkey = {[] 1 bcae08581d1e0f6c335d62afd89bfc1a4f70f2f3191847866e3d07ea86104f9b 5120bcae08581d1e0f6c335d62afd89bfc1a4f70f2f3191847866e3d07ea86104f9b 0 witness_v1_taproot} (type: electrum.ScriptPubkey)
ELECTRUM: getTransactionValue: Vout[0] Field 2: Value = 0.10690591 (type: float64)
ELECTRUM: getTransactionValue: Vout[0] has value 0.106906 BTC (10690591 satoshis)
ELECTRUM: getTransactionValue: Vout[0] ScriptPubkey type: electrum.ScriptPubkey
ELECTRUM: getTransactionValue: Vout[0] ScriptPubkey has 5 fields
ELECTRUM: getTransactionValue: Vout[0] ScriptPubkey Field 0: Addresses = [] (type: []string)
ELECTRUM: getTransactionValue: Vout[0] ScriptPubkey Field 1: Asm = 1 bcae08581d1e0f6c335d62afd89bfc1a4f70f2f3191847866e3d07ea86104f9b (type: string)
ELECTRUM: getTransactionValue: Vout[0] ScriptPubkey Field 2: Hex = 5120bcae08581d1e0f6c335d62afd89bfc1a4f70f2f3191847866e3d07ea86104f9b (type: string)
ELECTRUM: getTransactionValue: Vout[0] ScriptPubkey Field 3: ReqSigs = 0 (type: uint32)
ELECTRUM: getTransactionValue: Vout[0] ScriptPubkey Field 4: Type = witness_v1_taproot (type: string)
ELECTRUM: getTransactionValue: Vout[0] extracted script hex from Hex field: 5120bcae08581d1e0f6c335d62afd89bfc1a4f70f2f3191847866e3d07ea86104f9b
ELECTRUM: getTransactionValue: Vout[0] calculated script hash: 3e1ff1200029e270b283707ae71fbc8812fb6e7c3bd2e19d5e45251eec1480de, target: 8c695d50cc3c9b971f716464bca5a0adcd8d5334c79d76ffe4776646c0a2228f
ELECTRUM: getTransactionValue: Vout[0] does not match our script hash, skipping
ELECTRUM: getTransactionValue: Processing Vout entry 1 for transaction 57d7e5a301f0f54500424260dcc2b9825574b77e89a4f019d9af0df573bf443b
ELECTRUM: getTransactionValue: Vout[1] Field 0: N = 1 (type: uint32)
ELECTRUM: getTransactionValue: Vout[1] Field 1: ScriptPubkey = {[] 1 65ec4c7295d0d39b5161b6e707b5c6c799eaf3f16ffadf7607427e472221fc18 512065ec4c7295d0d39b5161b6e707b5c6c799eaf3f16ffadf7607427e472221fc18 0 witness_v1_taproot} (type: electrum.ScriptPubkey)
ELECTRUM: getTransactionValue: Vout[1] Field 2: Value = 4.331e-05 (type: float64)
ELECTRUM: getTransactionValue: Vout[1] has value 0.000043 BTC (4331 satoshis)
ELECTRUM: getTransactionValue: Vout[1] ScriptPubkey type: electrum.ScriptPubkey
ELECTRUM: getTransactionValue: Vout[1] ScriptPubkey has 5 fields
ELECTRUM: getTransactionValue: Vout[1] ScriptPubkey Field 0: Addresses = [] (type: []string)
ELECTRUM: getTransactionValue: Vout[1] ScriptPubkey Field 1: Asm = 1 65ec4c7295d0d39b5161b6e707b5c6c799eaf3f16ffadf7607427e472221fc18 (type: string)
ELECTRUM: getTransactionValue: Vout[1] ScriptPubkey Field 2: Hex = 512065ec4c7295d0d39b5161b6e707b5c6c799eaf3f16ffadf7607427e472221fc18 (type: string)
ELECTRUM: getTransactionValue: Vout[1] ScriptPubkey Field 3: ReqSigs = 0 (type: uint32)
ELECTRUM: getTransactionValue: Vout[1] ScriptPubkey Field 4: Type = witness_v1_taproot (type: string)
ELECTRUM: getTransactionValue: Vout[1] extracted script hex from Hex field: 512065ec4c7295d0d39b5161b6e707b5c6c799eaf3f16ffadf7607427e472221fc18
ELECTRUM: getTransactionValue: Vout[1] calculated script hash: 8c695d50cc3c9b971f716464bca5a0adcd8d5334c79d76ffe4776646c0a2228f, target: 8c695d50cc3c9b971f716464bca5a0adcd8d5334c79d76ffe4776646c0a2228f
ELECTRUM: getTransactionValue: Vout[1] matches our script hash, adding 4331 satoshis
ELECTRUM: buildTransactionDetail: Transaction 57d7e5a301f0f54500424260dcc2b9825574b77e89a4f019d9af0df573bf443b has actual value 4331 satoshis
2025/09/16 14:45:34 ELECTRUM: GetBlockHash called for height: 4661549
ELECTRUM: Starting fetchAddressHistory for address: tb1pqx3qatm30w3u2ywr2kk8dxlrcqqz3wesedr3rv9z433ntzagmsvsckwg58
2025-09-16 14:45:35.022 [INF] BTWL btcwallet.go:490: BTCWALLET: Received transaction callback - txHash: 57d7e5a301f0f54500424260dcc2b9825574b77e89a4f019d9af0df573bf443b, address: tb1pvhkycu546rfek5tpkmns0dwxc7v74ul3dlad7as8gflywg3plsvqy8mc4j, value: 4331, confirmations: 9608
ELECTRUM: Fetching transaction history for address: tb1pqx3qatm30w3u2ywr2kk8dxlrcqqz3wesedr3rv9z433ntzagmsvsckwg58
ELECTRUM: Calling GetHistory for address: tb1pqx3qatm30w3u2ywr2kk8dxlrcqqz3wesedr3rv9z433ntzagmsvsckwg58, scriptHash: 68427e23296ee56cb016cf304d9d30df101c75d22e4198bc54dced0563ffea61
2025-09-16 14:45:35.023 [INF] BTWL btcwallet.go:603: BTCWALLET: chain.NotifyReceived completed successfully for address: tb1pqx3qatm30w3u2ywr2kk8dxlrcqqz3wesedr3rv9z433ntzagmsvsckwg58
2025-09-16 14:45:35.023 [INF] BTWL btcwallet.go:514: BTCWALLET: Integrating discovered transaction 57d7e5a301f0f54500424260dcc2b9825574b77e89a4f019d9af0df573bf443b for address tb1pvhkycu546rfek5tpkmns0dwxc7v74ul3dlad7as8gflywg3plsvqy8mc4j (value: 4331, confirmations: 9608)
2025-09-16 14:45:35.023 [INF] BTWL btcwallet.go:605: BTCWALLET: Successfully set up notification for address: tb1pqx3qatm30w3u2ywr2kk8dxlrcqqz3wesedr3rv9z433ntzagmsvsckwg58
2025-09-16 14:45:35.023 [INF] BTWL btcwallet.go:573: BTCWALLET: Address tb1q35l5pfwv0wj2x0w6dvfr6rdv43mrdavey28800 already processed, skipping duplicate setup
2025-09-16 14:45:35.023 [INF] BTWL btcwallet.go:561: BTCWALLET: Successfully integrated transaction 57d7e5a301f0f54500424260dcc2b9825574b77e89a4f019d9af0df573bf443b (value: 4331 satoshis, confirmations: 9608)
2025-09-16 14:45:35.023 [INF] BTWL btcwallet.go:573: BTCWALLET: Address tb1q3wmfzpnluglv5auudgl2zzsne33auzpmr3vguv already processed, skipping duplicate setup
2025-09-16 14:45:35.023 [INF] BTWL btcwallet.go:498: BTCWALLET: Successfully integrated discovered transaction 57d7e5a301f0f54500424260dcc2b9825574b77e89a4f019d9af0df573bf443b
2025-09-16 14:45:35.023 [INF] BTWL btcwallet.go:573: BTCWALLET: Address tb1qnf9a6cdf8c93ca97767cvted4y9a8lrjr9rctd already processed, skipping duplicate setup
2025-09-16 14:45:35.023 [INF] BTWL btcwallet.go:573: BTCWALLET: Address tb1qudd8v6rz3m294gdmmmys29xugkl2f6qzgk3str already processed, skipping duplicate setup
2025-09-16 14:45:35.023 [INF] BTWL btcwallet.go:573: BTCWALLET: Address tb1qzja2zr3jt2tn5j4emss49745hwdxagaqvru8d4 already processed, skipping duplicate setup
2025-09-16 14:45:35.023 [INF] BTWL btcwallet.go:573: BTCWALLET: Address tb1q25xq62ad6s9pymemadk7sf08alk3k6q7l4m5pj already processed, skipping duplicate setup
2025-09-16 14:45:35.023 [INF] BTWL btcwallet.go:573: BTCWALLET: Address tb1qu4ug4mres4yx49ts998805u2ale66jeah6dvxq already processed, skipping duplicate setup
2025-09-16 14:45:35.023 [INF] BTWL btcwallet.go:573: BTCWALLET: Address tb1qs6nvlnyhs604adlsulc3p0c4fa0g80uutdukx9 already processed, skipping duplicate setup
2025-09-16 14:45:35.023 [INF] BTWL btcwallet.go:573: BTCWALLET: Address tb1q8chvehh7ptzcfylzsgysk08cm3ppt8fvleeggz already processed, skipping duplicate setup
2025-09-16 14:45:35.023 [INF] BTWL btcwallet.go:573: BTCWALLET: Address tb1q2xgdnhrez9r46a65g4jacpynkjmnfe6f6a7rv9 already processed, skipping duplicate setup
2025-09-16 14:45:35.023 [INF] BTWL btcwallet.go:573: BTCWALLET: Address tb1qjka5z9xsg53v4925jn28umwwz3u5tyh302wg30 already processed, skipping duplicate setup
2025-09-16 14:45:35.023 [INF] BTWL btcwallet.go:573: BTCWALLET: Address tb1qy84s4sf7y0eetkst3eaah849ky60jdjra09ptk already processed, skipping duplicate setup
2025-09-16 14:45:35.023 [INF] BTWL btcwallet.go:573: BTCWALLET: Address tb1q84gk7xt5mkcd5d0kn2pj26gep8zdp8esy5jst5 already processed, skipping duplicate setup
2025-09-16 14:45:35.023 [INF] BTWL btcwallet.go:573: BTCWALLET: Address tb1qf07tpug9zz6vffhhm3amvqtujhldkcv2j2wycf already processed, skipping duplicate setup
2025-09-16 14:45:35.023 [INF] BTWL btcwallet.go:573: BTCWALLET: Address tb1pv6wu2k2pls6eclghkyv4rehmv8pf93kj5x7pejzak3gzd3a9778shsgnq0 already processed, skipping duplicate setup
2025-09-16 14:45:35.023 [INF] BTWL btcwallet.go:573: BTCWALLET: Address tb1pa8pzeyefw7glky6entgy0zge4w22kvd0smr56m03jv0z3d0nlxqq6ww377 already processed, skipping duplicate setup
2025-09-16 14:45:35.023 [INF] BTWL btcwallet.go:573: BTCWALLET: Address tb1pyv0yhlfkue5jv8djnqst2mx0gls46ef42rfmxnsxn6qk0rs2etesn8ee50 already processed, skipping duplicate setup
2025-09-16 14:45:35.023 [INF] BTWL btcwallet.go:573: BTCWALLET: Address tb1pdw5jf09namf7sdkxqjrlru7uthdeugrps662cdlzet8ht02jw48sgy0gs6 already processed, skipping duplicate setup
2025-09-16 14:45:35.023 [INF] BTWL btcwallet.go:573: BTCWALLET: Address tb1pqxhwj0c5z7jkz6pcur2lryehylrl4yzh0fvgphnpf769578k2qwqq8pvqd already processed, skipping duplicate setup
2025-09-16 14:45:35.023 [INF] BTWL btcwallet.go:573: BTCWALLET: Address tb1pyts089s2l3zpfhculluw6lxzwfsary8cj9m26edtrqxss7p7qydqat9hw2 already processed, skipping duplicate setup
2025-09-16 14:45:35.023 [INF] BTWL btcwallet.go:573: BTCWALLET: Address tb1py0jfpc0ft4zsfhg7p3peze4q6wdl9l2gfwzf8ar64skxkhz9v9lsuhm2g4 already processed, skipping duplicate setup
2025-09-16 14:45:35.023 [INF] BTWL btcwallet.go:573: BTCWALLET: Address tb1pehlh6hywge7xh72v76rnma6j3h57nne0fxtwr5d0784jdtf79twstllsvz already processed, skipping duplicate setup
2025-09-16 14:45:35.023 [INF] BTWL btcwallet.go:573: BTCWALLET: Address tb1putvlls3ekqm74khy2ls7hdadxn4ldxsuh9v2thg7hyht9ysjlvsqqwjnw6 already processed, skipping duplicate setup
2025-09-16 14:45:35.023 [INF] BTWL btcwallet.go:573: BTCWALLET: Address tb1pwf755qrlgyaa59k6yp02thcnxc2ug2ln5vy6qj257l0zsn8hdgqsfpc782 already processed, skipping duplicate setup
2025-09-16 14:45:35.023 [INF] BTWL btcwallet.go:573: BTCWALLET: Address tb1pdkk7ep4kq22smxppjte3yez822gtlc9h7v0ypmhl6kze5chqahjqahfutx already processed, skipping duplicate setup
2025-09-16 14:45:35.023 [INF] BTWL btcwallet.go:573: BTCWALLET: Address tb1pm2zwfrhd04ue5dqlwt8nvg9vdd8kcp75nsh3lmnat2mqmelg2vks5vkvfj already processed, skipping duplicate setup
2025-09-16 14:45:35.023 [INF] BTWL btcwallet.go:573: BTCWALLET: Address tb1p4pnenccvuzkx28tz8xgrfepdxzw56zlht9lsr9lef2030m3gcveqrym9ty already processed, skipping duplicate setup
2025-09-16 14:45:35.024 [INF] BTWL btcwallet.go:573: BTCWALLET: Address tb1pvhkycu546rfek5tpkmns0dwxc7v74ul3dlad7as8gflywg3plsvqy8mc4j already processed, skipping duplicate setup
2025-09-16 14:45:35.024 [INF] BTWL btcwallet.go:573: BTCWALLET: Address tb1p0gzw3zejyhpcnhel6fk44utj2wdvt6qeqm98nqxu6j56fcwme4psvdhc46 already processed, skipping duplicate setup
2025-09-16 14:45:35.024 [INF] BTWL btcwallet.go:573: BTCWALLET: Address tb1pk009nxek67sq93jw5wry764rjm5zkpfs5n8q4n98wcnvujmmnhvqwlyepq already processed, skipping duplicate setup
2025-09-16 14:45:35.024 [INF] BTWL btcwallet.go:573: BTCWALLET: Address tb1pdt36eq5eqqfmretmf5fttd08w0xvwvz6xlyzy85mn7ae4fxag0gs84m89j already processed, skipping duplicate setup
2025-09-16 14:45:35.024 [INF] BTWL btcwallet.go:573: BTCWALLET: Address tb1pqx3qatm30w3u2ywr2kk8dxlrcqqz3wesedr3rv9z433ntzagmsvsckwg58 already processed, skipping duplicate setup
2025-09-16 14:45:35.024 [INF] BTWL btcwallet.go:473: BTCWALLET: Completed setting up notifications for 64 addresses
2025-09-16 14:45:35.024 [INF] BTWL btcwallet.go:425: BTCWALLET: Electrum address notifications set up successfully
ELECTRUM: Processing transaction 0 for address tb1pqx3qatm30w3u2ywr2kk8dxlrcqqz3wesedr3rv9z433ntzagmsvsckwg58
ELECTRUM: Calling buildTransactionDetail for entry 0
ELECTRUM: buildTransactionDetail called with entry type: *electrum.GetMempoolResult
ELECTRUM: buildTransactionDetail: Transaction de930c6a79fee7539b02f4c82c267aa576c2769d52deb0d469253a527844a297 has height: 4670278
ELECTRUM: buildTransactionDetail: About to call GetTransaction for de930c6a79fee7539b02f4c82c267aa576c2769d52deb0d469253a527844a297
ELECTRUM: buildTransactionDetail: Getting transaction details for de930c6a79fee7539b02f4c82c267aa576c2769d52deb0d469253a527844a297
ELECTRUM: buildTransactionDetail: Successfully got transaction de930c6a79fee7539b02f4c82c267aa576c2769d52deb0d469253a527844a297
ELECTRUM: buildTransactionDetail: GetTransaction succeeded for de930c6a79fee7539b02f4c82c267aa576c2769d52deb0d469253a527844a297, processing result
ELECTRUM: buildTransactionDetail: Processing transaction result for de930c6a79fee7539b02f4c82c267aa576c2769d52deb0d469253a527844a297
ELECTRUM: buildTransactionDetail: Transaction result is not nil for de930c6a79fee7539b02f4c82c267aa576c2769d52deb0d469253a527844a297
ELECTRUM: buildTransactionDetail: Attempting to get actual value for transaction de930c6a79fee7539b02f4c82c267aa576c2769d52deb0d469253a527844a297
ELECTRUM: getTransactionValue: Transaction result type: *electrum.GetTransactionResult, fields: 12
ELECTRUM: getTransactionValue: Field 0: Blockhash = 000000000001ae237ca6e03a201d57a11953683c957e09c2dd8bfbbe3222fde0 (type: string)
ELECTRUM: getTransactionValue: Field 1: Blocktime = 1758046330 (type: uint64)
ELECTRUM: getTransactionValue: Field 2: Confirmations = 882 (type: int32)
ELECTRUM: getTransactionValue: Field 3: Hash = 7f1fbefe05ffe2813299372a36a1d0aa278df8629130dfb28ffc67fc95e61a9e (type: string)
ELECTRUM: getTransactionValue: Field 4: Hex = 01000000000101fc863bc9b8a6c813380cf9675f76a149a43126d1bb3ca41e978506cd1b26cd1e0100000000ffffffff022c3200000000000022512001a20eaf717ba3c511c355ac769be3c00028bb30cb4711b0a2ac63358ba8dc190020a2000000000022512030f7623d02e535487795819d2517080257d7f00951c76dea0980ffc14b3e5f790140fb013b8bc60ddbb3aacd940eda56632d219fae4d02245cd95418df2ab8e9245734356bc907ab3d9b2925e637370e4e90c1efceb02fb6ff9af3135de4d9b3519b00000000 (type: string)
ELECTRUM: getTransactionValue: Field 5: Locktime = 0 (type: uint32)
ELECTRUM: getTransactionValue: Field 6: Size = 205 (type: uint32)
ELECTRUM: getTransactionValue: Field 7: Time = 1758046330 (type: uint64)
ELECTRUM: getTransactionValue: Field 8: Version = 1 (type: uint32)
ELECTRUM: getTransactionValue: Field 9: Vin = [{ 0x140002636a0 4294967295 1ecd261bcd0685971ea43cbbd12631a449a1765f67f90c3813c8a6b8c93b86fc 1}] (type: []electrum.Vin)
ELECTRUM: getTransactionValue: Field 10: Vout = [{0 {[] 1 01a20eaf717ba3c511c355ac769be3c00028bb30cb4711b0a2ac63358ba8dc19 512001a20eaf717ba3c511c355ac769be3c00028bb30cb4711b0a2ac63358ba8dc19 0 witness_v1_taproot} 0.00012844} {1 {[] 1 30f7623d02e535487795819d2517080257d7f00951c76dea0980ffc14b3e5f79 512030f7623d02e535487795819d2517080257d7f00951c76dea0980ffc14b3e5f79 0 witness_v1_taproot} 0.10625024}] (type: []electrum.Vout)
ELECTRUM: getTransactionValue: Field 11: Merkle = {[] 0 0} (type: electrum.GetMerkleProofResult)
ELECTRUM: getTransactionValue: Processing 2 Vout entries for transaction de930c6a79fee7539b02f4c82c267aa576c2769d52deb0d469253a527844a297
ELECTRUM: getTransactionValue: Processing Vout entry 0 for transaction de930c6a79fee7539b02f4c82c267aa576c2769d52deb0d469253a527844a297
ELECTRUM: getTransactionValue: Vout[0] Field 0: N = 0 (type: uint32)
ELECTRUM: getTransactionValue: Vout[0] Field 1: ScriptPubkey = {[] 1 01a20eaf717ba3c511c355ac769be3c00028bb30cb4711b0a2ac63358ba8dc19 512001a20eaf717ba3c511c355ac769be3c00028bb30cb4711b0a2ac63358ba8dc19 0 witness_v1_taproot} (type: electrum.ScriptPubkey)
ELECTRUM: getTransactionValue: Vout[0] Field 2: Value = 0.00012844 (type: float64)
ELECTRUM: getTransactionValue: Vout[0] has value 0.000128 BTC (12844 satoshis)
ELECTRUM: getTransactionValue: Vout[0] ScriptPubkey type: electrum.ScriptPubkey
ELECTRUM: getTransactionValue: Vout[0] ScriptPubkey has 5 fields
ELECTRUM: getTransactionValue: Vout[0] ScriptPubkey Field 0: Addresses = [] (type: []string)
ELECTRUM: getTransactionValue: Vout[0] ScriptPubkey Field 1: Asm = 1 01a20eaf717ba3c511c355ac769be3c00028bb30cb4711b0a2ac63358ba8dc19 (type: string)
ELECTRUM: getTransactionValue: Vout[0] ScriptPubkey Field 2: Hex = 512001a20eaf717ba3c511c355ac769be3c00028bb30cb4711b0a2ac63358ba8dc19 (type: string)
ELECTRUM: getTransactionValue: Vout[0] ScriptPubkey Field 3: ReqSigs = 0 (type: uint32)
ELECTRUM: getTransactionValue: Vout[0] ScriptPubkey Field 4: Type = witness_v1_taproot (type: string)
ELECTRUM: getTransactionValue: Vout[0] extracted script hex from Hex field: 512001a20eaf717ba3c511c355ac769be3c00028bb30cb4711b0a2ac63358ba8dc19
ELECTRUM: getTransactionValue: Vout[0] calculated script hash: 68427e23296ee56cb016cf304d9d30df101c75d22e4198bc54dced0563ffea61, target: 68427e23296ee56cb016cf304d9d30df101c75d22e4198bc54dced0563ffea61
ELECTRUM: getTransactionValue: Vout[0] matches our script hash, adding 12844 satoshis
ELECTRUM: getTransactionValue: Processing Vout entry 1 for transaction de930c6a79fee7539b02f4c82c267aa576c2769d52deb0d469253a527844a297
ELECTRUM: getTransactionValue: Vout[1] Field 0: N = 1 (type: uint32)
ELECTRUM: getTransactionValue: Vout[1] Field 1: ScriptPubkey = {[] 1 30f7623d02e535487795819d2517080257d7f00951c76dea0980ffc14b3e5f79 512030f7623d02e535487795819d2517080257d7f00951c76dea0980ffc14b3e5f79 0 witness_v1_taproot} (type: electrum.ScriptPubkey)
ELECTRUM: getTransactionValue: Vout[1] Field 2: Value = 0.10625024 (type: float64)
ELECTRUM: getTransactionValue: Vout[1] has value 0.106250 BTC (10625024 satoshis)
ELECTRUM: getTransactionValue: Vout[1] ScriptPubkey type: electrum.ScriptPubkey
ELECTRUM: getTransactionValue: Vout[1] ScriptPubkey has 5 fields
ELECTRUM: getTransactionValue: Vout[1] ScriptPubkey Field 0: Addresses = [] (type: []string)
ELECTRUM: getTransactionValue: Vout[1] ScriptPubkey Field 1: Asm = 1 30f7623d02e535487795819d2517080257d7f00951c76dea0980ffc14b3e5f79 (type: string)
ELECTRUM: getTransactionValue: Vout[1] ScriptPubkey Field 2: Hex = 512030f7623d02e535487795819d2517080257d7f00951c76dea0980ffc14b3e5f79 (type: string)
ELECTRUM: getTransactionValue: Vout[1] ScriptPubkey Field 3: ReqSigs = 0 (type: uint32)
ELECTRUM: getTransactionValue: Vout[1] ScriptPubkey Field 4: Type = witness_v1_taproot (type: string)
ELECTRUM: getTransactionValue: Vout[1] extracted script hex from Hex field: 512030f7623d02e535487795819d2517080257d7f00951c76dea0980ffc14b3e5f79
ELECTRUM: getTransactionValue: Vout[1] calculated script hash: 1ed742a4087ec5c6236422bab46284b189f143bb5578b71a05b92d3bf9290470, target: 68427e23296ee56cb016cf304d9d30df101c75d22e4198bc54dced0563ffea61
ELECTRUM: getTransactionValue: Vout[1] does not match our script hash, skipping
ELECTRUM: buildTransactionDetail: Transaction de930c6a79fee7539b02f4c82c267aa576c2769d52deb0d469253a527844a297 has actual value 12844 satoshis
2025/09/16 14:45:35 ELECTRUM: GetBlockHash called for height: 4670278
2025-09-16 14:45:36.045 [INF] BTWL btcwallet.go:490: BTCWALLET: Received transaction callback - txHash: de930c6a79fee7539b02f4c82c267aa576c2769d52deb0d469253a527844a297, address: tb1pqx3qatm30w3u2ywr2kk8dxlrcqqz3wesedr3rv9z433ntzagmsvsckwg58, value: 12844, confirmations: 879
2025-09-16 14:45:36.045 [INF] BTWL btcwallet.go:514: BTCWALLET: Integrating discovered transaction de930c6a79fee7539b02f4c82c267aa576c2769d52deb0d469253a527844a297 for address tb1pqx3qatm30w3u2ywr2kk8dxlrcqqz3wesedr3rv9z433ntzagmsvsckwg58 (value: 12844, confirmations: 879)
2025-09-16 14:45:36.045 [INF] BTWL btcwallet.go:561: BTCWALLET: Successfully integrated transaction de930c6a79fee7539b02f4c82c267aa576c2769d52deb0d469253a527844a297 (value: 12844 satoshis, confirmations: 879)
2025-09-16 14:45:36.045 [INF] BTWL btcwallet.go:498: BTCWALLET: Successfully integrated discovered transaction de930c6a79fee7539b02f4c82c267aa576c2769d52deb0d469253a527844a297
2025/09/16 14:45:37 ELECTRUM: Script hash e099d9fde9213ef12ff365704a11cffd8f3bcb116dbdd10b3c5175d8508bac33 status changed from e099d9fde9213ef12ff365704a11cffd8f3bcb116dbdd10b3c5175d8508bac33 to tx_count:0 - new transactions detected!
2025/09/16 14:45:37 ELECTRUM: Handling script hash update for e099d9fde9213ef12ff365704a11cffd8f3bcb116dbdd10b3c5175d8508bac33
2025/09/16 14:45:38 ELECTRUM: Found 0 transactions for script hash e099d9fde9213ef12ff365704a11cffd8f3bcb116dbdd10b3c5175d8508bac33
2025/09/16 14:45:38 ELECTRUM: Script hash b4b1be16fa88724c29732edb1ff71e5ab276106ae5fc1021dbec298966da0b83 status changed from b4b1be16fa88724c29732edb1ff71e5ab276106ae5fc1021dbec298966da0b83 to tx_count:0 - new transactions detected!
2025/09/16 14:45:38 ELECTRUM: Handling script hash update for b4b1be16fa88724c29732edb1ff71e5ab276106ae5fc1021dbec298966da0b83
2025/09/16 14:45:38 ELECTRUM: Found 0 transactions for script hash b4b1be16fa88724c29732edb1ff71e5ab276106ae5fc1021dbec298966da0b83
2025/09/16 14:45:38 ELECTRUM: Script hash 1f1546aea3cb0bbe6272bb05f049b1d43ea9cd69a421402946f1e21b67d24a7f status changed from 1f1546aea3cb0bbe6272bb05f049b1d43ea9cd69a421402946f1e21b67d24a7f to tx_count:1,latest_height:4661802 - new transactions detected!
2025/09/16 14:45:38 ELECTRUM: Handling script hash update for 1f1546aea3cb0bbe6272bb05f049b1d43ea9cd69a421402946f1e21b67d24a7f
2025/09/16 14:45:39 ELECTRUM: Found 1 transactions for script hash 1f1546aea3cb0bbe6272bb05f049b1d43ea9cd69a421402946f1e21b67d24a7f
2025/09/16 14:45:39 ELECTRUM: Processing transaction 0 for script hash 1f1546aea3cb0bbe6272bb05f049b1d43ea9cd69a421402946f1e21b67d24a7f
ELECTRUM: buildTransactionDetail called with entry type: *electrum.GetMempoolResult
ELECTRUM: buildTransactionDetail: Transaction 480e83a34f676e6fcff1d82c4b2f7b2132407fd27b73878de31f52da6305fd94 has height: 4661802
ELECTRUM: buildTransactionDetail: About to call GetTransaction for 480e83a34f676e6fcff1d82c4b2f7b2132407fd27b73878de31f52da6305fd94
ELECTRUM: buildTransactionDetail: Getting transaction details for 480e83a34f676e6fcff1d82c4b2f7b2132407fd27b73878de31f52da6305fd94
ELECTRUM: buildTransactionDetail: Successfully got transaction 480e83a34f676e6fcff1d82c4b2f7b2132407fd27b73878de31f52da6305fd94
ELECTRUM: buildTransactionDetail: GetTransaction succeeded for 480e83a34f676e6fcff1d82c4b2f7b2132407fd27b73878de31f52da6305fd94, processing result
ELECTRUM: buildTransactionDetail: Processing transaction result for 480e83a34f676e6fcff1d82c4b2f7b2132407fd27b73878de31f52da6305fd94
ELECTRUM: buildTransactionDetail: Transaction result is not nil for 480e83a34f676e6fcff1d82c4b2f7b2132407fd27b73878de31f52da6305fd94
ELECTRUM: buildTransactionDetail: Attempting to get actual value for transaction 480e83a34f676e6fcff1d82c4b2f7b2132407fd27b73878de31f52da6305fd94
ELECTRUM: getTransactionValue: Transaction result type: *electrum.GetTransactionResult, fields: 12
ELECTRUM: getTransactionValue: Field 0: Blockhash = 000000000000184ff2bbae51760a4abbd4744106a6b30f6ddb96fe9fb4c9fb27 (type: string)
ELECTRUM: getTransactionValue: Field 1: Blocktime = 1758029275 (type: uint64)
ELECTRUM: getTransactionValue: Field 2: Confirmations = 9360 (type: int32)
ELECTRUM: getTransactionValue: Field 3: Hash = bd86ffd16fd7cc0c80eb6e714382a0b2317922fb5a6cd70b23893f7d6ef4f814 (type: string)
ELECTRUM: getTransactionValue: Field 4: Hex = 010000000001013b44bf73f50dafd919f0a4897eb7745582b9c2dc6042420045f5f001a3e5d7570000000000ffffffff02eb1000000000000022512023e490e1e95d4504dd1e0c439166a0d39bf2fd484b8493f47aac2c6b5c45617ffe0da30000000000225120a93a8cba6673228ea32811dfac43d127bd8caf5d31562a3f8013812d98b9be19014042a93481889251b8a32e77dcffde5e58a2412ca94203e41a508f8089da0127d2f42861578088109ed8145b35f54ce495f09a77a6f4a4de4aca30e40ee062d2ba00000000 (type: string)
ELECTRUM: getTransactionValue: Field 5: Locktime = 0 (type: uint32)
ELECTRUM: getTransactionValue: Field 6: Size = 205 (type: uint32)
ELECTRUM: getTransactionValue: Field 7: Time = 1758029275 (type: uint64)
ELECTRUM: getTransactionValue: Field 8: Version = 1 (type: uint32)
ELECTRUM: getTransactionValue: Field 9: Vin = [{ 0x140002781c0 4294967295 57d7e5a301f0f54500424260dcc2b9825574b77e89a4f019d9af0df573bf443b 0}] (type: []electrum.Vin)
ELECTRUM: getTransactionValue: Field 10: Vout = [{0 {[] 1 23e490e1e95d4504dd1e0c439166a0d39bf2fd484b8493f47aac2c6b5c45617f 512023e490e1e95d4504dd1e0c439166a0d39bf2fd484b8493f47aac2c6b5c45617f 0 witness_v1_taproot} 4.331e-05} {1 {[] 1 a93a8cba6673228ea32811dfac43d127bd8caf5d31562a3f8013812d98b9be19 5120a93a8cba6673228ea32811dfac43d127bd8caf5d31562a3f8013812d98b9be19 0 witness_v1_taproot} 0.1068595}] (type: []electrum.Vout)
ELECTRUM: getTransactionValue: Field 11: Merkle = {[] 0 0} (type: electrum.GetMerkleProofResult)
ELECTRUM: getTransactionValue: Processing 2 Vout entries for transaction 480e83a34f676e6fcff1d82c4b2f7b2132407fd27b73878de31f52da6305fd94
ELECTRUM: getTransactionValue: Processing Vout entry 0 for transaction 480e83a34f676e6fcff1d82c4b2f7b2132407fd27b73878de31f52da6305fd94
ELECTRUM: getTransactionValue: Vout[0] Field 0: N = 0 (type: uint32)
ELECTRUM: getTransactionValue: Vout[0] Field 1: ScriptPubkey = {[] 1 23e490e1e95d4504dd1e0c439166a0d39bf2fd484b8493f47aac2c6b5c45617f 512023e490e1e95d4504dd1e0c439166a0d39bf2fd484b8493f47aac2c6b5c45617f 0 witness_v1_taproot} (type: electrum.ScriptPubkey)
ELECTRUM: getTransactionValue: Vout[0] Field 2: Value = 4.331e-05 (type: float64)
ELECTRUM: getTransactionValue: Vout[0] has value 0.000043 BTC (4331 satoshis)
ELECTRUM: getTransactionValue: Vout[0] ScriptPubkey type: electrum.ScriptPubkey
ELECTRUM: getTransactionValue: Vout[0] ScriptPubkey has 5 fields
ELECTRUM: getTransactionValue: Vout[0] ScriptPubkey Field 0: Addresses = [] (type: []string)
ELECTRUM: getTransactionValue: Vout[0] ScriptPubkey Field 1: Asm = 1 23e490e1e95d4504dd1e0c439166a0d39bf2fd484b8493f47aac2c6b5c45617f (type: string)
ELECTRUM: getTransactionValue: Vout[0] ScriptPubkey Field 2: Hex = 512023e490e1e95d4504dd1e0c439166a0d39bf2fd484b8493f47aac2c6b5c45617f (type: string)
ELECTRUM: getTransactionValue: Vout[0] ScriptPubkey Field 3: ReqSigs = 0 (type: uint32)
ELECTRUM: getTransactionValue: Vout[0] ScriptPubkey Field 4: Type = witness_v1_taproot (type: string)
ELECTRUM: getTransactionValue: Vout[0] extracted script hex from Hex field: 512023e490e1e95d4504dd1e0c439166a0d39bf2fd484b8493f47aac2c6b5c45617f
ELECTRUM: getTransactionValue: Vout[0] calculated script hash: 1f1546aea3cb0bbe6272bb05f049b1d43ea9cd69a421402946f1e21b67d24a7f, target: 1f1546aea3cb0bbe6272bb05f049b1d43ea9cd69a421402946f1e21b67d24a7f
ELECTRUM: getTransactionValue: Vout[0] matches our script hash, adding 4331 satoshis
ELECTRUM: getTransactionValue: Processing Vout entry 1 for transaction 480e83a34f676e6fcff1d82c4b2f7b2132407fd27b73878de31f52da6305fd94
ELECTRUM: getTransactionValue: Vout[1] Field 0: N = 1 (type: uint32)
ELECTRUM: getTransactionValue: Vout[1] Field 1: ScriptPubkey = {[] 1 a93a8cba6673228ea32811dfac43d127bd8caf5d31562a3f8013812d98b9be19 5120a93a8cba6673228ea32811dfac43d127bd8caf5d31562a3f8013812d98b9be19 0 witness_v1_taproot} (type: electrum.ScriptPubkey)
ELECTRUM: getTransactionValue: Vout[1] Field 2: Value = 0.1068595 (type: float64)
ELECTRUM: getTransactionValue: Vout[1] has value 0.106859 BTC (10685950 satoshis)
ELECTRUM: getTransactionValue: Vout[1] ScriptPubkey type: electrum.ScriptPubkey
ELECTRUM: getTransactionValue: Vout[1] ScriptPubkey has 5 fields
ELECTRUM: getTransactionValue: Vout[1] ScriptPubkey Field 0: Addresses = [] (type: []string)
ELECTRUM: getTransactionValue: Vout[1] ScriptPubkey Field 1: Asm = 1 a93a8cba6673228ea32811dfac43d127bd8caf5d31562a3f8013812d98b9be19 (type: string)
ELECTRUM: getTransactionValue: Vout[1] ScriptPubkey Field 2: Hex = 5120a93a8cba6673228ea32811dfac43d127bd8caf5d31562a3f8013812d98b9be19 (type: string)
ELECTRUM: getTransactionValue: Vout[1] ScriptPubkey Field 3: ReqSigs = 0 (type: uint32)
ELECTRUM: getTransactionValue: Vout[1] ScriptPubkey Field 4: Type = witness_v1_taproot (type: string)
ELECTRUM: getTransactionValue: Vout[1] extracted script hex from Hex field: 5120a93a8cba6673228ea32811dfac43d127bd8caf5d31562a3f8013812d98b9be19
ELECTRUM: getTransactionValue: Vout[1] calculated script hash: a1330b9529e9351c100a2383420588cf78c0dce0e68cfa538fbb5335a1eea6dc, target: 1f1546aea3cb0bbe6272bb05f049b1d43ea9cd69a421402946f1e21b67d24a7f
ELECTRUM: getTransactionValue: Vout[1] does not match our script hash, skipping
ELECTRUM: buildTransactionDetail: Transaction 480e83a34f676e6fcff1d82c4b2f7b2132407fd27b73878de31f52da6305fd94 has actual value 4331 satoshis
2025/09/16 14:45:39 ELECTRUM: GetBlockHash called for height: 4661802
2025/09/16 14:45:39 ELECTRUM: Found transaction 480e83a34f676e6fcff1d82c4b2f7b2132407fd27b73878de31f52da6305fd94 for script hash 1f1546aea3cb0bbe6272bb05f049b1d43ea9cd69a421402946f1e21b67d24a7f (confirmations: 9355, value: 4331)
2025/09/16 14:45:39 ELECTRUM: Sending relevant transaction notification for 480e83a34f676e6fcff1d82c4b2f7b2132407fd27b73878de31f52da6305fd94
2025/09/16 14:45:39 ELECTRUM: Transaction 480e83a34f676e6fcff1d82c4b2f7b2132407fd27b73878de31f52da6305fd94 already processed globally, skipping duplicate notification
2025/09/16 14:45:40 ELECTRUM: Script hash 5a37981f0a3eed03fb6e95f4e44bee61f45395d25a4b3b269975a8120937b1d5 status changed from 5a37981f0a3eed03fb6e95f4e44bee61f45395d25a4b3b269975a8120937b1d5 to tx_count:1,latest_height:4670512 - new transactions detected!
2025/09/16 14:45:40 ELECTRUM: Handling script hash update for 5a37981f0a3eed03fb6e95f4e44bee61f45395d25a4b3b269975a8120937b1d5
2025/09/16 14:45:40 ELECTRUM: Found 1 transactions for script hash 5a37981f0a3eed03fb6e95f4e44bee61f45395d25a4b3b269975a8120937b1d5
2025/09/16 14:45:40 ELECTRUM: Processing transaction 0 for script hash 5a37981f0a3eed03fb6e95f4e44bee61f45395d25a4b3b269975a8120937b1d5
ELECTRUM: buildTransactionDetail called with entry type: *electrum.GetMempoolResult
ELECTRUM: buildTransactionDetail: Transaction 2ae52394b1de0caa8782ca70f270665916e5d4afc6fa22f56a77fd0c3c687985 has height: 4670512
ELECTRUM: buildTransactionDetail: About to call GetTransaction for 2ae52394b1de0caa8782ca70f270665916e5d4afc6fa22f56a77fd0c3c687985
ELECTRUM: buildTransactionDetail: Getting transaction details for 2ae52394b1de0caa8782ca70f270665916e5d4afc6fa22f56a77fd0c3c687985
ELECTRUM: buildTransactionDetail: Successfully got transaction 2ae52394b1de0caa8782ca70f270665916e5d4afc6fa22f56a77fd0c3c687985
ELECTRUM: buildTransactionDetail: GetTransaction succeeded for 2ae52394b1de0caa8782ca70f270665916e5d4afc6fa22f56a77fd0c3c687985, processing result
ELECTRUM: buildTransactionDetail: Processing transaction result for 2ae52394b1de0caa8782ca70f270665916e5d4afc6fa22f56a77fd0c3c687985
ELECTRUM: buildTransactionDetail: Transaction result is not nil for 2ae52394b1de0caa8782ca70f270665916e5d4afc6fa22f56a77fd0c3c687985
ELECTRUM: buildTransactionDetail: Attempting to get actual value for transaction 2ae52394b1de0caa8782ca70f270665916e5d4afc6fa22f56a77fd0c3c687985
ELECTRUM: getTransactionValue: Transaction result type: *electrum.GetTransactionResult, fields: 12
ELECTRUM: getTransactionValue: Field 0: Blockhash = 0000000000005a63153252e492ce94ae6188bc95e8f81e41a593d99c68f6033e (type: string)
ELECTRUM: getTransactionValue: Field 1: Blocktime = 1758046885 (type: uint64)
ELECTRUM: getTransactionValue: Field 2: Confirmations = 651 (type: int32)
ELECTRUM: getTransactionValue: Field 3: Hash = 57cfb7e36e28dc624a39d217f76757501d9dcfbe3f6b077572fb5bdd3b9157bc (type: string)
ELECTRUM: getTransactionValue: Field 4: Hex = 01000000000101bba2948a600945eb723550374d7ebb0b96b68476d688ffbf81360754e5d58e350000000000ffffffff022c32000000000000225120727d4a007f413bda16da205ea5df133615c42bf3a309a04954f7de284cf76a0170baa1000000000022512073d784e9de7c60825e518488a3ed256c081c65ff490b82fbc5d9f59f0b5344c50140a0c72c53e43c677c9a9ecdd7f2cbfe351281de0f2d5bf282166cb098e4ad389633cdbc0ff0e67b23c8c2e538bc714cf3c4d3d498a59503882eafbf5a0f2f286c00000000 (type: string)
ELECTRUM: getTransactionValue: Field 5: Locktime = 0 (type: uint32)
ELECTRUM: getTransactionValue: Field 6: Size = 205 (type: uint32)
ELECTRUM: getTransactionValue: Field 7: Time = 1758046885 (type: uint64)
ELECTRUM: getTransactionValue: Field 8: Version = 1 (type: uint32)
ELECTRUM: getTransactionValue: Field 9: Vin = [{ 0x14000278ba0 4294967295 358ed5e554073681bfff88d67684b6960bbb7e4d37503572eb4509608a94a2bb 0}] (type: []electrum.Vin)
ELECTRUM: getTransactionValue: Field 10: Vout = [{0 {[] 1 727d4a007f413bda16da205ea5df133615c42bf3a309a04954f7de284cf76a01 5120727d4a007f413bda16da205ea5df133615c42bf3a309a04954f7de284cf76a01 0 witness_v1_taproot} 0.00012844} {1 {[] 1 73d784e9de7c60825e518488a3ed256c081c65ff490b82fbc5d9f59f0b5344c5 512073d784e9de7c60825e518488a3ed256c081c65ff490b82fbc5d9f59f0b5344c5 0 witness_v1_taproot} 0.10599024}] (type: []electrum.Vout)
ELECTRUM: getTransactionValue: Field 11: Merkle = {[] 0 0} (type: electrum.GetMerkleProofResult)
ELECTRUM: getTransactionValue: Processing 2 Vout entries for transaction 2ae52394b1de0caa8782ca70f270665916e5d4afc6fa22f56a77fd0c3c687985
ELECTRUM: getTransactionValue: Processing Vout entry 0 for transaction 2ae52394b1de0caa8782ca70f270665916e5d4afc6fa22f56a77fd0c3c687985
ELECTRUM: getTransactionValue: Vout[0] Field 0: N = 0 (type: uint32)
ELECTRUM: getTransactionValue: Vout[0] Field 1: ScriptPubkey = {[] 1 727d4a007f413bda16da205ea5df133615c42bf3a309a04954f7de284cf76a01 5120727d4a007f413bda16da205ea5df133615c42bf3a309a04954f7de284cf76a01 0 witness_v1_taproot} (type: electrum.ScriptPubkey)
ELECTRUM: getTransactionValue: Vout[0] Field 2: Value = 0.00012844 (type: float64)
ELECTRUM: getTransactionValue: Vout[0] has value 0.000128 BTC (12844 satoshis)
ELECTRUM: getTransactionValue: Vout[0] ScriptPubkey type: electrum.ScriptPubkey
ELECTRUM: getTransactionValue: Vout[0] ScriptPubkey has 5 fields
ELECTRUM: getTransactionValue: Vout[0] ScriptPubkey Field 0: Addresses = [] (type: []string)
ELECTRUM: getTransactionValue: Vout[0] ScriptPubkey Field 1: Asm = 1 727d4a007f413bda16da205ea5df133615c42bf3a309a04954f7de284cf76a01 (type: string)
ELECTRUM: getTransactionValue: Vout[0] ScriptPubkey Field 2: Hex = 5120727d4a007f413bda16da205ea5df133615c42bf3a309a04954f7de284cf76a01 (type: string)
ELECTRUM: getTransactionValue: Vout[0] ScriptPubkey Field 3: ReqSigs = 0 (type: uint32)
ELECTRUM: getTransactionValue: Vout[0] ScriptPubkey Field 4: Type = witness_v1_taproot (type: string)
ELECTRUM: getTransactionValue: Vout[0] extracted script hex from Hex field: 5120727d4a007f413bda16da205ea5df133615c42bf3a309a04954f7de284cf76a01
ELECTRUM: getTransactionValue: Vout[0] calculated script hash: 5a37981f0a3eed03fb6e95f4e44bee61f45395d25a4b3b269975a8120937b1d5, target: 5a37981f0a3eed03fb6e95f4e44bee61f45395d25a4b3b269975a8120937b1d5
ELECTRUM: getTransactionValue: Vout[0] matches our script hash, adding 12844 satoshis
ELECTRUM: getTransactionValue: Processing Vout entry 1 for transaction 2ae52394b1de0caa8782ca70f270665916e5d4afc6fa22f56a77fd0c3c687985
ELECTRUM: getTransactionValue: Vout[1] Field 0: N = 1 (type: uint32)
ELECTRUM: getTransactionValue: Vout[1] Field 1: ScriptPubkey = {[] 1 73d784e9de7c60825e518488a3ed256c081c65ff490b82fbc5d9f59f0b5344c5 512073d784e9de7c60825e518488a3ed256c081c65ff490b82fbc5d9f59f0b5344c5 0 witness_v1_taproot} (type: electrum.ScriptPubkey)
ELECTRUM: getTransactionValue: Vout[1] Field 2: Value = 0.10599024 (type: float64)
ELECTRUM: getTransactionValue: Vout[1] has value 0.105990 BTC (10599024 satoshis)
ELECTRUM: getTransactionValue: Vout[1] ScriptPubkey type: electrum.ScriptPubkey
ELECTRUM: getTransactionValue: Vout[1] ScriptPubkey has 5 fields
ELECTRUM: getTransactionValue: Vout[1] ScriptPubkey Field 0: Addresses = [] (type: []string)
ELECTRUM: getTransactionValue: Vout[1] ScriptPubkey Field 1: Asm = 1 73d784e9de7c60825e518488a3ed256c081c65ff490b82fbc5d9f59f0b5344c5 (type: string)
ELECTRUM: getTransactionValue: Vout[1] ScriptPubkey Field 2: Hex = 512073d784e9de7c60825e518488a3ed256c081c65ff490b82fbc5d9f59f0b5344c5 (type: string)
ELECTRUM: getTransactionValue: Vout[1] ScriptPubkey Field 3: ReqSigs = 0 (type: uint32)
ELECTRUM: getTransactionValue: Vout[1] ScriptPubkey Field 4: Type = witness_v1_taproot (type: string)
ELECTRUM: getTransactionValue: Vout[1] extracted script hex from Hex field: 512073d784e9de7c60825e518488a3ed256c081c65ff490b82fbc5d9f59f0b5344c5
ELECTRUM: getTransactionValue: Vout[1] calculated script hash: f6e7ef2e7a52e88496e055c69abca6df627b0d048c6d590e14f1a6bae04b35a3, target: 5a37981f0a3eed03fb6e95f4e44bee61f45395d25a4b3b269975a8120937b1d5
ELECTRUM: getTransactionValue: Vout[1] does not match our script hash, skipping
ELECTRUM: buildTransactionDetail: Transaction 2ae52394b1de0caa8782ca70f270665916e5d4afc6fa22f56a77fd0c3c687985 has actual value 12844 satoshis
2025/09/16 14:45:40 ELECTRUM: GetBlockHash called for height: 4670512
2025/09/16 14:45:41 ELECTRUM: Found transaction 2ae52394b1de0caa8782ca70f270665916e5d4afc6fa22f56a77fd0c3c687985 for script hash 5a37981f0a3eed03fb6e95f4e44bee61f45395d25a4b3b269975a8120937b1d5 (confirmations: 645, value: 12844)
2025/09/16 14:45:41 ELECTRUM: Sending relevant transaction notification for 2ae52394b1de0caa8782ca70f270665916e5d4afc6fa22f56a77fd0c3c687985
2025/09/16 14:45:41 ELECTRUM: Transaction 2ae52394b1de0caa8782ca70f270665916e5d4afc6fa22f56a77fd0c3c687985 already processed globally, skipping duplicate notification
2025/09/16 14:45:41 ELECTRUM: Script hash ca676392dcbc659e23aa827453de1938add752fb16394cdd5252328fe3faa89e status changed from ca676392dcbc659e23aa827453de1938add752fb16394cdd5252328fe3faa89e to tx_count:0 - new transactions detected!
2025/09/16 14:45:41 ELECTRUM: Handling script hash update for ca676392dcbc659e23aa827453de1938add752fb16394cdd5252328fe3faa89e
2025/09/16 14:45:41 ELECTRUM: Found 0 transactions for script hash ca676392dcbc659e23aa827453de1938add752fb16394cdd5252328fe3faa89e
2025/09/16 14:45:41 ELECTRUM: Script hash f5c33ca4f183067b5c6f0c90abf586cb7bfac7aa4718bbbb54d982ae17efdc4e status changed from f5c33ca4f183067b5c6f0c90abf586cb7bfac7aa4718bbbb54d982ae17efdc4e to tx_count:1,latest_height:4665879 - new transactions detected!
2025/09/16 14:45:41 ELECTRUM: Handling script hash update for f5c33ca4f183067b5c6f0c90abf586cb7bfac7aa4718bbbb54d982ae17efdc4e
2025/09/16 14:45:41 ELECTRUM: Found 1 transactions for script hash f5c33ca4f183067b5c6f0c90abf586cb7bfac7aa4718bbbb54d982ae17efdc4e
2025/09/16 14:45:41 ELECTRUM: Processing transaction 0 for script hash f5c33ca4f183067b5c6f0c90abf586cb7bfac7aa4718bbbb54d982ae17efdc4e
ELECTRUM: buildTransactionDetail called with entry type: *electrum.GetMempoolResult
ELECTRUM: buildTransactionDetail: Transaction 70b89aa06b86eea0e6d870f9ee0e6b2881efcc189af8e8c9f6326927fd2db5ce has height: 4665879
ELECTRUM: buildTransactionDetail: About to call GetTransaction for 70b89aa06b86eea0e6d870f9ee0e6b2881efcc189af8e8c9f6326927fd2db5ce
ELECTRUM: buildTransactionDetail: Getting transaction details for 70b89aa06b86eea0e6d870f9ee0e6b2881efcc189af8e8c9f6326927fd2db5ce
ELECTRUM: buildTransactionDetail: Successfully got transaction 70b89aa06b86eea0e6d870f9ee0e6b2881efcc189af8e8c9f6326927fd2db5ce
ELECTRUM: buildTransactionDetail: GetTransaction succeeded for 70b89aa06b86eea0e6d870f9ee0e6b2881efcc189af8e8c9f6326927fd2db5ce, processing result
ELECTRUM: buildTransactionDetail: Processing transaction result for 70b89aa06b86eea0e6d870f9ee0e6b2881efcc189af8e8c9f6326927fd2db5ce
ELECTRUM: buildTransactionDetail: Transaction result is not nil for 70b89aa06b86eea0e6d870f9ee0e6b2881efcc189af8e8c9f6326927fd2db5ce
ELECTRUM: buildTransactionDetail: Attempting to get actual value for transaction 70b89aa06b86eea0e6d870f9ee0e6b2881efcc189af8e8c9f6326927fd2db5ce
ELECTRUM: getTransactionValue: Transaction result type: *electrum.GetTransactionResult, fields: 12
ELECTRUM: getTransactionValue: Field 0: Blockhash = 000000000000116242136073a4a852db7fe9d1df3a40fd8cc63406bb09ad832f (type: string)
ELECTRUM: getTransactionValue: Field 1: Blocktime = 1758036367 (type: uint64)
ELECTRUM: getTransactionValue: Field 2: Confirmations = 5284 (type: int32)
ELECTRUM: getTransactionValue: Field 3: Hash = 7dd5a01e353db4e588a83daebd2247317de97d2d2d52c2759f3568d5d65dd51a (type: string)
ELECTRUM: getTransactionValue: Field 4: Hex = 0100000000010194fd0563da521fe38d87737bd27f4032217b2f4b2cd8f1cf6f6e674fa3830e480100000000ffffffff02e632000000000000225120231e4bfd36e669261db29820b56ccf47e15d653550d3b34e069e81678e0acaf37cdaa200000000002251203ab4fb974815d5bbd4311d2b5a0b2fcbff49a01ff0db93dda6aaca61d0da914e0140f4b195521857f4498c883a2017dce416f1111fcc162d15c43cbc7dbd42b33b3f52c608e0fa222cbcfa184c1f915a637152fcc5fb35edf8c3c165124ba67c7a0d00000000 (type: string)
ELECTRUM: getTransactionValue: Field 5: Locktime = 0 (type: uint32)
ELECTRUM: getTransactionValue: Field 6: Size = 205 (type: uint32)
ELECTRUM: getTransactionValue: Field 7: Time = 1758036367 (type: uint64)
ELECTRUM: getTransactionValue: Field 8: Version = 1 (type: uint32)
ELECTRUM: getTransactionValue: Field 9: Vin = [{ 0x14000279480 4294967295 480e83a34f676e6fcff1d82c4b2f7b2132407fd27b73878de31f52da6305fd94 1}] (type: []electrum.Vin)
ELECTRUM: getTransactionValue: Field 10: Vout = [{0 {[] 1 231e4bfd36e669261db29820b56ccf47e15d653550d3b34e069e81678e0acaf3 5120231e4bfd36e669261db29820b56ccf47e15d653550d3b34e069e81678e0acaf3 0 witness_v1_taproot} 0.0001303} {1 {[] 1 3ab4fb974815d5bbd4311d2b5a0b2fcbff49a01ff0db93dda6aaca61d0da914e 51203ab4fb974815d5bbd4311d2b5a0b2fcbff49a01ff0db93dda6aaca61d0da914e 0 witness_v1_taproot} 0.10672764}] (type: []electrum.Vout)
ELECTRUM: getTransactionValue: Field 11: Merkle = {[] 0 0} (type: electrum.GetMerkleProofResult)
ELECTRUM: getTransactionValue: Processing 2 Vout entries for transaction 70b89aa06b86eea0e6d870f9ee0e6b2881efcc189af8e8c9f6326927fd2db5ce
ELECTRUM: getTransactionValue: Processing Vout entry 0 for transaction 70b89aa06b86eea0e6d870f9ee0e6b2881efcc189af8e8c9f6326927fd2db5ce
ELECTRUM: getTransactionValue: Vout[0] Field 0: N = 0 (type: uint32)
ELECTRUM: getTransactionValue: Vout[0] Field 1: ScriptPubkey = {[] 1 231e4bfd36e669261db29820b56ccf47e15d653550d3b34e069e81678e0acaf3 5120231e4bfd36e669261db29820b56ccf47e15d653550d3b34e069e81678e0acaf3 0 witness_v1_taproot} (type: electrum.ScriptPubkey)
ELECTRUM: getTransactionValue: Vout[0] Field 2: Value = 0.0001303 (type: float64)
ELECTRUM: getTransactionValue: Vout[0] has value 0.000130 BTC (13030 satoshis)
ELECTRUM: getTransactionValue: Vout[0] ScriptPubkey type: electrum.ScriptPubkey
ELECTRUM: getTransactionValue: Vout[0] ScriptPubkey has 5 fields
ELECTRUM: getTransactionValue: Vout[0] ScriptPubkey Field 0: Addresses = [] (type: []string)
ELECTRUM: getTransactionValue: Vout[0] ScriptPubkey Field 1: Asm = 1 231e4bfd36e669261db29820b56ccf47e15d653550d3b34e069e81678e0acaf3 (type: string)
ELECTRUM: getTransactionValue: Vout[0] ScriptPubkey Field 2: Hex = 5120231e4bfd36e669261db29820b56ccf47e15d653550d3b34e069e81678e0acaf3 (type: string)
ELECTRUM: getTransactionValue: Vout[0] ScriptPubkey Field 3: ReqSigs = 0 (type: uint32)
ELECTRUM: getTransactionValue: Vout[0] ScriptPubkey Field 4: Type = witness_v1_taproot (type: string)
ELECTRUM: getTransactionValue: Vout[0] extracted script hex from Hex field: 5120231e4bfd36e669261db29820b56ccf47e15d653550d3b34e069e81678e0acaf3
ELECTRUM: getTransactionValue: Vout[0] calculated script hash: f5c33ca4f183067b5c6f0c90abf586cb7bfac7aa4718bbbb54d982ae17efdc4e, target: f5c33ca4f183067b5c6f0c90abf586cb7bfac7aa4718bbbb54d982ae17efdc4e
ELECTRUM: getTransactionValue: Vout[0] matches our script hash, adding 13030 satoshis
ELECTRUM: getTransactionValue: Processing Vout entry 1 for transaction 70b89aa06b86eea0e6d870f9ee0e6b2881efcc189af8e8c9f6326927fd2db5ce
ELECTRUM: getTransactionValue: Vout[1] Field 0: N = 1 (type: uint32)
ELECTRUM: getTransactionValue: Vout[1] Field 1: ScriptPubkey = {[] 1 3ab4fb974815d5bbd4311d2b5a0b2fcbff49a01ff0db93dda6aaca61d0da914e 51203ab4fb974815d5bbd4311d2b5a0b2fcbff49a01ff0db93dda6aaca61d0da914e 0 witness_v1_taproot} (type: electrum.ScriptPubkey)
ELECTRUM: getTransactionValue: Vout[1] Field 2: Value = 0.10672764 (type: float64)
ELECTRUM: getTransactionValue: Vout[1] has value 0.106728 BTC (10672764 satoshis)
ELECTRUM: getTransactionValue: Vout[1] ScriptPubkey type: electrum.ScriptPubkey
ELECTRUM: getTransactionValue: Vout[1] ScriptPubkey has 5 fields
ELECTRUM: getTransactionValue: Vout[1] ScriptPubkey Field 0: Addresses = [] (type: []string)
ELECTRUM: getTransactionValue: Vout[1] ScriptPubkey Field 1: Asm = 1 3ab4fb974815d5bbd4311d2b5a0b2fcbff49a01ff0db93dda6aaca61d0da914e (type: string)
ELECTRUM: getTransactionValue: Vout[1] ScriptPubkey Field 2: Hex = 51203ab4fb974815d5bbd4311d2b5a0b2fcbff49a01ff0db93dda6aaca61d0da914e (type: string)
ELECTRUM: getTransactionValue: Vout[1] ScriptPubkey Field 3: ReqSigs = 0 (type: uint32)
ELECTRUM: getTransactionValue: Vout[1] ScriptPubkey Field 4: Type = witness_v1_taproot (type: string)
ELECTRUM: getTransactionValue: Vout[1] extracted script hex from Hex field: 51203ab4fb974815d5bbd4311d2b5a0b2fcbff49a01ff0db93dda6aaca61d0da914e
ELECTRUM: getTransactionValue: Vout[1] calculated script hash: b7aae3c97d4769611aee910825b7118d7ad2151c446f074416f7bf72160dcfd2, target: f5c33ca4f183067b5c6f0c90abf586cb7bfac7aa4718bbbb54d982ae17efdc4e
ELECTRUM: getTransactionValue: Vout[1] does not match our script hash, skipping
ELECTRUM: buildTransactionDetail: Transaction 70b89aa06b86eea0e6d870f9ee0e6b2881efcc189af8e8c9f6326927fd2db5ce has actual value 13030 satoshis
2025/09/16 14:45:42 ELECTRUM: GetBlockHash called for height: 4665879
2025/09/16 14:45:42 ELECTRUM: Found transaction 70b89aa06b86eea0e6d870f9ee0e6b2881efcc189af8e8c9f6326927fd2db5ce for script hash f5c33ca4f183067b5c6f0c90abf586cb7bfac7aa4718bbbb54d982ae17efdc4e (confirmations: 5278, value: 13030)
2025/09/16 14:45:42 ELECTRUM: Sending relevant transaction notification for 70b89aa06b86eea0e6d870f9ee0e6b2881efcc189af8e8c9f6326927fd2db5ce
2025/09/16 14:45:42 ELECTRUM: Transaction 70b89aa06b86eea0e6d870f9ee0e6b2881efcc189af8e8c9f6326927fd2db5ce already processed globally, skipping duplicate notification
2025/09/16 14:45:42 ELECTRUM: Script hash 5987449d703426b3d8882ca6a898953f5475d0e7579d6c3c11c28a2d2279d2a1 status changed from 5987449d703426b3d8882ca6a898953f5475d0e7579d6c3c11c28a2d2279d2a1 to tx_count:1,latest_height:4667133 - new transactions detected!
2025/09/16 14:45:42 ELECTRUM: Handling script hash update for 5987449d703426b3d8882ca6a898953f5475d0e7579d6c3c11c28a2d2279d2a1
2025/09/16 14:45:43 ELECTRUM: Found 1 transactions for script hash 5987449d703426b3d8882ca6a898953f5475d0e7579d6c3c11c28a2d2279d2a1
2025/09/16 14:45:43 ELECTRUM: Processing transaction 0 for script hash 5987449d703426b3d8882ca6a898953f5475d0e7579d6c3c11c28a2d2279d2a1
ELECTRUM: buildTransactionDetail called with entry type: *electrum.GetMempoolResult
ELECTRUM: buildTransactionDetail: Transaction 319cca7de1a53e4a43e3462c066ecfe1223a17a6f7d957aac2f3521a012248c4 has height: 4667133
ELECTRUM: buildTransactionDetail: About to call GetTransaction for 319cca7de1a53e4a43e3462c066ecfe1223a17a6f7d957aac2f3521a012248c4
ELECTRUM: buildTransactionDetail: Getting transaction details for 319cca7de1a53e4a43e3462c066ecfe1223a17a6f7d957aac2f3521a012248c4
ELECTRUM: buildTransactionDetail: Successfully got transaction 319cca7de1a53e4a43e3462c066ecfe1223a17a6f7d957aac2f3521a012248c4
ELECTRUM: buildTransactionDetail: GetTransaction succeeded for 319cca7de1a53e4a43e3462c066ecfe1223a17a6f7d957aac2f3521a012248c4, processing result
ELECTRUM: buildTransactionDetail: Processing transaction result for 319cca7de1a53e4a43e3462c066ecfe1223a17a6f7d957aac2f3521a012248c4
ELECTRUM: buildTransactionDetail: Transaction result is not nil for 319cca7de1a53e4a43e3462c066ecfe1223a17a6f7d957aac2f3521a012248c4
ELECTRUM: buildTransactionDetail: Attempting to get actual value for transaction 319cca7de1a53e4a43e3462c066ecfe1223a17a6f7d957aac2f3521a012248c4
ELECTRUM: getTransactionValue: Transaction result type: *electrum.GetTransactionResult, fields: 12
ELECTRUM: getTransactionValue: Field 0: Blockhash = 00000000000250b139dcd3b1c9c71b8974b271315c97bec585495f4f7e529dc3 (type: string)
ELECTRUM: getTransactionValue: Field 1: Blocktime = 1758039166 (type: uint64)
ELECTRUM: getTransactionValue: Field 2: Confirmations = 4031 (type: int32)
ELECTRUM: getTransactionValue: Field 3: Hash = 91bf7327473c9bc0234f3d934656c53ec09bbc1794cf2b3fa87f8cfd984e456f (type: string)
ELECTRUM: getTransactionValue: Field 4: Hex = 01000000000101ceb52dfd276932f6c9e8f89a18ccef81286b0eeef970d8e6a0ee866ba09ab8700100000000ffffffff026a96a20000000000225120a26e00c992e2f66cd6fef339fbf84e2b0d9e0358286aa6ea9c00d9ca6684224c76430000000000002251206ba924bcb3eed3e836c60487f1f3dc5ddb9e206186b4ac37e2cacf75bd52754f01400e4892d04983c7415e5baa0a8b7e25b02f74a747cdf60eb29a20aafc131bc9e7d28e484f53ab8f25a5262d7f8f94c4947dcdce9606f53a8e445fd10505d9855800000000 (type: string)
ELECTRUM: getTransactionValue: Field 5: Locktime = 0 (type: uint32)
ELECTRUM: getTransactionValue: Field 6: Size = 205 (type: uint32)
ELECTRUM: getTransactionValue: Field 7: Time = 1758039166 (type: uint64)
ELECTRUM: getTransactionValue: Field 8: Version = 1 (type: uint32)
ELECTRUM: getTransactionValue: Field 9: Vin = [{ 0x14000274620 4294967295 70b89aa06b86eea0e6d870f9ee0e6b2881efcc189af8e8c9f6326927fd2db5ce 1}] (type: []electrum.Vin)
ELECTRUM: getTransactionValue: Field 10: Vout = [{0 {[] 1 a26e00c992e2f66cd6fef339fbf84e2b0d9e0358286aa6ea9c00d9ca6684224c 5120a26e00c992e2f66cd6fef339fbf84e2b0d9e0358286aa6ea9c00d9ca6684224c 0 witness_v1_taproot} 0.10655338} {1 {[] 1 6ba924bcb3eed3e836c60487f1f3dc5ddb9e206186b4ac37e2cacf75bd52754f 51206ba924bcb3eed3e836c60487f1f3dc5ddb9e206186b4ac37e2cacf75bd52754f 0 witness_v1_taproot} 0.0001727}] (type: []electrum.Vout)
ELECTRUM: getTransactionValue: Field 11: Merkle = {[] 0 0} (type: electrum.GetMerkleProofResult)
ELECTRUM: getTransactionValue: Processing 2 Vout entries for transaction 319cca7de1a53e4a43e3462c066ecfe1223a17a6f7d957aac2f3521a012248c4
ELECTRUM: getTransactionValue: Processing Vout entry 0 for transaction 319cca7de1a53e4a43e3462c066ecfe1223a17a6f7d957aac2f3521a012248c4
ELECTRUM: getTransactionValue: Vout[0] Field 0: N = 0 (type: uint32)
ELECTRUM: getTransactionValue: Vout[0] Field 1: ScriptPubkey = {[] 1 a26e00c992e2f66cd6fef339fbf84e2b0d9e0358286aa6ea9c00d9ca6684224c 5120a26e00c992e2f66cd6fef339fbf84e2b0d9e0358286aa6ea9c00d9ca6684224c 0 witness_v1_taproot} (type: electrum.ScriptPubkey)
ELECTRUM: getTransactionValue: Vout[0] Field 2: Value = 0.10655338 (type: float64)
ELECTRUM: getTransactionValue: Vout[0] has value 0.106553 BTC (10655338 satoshis)
ELECTRUM: getTransactionValue: Vout[0] ScriptPubkey type: electrum.ScriptPubkey
ELECTRUM: getTransactionValue: Vout[0] ScriptPubkey has 5 fields
ELECTRUM: getTransactionValue: Vout[0] ScriptPubkey Field 0: Addresses = [] (type: []string)
ELECTRUM: getTransactionValue: Vout[0] ScriptPubkey Field 1: Asm = 1 a26e00c992e2f66cd6fef339fbf84e2b0d9e0358286aa6ea9c00d9ca6684224c (type: string)
ELECTRUM: getTransactionValue: Vout[0] ScriptPubkey Field 2: Hex = 5120a26e00c992e2f66cd6fef339fbf84e2b0d9e0358286aa6ea9c00d9ca6684224c (type: string)
ELECTRUM: getTransactionValue: Vout[0] ScriptPubkey Field 3: ReqSigs = 0 (type: uint32)
ELECTRUM: getTransactionValue: Vout[0] ScriptPubkey Field 4: Type = witness_v1_taproot (type: string)
ELECTRUM: getTransactionValue: Vout[0] extracted script hex from Hex field: 5120a26e00c992e2f66cd6fef339fbf84e2b0d9e0358286aa6ea9c00d9ca6684224c
ELECTRUM: getTransactionValue: Vout[0] calculated script hash: 285267eb98af21c308e1f0497341c7158d33f4401a11d6c74bc5cb5c78db664c, target: 5987449d703426b3d8882ca6a898953f5475d0e7579d6c3c11c28a2d2279d2a1
ELECTRUM: getTransactionValue: Vout[0] does not match our script hash, skipping
ELECTRUM: getTransactionValue: Processing Vout entry 1 for transaction 319cca7de1a53e4a43e3462c066ecfe1223a17a6f7d957aac2f3521a012248c4
ELECTRUM: getTransactionValue: Vout[1] Field 0: N = 1 (type: uint32)
ELECTRUM: getTransactionValue: Vout[1] Field 1: ScriptPubkey = {[] 1 6ba924bcb3eed3e836c60487f1f3dc5ddb9e206186b4ac37e2cacf75bd52754f 51206ba924bcb3eed3e836c60487f1f3dc5ddb9e206186b4ac37e2cacf75bd52754f 0 witness_v1_taproot} (type: electrum.ScriptPubkey)
ELECTRUM: getTransactionValue: Vout[1] Field 2: Value = 0.0001727 (type: float64)
ELECTRUM: getTransactionValue: Vout[1] has value 0.000173 BTC (17270 satoshis)
ELECTRUM: getTransactionValue: Vout[1] ScriptPubkey type: electrum.ScriptPubkey
ELECTRUM: getTransactionValue: Vout[1] ScriptPubkey has 5 fields
ELECTRUM: getTransactionValue: Vout[1] ScriptPubkey Field 0: Addresses = [] (type: []string)
ELECTRUM: getTransactionValue: Vout[1] ScriptPubkey Field 1: Asm = 1 6ba924bcb3eed3e836c60487f1f3dc5ddb9e206186b4ac37e2cacf75bd52754f (type: string)
ELECTRUM: getTransactionValue: Vout[1] ScriptPubkey Field 2: Hex = 51206ba924bcb3eed3e836c60487f1f3dc5ddb9e206186b4ac37e2cacf75bd52754f (type: string)
ELECTRUM: getTransactionValue: Vout[1] ScriptPubkey Field 3: ReqSigs = 0 (type: uint32)
ELECTRUM: getTransactionValue: Vout[1] ScriptPubkey Field 4: Type = witness_v1_taproot (type: string)
ELECTRUM: getTransactionValue: Vout[1] extracted script hex from Hex field: 51206ba924bcb3eed3e836c60487f1f3dc5ddb9e206186b4ac37e2cacf75bd52754f
ELECTRUM: getTransactionValue: Vout[1] calculated script hash: 5987449d703426b3d8882ca6a898953f5475d0e7579d6c3c11c28a2d2279d2a1, target: 5987449d703426b3d8882ca6a898953f5475d0e7579d6c3c11c28a2d2279d2a1
ELECTRUM: getTransactionValue: Vout[1] matches our script hash, adding 17270 satoshis
ELECTRUM: buildTransactionDetail: Transaction 319cca7de1a53e4a43e3462c066ecfe1223a17a6f7d957aac2f3521a012248c4 has actual value 17270 satoshis
2025/09/16 14:45:43 ELECTRUM: GetBlockHash called for height: 4667133
2025/09/16 14:45:43 ELECTRUM: Found transaction 319cca7de1a53e4a43e3462c066ecfe1223a17a6f7d957aac2f3521a012248c4 for script hash 5987449d703426b3d8882ca6a898953f5475d0e7579d6c3c11c28a2d2279d2a1 (confirmations: 4024, value: 17270)
2025/09/16 14:45:43 ELECTRUM: Sending relevant transaction notification for 319cca7de1a53e4a43e3462c066ecfe1223a17a6f7d957aac2f3521a012248c4
2025/09/16 14:45:43 ELECTRUM: Transaction 319cca7de1a53e4a43e3462c066ecfe1223a17a6f7d957aac2f3521a012248c4 already processed globally, skipping duplicate notification
2025/09/16 14:45:44 ELECTRUM: Script hash e5d8548e6042aa54fcbebb2539efa284c89350ce19c9141286a2f910de14df05 status changed from e5d8548e6042aa54fcbebb2539efa284c89350ce19c9141286a2f910de14df05 to tx_count:0 - new transactions detected!
2025/09/16 14:45:44 ELECTRUM: Handling script hash update for e5d8548e6042aa54fcbebb2539efa284c89350ce19c9141286a2f910de14df05
2025/09/16 14:45:44 ELECTRUM: Found 0 transactions for script hash e5d8548e6042aa54fcbebb2539efa284c89350ce19c9141286a2f910de14df05
2025/09/16 14:45:44 ELECTRUM: Script hash f67a34ebd66063c1a926b52c9a5e00f290e890e3b2a8b3acf99e6ca0840e2c69 status changed from f67a34ebd66063c1a926b52c9a5e00f290e890e3b2a8b3acf99e6ca0840e2c69 to tx_count:1,latest_height:4661302 - new transactions detected!
2025/09/16 14:45:44 ELECTRUM: Handling script hash update for f67a34ebd66063c1a926b52c9a5e00f290e890e3b2a8b3acf99e6ca0840e2c69
2025/09/16 14:45:44 ELECTRUM: Found 1 transactions for script hash f67a34ebd66063c1a926b52c9a5e00f290e890e3b2a8b3acf99e6ca0840e2c69
2025/09/16 14:45:44 ELECTRUM: Processing transaction 0 for script hash f67a34ebd66063c1a926b52c9a5e00f290e890e3b2a8b3acf99e6ca0840e2c69
ELECTRUM: buildTransactionDetail called with entry type: *electrum.GetMempoolResult
ELECTRUM: buildTransactionDetail: Transaction 51abc2a15b01e008362af0075a3616d445af203deaea3abcad4d94f607dbafab has height: 4661302
ELECTRUM: buildTransactionDetail: About to call GetTransaction for 51abc2a15b01e008362af0075a3616d445af203deaea3abcad4d94f607dbafab
ELECTRUM: buildTransactionDetail: Getting transaction details for 51abc2a15b01e008362af0075a3616d445af203deaea3abcad4d94f607dbafab
ELECTRUM: buildTransactionDetail: Successfully got transaction 51abc2a15b01e008362af0075a3616d445af203deaea3abcad4d94f607dbafab
ELECTRUM: buildTransactionDetail: GetTransaction succeeded for 51abc2a15b01e008362af0075a3616d445af203deaea3abcad4d94f607dbafab, processing result
ELECTRUM: buildTransactionDetail: Processing transaction result for 51abc2a15b01e008362af0075a3616d445af203deaea3abcad4d94f607dbafab
ELECTRUM: buildTransactionDetail: Transaction result is not nil for 51abc2a15b01e008362af0075a3616d445af203deaea3abcad4d94f607dbafab
ELECTRUM: buildTransactionDetail: Attempting to get actual value for transaction 51abc2a15b01e008362af0075a3616d445af203deaea3abcad4d94f607dbafab
ELECTRUM: getTransactionValue: Transaction result type: *electrum.GetTransactionResult, fields: 12
ELECTRUM: getTransactionValue: Field 0: Blockhash = 000000000000d9d0b2232466509b2064dc52a17e0281d0a41cb22b82b056a939 (type: string)
ELECTRUM: getTransactionValue: Field 1: Blocktime = 1758029049 (type: uint64)
ELECTRUM: getTransactionValue: Field 2: Confirmations = 9863 (type: int32)
ELECTRUM: getTransactionValue: Field 3: Hash = 2a00084f427029c04184dd7c2a7f005a307033bcca717762d460c4c25fc51494 (type: string)
ELECTRUM: getTransactionValue: Field 4: Hex = 01000000000101637952d19b0f724cc4e7b8c675eb1ab36de90eb2e6a0b6752b0e04955c59cd250100000000ffffffff02b14300000000000022512022e0f3960afc4414df1cfff8ed7cc27261d190f89176ad65ab180d08783e011aa631a30000000000225120f61348d82e1f34ff3a16071de3e7d484a48937fb50cbc50bfc2d17d28182118d014083a3432f882b81365a92edaad1db40f4fa714d1f5b41e4c45adc2a6aacc6f1acef118c51f7129536122f54509d26775587379935aaeeacd730922806abecb83100000000 (type: string)
ELECTRUM: getTransactionValue: Field 5: Locktime = 0 (type: uint32)
ELECTRUM: getTransactionValue: Field 6: Size = 205 (type: uint32)
ELECTRUM: getTransactionValue: Field 7: Time = 1758029049 (type: uint64)
ELECTRUM: getTransactionValue: Field 8: Version = 1 (type: uint32)
ELECTRUM: getTransactionValue: Field 9: Vin = [{ 0x140002751e0 4294967295 25cd595c95040e2b75b6a0e6b20ee96db31aeb75c6b8e7c44c720f9bd1527963 1}] (type: []electrum.Vin)
ELECTRUM: getTransactionValue: Field 10: Vout = [{0 {[] 1 22e0f3960afc4414df1cfff8ed7cc27261d190f89176ad65ab180d08783e011a 512022e0f3960afc4414df1cfff8ed7cc27261d190f89176ad65ab180d08783e011a 0 witness_v1_taproot} 0.00017329} {1 {[] 1 f61348d82e1f34ff3a16071de3e7d484a48937fb50cbc50bfc2d17d28182118d 5120f61348d82e1f34ff3a16071de3e7d484a48937fb50cbc50bfc2d17d28182118d 0 witness_v1_taproot} 0.10695078}] (type: []electrum.Vout)
ELECTRUM: getTransactionValue: Field 11: Merkle = {[] 0 0} (type: electrum.GetMerkleProofResult)
ELECTRUM: getTransactionValue: Processing 2 Vout entries for transaction 51abc2a15b01e008362af0075a3616d445af203deaea3abcad4d94f607dbafab
ELECTRUM: getTransactionValue: Processing Vout entry 0 for transaction 51abc2a15b01e008362af0075a3616d445af203deaea3abcad4d94f607dbafab
ELECTRUM: getTransactionValue: Vout[0] Field 0: N = 0 (type: uint32)
ELECTRUM: getTransactionValue: Vout[0] Field 1: ScriptPubkey = {[] 1 22e0f3960afc4414df1cfff8ed7cc27261d190f89176ad65ab180d08783e011a 512022e0f3960afc4414df1cfff8ed7cc27261d190f89176ad65ab180d08783e011a 0 witness_v1_taproot} (type: electrum.ScriptPubkey)
ELECTRUM: getTransactionValue: Vout[0] Field 2: Value = 0.00017329 (type: float64)
ELECTRUM: getTransactionValue: Vout[0] has value 0.000173 BTC (17329 satoshis)
ELECTRUM: getTransactionValue: Vout[0] ScriptPubkey type: electrum.ScriptPubkey
ELECTRUM: getTransactionValue: Vout[0] ScriptPubkey has 5 fields
ELECTRUM: getTransactionValue: Vout[0] ScriptPubkey Field 0: Addresses = [] (type: []string)
ELECTRUM: getTransactionValue: Vout[0] ScriptPubkey Field 1: Asm = 1 22e0f3960afc4414df1cfff8ed7cc27261d190f89176ad65ab180d08783e011a (type: string)
ELECTRUM: getTransactionValue: Vout[0] ScriptPubkey Field 2: Hex = 512022e0f3960afc4414df1cfff8ed7cc27261d190f89176ad65ab180d08783e011a (type: string)
ELECTRUM: getTransactionValue: Vout[0] ScriptPubkey Field 3: ReqSigs = 0 (type: uint32)
ELECTRUM: getTransactionValue: Vout[0] ScriptPubkey Field 4: Type = witness_v1_taproot (type: string)
ELECTRUM: getTransactionValue: Vout[0] extracted script hex from Hex field: 512022e0f3960afc4414df1cfff8ed7cc27261d190f89176ad65ab180d08783e011a
ELECTRUM: getTransactionValue: Vout[0] calculated script hash: f67a34ebd66063c1a926b52c9a5e00f290e890e3b2a8b3acf99e6ca0840e2c69, target: f67a34ebd66063c1a926b52c9a5e00f290e890e3b2a8b3acf99e6ca0840e2c69
ELECTRUM: getTransactionValue: Vout[0] matches our script hash, adding 17329 satoshis
ELECTRUM: getTransactionValue: Processing Vout entry 1 for transaction 51abc2a15b01e008362af0075a3616d445af203deaea3abcad4d94f607dbafab
ELECTRUM: getTransactionValue: Vout[1] Field 0: N = 1 (type: uint32)
ELECTRUM: getTransactionValue: Vout[1] Field 1: ScriptPubkey = {[] 1 f61348d82e1f34ff3a16071de3e7d484a48937fb50cbc50bfc2d17d28182118d 5120f61348d82e1f34ff3a16071de3e7d484a48937fb50cbc50bfc2d17d28182118d 0 witness_v1_taproot} (type: electrum.ScriptPubkey)
ELECTRUM: getTransactionValue: Vout[1] Field 2: Value = 0.10695078 (type: float64)
ELECTRUM: getTransactionValue: Vout[1] has value 0.106951 BTC (10695078 satoshis)
ELECTRUM: getTransactionValue: Vout[1] ScriptPubkey type: electrum.ScriptPubkey
ELECTRUM: getTransactionValue: Vout[1] ScriptPubkey has 5 fields
ELECTRUM: getTransactionValue: Vout[1] ScriptPubkey Field 0: Addresses = [] (type: []string)
ELECTRUM: getTransactionValue: Vout[1] ScriptPubkey Field 1: Asm = 1 f61348d82e1f34ff3a16071de3e7d484a48937fb50cbc50bfc2d17d28182118d (type: string)
ELECTRUM: getTransactionValue: Vout[1] ScriptPubkey Field 2: Hex = 5120f61348d82e1f34ff3a16071de3e7d484a48937fb50cbc50bfc2d17d28182118d (type: string)
ELECTRUM: getTransactionValue: Vout[1] ScriptPubkey Field 3: ReqSigs = 0 (type: uint32)
ELECTRUM: getTransactionValue: Vout[1] ScriptPubkey Field 4: Type = witness_v1_taproot (type: string)
ELECTRUM: getTransactionValue: Vout[1] extracted script hex from Hex field: 5120f61348d82e1f34ff3a16071de3e7d484a48937fb50cbc50bfc2d17d28182118d
ELECTRUM: getTransactionValue: Vout[1] calculated script hash: 5644f9b92bed87105e1519ba555fe45a4956697de6b7c3ec8ed25ba31e2e215b, target: f67a34ebd66063c1a926b52c9a5e00f290e890e3b2a8b3acf99e6ca0840e2c69
ELECTRUM: getTransactionValue: Vout[1] does not match our script hash, skipping
ELECTRUM: buildTransactionDetail: Transaction 51abc2a15b01e008362af0075a3616d445af203deaea3abcad4d94f607dbafab has actual value 17329 satoshis
2025/09/16 14:45:45 ELECTRUM: GetBlockHash called for height: 4661302
2025/09/16 14:45:45 ELECTRUM: Found transaction 51abc2a15b01e008362af0075a3616d445af203deaea3abcad4d94f607dbafab for script hash f67a34ebd66063c1a926b52c9a5e00f290e890e3b2a8b3acf99e6ca0840e2c69 (confirmations: 9855, value: 17329)
2025/09/16 14:45:45 ELECTRUM: Sending relevant transaction notification for 51abc2a15b01e008362af0075a3616d445af203deaea3abcad4d94f607dbafab
2025/09/16 14:45:45 ELECTRUM: Transaction 51abc2a15b01e008362af0075a3616d445af203deaea3abcad4d94f607dbafab already processed globally, skipping duplicate notification
2025/09/16 14:45:45 ELECTRUM: Script hash c5c501974b54b604a07b751557f5492a62e0024f3b6de9e8a3c970fe9f4e8f65 status changed from c5c501974b54b604a07b751557f5492a62e0024f3b6de9e8a3c970fe9f4e8f65 to tx_count:0 - new transactions detected!
2025/09/16 14:45:45 ELECTRUM: Handling script hash update for c5c501974b54b604a07b751557f5492a62e0024f3b6de9e8a3c970fe9f4e8f65
2025/09/16 14:45:46 ELECTRUM: Found 0 transactions for script hash c5c501974b54b604a07b751557f5492a62e0024f3b6de9e8a3c970fe9f4e8f65
2025/09/16 14:45:46 ELECTRUM: Script hash c9d8bc157913c0cdb12c85d685798b196f5db58e760e18e83102d6b04d1963c3 status changed from c9d8bc157913c0cdb12c85d685798b196f5db58e760e18e83102d6b04d1963c3 to tx_count:0 - new transactions detected!
2025/09/16 14:45:46 ELECTRUM: Handling script hash update for c9d8bc157913c0cdb12c85d685798b196f5db58e760e18e83102d6b04d1963c3
2025/09/16 14:45:46 ELECTRUM: Found 0 transactions for script hash c9d8bc157913c0cdb12c85d685798b196f5db58e760e18e83102d6b04d1963c3
2025/09/16 14:45:46 ELECTRUM: Script hash 6bf1890b216a5372d5a81a5ca9791137d77c1853dd628b5d3aa34d8ec00604a5 status changed from 6bf1890b216a5372d5a81a5ca9791137d77c1853dd628b5d3aa34d8ec00604a5 to tx_count:1,latest_height:4660785 - new transactions detected!
2025/09/16 14:45:46 ELECTRUM: Handling script hash update for 6bf1890b216a5372d5a81a5ca9791137d77c1853dd628b5d3aa34d8ec00604a5
2025/09/16 14:45:46 ELECTRUM: Found 1 transactions for script hash 6bf1890b216a5372d5a81a5ca9791137d77c1853dd628b5d3aa34d8ec00604a5
2025/09/16 14:45:46 ELECTRUM: Processing transaction 0 for script hash 6bf1890b216a5372d5a81a5ca9791137d77c1853dd628b5d3aa34d8ec00604a5
ELECTRUM: buildTransactionDetail called with entry type: *electrum.GetMempoolResult
ELECTRUM: buildTransactionDetail: Transaction 25cd595c95040e2b75b6a0e6b20ee96db31aeb75c6b8e7c44c720f9bd1527963 has height: 4660785
ELECTRUM: buildTransactionDetail: About to call GetTransaction for 25cd595c95040e2b75b6a0e6b20ee96db31aeb75c6b8e7c44c720f9bd1527963
ELECTRUM: buildTransactionDetail: Getting transaction details for 25cd595c95040e2b75b6a0e6b20ee96db31aeb75c6b8e7c44c720f9bd1527963
ELECTRUM: buildTransactionDetail: Successfully got transaction 25cd595c95040e2b75b6a0e6b20ee96db31aeb75c6b8e7c44c720f9bd1527963
ELECTRUM: buildTransactionDetail: GetTransaction succeeded for 25cd595c95040e2b75b6a0e6b20ee96db31aeb75c6b8e7c44c720f9bd1527963, processing result
ELECTRUM: buildTransactionDetail: Processing transaction result for 25cd595c95040e2b75b6a0e6b20ee96db31aeb75c6b8e7c44c720f9bd1527963
ELECTRUM: buildTransactionDetail: Transaction result is not nil for 25cd595c95040e2b75b6a0e6b20ee96db31aeb75c6b8e7c44c720f9bd1527963
ELECTRUM: buildTransactionDetail: Attempting to get actual value for transaction 25cd595c95040e2b75b6a0e6b20ee96db31aeb75c6b8e7c44c720f9bd1527963
ELECTRUM: getTransactionValue: Transaction result type: *electrum.GetTransactionResult, fields: 12
ELECTRUM: getTransactionValue: Field 0: Blockhash = 00000000000000673a2cc7418fcfc9ace5b5884689f671dbb7eeab05b8090e88 (type: string)
ELECTRUM: getTransactionValue: Field 1: Blocktime = 1757981635 (type: uint64)
ELECTRUM: getTransactionValue: Field 2: Confirmations = 10381 (type: int32)
ELECTRUM: getTransactionValue: Field 3: Hash = d8a7630f7dd4ed9c3bc6884807f1c0692b556e3ccb83a37f24f9797fa4c8361f (type: string)
ELECTRUM: getTransactionValue: Field 4: Hex = 010000000001014b917f7478f1ba4c5bb0758c619d0a48850c3ac7fb7d97717d5b7ef22284c2530000000000ffffffff02de2100000000000016001414baa10e325a973a4ab9dc2152fab4bb9a6ea3a0f375a3000000000022512005090923a2d5a8f95f8f50c0e191462e7692094a9307747b0c5580ea43073ea30140202840e6f21166743530d5fbd6eb0a8e2d19ed7be743cc3cc62b24a813ca14627cbb02faf49a90e1c525213516d03bfe986377a51e858356c48dad5efbcdf95a00000000 (type: string)
ELECTRUM: getTransactionValue: Field 5: Locktime = 0 (type: uint32)
ELECTRUM: getTransactionValue: Field 6: Size = 193 (type: uint32)
ELECTRUM: getTransactionValue: Field 7: Time = 1757981635 (type: uint64)
ELECTRUM: getTransactionValue: Field 8: Version = 1 (type: uint32)
ELECTRUM: getTransactionValue: Field 9: Vin = [{ 0x1400027a100 4294967295 53c28422f27e5b7d71977dfbc73a0c85480a9d618c75b05b4cbaf178747f914b 0}] (type: []electrum.Vin)
ELECTRUM: getTransactionValue: Field 10: Vout = [{0 {[] 0 14baa10e325a973a4ab9dc2152fab4bb9a6ea3a0 001414baa10e325a973a4ab9dc2152fab4bb9a6ea3a0 0 witness_v0_keyhash} 8.67e-05} {1 {[] 1 05090923a2d5a8f95f8f50c0e191462e7692094a9307747b0c5580ea43073ea3 512005090923a2d5a8f95f8f50c0e191462e7692094a9307747b0c5580ea43073ea3 0 witness_v1_taproot} 0.10712563}] (type: []electrum.Vout)
ELECTRUM: getTransactionValue: Field 11: Merkle = {[] 0 0} (type: electrum.GetMerkleProofResult)
ELECTRUM: getTransactionValue: Processing 2 Vout entries for transaction 25cd595c95040e2b75b6a0e6b20ee96db31aeb75c6b8e7c44c720f9bd1527963
ELECTRUM: getTransactionValue: Processing Vout entry 0 for transaction 25cd595c95040e2b75b6a0e6b20ee96db31aeb75c6b8e7c44c720f9bd1527963
ELECTRUM: getTransactionValue: Vout[0] Field 0: N = 0 (type: uint32)
ELECTRUM: getTransactionValue: Vout[0] Field 1: ScriptPubkey = {[] 0 14baa10e325a973a4ab9dc2152fab4bb9a6ea3a0 001414baa10e325a973a4ab9dc2152fab4bb9a6ea3a0 0 witness_v0_keyhash} (type: electrum.ScriptPubkey)
ELECTRUM: getTransactionValue: Vout[0] Field 2: Value = 8.67e-05 (type: float64)
ELECTRUM: getTransactionValue: Vout[0] has value 0.000087 BTC (8670 satoshis)
ELECTRUM: getTransactionValue: Vout[0] ScriptPubkey type: electrum.ScriptPubkey
ELECTRUM: getTransactionValue: Vout[0] ScriptPubkey has 5 fields
ELECTRUM: getTransactionValue: Vout[0] ScriptPubkey Field 0: Addresses = [] (type: []string)
ELECTRUM: getTransactionValue: Vout[0] ScriptPubkey Field 1: Asm = 0 14baa10e325a973a4ab9dc2152fab4bb9a6ea3a0 (type: string)
ELECTRUM: getTransactionValue: Vout[0] ScriptPubkey Field 2: Hex = 001414baa10e325a973a4ab9dc2152fab4bb9a6ea3a0 (type: string)
ELECTRUM: getTransactionValue: Vout[0] ScriptPubkey Field 3: ReqSigs = 0 (type: uint32)
ELECTRUM: getTransactionValue: Vout[0] ScriptPubkey Field 4: Type = witness_v0_keyhash (type: string)
ELECTRUM: getTransactionValue: Vout[0] extracted script hex from Hex field: 001414baa10e325a973a4ab9dc2152fab4bb9a6ea3a0
ELECTRUM: getTransactionValue: Vout[0] calculated script hash: 6bf1890b216a5372d5a81a5ca9791137d77c1853dd628b5d3aa34d8ec00604a5, target: 6bf1890b216a5372d5a81a5ca9791137d77c1853dd628b5d3aa34d8ec00604a5
ELECTRUM: getTransactionValue: Vout[0] matches our script hash, adding 8670 satoshis
ELECTRUM: getTransactionValue: Processing Vout entry 1 for transaction 25cd595c95040e2b75b6a0e6b20ee96db31aeb75c6b8e7c44c720f9bd1527963
ELECTRUM: getTransactionValue: Vout[1] Field 0: N = 1 (type: uint32)
ELECTRUM: getTransactionValue: Vout[1] Field 1: ScriptPubkey = {[] 1 05090923a2d5a8f95f8f50c0e191462e7692094a9307747b0c5580ea43073ea3 512005090923a2d5a8f95f8f50c0e191462e7692094a9307747b0c5580ea43073ea3 0 witness_v1_taproot} (type: electrum.ScriptPubkey)
ELECTRUM: getTransactionValue: Vout[1] Field 2: Value = 0.10712563 (type: float64)
ELECTRUM: getTransactionValue: Vout[1] has value 0.107126 BTC (10712563 satoshis)
ELECTRUM: getTransactionValue: Vout[1] ScriptPubkey type: electrum.ScriptPubkey
ELECTRUM: getTransactionValue: Vout[1] ScriptPubkey has 5 fields
ELECTRUM: getTransactionValue: Vout[1] ScriptPubkey Field 0: Addresses = [] (type: []string)
ELECTRUM: getTransactionValue: Vout[1] ScriptPubkey Field 1: Asm = 1 05090923a2d5a8f95f8f50c0e191462e7692094a9307747b0c5580ea43073ea3 (type: string)
ELECTRUM: getTransactionValue: Vout[1] ScriptPubkey Field 2: Hex = 512005090923a2d5a8f95f8f50c0e191462e7692094a9307747b0c5580ea43073ea3 (type: string)
ELECTRUM: getTransactionValue: Vout[1] ScriptPubkey Field 3: ReqSigs = 0 (type: uint32)
ELECTRUM: getTransactionValue: Vout[1] ScriptPubkey Field 4: Type = witness_v1_taproot (type: string)
ELECTRUM: getTransactionValue: Vout[1] extracted script hex from Hex field: 512005090923a2d5a8f95f8f50c0e191462e7692094a9307747b0c5580ea43073ea3
ELECTRUM: getTransactionValue: Vout[1] calculated script hash: 222baf51ae983e703d9ecb39f410510ac4514da35620ee9986494c88e20a46a1, target: 6bf1890b216a5372d5a81a5ca9791137d77c1853dd628b5d3aa34d8ec00604a5
ELECTRUM: getTransactionValue: Vout[1] does not match our script hash, skipping
ELECTRUM: buildTransactionDetail: Transaction 25cd595c95040e2b75b6a0e6b20ee96db31aeb75c6b8e7c44c720f9bd1527963 has actual value 8670 satoshis
2025/09/16 14:45:47 ELECTRUM: GetBlockHash called for height: 4660785
2025/09/16 14:45:47 ELECTRUM: Found transaction 25cd595c95040e2b75b6a0e6b20ee96db31aeb75c6b8e7c44c720f9bd1527963 for script hash 6bf1890b216a5372d5a81a5ca9791137d77c1853dd628b5d3aa34d8ec00604a5 (confirmations: 10372, value: 8670)
2025/09/16 14:45:47 ELECTRUM: Sending relevant transaction notification for 25cd595c95040e2b75b6a0e6b20ee96db31aeb75c6b8e7c44c720f9bd1527963
2025/09/16 14:45:47 ELECTRUM: Transaction 25cd595c95040e2b75b6a0e6b20ee96db31aeb75c6b8e7c44c720f9bd1527963 already processed globally, skipping duplicate notification
2025/09/16 14:45:47 ELECTRUM: Script hash c4c6d9d832fdbfd4a966340001ce4a928adc558ad3cff548e1a78f0962aa141a status changed from c4c6d9d832fdbfd4a966340001ce4a928adc558ad3cff548e1a78f0962aa141a to tx_count:0 - new transactions detected!
2025/09/16 14:45:47 ELECTRUM: Handling script hash update for c4c6d9d832fdbfd4a966340001ce4a928adc558ad3cff548e1a78f0962aa141a
2025/09/16 14:45:48 ELECTRUM: Found 0 transactions for script hash c4c6d9d832fdbfd4a966340001ce4a928adc558ad3cff548e1a78f0962aa141a
2025/09/16 14:45:48 ELECTRUM: Script hash 30311d2d2edd9aabdf8d1684192145260c6f30c8c843ae927758b737aac07235 status changed from 30311d2d2edd9aabdf8d1684192145260c6f30c8c843ae927758b737aac07235 to tx_count:0 - new transactions detected!
2025/09/16 14:45:48 ELECTRUM: Handling script hash update for 30311d2d2edd9aabdf8d1684192145260c6f30c8c843ae927758b737aac07235
2025/09/16 14:45:48 ELECTRUM: Found 0 transactions for script hash 30311d2d2edd9aabdf8d1684192145260c6f30c8c843ae927758b737aac07235
2025/09/16 14:45:48 ELECTRUM: Script hash e49ffa552cb23af49332713f9fedd2efce14dc2902c11597fda6ea1fb83468cc status changed from e49ffa552cb23af49332713f9fedd2efce14dc2902c11597fda6ea1fb83468cc to tx_count:0 - new transactions detected!
2025/09/16 14:45:48 ELECTRUM: Handling script hash update for e49ffa552cb23af49332713f9fedd2efce14dc2902c11597fda6ea1fb83468cc
2025/09/16 14:45:49 ELECTRUM: Found 0 transactions for script hash e49ffa552cb23af49332713f9fedd2efce14dc2902c11597fda6ea1fb83468cc
2025/09/16 14:45:49 ELECTRUM: Script hash 0ef136938f4e6ec14f5b140956aa93ab312107d6eed8cc07ab19f19ecfb78117 status changed from 0ef136938f4e6ec14f5b140956aa93ab312107d6eed8cc07ab19f19ecfb78117 to tx_count:0 - new transactions detected!
2025/09/16 14:45:49 ELECTRUM: Handling script hash update for 0ef136938f4e6ec14f5b140956aa93ab312107d6eed8cc07ab19f19ecfb78117
2025/09/16 14:45:49 ELECTRUM: Found 0 transactions for script hash 0ef136938f4e6ec14f5b140956aa93ab312107d6eed8cc07ab19f19ecfb78117
2025/09/16 14:45:49 ELECTRUM: Script hash fb61782f1e6f1393af564ec097b0ea9834062d5649138e20295f647f97a5361c status changed from fb61782f1e6f1393af564ec097b0ea9834062d5649138e20295f647f97a5361c to tx_count:0 - new transactions detected!
2025/09/16 14:45:49 ELECTRUM: Handling script hash update for fb61782f1e6f1393af564ec097b0ea9834062d5649138e20295f647f97a5361c
2025/09/16 14:45:50 ELECTRUM: Found 0 transactions for script hash fb61782f1e6f1393af564ec097b0ea9834062d5649138e20295f647f97a5361c
2025/09/16 14:45:50 ELECTRUM: Script hash 5402d6c137487f5e00d46c16a85ec56d25ab29f8636995d4bf586bc08bbce31e status changed from 5402d6c137487f5e00d46c16a85ec56d25ab29f8636995d4bf586bc08bbce31e to tx_count:0 - new transactions detected!
2025/09/16 14:45:50 ELECTRUM: Handling script hash update for 5402d6c137487f5e00d46c16a85ec56d25ab29f8636995d4bf586bc08bbce31e
2025/09/16 14:45:50 ELECTRUM: Found 0 transactions for script hash 5402d6c137487f5e00d46c16a85ec56d25ab29f8636995d4bf586bc08bbce31e
2025/09/16 14:45:50 ELECTRUM: Script hash 8b874fe06c0a029126d30048dd68ce279f86ab73018e41fbce4e5db15bbd4d68 status changed from 8b874fe06c0a029126d30048dd68ce279f86ab73018e41fbce4e5db15bbd4d68 to tx_count:0 - new transactions detected!
2025/09/16 14:45:50 ELECTRUM: Handling script hash update for 8b874fe06c0a029126d30048dd68ce279f86ab73018e41fbce4e5db15bbd4d68
2025/09/16 14:45:51 ELECTRUM: Found 0 transactions for script hash 8b874fe06c0a029126d30048dd68ce279f86ab73018e41fbce4e5db15bbd4d68
2025/09/16 14:45:51 ELECTRUM: Script hash 8ffe8589aabc0270d07eb3d7eb59003aea385db49b2f2cda6a405ba17ae25436 status changed from 8ffe8589aabc0270d07eb3d7eb59003aea385db49b2f2cda6a405ba17ae25436 to tx_count:0 - new transactions detected!
2025/09/16 14:45:51 ELECTRUM: Handling script hash update for 8ffe8589aabc0270d07eb3d7eb59003aea385db49b2f2cda6a405ba17ae25436
2025/09/16 14:45:51 ELECTRUM: Found 0 transactions for script hash 8ffe8589aabc0270d07eb3d7eb59003aea385db49b2f2cda6a405ba17ae25436
2025/09/16 14:45:51 ELECTRUM: Script hash cfc6755ee8113d01dd7f0146742b825bb2c4d99fbe07b6ddc5f0d9d3ef4862f2 status changed from cfc6755ee8113d01dd7f0146742b825bb2c4d99fbe07b6ddc5f0d9d3ef4862f2 to tx_count:1,latest_height:4670343 - new transactions detected!
2025/09/16 14:45:51 ELECTRUM: Handling script hash update for cfc6755ee8113d01dd7f0146742b825bb2c4d99fbe07b6ddc5f0d9d3ef4862f2
2025/09/16 14:45:51 ELECTRUM: Found 1 transactions for script hash cfc6755ee8113d01dd7f0146742b825bb2c4d99fbe07b6ddc5f0d9d3ef4862f2
2025/09/16 14:45:51 ELECTRUM: Processing transaction 0 for script hash cfc6755ee8113d01dd7f0146742b825bb2c4d99fbe07b6ddc5f0d9d3ef4862f2
ELECTRUM: buildTransactionDetail called with entry type: *electrum.GetMempoolResult
ELECTRUM: buildTransactionDetail: Transaction 358ed5e554073681bfff88d67684b6960bbb7e4d37503572eb4509608a94a2bb has height: 4670343
ELECTRUM: buildTransactionDetail: About to call GetTransaction for 358ed5e554073681bfff88d67684b6960bbb7e4d37503572eb4509608a94a2bb
ELECTRUM: buildTransactionDetail: Getting transaction details for 358ed5e554073681bfff88d67684b6960bbb7e4d37503572eb4509608a94a2bb
ELECTRUM: buildTransactionDetail: Successfully got transaction 358ed5e554073681bfff88d67684b6960bbb7e4d37503572eb4509608a94a2bb
ELECTRUM: buildTransactionDetail: GetTransaction succeeded for 358ed5e554073681bfff88d67684b6960bbb7e4d37503572eb4509608a94a2bb, processing result
ELECTRUM: buildTransactionDetail: Processing transaction result for 358ed5e554073681bfff88d67684b6960bbb7e4d37503572eb4509608a94a2bb
ELECTRUM: buildTransactionDetail: Transaction result is not nil for 358ed5e554073681bfff88d67684b6960bbb7e4d37503572eb4509608a94a2bb
ELECTRUM: buildTransactionDetail: Attempting to get actual value for transaction 358ed5e554073681bfff88d67684b6960bbb7e4d37503572eb4509608a94a2bb
ELECTRUM: getTransactionValue: Transaction result type: *electrum.GetTransactionResult, fields: 12
ELECTRUM: getTransactionValue: Field 0: Blockhash = 0000000000001138eb4a1eb324777e443affeb03d93ac4ee91353ff00fb162d6 (type: string)
ELECTRUM: getTransactionValue: Field 1: Blocktime = 1758046485 (type: uint64)
ELECTRUM: getTransactionValue: Field 2: Confirmations = 825 (type: int32)
ELECTRUM: getTransactionValue: Field 3: Hash = 5917ab5c871aa93d44e440dff954dd3a4ff6e82005268d4663428fed4c9ab2d1 (type: string)
ELECTRUM: getTransactionValue: Field 4: Hex = 0100000000010197a24478523a2569d4b0de529d76c276a57a262cc8f4029b53e7fe796a0c93de0100000000ffffffff0238eda10000000000225120de11facba0f9f7fbb84eaa49179743bd4340fb7995c61dced4c5d9ff33083d122c32000000000000225120cdff7d5c8e467c6bf94cf6873df7528de9e9cf2f4996e1d1aff1eb26ad3e2add01408a59c0c38b0bec93c053e02a59bf79a064f0f82656630e05ea8daef44076c24b6f5bc08c8b32a0e4ac42ea54490908f395744070c940a36682144455c2640bfc00000000 (type: string)
ELECTRUM: getTransactionValue: Field 5: Locktime = 0 (type: uint32)
ELECTRUM: getTransactionValue: Field 6: Size = 205 (type: uint32)
ELECTRUM: getTransactionValue: Field 7: Time = 1758046485 (type: uint64)
ELECTRUM: getTransactionValue: Field 8: Version = 1 (type: uint32)
ELECTRUM: getTransactionValue: Field 9: Vin = [{ 0x1400027a760 4294967295 de930c6a79fee7539b02f4c82c267aa576c2769d52deb0d469253a527844a297 1}] (type: []electrum.Vin)
ELECTRUM: getTransactionValue: Field 10: Vout = [{0 {[] 1 de11facba0f9f7fbb84eaa49179743bd4340fb7995c61dced4c5d9ff33083d12 5120de11facba0f9f7fbb84eaa49179743bd4340fb7995c61dced4c5d9ff33083d12 0 witness_v1_taproot} 0.10612024} {1 {[] 1 cdff7d5c8e467c6bf94cf6873df7528de9e9cf2f4996e1d1aff1eb26ad3e2add 5120cdff7d5c8e467c6bf94cf6873df7528de9e9cf2f4996e1d1aff1eb26ad3e2add 0 witness_v1_taproot} 0.00012844}] (type: []electrum.Vout)
ELECTRUM: getTransactionValue: Field 11: Merkle = {[] 0 0} (type: electrum.GetMerkleProofResult)
ELECTRUM: getTransactionValue: Processing 2 Vout entries for transaction 358ed5e554073681bfff88d67684b6960bbb7e4d37503572eb4509608a94a2bb
ELECTRUM: getTransactionValue: Processing Vout entry 0 for transaction 358ed5e554073681bfff88d67684b6960bbb7e4d37503572eb4509608a94a2bb
ELECTRUM: getTransactionValue: Vout[0] Field 0: N = 0 (type: uint32)
ELECTRUM: getTransactionValue: Vout[0] Field 1: ScriptPubkey = {[] 1 de11facba0f9f7fbb84eaa49179743bd4340fb7995c61dced4c5d9ff33083d12 5120de11facba0f9f7fbb84eaa49179743bd4340fb7995c61dced4c5d9ff33083d12 0 witness_v1_taproot} (type: electrum.ScriptPubkey)
ELECTRUM: getTransactionValue: Vout[0] Field 2: Value = 0.10612024 (type: float64)
ELECTRUM: getTransactionValue: Vout[0] has value 0.106120 BTC (10612024 satoshis)
ELECTRUM: getTransactionValue: Vout[0] ScriptPubkey type: electrum.ScriptPubkey
ELECTRUM: getTransactionValue: Vout[0] ScriptPubkey has 5 fields
ELECTRUM: getTransactionValue: Vout[0] ScriptPubkey Field 0: Addresses = [] (type: []string)
ELECTRUM: getTransactionValue: Vout[0] ScriptPubkey Field 1: Asm = 1 de11facba0f9f7fbb84eaa49179743bd4340fb7995c61dced4c5d9ff33083d12 (type: string)
ELECTRUM: getTransactionValue: Vout[0] ScriptPubkey Field 2: Hex = 5120de11facba0f9f7fbb84eaa49179743bd4340fb7995c61dced4c5d9ff33083d12 (type: string)
ELECTRUM: getTransactionValue: Vout[0] ScriptPubkey Field 3: ReqSigs = 0 (type: uint32)
ELECTRUM: getTransactionValue: Vout[0] ScriptPubkey Field 4: Type = witness_v1_taproot (type: string)
ELECTRUM: getTransactionValue: Vout[0] extracted script hex from Hex field: 5120de11facba0f9f7fbb84eaa49179743bd4340fb7995c61dced4c5d9ff33083d12
ELECTRUM: getTransactionValue: Vout[0] calculated script hash: 03e0e5ccca6dfc4a065094b501d8ac4bea894dc49e358fff19e8b4a199a9dd94, target: cfc6755ee8113d01dd7f0146742b825bb2c4d99fbe07b6ddc5f0d9d3ef4862f2
ELECTRUM: getTransactionValue: Vout[0] does not match our script hash, skipping
ELECTRUM: getTransactionValue: Processing Vout entry 1 for transaction 358ed5e554073681bfff88d67684b6960bbb7e4d37503572eb4509608a94a2bb
ELECTRUM: getTransactionValue: Vout[1] Field 0: N = 1 (type: uint32)
ELECTRUM: getTransactionValue: Vout[1] Field 1: ScriptPubkey = {[] 1 cdff7d5c8e467c6bf94cf6873df7528de9e9cf2f4996e1d1aff1eb26ad3e2add 5120cdff7d5c8e467c6bf94cf6873df7528de9e9cf2f4996e1d1aff1eb26ad3e2add 0 witness_v1_taproot} (type: electrum.ScriptPubkey)
ELECTRUM: getTransactionValue: Vout[1] Field 2: Value = 0.00012844 (type: float64)
ELECTRUM: getTransactionValue: Vout[1] has value 0.000128 BTC (12844 satoshis)
ELECTRUM: getTransactionValue: Vout[1] ScriptPubkey type: electrum.ScriptPubkey
ELECTRUM: getTransactionValue: Vout[1] ScriptPubkey has 5 fields
ELECTRUM: getTransactionValue: Vout[1] ScriptPubkey Field 0: Addresses = [] (type: []string)
ELECTRUM: getTransactionValue: Vout[1] ScriptPubkey Field 1: Asm = 1 cdff7d5c8e467c6bf94cf6873df7528de9e9cf2f4996e1d1aff1eb26ad3e2add (type: string)
ELECTRUM: getTransactionValue: Vout[1] ScriptPubkey Field 2: Hex = 5120cdff7d5c8e467c6bf94cf6873df7528de9e9cf2f4996e1d1aff1eb26ad3e2add (type: string)
ELECTRUM: getTransactionValue: Vout[1] ScriptPubkey Field 3: ReqSigs = 0 (type: uint32)
ELECTRUM: getTransactionValue: Vout[1] ScriptPubkey Field 4: Type = witness_v1_taproot (type: string)
ELECTRUM: getTransactionValue: Vout[1] extracted script hex from Hex field: 5120cdff7d5c8e467c6bf94cf6873df7528de9e9cf2f4996e1d1aff1eb26ad3e2add
ELECTRUM: getTransactionValue: Vout[1] calculated script hash: cfc6755ee8113d01dd7f0146742b825bb2c4d99fbe07b6ddc5f0d9d3ef4862f2, target: cfc6755ee8113d01dd7f0146742b825bb2c4d99fbe07b6ddc5f0d9d3ef4862f2
ELECTRUM: getTransactionValue: Vout[1] matches our script hash, adding 12844 satoshis
ELECTRUM: buildTransactionDetail: Transaction 358ed5e554073681bfff88d67684b6960bbb7e4d37503572eb4509608a94a2bb has actual value 12844 satoshis
2025/09/16 14:45:52 ELECTRUM: GetBlockHash called for height: 4670343
2025/09/16 14:45:52 ELECTRUM: Found transaction 358ed5e554073681bfff88d67684b6960bbb7e4d37503572eb4509608a94a2bb for script hash cfc6755ee8113d01dd7f0146742b825bb2c4d99fbe07b6ddc5f0d9d3ef4862f2 (confirmations: 814, value: 12844)
2025/09/16 14:45:52 ELECTRUM: Sending relevant transaction notification for 358ed5e554073681bfff88d67684b6960bbb7e4d37503572eb4509608a94a2bb
2025/09/16 14:45:52 ELECTRUM: Transaction 358ed5e554073681bfff88d67684b6960bbb7e4d37503572eb4509608a94a2bb already processed globally, skipping duplicate notification
2025/09/16 14:45:52 ELECTRUM: Script hash 15bf6986842102e96df220461b8cfa26e5306ee0eedd007d5dddd821d6745563 status changed from 15bf6986842102e96df220461b8cfa26e5306ee0eedd007d5dddd821d6745563 to tx_count:1,latest_height:4670036 - new transactions detected!
2025/09/16 14:45:52 ELECTRUM: Handling script hash update for 15bf6986842102e96df220461b8cfa26e5306ee0eedd007d5dddd821d6745563
2025/09/16 14:45:53 ELECTRUM: Found 1 transactions for script hash 15bf6986842102e96df220461b8cfa26e5306ee0eedd007d5dddd821d6745563
2025/09/16 14:45:53 ELECTRUM: Processing transaction 0 for script hash 15bf6986842102e96df220461b8cfa26e5306ee0eedd007d5dddd821d6745563
ELECTRUM: buildTransactionDetail called with entry type: *electrum.GetMempoolResult
ELECTRUM: buildTransactionDetail: Transaction 1ecd261bcd0685971ea43cbbd12631a449a1765f67f90c3813c8a6b8c93b86fc has height: 4670036
ELECTRUM: buildTransactionDetail: About to call GetTransaction for 1ecd261bcd0685971ea43cbbd12631a449a1765f67f90c3813c8a6b8c93b86fc
ELECTRUM: buildTransactionDetail: Getting transaction details for 1ecd261bcd0685971ea43cbbd12631a449a1765f67f90c3813c8a6b8c93b86fc
ELECTRUM: buildTransactionDetail: Successfully got transaction 1ecd261bcd0685971ea43cbbd12631a449a1765f67f90c3813c8a6b8c93b86fc
ELECTRUM: buildTransactionDetail: GetTransaction succeeded for 1ecd261bcd0685971ea43cbbd12631a449a1765f67f90c3813c8a6b8c93b86fc, processing result
ELECTRUM: buildTransactionDetail: Processing transaction result for 1ecd261bcd0685971ea43cbbd12631a449a1765f67f90c3813c8a6b8c93b86fc
ELECTRUM: buildTransactionDetail: Transaction result is not nil for 1ecd261bcd0685971ea43cbbd12631a449a1765f67f90c3813c8a6b8c93b86fc
ELECTRUM: buildTransactionDetail: Attempting to get actual value for transaction 1ecd261bcd0685971ea43cbbd12631a449a1765f67f90c3813c8a6b8c93b86fc
ELECTRUM: getTransactionValue: Transaction result type: *electrum.GetTransactionResult, fields: 12
ELECTRUM: getTransactionValue: Field 0: Blockhash = 0000000000015d41dd7639d096da19e5ae0307ffbea46adf233d0c7f779d7ed6 (type: string)
ELECTRUM: getTransactionValue: Field 1: Blocktime = 1758045809 (type: uint64)
ELECTRUM: getTransactionValue: Field 2: Confirmations = 1132 (type: int32)
ELECTRUM: getTransactionValue: Field 3: Hash = cf05190df9cf6a90cc51d827f7ee7d2dea6dd0ae479db0836805c5a49d0a21ff (type: string)
ELECTRUM: getTransactionValue: Field 4: Hex = 01000000000101c44822011a52f3c2aa57d9f7a6173a22e1cf6e062c46e3434a3ea5e17dca9c310000000000ffffffff0206430000000000002251206dadec86b602950d982192f31264475290bfe0b7f31e40eeffd5859a62e0ede4c852a200000000002251206cc89a54ee175a70d71d798e0adf3705ce2503da5526d77fd4f70abcb60522f001406f931887910e946d933885a6e1bb12bc8b9dc0fb319b052366fd2dbb2ccb84159e85d10dbd133ac346021695f88d2afeb336da5babb79e2b5c14b476a88f08bb00000000 (type: string)
ELECTRUM: getTransactionValue: Field 5: Locktime = 0 (type: uint32)
ELECTRUM: getTransactionValue: Field 6: Size = 205 (type: uint32)
ELECTRUM: getTransactionValue: Field 7: Time = 1758045809 (type: uint64)
ELECTRUM: getTransactionValue: Field 8: Version = 1 (type: uint32)
ELECTRUM: getTransactionValue: Field 9: Vin = [{ 0x1400027f1e0 4294967295 319cca7de1a53e4a43e3462c066ecfe1223a17a6f7d957aac2f3521a012248c4 0}] (type: []electrum.Vin)
ELECTRUM: getTransactionValue: Field 10: Vout = [{0 {[] 1 6dadec86b602950d982192f31264475290bfe0b7f31e40eeffd5859a62e0ede4 51206dadec86b602950d982192f31264475290bfe0b7f31e40eeffd5859a62e0ede4 0 witness_v1_taproot} 0.00017158} {1 {[] 1 6cc89a54ee175a70d71d798e0adf3705ce2503da5526d77fd4f70abcb60522f0 51206cc89a54ee175a70d71d798e0adf3705ce2503da5526d77fd4f70abcb60522f0 0 witness_v1_taproot} 0.10638024}] (type: []electrum.Vout)
ELECTRUM: getTransactionValue: Field 11: Merkle = {[] 0 0} (type: electrum.GetMerkleProofResult)
ELECTRUM: getTransactionValue: Processing 2 Vout entries for transaction 1ecd261bcd0685971ea43cbbd12631a449a1765f67f90c3813c8a6b8c93b86fc
ELECTRUM: getTransactionValue: Processing Vout entry 0 for transaction 1ecd261bcd0685971ea43cbbd12631a449a1765f67f90c3813c8a6b8c93b86fc
ELECTRUM: getTransactionValue: Vout[0] Field 0: N = 0 (type: uint32)
ELECTRUM: getTransactionValue: Vout[0] Field 1: ScriptPubkey = {[] 1 6dadec86b602950d982192f31264475290bfe0b7f31e40eeffd5859a62e0ede4 51206dadec86b602950d982192f31264475290bfe0b7f31e40eeffd5859a62e0ede4 0 witness_v1_taproot} (type: electrum.ScriptPubkey)
ELECTRUM: getTransactionValue: Vout[0] Field 2: Value = 0.00017158 (type: float64)
ELECTRUM: getTransactionValue: Vout[0] has value 0.000172 BTC (17158 satoshis)
ELECTRUM: getTransactionValue: Vout[0] ScriptPubkey type: electrum.ScriptPubkey
ELECTRUM: getTransactionValue: Vout[0] ScriptPubkey has 5 fields
ELECTRUM: getTransactionValue: Vout[0] ScriptPubkey Field 0: Addresses = [] (type: []string)
ELECTRUM: getTransactionValue: Vout[0] ScriptPubkey Field 1: Asm = 1 6dadec86b602950d982192f31264475290bfe0b7f31e40eeffd5859a62e0ede4 (type: string)
ELECTRUM: getTransactionValue: Vout[0] ScriptPubkey Field 2: Hex = 51206dadec86b602950d982192f31264475290bfe0b7f31e40eeffd5859a62e0ede4 (type: string)
ELECTRUM: getTransactionValue: Vout[0] ScriptPubkey Field 3: ReqSigs = 0 (type: uint32)
ELECTRUM: getTransactionValue: Vout[0] ScriptPubkey Field 4: Type = witness_v1_taproot (type: string)
ELECTRUM: getTransactionValue: Vout[0] extracted script hex from Hex field: 51206dadec86b602950d982192f31264475290bfe0b7f31e40eeffd5859a62e0ede4
ELECTRUM: getTransactionValue: Vout[0] calculated script hash: 15bf6986842102e96df220461b8cfa26e5306ee0eedd007d5dddd821d6745563, target: 15bf6986842102e96df220461b8cfa26e5306ee0eedd007d5dddd821d6745563
ELECTRUM: getTransactionValue: Vout[0] matches our script hash, adding 17158 satoshis
ELECTRUM: getTransactionValue: Processing Vout entry 1 for transaction 1ecd261bcd0685971ea43cbbd12631a449a1765f67f90c3813c8a6b8c93b86fc
ELECTRUM: getTransactionValue: Vout[1] Field 0: N = 1 (type: uint32)
ELECTRUM: getTransactionValue: Vout[1] Field 1: ScriptPubkey = {[] 1 6cc89a54ee175a70d71d798e0adf3705ce2503da5526d77fd4f70abcb60522f0 51206cc89a54ee175a70d71d798e0adf3705ce2503da5526d77fd4f70abcb60522f0 0 witness_v1_taproot} (type: electrum.ScriptPubkey)
ELECTRUM: getTransactionValue: Vout[1] Field 2: Value = 0.10638024 (type: float64)
ELECTRUM: getTransactionValue: Vout[1] has value 0.106380 BTC (10638024 satoshis)
ELECTRUM: getTransactionValue: Vout[1] ScriptPubkey type: electrum.ScriptPubkey
ELECTRUM: getTransactionValue: Vout[1] ScriptPubkey has 5 fields
ELECTRUM: getTransactionValue: Vout[1] ScriptPubkey Field 0: Addresses = [] (type: []string)
ELECTRUM: getTransactionValue: Vout[1] ScriptPubkey Field 1: Asm = 1 6cc89a54ee175a70d71d798e0adf3705ce2503da5526d77fd4f70abcb60522f0 (type: string)
ELECTRUM: getTransactionValue: Vout[1] ScriptPubkey Field 2: Hex = 51206cc89a54ee175a70d71d798e0adf3705ce2503da5526d77fd4f70abcb60522f0 (type: string)
ELECTRUM: getTransactionValue: Vout[1] ScriptPubkey Field 3: ReqSigs = 0 (type: uint32)
ELECTRUM: getTransactionValue: Vout[1] ScriptPubkey Field 4: Type = witness_v1_taproot (type: string)
ELECTRUM: getTransactionValue: Vout[1] extracted script hex from Hex field: 51206cc89a54ee175a70d71d798e0adf3705ce2503da5526d77fd4f70abcb60522f0
ELECTRUM: getTransactionValue: Vout[1] calculated script hash: e86f3f3f4929bec039bb0229be9edb8343b43af2081e5037fb2094134bb9583b, target: 15bf6986842102e96df220461b8cfa26e5306ee0eedd007d5dddd821d6745563
ELECTRUM: getTransactionValue: Vout[1] does not match our script hash, skipping
ELECTRUM: buildTransactionDetail: Transaction 1ecd261bcd0685971ea43cbbd12631a449a1765f67f90c3813c8a6b8c93b86fc has actual value 17158 satoshis
2025/09/16 14:45:53 ELECTRUM: GetBlockHash called for height: 4670036
2025/09/16 14:45:53 ELECTRUM: Found transaction 1ecd261bcd0685971ea43cbbd12631a449a1765f67f90c3813c8a6b8c93b86fc for script hash 15bf6986842102e96df220461b8cfa26e5306ee0eedd007d5dddd821d6745563 (confirmations: 1121, value: 17158)
2025/09/16 14:45:53 ELECTRUM: Sending relevant transaction notification for 1ecd261bcd0685971ea43cbbd12631a449a1765f67f90c3813c8a6b8c93b86fc
2025/09/16 14:45:53 ELECTRUM: Transaction 1ecd261bcd0685971ea43cbbd12631a449a1765f67f90c3813c8a6b8c93b86fc already processed globally, skipping duplicate notification
2025/09/16 14:45:54 ELECTRUM: Script hash a316d302121d1b62c9b4ec3de415b72930916c9b2fecde6d85dcb59e82024e3d status changed from a316d302121d1b62c9b4ec3de415b72930916c9b2fecde6d85dcb59e82024e3d to tx_count:0 - new transactions detected!
2025/09/16 14:45:54 ELECTRUM: Handling script hash update for a316d302121d1b62c9b4ec3de415b72930916c9b2fecde6d85dcb59e82024e3d
2025-09-16 14:45:54.248 [DBG] LTND lnd.go:727: Syncing to block chain rev=08ae35 best_block_time="2025-09-16 14:45:23 -0400 EDT" is_synced=false
2025/09/16 14:45:54 ELECTRUM: Found 0 transactions for script hash a316d302121d1b62c9b4ec3de415b72930916c9b2fecde6d85dcb59e82024e3d
2025/09/16 14:45:54 ELECTRUM: Script hash b66131e80f4d50ca98ca6c1a4944746699c609136ce4aa4b4f162dd9de3dfe6d status changed from b66131e80f4d50ca98ca6c1a4944746699c609136ce4aa4b4f162dd9de3dfe6d to tx_count:0 - new transactions detected!
2025/09/16 14:45:54 ELECTRUM: Handling script hash update for b66131e80f4d50ca98ca6c1a4944746699c609136ce4aa4b4f162dd9de3dfe6d
2025/09/16 14:45:54 ELECTRUM: Found 0 transactions for script hash b66131e80f4d50ca98ca6c1a4944746699c609136ce4aa4b4f162dd9de3dfe6d
2025/09/16 14:45:55 ELECTRUM: Script hash 8578ba4feebf5378a3775363d531f253b8fbf9b00df139d1346ef1cbb8d17245 status changed from 8578ba4feebf5378a3775363d531f253b8fbf9b00df139d1346ef1cbb8d17245 to tx_count:1,latest_height:4660782 - new transactions detected!
2025/09/16 14:45:55 ELECTRUM: Handling script hash update for 8578ba4feebf5378a3775363d531f253b8fbf9b00df139d1346ef1cbb8d17245
2025/09/16 14:45:55 ELECTRUM: GetBestBlock called
2025/09/16 14:45:55 ELECTRUM: Subscribing to headers to get current height
2025/09/16 14:45:55 ELECTRUM: Found 1 transactions for script hash 8578ba4feebf5378a3775363d531f253b8fbf9b00df139d1346ef1cbb8d17245
2025/09/16 14:45:55 ELECTRUM: Processing transaction 0 for script hash 8578ba4feebf5378a3775363d531f253b8fbf9b00df139d1346ef1cbb8d17245
ELECTRUM: buildTransactionDetail called with entry type: *electrum.GetMempoolResult
ELECTRUM: buildTransactionDetail: Transaction 53c28422f27e5b7d71977dfbc73a0c85480a9d618c75b05b4cbaf178747f914b has height: 4660782
ELECTRUM: buildTransactionDetail: About to call GetTransaction for 53c28422f27e5b7d71977dfbc73a0c85480a9d618c75b05b4cbaf178747f914b
ELECTRUM: buildTransactionDetail: Getting transaction details for 53c28422f27e5b7d71977dfbc73a0c85480a9d618c75b05b4cbaf178747f914b
2025/09/16 14:45:55 ELECTRUM: Got current height 4671168 from headers subscription
2025/09/16 14:45:55 ELECTRUM: Returning hash 0000000000001edcea902cf41753a1369755e3133b3f968be4a5b89ee905e4c1 for height 4671168 (from headers subscription)
2025/09/16 14:45:55 ELECTRUM: GetBlockHeader called for hash: 0000000000001edcea902cf41753a1369755e3133b3f968be4a5b89ee905e4c1
2025/09/16 14:45:55 ELECTRUM: GetBestBlock called
2025/09/16 14:45:55 ELECTRUM: Subscribing to headers to get current height
ELECTRUM: buildTransactionDetail: Successfully got transaction 53c28422f27e5b7d71977dfbc73a0c85480a9d618c75b05b4cbaf178747f914b
ELECTRUM: buildTransactionDetail: GetTransaction succeeded for 53c28422f27e5b7d71977dfbc73a0c85480a9d618c75b05b4cbaf178747f914b, processing result
ELECTRUM: buildTransactionDetail: Processing transaction result for 53c28422f27e5b7d71977dfbc73a0c85480a9d618c75b05b4cbaf178747f914b
ELECTRUM: buildTransactionDetail: Transaction result is not nil for 53c28422f27e5b7d71977dfbc73a0c85480a9d618c75b05b4cbaf178747f914b
ELECTRUM: buildTransactionDetail: Attempting to get actual value for transaction 53c28422f27e5b7d71977dfbc73a0c85480a9d618c75b05b4cbaf178747f914b
2025/09/16 14:45:55 ELECTRUM: Got current height 4671168 from headers subscription
2025/09/16 14:45:55 ELECTRUM: Returning hash 0000000000001edcea902cf41753a1369755e3133b3f968be4a5b89ee905e4c1 for height 4671168 (from headers subscription)
ELECTRUM: getTransactionValue: Transaction result type: *electrum.GetTransactionResult, fields: 12
ELECTRUM: getTransactionValue: Field 0: Blockhash = 0000000000000042e460b9fad2e9532cf1cc3f4170a53d9d26ab6e78ff236847 (type: string)
ELECTRUM: getTransactionValue: Field 1: Blocktime = 1757981159 (type: uint64)
ELECTRUM: getTransactionValue: Field 2: Confirmations = 10387 (type: int32)
ELECTRUM: getTransactionValue: Field 3: Hash = 15c263df20efdbc1e9a831e492e4448bfae81a419aebddaf1cdaa9581e5886ec (type: string)
ELECTRUM: getTransactionValue: Field 4: Hex = 01000000000101e1a363336ff7bf5c9cfe66dd6f03620ebcf0a6c9a8500fcd9ad509606e08c27f0000000000ffffffff026198a300000000002251201edf63902042b3252443e16248200720e90b315f7e4512f05583cc0e49e6c07dd721000000000000225120669dc55941fc359c7d17b11951e6fb61c292c6d2a1bc1cc85db45026c7a5f78f0140a7bf98f7dbc055da2864c132b6e28616cee30297c3b4432b31f725f1f3eac4f52fa39ab8a351aa1c2a07848c8657f223f648ba92739e8ca06bd8acf140ecacbb00000000 (type: string)
ELECTRUM: getTransactionValue: Field 5: Locktime = 0 (type: uint32)
ELECTRUM: getTransactionValue: Field 6: Size = 205 (type: uint32)
ELECTRUM: getTransactionValue: Field 7: Time = 1757981159 (type: uint64)
ELECTRUM: getTransactionValue: Field 8: Version = 1 (type: uint32)
ELECTRUM: getTransactionValue: Field 9: Vin = [{ 0x1400027fce0 4294967295 7fc2086e6009d59acd0f50a8c9a6f0bc0e62036fdd66fe9c5cbff76f3363a3e1 0}] (type: []electrum.Vin)
ELECTRUM: getTransactionValue: Field 10: Vout = [{0 {[] 1 1edf63902042b3252443e16248200720e90b315f7e4512f05583cc0e49e6c07d 51201edf63902042b3252443e16248200720e90b315f7e4512f05583cc0e49e6c07d 0 witness_v1_taproot} 0.10721377} {1 {[] 1 669dc55941fc359c7d17b11951e6fb61c292c6d2a1bc1cc85db45026c7a5f78f 5120669dc55941fc359c7d17b11951e6fb61c292c6d2a1bc1cc85db45026c7a5f78f 0 witness_v1_taproot} 8.663e-05}] (type: []electrum.Vout)
ELECTRUM: getTransactionValue: Field 11: Merkle = {[] 0 0} (type: electrum.GetMerkleProofResult)
ELECTRUM: getTransactionValue: Processing 2 Vout entries for transaction 53c28422f27e5b7d71977dfbc73a0c85480a9d618c75b05b4cbaf178747f914b
ELECTRUM: getTransactionValue: Processing Vout entry 0 for transaction 53c28422f27e5b7d71977dfbc73a0c85480a9d618c75b05b4cbaf178747f914b
ELECTRUM: getTransactionValue: Vout[0] Field 0: N = 0 (type: uint32)
ELECTRUM: getTransactionValue: Vout[0] Field 1: ScriptPubkey = {[] 1 1edf63902042b3252443e16248200720e90b315f7e4512f05583cc0e49e6c07d 51201edf63902042b3252443e16248200720e90b315f7e4512f05583cc0e49e6c07d 0 witness_v1_taproot} (type: electrum.ScriptPubkey)
ELECTRUM: getTransactionValue: Vout[0] Field 2: Value = 0.10721377 (type: float64)
ELECTRUM: getTransactionValue: Vout[0] has value 0.107214 BTC (10721377 satoshis)
ELECTRUM: getTransactionValue: Vout[0] ScriptPubkey type: electrum.ScriptPubkey
ELECTRUM: getTransactionValue: Vout[0] ScriptPubkey has 5 fields
ELECTRUM: getTransactionValue: Vout[0] ScriptPubkey Field 0: Addresses = [] (type: []string)
ELECTRUM: getTransactionValue: Vout[0] ScriptPubkey Field 1: Asm = 1 1edf63902042b3252443e16248200720e90b315f7e4512f05583cc0e49e6c07d (type: string)
ELECTRUM: getTransactionValue: Vout[0] ScriptPubkey Field 2: Hex = 51201edf63902042b3252443e16248200720e90b315f7e4512f05583cc0e49e6c07d (type: string)
ELECTRUM: getTransactionValue: Vout[0] ScriptPubkey Field 3: ReqSigs = 0 (type: uint32)
ELECTRUM: getTransactionValue: Vout[0] ScriptPubkey Field 4: Type = witness_v1_taproot (type: string)
ELECTRUM: getTransactionValue: Vout[0] extracted script hex from Hex field: 51201edf63902042b3252443e16248200720e90b315f7e4512f05583cc0e49e6c07d
ELECTRUM: getTransactionValue: Vout[0] calculated script hash: ecafa67b1773168b4fb6c72f570956f426e9587530e4e08c911f95c5e7bf21ea, target: 8578ba4feebf5378a3775363d531f253b8fbf9b00df139d1346ef1cbb8d17245
ELECTRUM: getTransactionValue: Vout[0] does not match our script hash, skipping
ELECTRUM: getTransactionValue: Processing Vout entry 1 for transaction 53c28422f27e5b7d71977dfbc73a0c85480a9d618c75b05b4cbaf178747f914b
ELECTRUM: getTransactionValue: Vout[1] Field 0: N = 1 (type: uint32)
ELECTRUM: getTransactionValue: Vout[1] Field 1: ScriptPubkey = {[] 1 669dc55941fc359c7d17b11951e6fb61c292c6d2a1bc1cc85db45026c7a5f78f 5120669dc55941fc359c7d17b11951e6fb61c292c6d2a1bc1cc85db45026c7a5f78f 0 witness_v1_taproot} (type: electrum.ScriptPubkey)
ELECTRUM: getTransactionValue: Vout[1] Field 2: Value = 8.663e-05 (type: float64)
ELECTRUM: getTransactionValue: Vout[1] has value 0.000087 BTC (8663 satoshis)
ELECTRUM: getTransactionValue: Vout[1] ScriptPubkey type: electrum.ScriptPubkey
ELECTRUM: getTransactionValue: Vout[1] ScriptPubkey has 5 fields
ELECTRUM: getTransactionValue: Vout[1] ScriptPubkey Field 0: Addresses = [] (type: []string)
ELECTRUM: getTransactionValue: Vout[1] ScriptPubkey Field 1: Asm = 1 669dc55941fc359c7d17b11951e6fb61c292c6d2a1bc1cc85db45026c7a5f78f (type: string)
ELECTRUM: getTransactionValue: Vout[1] ScriptPubkey Field 2: Hex = 5120669dc55941fc359c7d17b11951e6fb61c292c6d2a1bc1cc85db45026c7a5f78f (type: string)
ELECTRUM: getTransactionValue: Vout[1] ScriptPubkey Field 3: ReqSigs = 0 (type: uint32)
ELECTRUM: getTransactionValue: Vout[1] ScriptPubkey Field 4: Type = witness_v1_taproot (type: string)
ELECTRUM: getTransactionValue: Vout[1] extracted script hex from Hex field: 5120669dc55941fc359c7d17b11951e6fb61c292c6d2a1bc1cc85db45026c7a5f78f
ELECTRUM: getTransactionValue: Vout[1] calculated script hash: 8578ba4feebf5378a3775363d531f253b8fbf9b00df139d1346ef1cbb8d17245, target: 8578ba4feebf5378a3775363d531f253b8fbf9b00df139d1346ef1cbb8d17245
ELECTRUM: getTransactionValue: Vout[1] matches our script hash, adding 8663 satoshis
ELECTRUM: buildTransactionDetail: Transaction 53c28422f27e5b7d71977dfbc73a0c85480a9d618c75b05b4cbaf178747f914b has actual value 8663 satoshis
2025/09/16 14:45:55 ELECTRUM: GetBlockHash called for height: 4660782
2025-09-16 14:45:55.966 [DBG] LTND lnd.go:727: Syncing to block chain rev=08ae35 best_block_time="2025-09-16 14:45:51 -0400 EDT" is_synced=false
2025/09/16 14:45:56 ELECTRUM: Found transaction 53c28422f27e5b7d71977dfbc73a0c85480a9d618c75b05b4cbaf178747f914b for script hash 8578ba4feebf5378a3775363d531f253b8fbf9b00df139d1346ef1cbb8d17245 (confirmations: 10387, value: 8663)
2025/09/16 14:45:56 ELECTRUM: Sending relevant transaction notification for 53c28422f27e5b7d71977dfbc73a0c85480a9d618c75b05b4cbaf178747f914b
2025/09/16 14:45:56 ELECTRUM: Transaction 53c28422f27e5b7d71977dfbc73a0c85480a9d618c75b05b4cbaf178747f914b already processed globally, skipping duplicate notification
2025/09/16 14:45:56 ELECTRUM: Script hash 772c610aa6b1b17496234e4d5e817a7bb5a9bedae737ff88e3f62109756fbe0f status changed from 772c610aa6b1b17496234e4d5e817a7bb5a9bedae737ff88e3f62109756fbe0f to tx_count:0 - new transactions detected!
2025/09/16 14:45:56 ELECTRUM: Handling script hash update for 772c610aa6b1b17496234e4d5e817a7bb5a9bedae737ff88e3f62109756fbe0f
2025/09/16 14:45:56 ELECTRUM: Found 0 transactions for script hash 772c610aa6b1b17496234e4d5e817a7bb5a9bedae737ff88e3f62109756fbe0f
2025/09/16 14:45:56 ELECTRUM: Script hash 8c695d50cc3c9b971f716464bca5a0adcd8d5334c79d76ffe4776646c0a2228f status changed from 8c695d50cc3c9b971f716464bca5a0adcd8d5334c79d76ffe4776646c0a2228f to tx_count:1,latest_height:4661549 - new transactions detected!
2025/09/16 14:45:56 ELECTRUM: Handling script hash update for 8c695d50cc3c9b971f716464bca5a0adcd8d5334c79d76ffe4776646c0a2228f
2025/09/16 14:45:56 ELECTRUM: GetBestBlock called
2025/09/16 14:45:56 ELECTRUM: Subscribing to headers to get current height
2025/09/16 14:45:57 ELECTRUM: Found 1 transactions for script hash 8c695d50cc3c9b971f716464bca5a0adcd8d5334c79d76ffe4776646c0a2228f
2025/09/16 14:45:57 ELECTRUM: Processing transaction 0 for script hash 8c695d50cc3c9b971f716464bca5a0adcd8d5334c79d76ffe4776646c0a2228f
ELECTRUM: buildTransactionDetail called with entry type: *electrum.GetMempoolResult
ELECTRUM: buildTransactionDetail: Transaction 57d7e5a301f0f54500424260dcc2b9825574b77e89a4f019d9af0df573bf443b has height: 4661549
ELECTRUM: buildTransactionDetail: About to call GetTransaction for 57d7e5a301f0f54500424260dcc2b9825574b77e89a4f019d9af0df573bf443b
ELECTRUM: buildTransactionDetail: Getting transaction details for 57d7e5a301f0f54500424260dcc2b9825574b77e89a4f019d9af0df573bf443b
2025/09/16 14:45:57 ELECTRUM: Got current height 4671169 from headers subscription
2025/09/16 14:45:57 ELECTRUM: Returning hash 000000000001f292845a1596f12ed178ce85f3d2e67b070a4419fc7463fd7d3e for height 4671169 (from headers subscription)
2025/09/16 14:45:57 ELECTRUM: GetBlockHeader called for hash: 000000000001f292845a1596f12ed178ce85f3d2e67b070a4419fc7463fd7d3e
2025/09/16 14:45:57 ELECTRUM: GetBestBlock called
2025/09/16 14:45:57 ELECTRUM: Subscribing to headers to get current height
ELECTRUM: buildTransactionDetail: Successfully got transaction 57d7e5a301f0f54500424260dcc2b9825574b77e89a4f019d9af0df573bf443b
ELECTRUM: buildTransactionDetail: GetTransaction succeeded for 57d7e5a301f0f54500424260dcc2b9825574b77e89a4f019d9af0df573bf443b, processing result
ELECTRUM: buildTransactionDetail: Processing transaction result for 57d7e5a301f0f54500424260dcc2b9825574b77e89a4f019d9af0df573bf443b
ELECTRUM: buildTransactionDetail: Transaction result is not nil for 57d7e5a301f0f54500424260dcc2b9825574b77e89a4f019d9af0df573bf443b
ELECTRUM: buildTransactionDetail: Attempting to get actual value for transaction 57d7e5a301f0f54500424260dcc2b9825574b77e89a4f019d9af0df573bf443b
2025/09/16 14:45:57 ELECTRUM: Got current height 4671169 from headers subscription
2025/09/16 14:45:57 ELECTRUM: Returning hash 000000000001f292845a1596f12ed178ce85f3d2e67b070a4419fc7463fd7d3e for height 4671169 (from headers subscription)
ELECTRUM: getTransactionValue: Transaction result type: *electrum.GetTransactionResult, fields: 12
ELECTRUM: getTransactionValue: Field 0: Blockhash = 000000000001e10a952d521ee1dd4fea2b58e4e4e38f36c973ebfc92e90fb7d6 (type: string)
ELECTRUM: getTransactionValue: Field 1: Blocktime = 1758029154 (type: uint64)
ELECTRUM: getTransactionValue: Field 2: Confirmations = 9621 (type: int32)
ELECTRUM: getTransactionValue: Field 3: Hash = 79257b4fbbb8885b6bbc2efecff4e9dfdb799a8871e223780cb54ac1ca15cb15 (type: string)
ELECTRUM: getTransactionValue: Field 4: Hex = 01000000000101abafdb07f6944dadbc3aeaea3d20af45d416365a07f02a3608e0015ba1c2ab510100000000ffffffff021f20a30000000000225120bcae08581d1e0f6c335d62afd89bfc1a4f70f2f3191847866e3d07ea86104f9beb1000000000000022512065ec4c7295d0d39b5161b6e707b5c6c799eaf3f16ffadf7607427e472221fc180140ee89d845610998471bac8849ed2b2273b8d0d3a8bab6f2f3403a904ea66a613d3d68645e2931e79f8f78dc5f46b75e56072a8822e873dee9f6b2b4094de36cd600000000 (type: string)
ELECTRUM: getTransactionValue: Field 5: Locktime = 0 (type: uint32)
ELECTRUM: getTransactionValue: Field 6: Size = 205 (type: uint32)
ELECTRUM: getTransactionValue: Field 7: Time = 1758029154 (type: uint64)
ELECTRUM: getTransactionValue: Field 8: Version = 1 (type: uint32)
ELECTRUM: getTransactionValue: Field 9: Vin = [{ 0x1400027afc0 4294967295 51abc2a15b01e008362af0075a3616d445af203deaea3abcad4d94f607dbafab 1}] (type: []electrum.Vin)
ELECTRUM: getTransactionValue: Field 10: Vout = [{0 {[] 1 bcae08581d1e0f6c335d62afd89bfc1a4f70f2f3191847866e3d07ea86104f9b 5120bcae08581d1e0f6c335d62afd89bfc1a4f70f2f3191847866e3d07ea86104f9b 0 witness_v1_taproot} 0.10690591} {1 {[] 1 65ec4c7295d0d39b5161b6e707b5c6c799eaf3f16ffadf7607427e472221fc18 512065ec4c7295d0d39b5161b6e707b5c6c799eaf3f16ffadf7607427e472221fc18 0 witness_v1_taproot} 4.331e-05}] (type: []electrum.Vout)
ELECTRUM: getTransactionValue: Field 11: Merkle = {[] 0 0} (type: electrum.GetMerkleProofResult)
ELECTRUM: getTransactionValue: Processing 2 Vout entries for transaction 57d7e5a301f0f54500424260dcc2b9825574b77e89a4f019d9af0df573bf443b
ELECTRUM: getTransactionValue: Processing Vout entry 0 for transaction 57d7e5a301f0f54500424260dcc2b9825574b77e89a4f019d9af0df573bf443b
ELECTRUM: getTransactionValue: Vout[0] Field 0: N = 0 (type: uint32)
ELECTRUM: getTransactionValue: Vout[0] Field 1: ScriptPubkey = {[] 1 bcae08581d1e0f6c335d62afd89bfc1a4f70f2f3191847866e3d07ea86104f9b 5120bcae08581d1e0f6c335d62afd89bfc1a4f70f2f3191847866e3d07ea86104f9b 0 witness_v1_taproot} (type: electrum.ScriptPubkey)
ELECTRUM: getTransactionValue: Vout[0] Field 2: Value = 0.10690591 (type: float64)
ELECTRUM: getTransactionValue: Vout[0] has value 0.106906 BTC (10690591 satoshis)
ELECTRUM: getTransactionValue: Vout[0] ScriptPubkey type: electrum.ScriptPubkey
ELECTRUM: getTransactionValue: Vout[0] ScriptPubkey has 5 fields
ELECTRUM: getTransactionValue: Vout[0] ScriptPubkey Field 0: Addresses = [] (type: []string)
ELECTRUM: getTransactionValue: Vout[0] ScriptPubkey Field 1: Asm = 1 bcae08581d1e0f6c335d62afd89bfc1a4f70f2f3191847866e3d07ea86104f9b (type: string)
ELECTRUM: getTransactionValue: Vout[0] ScriptPubkey Field 2: Hex = 5120bcae08581d1e0f6c335d62afd89bfc1a4f70f2f3191847866e3d07ea86104f9b (type: string)
ELECTRUM: getTransactionValue: Vout[0] ScriptPubkey Field 3: ReqSigs = 0 (type: uint32)
ELECTRUM: getTransactionValue: Vout[0] ScriptPubkey Field 4: Type = witness_v1_taproot (type: string)
ELECTRUM: getTransactionValue: Vout[0] extracted script hex from Hex field: 5120bcae08581d1e0f6c335d62afd89bfc1a4f70f2f3191847866e3d07ea86104f9b
ELECTRUM: getTransactionValue: Vout[0] calculated script hash: 3e1ff1200029e270b283707ae71fbc8812fb6e7c3bd2e19d5e45251eec1480de, target: 8c695d50cc3c9b971f716464bca5a0adcd8d5334c79d76ffe4776646c0a2228f
ELECTRUM: getTransactionValue: Vout[0] does not match our script hash, skipping
ELECTRUM: getTransactionValue: Processing Vout entry 1 for transaction 57d7e5a301f0f54500424260dcc2b9825574b77e89a4f019d9af0df573bf443b
ELECTRUM: getTransactionValue: Vout[1] Field 0: N = 1 (type: uint32)
ELECTRUM: getTransactionValue: Vout[1] Field 1: ScriptPubkey = {[] 1 65ec4c7295d0d39b5161b6e707b5c6c799eaf3f16ffadf7607427e472221fc18 512065ec4c7295d0d39b5161b6e707b5c6c799eaf3f16ffadf7607427e472221fc18 0 witness_v1_taproot} (type: electrum.ScriptPubkey)
ELECTRUM: getTransactionValue: Vout[1] Field 2: Value = 4.331e-05 (type: float64)
ELECTRUM: getTransactionValue: Vout[1] has value 0.000043 BTC (4331 satoshis)
ELECTRUM: getTransactionValue: Vout[1] ScriptPubkey type: electrum.ScriptPubkey
ELECTRUM: getTransactionValue: Vout[1] ScriptPubkey has 5 fields
ELECTRUM: getTransactionValue: Vout[1] ScriptPubkey Field 0: Addresses = [] (type: []string)
ELECTRUM: getTransactionValue: Vout[1] ScriptPubkey Field 1: Asm = 1 65ec4c7295d0d39b5161b6e707b5c6c799eaf3f16ffadf7607427e472221fc18 (type: string)
ELECTRUM: getTransactionValue: Vout[1] ScriptPubkey Field 2: Hex = 512065ec4c7295d0d39b5161b6e707b5c6c799eaf3f16ffadf7607427e472221fc18 (type: string)
ELECTRUM: getTransactionValue: Vout[1] ScriptPubkey Field 3: ReqSigs = 0 (type: uint32)
ELECTRUM: getTransactionValue: Vout[1] ScriptPubkey Field 4: Type = witness_v1_taproot (type: string)
ELECTRUM: getTransactionValue: Vout[1] extracted script hex from Hex field: 512065ec4c7295d0d39b5161b6e707b5c6c799eaf3f16ffadf7607427e472221fc18
ELECTRUM: getTransactionValue: Vout[1] calculated script hash: 8c695d50cc3c9b971f716464bca5a0adcd8d5334c79d76ffe4776646c0a2228f, target: 8c695d50cc3c9b971f716464bca5a0adcd8d5334c79d76ffe4776646c0a2228f
ELECTRUM: getTransactionValue: Vout[1] matches our script hash, adding 4331 satoshis
ELECTRUM: buildTransactionDetail: Transaction 57d7e5a301f0f54500424260dcc2b9825574b77e89a4f019d9af0df573bf443b has actual value 4331 satoshis
2025/09/16 14:45:57 ELECTRUM: GetBlockHash called for height: 4661549
2025-09-16 14:45:57.675 [DBG] LTND lnd.go:727: Syncing to block chain rev=08ae35 best_block_time="2025-09-16 14:45:53 -0400 EDT" is_synced=false
2025/09/16 14:45:57 ELECTRUM: Found transaction 57d7e5a301f0f54500424260dcc2b9825574b77e89a4f019d9af0df573bf443b for script hash 8c695d50cc3c9b971f716464bca5a0adcd8d5334c79d76ffe4776646c0a2228f (confirmations: 9621, value: 4331)
2025/09/16 14:45:57 ELECTRUM: Sending relevant transaction notification for 57d7e5a301f0f54500424260dcc2b9825574b77e89a4f019d9af0df573bf443b
2025/09/16 14:45:57 ELECTRUM: Transaction 57d7e5a301f0f54500424260dcc2b9825574b77e89a4f019d9af0df573bf443b already processed globally, skipping duplicate notification
2025/09/16 14:45:58 ELECTRUM: Script hash e1ad1f932ae867651ec2f60823054c788e2d4777cea966f5a9eb264a24750f03 status changed from e1ad1f932ae867651ec2f60823054c788e2d4777cea966f5a9eb264a24750f03 to tx_count:0 - new transactions detected!
2025/09/16 14:45:58 ELECTRUM: Handling script hash update for e1ad1f932ae867651ec2f60823054c788e2d4777cea966f5a9eb264a24750f03
2025/09/16 14:45:58 ELECTRUM: Found 0 transactions for script hash e1ad1f932ae867651ec2f60823054c788e2d4777cea966f5a9eb264a24750f03
2025/09/16 14:45:58 ELECTRUM: Script hash 6fc32843e990f987cd411ceb807c95b202cec6c3971e9cb4e6caa2b607feb8f5 status changed from 6fc32843e990f987cd411ceb807c95b202cec6c3971e9cb4e6caa2b607feb8f5 to tx_count:0 - new transactions detected!
2025/09/16 14:45:58 ELECTRUM: Handling script hash update for 6fc32843e990f987cd411ceb807c95b202cec6c3971e9cb4e6caa2b607feb8f5
2025/09/16 14:45:58 ELECTRUM: GetBestBlock called
2025/09/16 14:45:58 ELECTRUM: Subscribing to headers to get current height
2025/09/16 14:45:58 ELECTRUM: Found 0 transactions for script hash 6fc32843e990f987cd411ceb807c95b202cec6c3971e9cb4e6caa2b607feb8f5
2025/09/16 14:45:58 ELECTRUM: Got current height 4671169 from headers subscription
2025/09/16 14:45:58 ELECTRUM: Returning hash 000000000001f292845a1596f12ed178ce85f3d2e67b070a4419fc7463fd7d3e for height 4671169 (from headers subscription)
2025/09/16 14:45:58 ELECTRUM: GetBlockHeader called for hash: 000000000001f292845a1596f12ed178ce85f3d2e67b070a4419fc7463fd7d3e
2025/09/16 14:45:58 ELECTRUM: GetBestBlock called
2025/09/16 14:45:58 ELECTRUM: Subscribing to headers to get current height
2025/09/16 14:45:58 ELECTRUM: GetBestBlock called
2025/09/16 14:45:58 ELECTRUM: Subscribing to headers to get current height
2025-09-16 14:45:58.993 [DBG] RPCS interceptor.go:775: [/lnrpc.Lightning/WalletBalance] requested
2025/09/16 14:45:59 ELECTRUM: Script hash 28292b8697bd25f1db778ae58cac1627a8e4b8e7a4a5a427ff50d42bafd07e52 status changed from 28292b8697bd25f1db778ae58cac1627a8e4b8e7a4a5a427ff50d42bafd07e52 to tx_count:0 - new transactions detected!
2025/09/16 14:45:59 ELECTRUM: Handling script hash update for 28292b8697bd25f1db778ae58cac1627a8e4b8e7a4a5a427ff50d42bafd07e52
2025/09/16 14:45:59 ELECTRUM: Got current height 4671169 from headers subscription
2025/09/16 14:45:59 ELECTRUM: Returning hash 000000000001f292845a1596f12ed178ce85f3d2e67b070a4419fc7463fd7d3e for height 4671169 (from headers subscription)
2025/09/16 14:45:59 ELECTRUM: Got current height 4671169 from headers subscription
2025/09/16 14:45:59 ELECTRUM: Returning hash 000000000001f292845a1596f12ed178ce85f3d2e67b070a4419fc7463fd7d3e for height 4671169 (from headers subscription)
2025/09/16 14:45:59 ELECTRUM: Checking for new blocks - current: 4671169, last known: 4671155
2025/09/16 14:45:59 ELECTRUM: New block detected! Height: 4671169 (was 4671155)
2025/09/16 14:45:59 ELECTRUM: Sending block connected notification for height 4671169
2025/09/16 14:45:59 ELECTRUM: Block notification sent successfully for height 4671169
2025/09/16 14:45:59 ELECTRUM: Found 0 transactions for script hash 28292b8697bd25f1db778ae58cac1627a8e4b8e7a4a5a427ff50d42bafd07e52
2025-09-16 14:45:59.378 [DBG] LTND lnd.go:727: Syncing to block chain rev=08ae35 best_block_time="2025-09-16 14:45:53 -0400 EDT" is_synced=false
2025/09/16 14:45:59 ELECTRUM: Script hash 86be3f5bd32e85596af35440487dae22a79e6fb2679998d38f51fc323189b022 status changed from 86be3f5bd32e85596af35440487dae22a79e6fb2679998d38f51fc323189b022 to tx_count:0 - new transactions detected!
2025/09/16 14:45:59 ELECTRUM: Handling script hash update for 86be3f5bd32e85596af35440487dae22a79e6fb2679998d38f51fc323189b022
2025-09-16 14:45:59.656 [INF] BTWL btcwallet.go:823: BTCWALLET: ConfirmedBalance called with confs=0, accountFilter=default
2025-09-16 14:45:59.656 [INF] BTWL btcwallet.go:1541: BTCWALLET: Adding 11 discovered Electrum transactions to witness outputs
2025-09-16 14:45:59.656 [INF] BTWL btcwallet.go:823: BTCWALLET: ConfirmedBalance called with confs=1, accountFilter=default
2025-09-16 14:45:59.656 [INF] BTWL btcwallet.go:1541: BTCWALLET: Adding 11 discovered Electrum transactions to witness outputs
2025-09-16 14:45:59.656 [DBG] RPCS rpcserver.go:3746: [walletbalance] Total balance=0.00129314 BTC (confirmed=0.00129314 BTC, unconfirmed=0 BTC, locked=0 BTC)
2025/09/16 14:45:59 ELECTRUM: Found 0 transactions for script hash 86be3f5bd32e85596af35440487dae22a79e6fb2679998d38f51fc323189b022
2025/09/16 14:46:00 ELECTRUM: Script hash 68427e23296ee56cb016cf304d9d30df101c75d22e4198bc54dced0563ffea61 status changed from 68427e23296ee56cb016cf304d9d30df101c75d22e4198bc54dced0563ffea61 to tx_count:1,latest_height:4670278 - new transactions detected!
2025/09/16 14:46:00 ELECTRUM: Handling script hash update for 68427e23296ee56cb016cf304d9d30df101c75d22e4198bc54dced0563ffea61
2025/09/16 14:46:00 ELECTRUM: GetBestBlock called
2025/09/16 14:46:00 ELECTRUM: Subscribing to headers to get current height
2025/09/16 14:46:00 ELECTRUM: Found 1 transactions for script hash 68427e23296ee56cb016cf304d9d30df101c75d22e4198bc54dced0563ffea61
2025/09/16 14:46:00 ELECTRUM: Processing transaction 0 for script hash 68427e23296ee56cb016cf304d9d30df101c75d22e4198bc54dced0563ffea61
ELECTRUM: buildTransactionDetail called with entry type: *electrum.GetMempoolResult
ELECTRUM: buildTransactionDetail: Transaction de930c6a79fee7539b02f4c82c267aa576c2769d52deb0d469253a527844a297 has height: 4670278
ELECTRUM: buildTransactionDetail: About to call GetTransaction for de930c6a79fee7539b02f4c82c267aa576c2769d52deb0d469253a527844a297
ELECTRUM: buildTransactionDetail: Getting transaction details for de930c6a79fee7539b02f4c82c267aa576c2769d52deb0d469253a527844a297
2025/09/16 14:46:00 ELECTRUM: GetBestBlock called
2025/09/16 14:46:00 ELECTRUM: Subscribing to headers to get current height
2025/09/16 14:46:00 ELECTRUM: Got current height 4671169 from headers subscription
2025/09/16 14:46:00 ELECTRUM: Returning hash 000000000001f292845a1596f12ed178ce85f3d2e67b070a4419fc7463fd7d3e for height 4671169 (from headers subscription)
2025/09/16 14:46:00 ELECTRUM: Checking for new blocks - current: 4671169, last known: 4671156
2025/09/16 14:46:00 ELECTRUM: New block detected! Height: 4671169 (was 4671156)
2025/09/16 14:46:00 ELECTRUM: Sending block connected notification for height 4671169
2025/09/16 14:46:00 ELECTRUM: Block notification sent successfully for height 4671169
2025/09/16 14:46:00 ELECTRUM: GetBestBlock called
2025/09/16 14:46:00 ELECTRUM: Subscribing to headers to get current height
ELECTRUM: buildTransactionDetail: Successfully got transaction de930c6a79fee7539b02f4c82c267aa576c2769d52deb0d469253a527844a297
ELECTRUM: buildTransactionDetail: GetTransaction succeeded for de930c6a79fee7539b02f4c82c267aa576c2769d52deb0d469253a527844a297, processing result
ELECTRUM: buildTransactionDetail: Processing transaction result for de930c6a79fee7539b02f4c82c267aa576c2769d52deb0d469253a527844a297
ELECTRUM: buildTransactionDetail: Transaction result is not nil for de930c6a79fee7539b02f4c82c267aa576c2769d52deb0d469253a527844a297
ELECTRUM: buildTransactionDetail: Attempting to get actual value for transaction de930c6a79fee7539b02f4c82c267aa576c2769d52deb0d469253a527844a297
2025/09/16 14:46:00 ELECTRUM: Got current height 4671169 from headers subscription
2025/09/16 14:46:00 ELECTRUM: Returning hash 000000000001f292845a1596f12ed178ce85f3d2e67b070a4419fc7463fd7d3e for height 4671169 (from headers subscription)
2025/09/16 14:46:00 ELECTRUM: GetBlockHeader called for hash: 000000000001f292845a1596f12ed178ce85f3d2e67b070a4419fc7463fd7d3e
2025/09/16 14:46:00 ELECTRUM: GetBestBlock called
2025/09/16 14:46:00 ELECTRUM: Subscribing to headers to get current height
2025/09/16 14:46:00 ELECTRUM: Got current height 4671169 from headers subscription
2025/09/16 14:46:00 ELECTRUM: Returning hash 000000000001f292845a1596f12ed178ce85f3d2e67b070a4419fc7463fd7d3e for height 4671169 (from headers subscription)
2025/09/16 14:46:00 ELECTRUM: Checking for new blocks - current: 4671169, last known: 4671156
2025/09/16 14:46:00 ELECTRUM: New block detected! Height: 4671169 (was 4671156)
2025/09/16 14:46:00 ELECTRUM: Sending block connected notification for height 4671169
2025/09/16 14:46:00 ELECTRUM: Block notification sent successfully for height 4671169
ELECTRUM: getTransactionValue: Transaction result type: *electrum.GetTransactionResult, fields: 12
ELECTRUM: getTransactionValue: Field 0: Blockhash = 000000000001ae237ca6e03a201d57a11953683c957e09c2dd8bfbbe3222fde0 (type: string)
ELECTRUM: getTransactionValue: Field 1: Blocktime = 1758046330 (type: uint64)
ELECTRUM: getTransactionValue: Field 2: Confirmations = 892 (type: int32)
ELECTRUM: getTransactionValue: Field 3: Hash = 7f1fbefe05ffe2813299372a36a1d0aa278df8629130dfb28ffc67fc95e61a9e (type: string)
ELECTRUM: getTransactionValue: Field 4: Hex = 01000000000101fc863bc9b8a6c813380cf9675f76a149a43126d1bb3ca41e978506cd1b26cd1e0100000000ffffffff022c3200000000000022512001a20eaf717ba3c511c355ac769be3c00028bb30cb4711b0a2ac63358ba8dc190020a2000000000022512030f7623d02e535487795819d2517080257d7f00951c76dea0980ffc14b3e5f790140fb013b8bc60ddbb3aacd940eda56632d219fae4d02245cd95418df2ab8e9245734356bc907ab3d9b2925e637370e4e90c1efceb02fb6ff9af3135de4d9b3519b00000000 (type: string)
ELECTRUM: getTransactionValue: Field 5: Locktime = 0 (type: uint32)
ELECTRUM: getTransactionValue: Field 6: Size = 205 (type: uint32)
ELECTRUM: getTransactionValue: Field 7: Time = 1758046330 (type: uint64)
ELECTRUM: getTransactionValue: Field 8: Version = 1 (type: uint32)
ELECTRUM: getTransactionValue: Field 9: Vin = [{ 0x14000404940 4294967295 1ecd261bcd0685971ea43cbbd12631a449a1765f67f90c3813c8a6b8c93b86fc 1}] (type: []electrum.Vin)
ELECTRUM: getTransactionValue: Field 10: Vout = [{0 {[] 1 01a20eaf717ba3c511c355ac769be3c00028bb30cb4711b0a2ac63358ba8dc19 512001a20eaf717ba3c511c355ac769be3c00028bb30cb4711b0a2ac63358ba8dc19 0 witness_v1_taproot} 0.00012844} {1 {[] 1 30f7623d02e535487795819d2517080257d7f00951c76dea0980ffc14b3e5f79 512030f7623d02e535487795819d2517080257d7f00951c76dea0980ffc14b3e5f79 0 witness_v1_taproot} 0.10625024}] (type: []electrum.Vout)
ELECTRUM: getTransactionValue: Field 11: Merkle = {[] 0 0} (type: electrum.GetMerkleProofResult)
ELECTRUM: getTransactionValue: Processing 2 Vout entries for transaction de930c6a79fee7539b02f4c82c267aa576c2769d52deb0d469253a527844a297
ELECTRUM: getTransactionValue: Processing Vout entry 0 for transaction de930c6a79fee7539b02f4c82c267aa576c2769d52deb0d469253a527844a297
ELECTRUM: getTransactionValue: Vout[0] Field 0: N = 0 (type: uint32)
ELECTRUM: getTransactionValue: Vout[0] Field 1: ScriptPubkey = {[] 1 01a20eaf717ba3c511c355ac769be3c00028bb30cb4711b0a2ac63358ba8dc19 512001a20eaf717ba3c511c355ac769be3c00028bb30cb4711b0a2ac63358ba8dc19 0 witness_v1_taproot} (type: electrum.ScriptPubkey)
ELECTRUM: getTransactionValue: Vout[0] Field 2: Value = 0.00012844 (type: float64)
ELECTRUM: getTransactionValue: Vout[0] has value 0.000128 BTC (12844 satoshis)
ELECTRUM: getTransactionValue: Vout[0] ScriptPubkey type: electrum.ScriptPubkey
ELECTRUM: getTransactionValue: Vout[0] ScriptPubkey has 5 fields
ELECTRUM: getTransactionValue: Vout[0] ScriptPubkey Field 0: Addresses = [] (type: []string)
ELECTRUM: getTransactionValue: Vout[0] ScriptPubkey Field 1: Asm = 1 01a20eaf717ba3c511c355ac769be3c00028bb30cb4711b0a2ac63358ba8dc19 (type: string)
ELECTRUM: getTransactionValue: Vout[0] ScriptPubkey Field 2: Hex = 512001a20eaf717ba3c511c355ac769be3c00028bb30cb4711b0a2ac63358ba8dc19 (type: string)
ELECTRUM: getTransactionValue: Vout[0] ScriptPubkey Field 3: ReqSigs = 0 (type: uint32)
ELECTRUM: getTransactionValue: Vout[0] ScriptPubkey Field 4: Type = witness_v1_taproot (type: string)
ELECTRUM: getTransactionValue: Vout[0] extracted script hex from Hex field: 512001a20eaf717ba3c511c355ac769be3c00028bb30cb4711b0a2ac63358ba8dc19
ELECTRUM: getTransactionValue: Vout[0] calculated script hash: 68427e23296ee56cb016cf304d9d30df101c75d22e4198bc54dced0563ffea61, target: 68427e23296ee56cb016cf304d9d30df101c75d22e4198bc54dced0563ffea61
ELECTRUM: getTransactionValue: Vout[0] matches our script hash, adding 12844 satoshis
ELECTRUM: getTransactionValue: Processing Vout entry 1 for transaction de930c6a79fee7539b02f4c82c267aa576c2769d52deb0d469253a527844a297
ELECTRUM: getTransactionValue: Vout[1] Field 0: N = 1 (type: uint32)
ELECTRUM: getTransactionValue: Vout[1] Field 1: ScriptPubkey = {[] 1 30f7623d02e535487795819d2517080257d7f00951c76dea0980ffc14b3e5f79 512030f7623d02e535487795819d2517080257d7f00951c76dea0980ffc14b3e5f79 0 witness_v1_taproot} (type: electrum.ScriptPubkey)
ELECTRUM: getTransactionValue: Vout[1] Field 2: Value = 0.10625024 (type: float64)
ELECTRUM: getTransactionValue: Vout[1] has value 0.106250 BTC (10625024 satoshis)
ELECTRUM: getTransactionValue: Vout[1] ScriptPubkey type: electrum.ScriptPubkey
ELECTRUM: getTransactionValue: Vout[1] ScriptPubkey has 5 fields
ELECTRUM: getTransactionValue: Vout[1] ScriptPubkey Field 0: Addresses = [] (type: []string)
ELECTRUM: getTransactionValue: Vout[1] ScriptPubkey Field 1: Asm = 1 30f7623d02e535487795819d2517080257d7f00951c76dea0980ffc14b3e5f79 (type: string)
ELECTRUM: getTransactionValue: Vout[1] ScriptPubkey Field 2: Hex = 512030f7623d02e535487795819d2517080257d7f00951c76dea0980ffc14b3e5f79 (type: string)
ELECTRUM: getTransactionValue: Vout[1] ScriptPubkey Field 3: ReqSigs = 0 (type: uint32)
ELECTRUM: getTransactionValue: Vout[1] ScriptPubkey Field 4: Type = witness_v1_taproot (type: string)
ELECTRUM: getTransactionValue: Vout[1] extracted script hex from Hex field: 512030f7623d02e535487795819d2517080257d7f00951c76dea0980ffc14b3e5f79
ELECTRUM: getTransactionValue: Vout[1] calculated script hash: 1ed742a4087ec5c6236422bab46284b189f143bb5578b71a05b92d3bf9290470, target: 68427e23296ee56cb016cf304d9d30df101c75d22e4198bc54dced0563ffea61
ELECTRUM: getTransactionValue: Vout[1] does not match our script hash, skipping
ELECTRUM: buildTransactionDetail: Transaction de930c6a79fee7539b02f4c82c267aa576c2769d52deb0d469253a527844a297 has actual value 12844 satoshis
2025/09/16 14:46:00 ELECTRUM: GetBlockHash called for height: 4670278
2025/09/16 14:46:00 ELECTRUM: Got current height 4671169 from headers subscription
2025/09/16 14:46:00 ELECTRUM: Returning hash 000000000001f292845a1596f12ed178ce85f3d2e67b070a4419fc7463fd7d3e for height 4671169 (from headers subscription)
2025/09/16 14:46:01 ELECTRUM: Found transaction de930c6a79fee7539b02f4c82c267aa576c2769d52deb0d469253a527844a297 for script hash 68427e23296ee56cb016cf304d9d30df101c75d22e4198bc54dced0563ffea61 (confirmations: 892, value: 12844)
2025/09/16 14:46:01 ELECTRUM: Sending relevant transaction notification for de930c6a79fee7539b02f4c82c267aa576c2769d52deb0d469253a527844a297
2025/09/16 14:46:01 ELECTRUM: Transaction de930c6a79fee7539b02f4c82c267aa576c2769d52deb0d469253a527844a297 already processed globally, skipping duplicate notification
2025-09-16 14:46:01.093 [DBG] LTND lnd.go:727: Syncing to block chain rev=08ae35 best_block_time="2025-09-16 14:45:53 -0400 EDT" is_synced=false
2025/09/16 14:46:02 ELECTRUM: GetBestBlock called
2025/09/16 14:46:02 ELECTRUM: Subscribing to headers to get current height
2025/09/16 14:46:02 ELECTRUM: Got current height 4671170 from headers subscription
2025/09/16 14:46:02 ELECTRUM: Returning hash 0000000000029c99ecc9db9552b3140c2200b29bbedc1cd58e996ff394f94ef7 for height 4671170 (from headers subscription)
2025/09/16 14:46:02 ELECTRUM: GetBlockHeader called for hash: 0000000000029c99ecc9db9552b3140c2200b29bbedc1cd58e996ff394f94ef7
2025/09/16 14:46:02 ELECTRUM: GetBestBlock called
2025/09/16 14:46:02 ELECTRUM: Subscribing to headers to get current height
2025/09/16 14:46:02 ELECTRUM: Got current height 4671170 from headers subscription
2025/09/16 14:46:02 ELECTRUM: Returning hash 0000000000029c99ecc9db9552b3140c2200b29bbedc1cd58e996ff394f94ef7 for height 4671170 (from headers subscription)
2025-09-16 14:46:02.805 [DBG] LTND lnd.go:727: Syncing to block chain rev=08ae35 best_block_time="2025-09-16 14:45:55 -0400 EDT" is_synced=false
2025/09/16 14:46:03 ELECTRUM: GetBestBlock called
2025/09/16 14:46:03 ELECTRUM: Subscribing to headers to get current height
2025/09/16 14:46:04 ELECTRUM: Got current height 4671172 from headers subscription
2025/09/16 14:46:04 ELECTRUM: Returning hash 0000000000001af538e61ac4efba7ddbba31c787fd1e3e2bf128ba0435698acb for height 4671172 (from headers subscription)
2025/09/16 14:46:04 ELECTRUM: GetBlockHeader called for hash: 0000000000001af538e61ac4efba7ddbba31c787fd1e3e2bf128ba0435698acb
2025/09/16 14:46:04 ELECTRUM: GetBestBlock called
2025/09/16 14:46:04 ELECTRUM: Subscribing to headers to get current height
2025/09/16 14:46:04 ELECTRUM: Got current height 4671172 from headers subscription
2025/09/16 14:46:04 ELECTRUM: Returning hash 0000000000001af538e61ac4efba7ddbba31c787fd1e3e2bf128ba0435698acb for height 4671172 (from headers subscription)
2025-09-16 14:46:04.510 [DBG] LTND lnd.go:727: Syncing to block chain rev=08ae35 best_block_time="2025-09-16 14:46:02 -0400 EDT" is_synced=false
2025/09/16 14:46:05 ELECTRUM: GetBestBlock called
2025/09/16 14:46:05 ELECTRUM: Subscribing to headers to get current height
2025/09/16 14:46:05 ELECTRUM: Got current height 4671172 from headers subscription
2025/09/16 14:46:05 ELECTRUM: Returning hash 0000000000001af538e61ac4efba7ddbba31c787fd1e3e2bf128ba0435698acb for height 4671172 (from headers subscription)
2025/09/16 14:46:05 ELECTRUM: GetBlockHeader called for hash: 0000000000001af538e61ac4efba7ddbba31c787fd1e3e2bf128ba0435698acb
2025/09/16 14:46:05 ELECTRUM: GetBestBlock called
2025/09/16 14:46:05 ELECTRUM: Subscribing to headers to get current height
2025/09/16 14:46:05 ELECTRUM: Got current height 4671173 from headers subscription
2025/09/16 14:46:05 ELECTRUM: Returning hash 00000000000119980a48d44e04380077519cbab9bb86d8890dc5c1c6d5ebcc3d for height 4671173 (from headers subscription)
2025/09/16 14:46:28 ELECTRUM: GetBestBlock called
2025/09/16 14:46:28 ELECTRUM: Subscribing to headers to get current height
2025/09/16 14:46:29 ELECTRUM: Got current height 4671183 from headers subscription
2025/09/16 14:46:29 ELECTRUM: Returning hash 000000000001ed00d25ecd37c9ad14154922179f4aaace5c5e1894bc87bb4bce for height 4671183 (from headers subscription)
2025/09/16 14:46:29 ELECTRUM: Checking for new blocks - current: 4671183, last known: 4671169
2025/09/16 14:46:29 ELECTRUM: New block detected! Height: 4671183 (was 4671169)
2025/09/16 14:46:29 ELECTRUM: Sending block connected notification for height 4671183
2025/09/16 14:46:29 ELECTRUM: Block notification sent successfully for height 4671183
2025/09/16 14:46:30 ELECTRUM: GetBestBlock called
2025/09/16 14:46:30 ELECTRUM: Subscribing to headers to get current height
2025/09/16 14:46:30 ELECTRUM: Got current height 4671184 from headers subscription
2025/09/16 14:46:30 ELECTRUM: Returning hash 0000000000000f1d48f319fd04034022b27748be474562638c9fe0126c814758 for height 4671184 (from headers subscription)
2025/09/16 14:46:30 ELECTRUM: Checking for new blocks - current: 4671184, last known: 4671169
2025/09/16 14:46:30 ELECTRUM: New block detected! Height: 4671184 (was 4671169)
2025/09/16 14:46:30 ELECTRUM: Sending block connected notification for height 4671184
2025/09/16 14:46:30 ELECTRUM: Block notification sent successfully for height 4671184
2025/09/16 14:46:30 ELECTRUM: GetBestBlock called
2025/09/16 14:46:30 ELECTRUM: Subscribing to headers to get current height
2025-09-16 14:46:30.503 [DBG] LTND lnd.go:727: Syncing to block chain rev=08ae35 best_block_time="2025-09-16 14:46:02 -0400 EDT" is_synced=false
2025/09/16 14:46:30 ELECTRUM: Got current height 4671184 from headers subscription
2025/09/16 14:46:30 ELECTRUM: Returning hash 0000000000000f1d48f319fd04034022b27748be474562638c9fe0126c814758 for height 4671184 (from headers subscription)
2025/09/16 14:46:30 ELECTRUM: Checking for new blocks - current: 4671184, last known: 4671169
2025/09/16 14:46:30 ELECTRUM: New block detected! Height: 4671184 (was 4671169)
2025/09/16 14:46:30 ELECTRUM: Sending block connected notification for height 4671184
2025/09/16 14:46:30 ELECTRUM: Block notification sent successfully for height 4671184
2025/09/16 14:46:31 ELECTRUM: GetBestBlock called
2025/09/16 14:46:31 ELECTRUM: Subscribing to headers to get current height
2025/09/16 14:46:31 ELECTRUM: Got current height 4671185 from headers subscription
2025/09/16 14:46:31 ELECTRUM: Returning hash 00000000000041e64c27d8305b81c7da07765a25427b2444a7ea278e6e102691 for height 4671185 (from headers subscription)
2025/09/16 14:46:31 ELECTRUM: GetBlockHeader called for hash: 00000000000041e64c27d8305b81c7da07765a25427b2444a7ea278e6e102691
2025/09/16 14:46:31 ELECTRUM: GetBestBlock called
2025/09/16 14:46:31 ELECTRUM: Subscribing to headers to get current height
2025/09/16 14:46:31 ELECTRUM: Got current height 4671185 from headers subscription
2025/09/16 14:46:31 ELECTRUM: Returning hash 00000000000041e64c27d8305b81c7da07765a25427b2444a7ea278e6e102691 for height 4671185 (from headers subscription)
2025-09-16 14:46:32.213 [DBG] LTND lnd.go:727: Syncing to block chain rev=08ae35 best_block_time="2025-09-16 14:46:29 -0400 EDT" is_synced=false
2025/09/16 14:46:33 ELECTRUM: GetBestBlock called
2025/09/16 14:46:33 ELECTRUM: Subscribing to headers to get current height
2025/09/16 14:46:33 ELECTRUM: Got current height 4671186 from headers subscription
2025/09/16 14:46:33 ELECTRUM: Returning hash 000000000001cd92dd961c753c664e3f9bb2bcbe8650ab180030d248d7a7a986 for height 4671186 (from headers subscription)
2025/09/16 14:46:33 ELECTRUM: GetBlockHeader called for hash: 000000000001cd92dd961c753c664e3f9bb2bcbe8650ab180030d248d7a7a986
2025/09/16 14:46:33 ELECTRUM: GetBestBlock called
2025/09/16 14:46:33 ELECTRUM: Subscribing to headers to get current height
2025/09/16 14:46:33 ELECTRUM: Got current height 4671186 from headers subscription
2025/09/16 14:46:33 ELECTRUM: Returning hash 000000000001cd92dd961c753c664e3f9bb2bcbe8650ab180030d248d7a7a986 for height 4671186 (from headers subscription)
2025-09-16 14:46:33.935 [DBG] LTND lnd.go:727: Syncing to block chain rev=08ae35 best_block_time="2025-09-16 14:46:30 -0400 EDT" is_synced=false
2025/09/16 14:46:34 ELECTRUM: GetBestBlock called
2025/09/16 14:46:34 ELECTRUM: Subscribing to headers to get current height
2025/09/16 14:46:35 ELECTRUM: Got current height 4671187 from headers subscription
2025/09/16 14:46:35 ELECTRUM: Returning hash 000000000002654fc4fe97ca2ad74187bfc563684d0f1d7ae4efc1ffc0557209 for height 4671187 (from headers subscription)
2025/09/16 14:46:35 ELECTRUM: GetBlockHeader called for hash: 000000000002654fc4fe97ca2ad74187bfc563684d0f1d7ae4efc1ffc0557209
2025/09/16 14:46:35 ELECTRUM: GetBestBlock called
2025/09/16 14:46:35 ELECTRUM: Subscribing to headers to get current height
2025/09/16 14:46:35 ELECTRUM: Got current height 4671187 from headers subscription
2025/09/16 14:46:35 ELECTRUM: Returning hash 000000000002654fc4fe97ca2ad74187bfc563684d0f1d7ae4efc1ffc0557209 for height 4671187 (from headers subscription)
2025-09-16 14:46:35.666 [DBG] LTND lnd.go:727: Syncing to block chain rev=08ae35 best_block_time="2025-09-16 14:46:32 -0400 EDT" is_synced=false
2025/09/16 14:46:36 ELECTRUM: GetBestBlock called
2025/09/16 14:46:36 ELECTRUM: Subscribing to headers to get current height
2025/09/16 14:46:36 ELECTRUM: Got current height 4671187 from headers subscription
2025/09/16 14:46:36 ELECTRUM: Returning hash 000000000002654fc4fe97ca2ad74187bfc563684d0f1d7ae4efc1ffc0557209 for height 4671187 (from headers subscription)
2025/09/16 14:46:36 ELECTRUM: GetBlockHeader called for hash: 000000000002654fc4fe97ca2ad74187bfc563684d0f1d7ae4efc1ffc0557209
2025/09/16 14:46:36 ELECTRUM: GetBestBlock called
2025/09/16 14:46:36 ELECTRUM: Subscribing to headers to get current height
2025/09/16 14:46:37 ELECTRUM: Got current height 4671187 from headers subscription
2025/09/16 14:46:37 ELECTRUM: Returning hash 000000000002654fc4fe97ca2ad74187bfc563684d0f1d7ae4efc1ffc0557209 for height 4671187 (from headers subscription)
2025-09-16 14:46:37.375 [DBG] LTND lnd.go:727: Syncing to block chain rev=08ae35 best_block_time="2025-09-16 14:46:32 -0400 EDT" is_synced=false
2025/09/16 14:46:38 ELECTRUM: GetBestBlock called
2025/09/16 14:46:38 ELECTRUM: Subscribing to headers to get current height
2025/09/16 14:46:38 ELECTRUM: Got current height 4671187 from headers subscription
2025/09/16 14:46:38 ELECTRUM: Returning hash 000000000002654fc4fe97ca2ad74187bfc563684d0f1d7ae4efc1ffc0557209 for height 4671187 (from headers subscription)
2025/09/16 14:46:38 ELECTRUM: GetBlockHeader called for hash: 000000000002654fc4fe97ca2ad74187bfc563684d0f1d7ae4efc1ffc0557209
2025/09/16 14:46:38 ELECTRUM: GetBestBlock called
2025/09/16 14:46:38 ELECTRUM: Subscribing to headers to get current height
2025/09/16 14:46:38 ELECTRUM: Got current height 4671187 from headers subscription
2025/09/16 14:46:38 ELECTRUM: Returning hash 000000000002654fc4fe97ca2ad74187bfc563684d0f1d7ae4efc1ffc0557209 for height 4671187 (from headers subscription)
2025-09-16 14:46:39.078 [DBG] LTND lnd.go:727: Syncing to block chain rev=08ae35 best_block_time="2025-09-16 14:46:32 -0400 EDT" is_synced=false
2025/09/16 14:46:40 ELECTRUM: GetBestBlock called
2025/09/16 14:46:40 ELECTRUM: Subscribing to headers to get current height
2025/09/16 14:46:40 ELECTRUM: Got current height 4671188 from headers subscription
2025/09/16 14:46:40 ELECTRUM: Returning hash 00000000000209a25788b7d3a25f781c2bb15822a8ee22458ee5323a5da9f52f for height 4671188 (from headers subscription)
2025/09/16 14:46:40 ELECTRUM: GetBlockHeader called for hash: 00000000000209a25788b7d3a25f781c2bb15822a8ee22458ee5323a5da9f52f
2025/09/16 14:46:40 ELECTRUM: GetBestBlock called
2025/09/16 14:46:40 ELECTRUM: Subscribing to headers to get current height
2025/09/16 14:46:40 ELECTRUM: Got current height 4671188 from headers subscription
2025/09/16 14:46:40 ELECTRUM: Returning hash 00000000000209a25788b7d3a25f781c2bb15822a8ee22458ee5323a5da9f52f for height 4671188 (from headers subscription)
2025-09-16 14:46:40.792 [DBG] LTND lnd.go:727: Syncing to block chain rev=08ae35 best_block_time="2025-09-16 14:46:34 -0400 EDT" is_synced=false
2025/09/16 14:46:41 ELECTRUM: GetBestBlock called
2025/09/16 14:46:41 ELECTRUM: Subscribing to headers to get current height
2025/09/16 14:46:42 ELECTRUM: Got current height 4671189 from headers subscription
2025/09/16 14:46:42 ELECTRUM: Returning hash 000000000001f1175beea63742c6f8dc5a9a6a9d467960da5a113ce5ddeee21c for height 4671189 (from headers subscription)
2025/09/16 14:46:42 ELECTRUM: GetBlockHeader called for hash: 000000000001f1175beea63742c6f8dc5a9a6a9d467960da5a113ce5ddeee21c
2025/09/16 14:46:42 ELECTRUM: GetBestBlock called
2025/09/16 14:46:42 ELECTRUM: Subscribing to headers to get current height
2025/09/16 14:46:42 ELECTRUM: Got current height 4671189 from headers subscription
2025/09/16 14:46:42 ELECTRUM: Returning hash 000000000001f1175beea63742c6f8dc5a9a6a9d467960da5a113ce5ddeee21c for height 4671189 (from headers subscription)
2025-09-16 14:46:42.500 [DBG] LTND lnd.go:727: Syncing to block chain rev=08ae35 best_block_time="2025-09-16 14:46:39 -0400 EDT" is_synced=false
2025/09/16 14:46:43 ELECTRUM: GetBestBlock called
2025/09/16 14:46:43 ELECTRUM: Subscribing to headers to get current height
2025/09/16 14:46:43 ELECTRUM: Got current height 4671190 from headers subscription
2025/09/16 14:46:43 ELECTRUM: Returning hash 00000000000031ddb0b2d096a8877e9eace47bb9a00910f876ab6b10d9a4e462 for height 4671190 (from headers subscription)
2025/09/16 14:46:43 ELECTRUM: GetBlockHeader called for hash: 00000000000031ddb0b2d096a8877e9eace47bb9a00910f876ab6b10d9a4e462
2025/09/16 14:46:43 ELECTRUM: GetBestBlock called
2025/09/16 14:46:43 ELECTRUM: Subscribing to headers to get current height
2025/09/16 14:46:43 ELECTRUM: Got current height 4671190 from headers subscription
2025/09/16 14:46:43 ELECTRUM: Returning hash 00000000000031ddb0b2d096a8877e9eace47bb9a00910f876ab6b10d9a4e462 for height 4671190 (from headers subscription)
2025-09-16 14:46:44.210 [DBG] LTND lnd.go:727: Syncing to block chain rev=08ae35 best_block_time="2025-09-16 14:46:41 -0400 EDT" is_synced=false
2025/09/16 14:46:45 ELECTRUM: GetBestBlock called
2025/09/16 14:46:45 ELECTRUM: Subscribing to headers to get current height
2025/09/16 14:46:45 ELECTRUM: Got current height 4671191 from headers subscription
2025/09/16 14:46:45 ELECTRUM: Returning hash 000000000000217a638cad3a255c3fc079404e0a3c00f1b321e05977d440495d for height 4671191 (from headers subscription)
2025/09/16 14:46:45 ELECTRUM: GetBlockHeader called for hash: 000000000000217a638cad3a255c3fc079404e0a3c00f1b321e05977d440495d
2025/09/16 14:46:45 ELECTRUM: GetBestBlock called
2025/09/16 14:46:45 ELECTRUM: Subscribing to headers to get current height
2025/09/16 14:46:45 ELECTRUM: Got current height 4671191 from headers subscription
2025/09/16 14:46:45 ELECTRUM: Returning hash 000000000000217a638cad3a255c3fc079404e0a3c00f1b321e05977d440495d for height 4671191 (from headers subscription)
2025-09-16 14:46:45.929 [DBG] LTND lnd.go:727: Syncing to block chain rev=08ae35 best_block_time="2025-09-16 14:46:42 -0400 EDT" is_synced=false
2025/09/16 14:46:46 ELECTRUM: GetBestBlock called
2025/09/16 14:46:46 ELECTRUM: Subscribing to headers to get current height
2025/09/16 14:46:47 ELECTRUM: Got current height 4671192 from headers subscription
2025/09/16 14:46:47 ELECTRUM: Returning hash 000000000000ce16775b1b4d44f1215a588db32f042e112f7fce9469d885ed55 for height 4671192 (from headers subscription)
2025/09/16 14:46:47 ELECTRUM: GetBlockHeader called for hash: 000000000000ce16775b1b4d44f1215a588db32f042e112f7fce9469d885ed55
2025/09/16 14:46:47 ELECTRUM: GetBestBlock called
2025/09/16 14:46:47 ELECTRUM: Subscribing to headers to get current height
2025/09/16 14:46:47 ELECTRUM: Got current height 4671192 from headers subscription
2025/09/16 14:46:47 ELECTRUM: Returning hash 000000000000ce16775b1b4d44f1215a588db32f042e112f7fce9469d885ed55 for height 4671192 (from headers subscription)
2025-09-16 14:46:47.691 [DBG] LTND lnd.go:727: Syncing to block chain rev=08ae35 best_block_time="2025-09-16 14:46:44 -0400 EDT" is_synced=false
2025/09/16 14:46:48 ELECTRUM: GetBestBlock called
2025/09/16 14:46:48 ELECTRUM: Subscribing to headers to get current height
2025/09/16 14:46:48 ELECTRUM: Got current height 4671192 from headers subscription
2025/09/16 14:46:48 ELECTRUM: Returning hash 000000000000ce16775b1b4d44f1215a588db32f042e112f7fce9469d885ed55 for height 4671192 (from headers subscription)
2025/09/16 14:46:48 ELECTRUM: GetBlockHeader called for hash: 000000000000ce16775b1b4d44f1215a588db32f042e112f7fce9469d885ed55
2025/09/16 14:46:48 ELECTRUM: GetBestBlock called
2025/09/16 14:46:48 ELECTRUM: Subscribing to headers to get current height
2025/09/16 14:46:49 ELECTRUM: Got current height 4671192 from headers subscription
2025/09/16 14:46:49 ELECTRUM: Returning hash 000000000000ce16775b1b4d44f1215a588db32f042e112f7fce9469d885ed55 for height 4671192 (from headers subscription)
2025-09-16 14:46:49.412 [DBG] LTND lnd.go:727: Syncing to block chain rev=08ae35 best_block_time="2025-09-16 14:46:44 -0400 EDT" is_synced=false
2025/09/16 14:46:50 ELECTRUM: GetBestBlock called
2025/09/16 14:46:50 ELECTRUM: Subscribing to headers to get current height
2025/09/16 14:46:50 ELECTRUM: Got current height 4671192 from headers subscription
2025/09/16 14:46:50 ELECTRUM: Returning hash 000000000000ce16775b1b4d44f1215a588db32f042e112f7fce9469d885ed55 for height 4671192 (from headers subscription)
2025/09/16 14:46:50 ELECTRUM: GetBlockHeader called for hash: 000000000000ce16775b1b4d44f1215a588db32f042e112f7fce9469d885ed55
2025/09/16 14:46:50 ELECTRUM: GetBestBlock called
2025/09/16 14:46:50 ELECTRUM: Subscribing to headers to get current height
2025/09/16 14:46:50 ELECTRUM: Got current height 4671192 from headers subscription
2025/09/16 14:46:50 ELECTRUM: Returning hash 000000000000ce16775b1b4d44f1215a588db32f042e112f7fce9469d885ed55 for height 4671192 (from headers subscription)
2025-09-16 14:46:51.120 [DBG] LTND lnd.go:727: Syncing to block chain rev=08ae35 best_block_time="2025-09-16 14:46:44 -0400 EDT" is_synced=false
2025/09/16 14:46:52 ELECTRUM: GetBestBlock called
2025/09/16 14:46:52 ELECTRUM: Subscribing to headers to get current height
2025/09/16 14:46:52 ELECTRUM: Got current height 4671192 from headers subscription
2025/09/16 14:46:52 ELECTRUM: Returning hash 000000000000ce16775b1b4d44f1215a588db32f042e112f7fce9469d885ed55 for height 4671192 (from headers subscription)
2025/09/16 14:46:52 ELECTRUM: GetBlockHeader called for hash: 000000000000ce16775b1b4d44f1215a588db32f042e112f7fce9469d885ed55
2025/09/16 14:46:52 ELECTRUM: GetBestBlock called
2025/09/16 14:46:52 ELECTRUM: Subscribing to headers to get current height
2025/09/16 14:46:52 ELECTRUM: Got current height 4671193 from headers subscription
2025/09/16 14:46:52 ELECTRUM: Returning hash 000000000003ad96b53520ecf41d7b03b58be7b361d3290e6a5bbc65b58f0d7e for height 4671193 (from headers subscription)
2025/09/16 14:46:58 ELECTRUM: GetBestBlock called
2025/09/16 14:46:58 ELECTRUM: Subscribing to headers to get current height
2025/09/16 14:46:59 ELECTRUM: Got current height 4671197 from headers subscription
2025/09/16 14:46:59 ELECTRUM: Returning hash 000000000001e45a80a7dec16b81663dcd6a9efb89167d3504af4a2314924cce for height 4671197 (from headers subscription)
2025/09/16 14:46:59 ELECTRUM: Checking for new blocks - current: 4671197, last known: 4671183
2025/09/16 14:46:59 ELECTRUM: New block detected! Height: 4671197 (was 4671183)
2025/09/16 14:46:59 ELECTRUM: Sending block connected notification for height 4671197
2025/09/16 14:46:59 ELECTRUM: Block notification sent successfully for height 4671197
2025/09/16 14:47:00 ELECTRUM: GetBestBlock called
2025/09/16 14:47:00 ELECTRUM: Subscribing to headers to get current height
2025/09/16 14:47:00 ELECTRUM: Got current height 4671198 from headers subscription
2025/09/16 14:47:00 ELECTRUM: GetBestBlock called
2025/09/16 14:47:00 ELECTRUM: Returning hash 0000000000004f4da4e59f394fbfad6960be01831b94ef3fb727f1c55c11fdc2 for height 4671198 (from headers subscription)
2025/09/16 14:47:00 ELECTRUM: Subscribing to headers to get current height
2025/09/16 14:47:00 ELECTRUM: Checking for new blocks - current: 4671198, last known: 4671184
2025/09/16 14:47:00 ELECTRUM: New block detected! Height: 4671198 (was 4671184)
2025/09/16 14:47:00 ELECTRUM: Sending block connected notification for height 4671198
2025/09/16 14:47:00 ELECTRUM: Block notification sent successfully for height 4671198
2025/09/16 14:47:00 ELECTRUM: Got current height 4671198 from headers subscription
2025/09/16 14:47:00 ELECTRUM: Returning hash 0000000000004f4da4e59f394fbfad6960be01831b94ef3fb727f1c55c11fdc2 for height 4671198 (from headers subscription)
2025/09/16 14:47:00 ELECTRUM: Checking for new blocks - current: 4671198, last known: 4671184
2025/09/16 14:47:00 ELECTRUM: New block detected! Height: 4671198 (was 4671184)
2025/09/16 14:47:00 ELECTRUM: Sending block connected notification for height 4671198
2025/09/16 14:47:00 ELECTRUM: Block notification sent successfully for height 4671198
2025-09-16 14:47:17.832 [DBG] LTND lnd.go:727: Syncing to block chain rev=08ae35 best_block_time="2025-09-16 14:46:44 -0400 EDT" is_synced=false
2025/09/16 14:47:18 ELECTRUM: GetBestBlock called
2025/09/16 14:47:18 ELECTRUM: Subscribing to headers to get current height
2025/09/16 14:47:19 ELECTRUM: Got current height 4671205 from headers subscription
2025/09/16 14:47:19 ELECTRUM: Returning hash 000000000000434559293e7bdd8aecd65060a39500d115f7f225f4d28246dc24 for height 4671205 (from headers subscription)
2025/09/16 14:47:19 ELECTRUM: GetBlockHeader called for hash: 000000000000434559293e7bdd8aecd65060a39500d115f7f225f4d28246dc24
2025/09/16 14:47:19 ELECTRUM: GetBestBlock called
2025/09/16 14:47:19 ELECTRUM: Subscribing to headers to get current height
2025/09/16 14:47:19 ELECTRUM: Got current height 4671205 from headers subscription
2025/09/16 14:47:19 ELECTRUM: Returning hash 000000000000434559293e7bdd8aecd65060a39500d115f7f225f4d28246dc24 for height 4671205 (from headers subscription)
2025-09-16 14:47:19.673 [DBG] LTND lnd.go:727: Syncing to block chain rev=08ae35 best_block_time="2025-09-16 14:47:24 -0400 EDT" is_synced=false
2025/09/16 14:47:20 ELECTRUM: GetBestBlock called
2025/09/16 14:47:20 ELECTRUM: Subscribing to headers to get current height
2025/09/16 14:47:21 ELECTRUM: Got current height 4671206 from headers subscription
2025/09/16 14:47:21 ELECTRUM: Returning hash 00000000000077d7f2c234c3aeab6d00db9e7e0950d02108045b5e1924696c4d for height 4671206 (from headers subscription)
2025/09/16 14:47:21 ELECTRUM: GetBlockHeader called for hash: 00000000000077d7f2c234c3aeab6d00db9e7e0950d02108045b5e1924696c4d
2025/09/16 14:47:21 ELECTRUM: GetBestBlock called
2025/09/16 14:47:21 ELECTRUM: Subscribing to headers to get current height
2025/09/16 14:47:21 ELECTRUM: Got current height 4671206 from headers subscription
2025/09/16 14:47:21 ELECTRUM: Returning hash 00000000000077d7f2c234c3aeab6d00db9e7e0950d02108045b5e1924696c4d for height 4671206 (from headers subscription)
2025-09-16 14:47:21.497 [DBG] LTND lnd.go:727: Syncing to block chain rev=08ae35 best_block_time="2025-09-16 14:47:28 -0400 EDT" is_synced=false
2025/09/16 14:47:22 ELECTRUM: GetBestBlock called
2025/09/16 14:47:22 ELECTRUM: Subscribing to headers to get current height
2025/09/16 14:47:22 ELECTRUM: Got current height 4671207 from headers subscription
2025/09/16 14:47:22 ELECTRUM: Returning hash 00000000000124f9df5c77f654ac9cab96ef11ae4e1143eb3215127efc686386 for height 4671207 (from headers subscription)
2025/09/16 14:47:22 ELECTRUM: GetBlockHeader called for hash: 00000000000124f9df5c77f654ac9cab96ef11ae4e1143eb3215127efc686386
2025/09/16 14:47:22 ELECTRUM: GetBestBlock called
2025/09/16 14:47:22 ELECTRUM: Subscribing to headers to get current height
2025/09/16 14:47:22 ELECTRUM: Got current height 4671208 from headers subscription
2025/09/16 14:47:22 ELECTRUM: Returning hash 0000000000000d514fa326d99e53587b6afea4f883a505f6c18f910f14eff89e for height 4671208 (from headers subscription)
2025/09/16 14:47:28 ELECTRUM: GetBestBlock called
2025/09/16 14:47:28 ELECTRUM: Subscribing to headers to get current height
2025/09/16 14:47:29 ELECTRUM: Got current height 4671212 from headers subscription
2025/09/16 14:47:29 ELECTRUM: Returning hash 00000000000201e14afcfa4b66be0517d8ff75b23464a26272f5861bfeade7a9 for height 4671212 (from headers subscription)
2025/09/16 14:47:29 ELECTRUM: Checking for new blocks - current: 4671212, last known: 4671197
2025/09/16 14:47:29 ELECTRUM: New block detected! Height: 4671212 (was 4671197)
2025/09/16 14:47:29 ELECTRUM: Sending block connected notification for height 4671212
2025/09/16 14:47:29 ELECTRUM: Block notification sent successfully for height 4671212
2025/09/16 14:47:30 ELECTRUM: GetBestBlock called
2025/09/16 14:47:30 ELECTRUM: Subscribing to headers to get current height
2025/09/16 14:47:30 ELECTRUM: Got current height 4671212 from headers subscription
2025/09/16 14:47:30 ELECTRUM: Returning hash 00000000000201e14afcfa4b66be0517d8ff75b23464a26272f5861bfeade7a9 for height 4671212 (from headers subscription)
2025/09/16 14:47:30 ELECTRUM: Checking for new blocks - current: 4671212, last known: 4671198
2025/09/16 14:47:30 ELECTRUM: New block detected! Height: 4671212 (was 4671198)
2025/09/16 14:47:30 ELECTRUM: Sending block connected notification for height 4671212
2025/09/16 14:47:30 ELECTRUM: Block notification sent successfully for height 4671212
2025/09/16 14:47:30 ELECTRUM: GetBestBlock called
2025/09/16 14:47:30 ELECTRUM: Subscribing to headers to get current height
2025/09/16 14:47:30 ELECTRUM: Got current height 4671212 from headers subscription
2025/09/16 14:47:30 ELECTRUM: Returning hash 00000000000201e14afcfa4b66be0517d8ff75b23464a26272f5861bfeade7a9 for height 4671212 (from headers subscription)
2025/09/16 14:47:30 ELECTRUM: Checking for new blocks - current: 4671212, last known: 4671198
2025/09/16 14:47:30 ELECTRUM: New block detected! Height: 4671212 (was 4671198)
2025/09/16 14:47:30 ELECTRUM: Sending block connected notification for height 4671212
2025/09/16 14:47:30 ELECTRUM: Block notification sent successfully for height 4671212
2025-09-16 14:47:48.888 [DBG] LTND lnd.go:727: Syncing to block chain rev=08ae35 best_block_time="2025-09-16 14:47:20 -0400 EDT" is_synced=false
2025/09/16 14:47:49 ELECTRUM: GetBestBlock called
2025/09/16 14:47:49 ELECTRUM: Subscribing to headers to get current height
2025/09/16 14:47:50 ELECTRUM: Got current height 4671222 from headers subscription
2025/09/16 14:47:50 ELECTRUM: Returning hash 000000000002c4907ce155e190b988c8a9f7c221f22ae59267d6940a6a63ba53 for height 4671222 (from headers subscription)
2025/09/16 14:47:50 ELECTRUM: GetBlockHeader called for hash: 000000000002c4907ce155e190b988c8a9f7c221f22ae59267d6940a6a63ba53
2025/09/16 14:47:50 ELECTRUM: GetBestBlock called
2025/09/16 14:47:50 ELECTRUM: Subscribing to headers to get current height
2025/09/16 14:47:50 ELECTRUM: Got current height 4671222 from headers subscription
2025/09/16 14:47:50 ELECTRUM: Returning hash 000000000002c4907ce155e190b988c8a9f7c221f22ae59267d6940a6a63ba53 for height 4671222 (from headers subscription)
2025-09-16 14:47:50.593 [DBG] LTND lnd.go:727: Syncing to block chain rev=08ae35 best_block_time="2025-09-16 14:47:46 -0400 EDT" is_synced=false
2025/09/16 14:47:51 ELECTRUM: GetBestBlock called
2025/09/16 14:47:51 ELECTRUM: Subscribing to headers to get current height
2025/09/16 14:47:51 ELECTRUM: Got current height 4671223 from headers subscription
2025/09/16 14:47:51 ELECTRUM: Returning hash 00000000000021d68c918e883cbfbf8605f2a6c7944c8d00434317ad0dd7531e for height 4671223 (from headers subscription)
2025/09/16 14:47:51 ELECTRUM: GetBlockHeader called for hash: 00000000000021d68c918e883cbfbf8605f2a6c7944c8d00434317ad0dd7531e
2025/09/16 14:47:51 ELECTRUM: GetBestBlock called
2025/09/16 14:47:51 ELECTRUM: Subscribing to headers to get current height
2025/09/16 14:47:52 ELECTRUM: Got current height 4671223 from headers subscription
2025/09/16 14:47:52 ELECTRUM: Returning hash 00000000000021d68c918e883cbfbf8605f2a6c7944c8d00434317ad0dd7531e for height 4671223 (from headers subscription)
2025-09-16 14:47:52.301 [DBG] LTND lnd.go:727: Syncing to block chain rev=08ae35 best_block_time="2025-09-16 14:47:54 -0400 EDT" is_synced=false
2025/09/16 14:47:53 ELECTRUM: GetBestBlock called
2025/09/16 14:47:53 ELECTRUM: Subscribing to headers to get current height
2025/09/16 14:47:53 ELECTRUM: Got current height 4671223 from headers subscription
2025/09/16 14:47:53 ELECTRUM: Returning hash 00000000000021d68c918e883cbfbf8605f2a6c7944c8d00434317ad0dd7531e for height 4671223 (from headers subscription)
2025/09/16 14:47:53 ELECTRUM: GetBlockHeader called for hash: 00000000000021d68c918e883cbfbf8605f2a6c7944c8d00434317ad0dd7531e
2025/09/16 14:47:53 ELECTRUM: GetBestBlock called
2025/09/16 14:47:53 ELECTRUM: Subscribing to headers to get current height
2025/09/16 14:47:53 ELECTRUM: Got current height 4671223 from headers subscription
2025/09/16 14:47:53 ELECTRUM: Returning hash 00000000000021d68c918e883cbfbf8605f2a6c7944c8d00434317ad0dd7531e for height 4671223 (from headers subscription)
2025-09-16 14:47:54.019 [DBG] LTND lnd.go:727: Syncing to block chain rev=08ae35 best_block_time="2025-09-16 14:47:54 -0400 EDT" is_synced=false
2025/09/16 14:47:55 ELECTRUM: GetBestBlock called
2025/09/16 14:47:55 ELECTRUM: Subscribing to headers to get current height
2025/09/16 14:47:55 ELECTRUM: Got current height 4671223 from headers subscription
2025/09/16 14:47:55 ELECTRUM: Returning hash 00000000000021d68c918e883cbfbf8605f2a6c7944c8d00434317ad0dd7531e for height 4671223 (from headers subscription)
2025/09/16 14:47:55 ELECTRUM: GetBlockHeader called for hash: 00000000000021d68c918e883cbfbf8605f2a6c7944c8d00434317ad0dd7531e
2025/09/16 14:47:55 ELECTRUM: GetBestBlock called
2025/09/16 14:47:55 ELECTRUM: Subscribing to headers to get current height
2025/09/16 14:47:55 ELECTRUM: Got current height 4671223 from headers subscription
2025/09/16 14:47:55 ELECTRUM: Returning hash 00000000000021d68c918e883cbfbf8605f2a6c7944c8d00434317ad0dd7531e for height 4671223 (from headers subscription)
2025-09-16 14:47:55.823 [DBG] LTND lnd.go:727: Syncing to block chain rev=08ae35 best_block_time="2025-09-16 14:47:54 -0400 EDT" is_synced=false
2025/09/16 14:47:56 ELECTRUM: GetBestBlock called
2025/09/16 14:47:56 ELECTRUM: Subscribing to headers to get current height
2025/09/16 14:47:57 ELECTRUM: Got current height 4671224 from headers subscription
2025/09/16 14:47:57 ELECTRUM: Returning hash 000000000003dae24c0a6b86a1ca136131539841247353f259cb8691a79054e6 for height 4671224 (from headers subscription)
2025/09/16 14:47:57 ELECTRUM: GetBlockHeader called for hash: 000000000003dae24c0a6b86a1ca136131539841247353f259cb8691a79054e6
2025/09/16 14:47:57 ELECTRUM: GetBestBlock called
2025/09/16 14:47:57 ELECTRUM: Subscribing to headers to get current height
2025/09/16 14:47:57 ELECTRUM: Got current height 4671224 from headers subscription
2025/09/16 14:47:57 ELECTRUM: Returning hash 000000000003dae24c0a6b86a1ca136131539841247353f259cb8691a79054e6 for height 4671224 (from headers subscription)
2025-09-16 14:47:57.530 [DBG] LTND lnd.go:727: Syncing to block chain rev=08ae35 best_block_time="2025-09-16 14:47:59 -0400 EDT" is_synced=false
2025/09/16 14:47:58 ELECTRUM: GetBestBlock called
2025/09/16 14:47:58 ELECTRUM: Subscribing to headers to get current height
2025/09/16 14:47:58 ELECTRUM: Got current height 4671224 from headers subscription
2025/09/16 14:47:58 ELECTRUM: Returning hash 000000000003dae24c0a6b86a1ca136131539841247353f259cb8691a79054e6 for height 4671224 (from headers subscription)
2025/09/16 14:47:58 ELECTRUM: GetBlockHeader called for hash: 000000000003dae24c0a6b86a1ca136131539841247353f259cb8691a79054e6
2025/09/16 14:47:58 ELECTRUM: GetBestBlock called
2025/09/16 14:47:58 ELECTRUM: Subscribing to headers to get current height
2025/09/16 14:47:58 ELECTRUM: GetBestBlock called
2025/09/16 14:47:58 ELECTRUM: Subscribing to headers to get current height
2025/09/16 14:47:59 ELECTRUM: Got current height 4671224 from headers subscription
2025/09/16 14:47:59 ELECTRUM: Returning hash 000000000003dae24c0a6b86a1ca136131539841247353f259cb8691a79054e6 for height 4671224 (from headers subscription)
2025/09/16 14:47:59 ELECTRUM: Got current height 4671224 from headers subscription
2025/09/16 14:47:59 ELECTRUM: Returning hash 000000000003dae24c0a6b86a1ca136131539841247353f259cb8691a79054e6 for height 4671224 (from headers subscription)
2025/09/16 14:47:59 ELECTRUM: Checking for new blocks - current: 4671224, last known: 4671212
2025/09/16 14:47:59 ELECTRUM: New block detected! Height: 4671224 (was 4671212)
2025/09/16 14:47:59 ELECTRUM: Sending block connected notification for height 4671224
2025/09/16 14:47:59 ELECTRUM: Block notification sent successfully for height 4671224
2025-09-16 14:47:59.253 [DBG] LTND lnd.go:727: Syncing to block chain rev=08ae35 best_block_time="2025-09-16 14:47:59 -0400 EDT" is_synced=false
2025/09/16 14:48:00 ELECTRUM: GetBestBlock called
2025/09/16 14:48:00 ELECTRUM: Subscribing to headers to get current height
2025/09/16 14:48:00 ELECTRUM: GetBestBlock called
2025/09/16 14:48:00 ELECTRUM: Subscribing to headers to get current height
2025/09/16 14:48:00 ELECTRUM: Got current height 4671225 from headers subscription
2025/09/16 14:48:00 ELECTRUM: Returning hash 0000000000000a35957288534b930bae330acbdbd86d87f8a98735f210e8c7a2 for height 4671225 (from headers subscription)
2025/09/16 14:48:00 ELECTRUM: Checking for new blocks - current: 4671225, last known: 4671212
2025/09/16 14:48:00 ELECTRUM: New block detected! Height: 4671225 (was 4671212)
2025/09/16 14:48:00 ELECTRUM: Sending block connected notification for height 4671225
2025/09/16 14:48:00 ELECTRUM: Block notification sent successfully for height 4671225
2025/09/16 14:48:00 ELECTRUM: GetBestBlock called
2025/09/16 14:48:00 ELECTRUM: Subscribing to headers to get current height
2025/09/16 14:48:00 ELECTRUM: Got current height 4671225 from headers subscription
2025/09/16 14:48:00 ELECTRUM: Returning hash 0000000000000a35957288534b930bae330acbdbd86d87f8a98735f210e8c7a2 for height 4671225 (from headers subscription)
2025/09/16 14:48:00 ELECTRUM: GetBlockHeader called for hash: 0000000000000a35957288534b930bae330acbdbd86d87f8a98735f210e8c7a2
2025/09/16 14:48:00 ELECTRUM: GetBestBlock called
2025/09/16 14:48:00 ELECTRUM: Subscribing to headers to get current height
2025/09/16 14:48:00 ELECTRUM: Got current height 4671226 from headers subscription
2025/09/16 14:48:00 ELECTRUM: Returning hash 000000000000284c2ec48e48db84e895ded750611fb8db81c1df26096612e599 for height 4671226 (from headers subscription)
2025/09/16 14:48:00 ELECTRUM: Checking for new blocks - current: 4671226, last known: 4671212
2025/09/16 14:48:00 ELECTRUM: New block detected! Height: 4671226 (was 4671212)
2025/09/16 14:48:00 ELECTRUM: Sending block connected notification for height 4671226
2025/09/16 14:48:00 ELECTRUM: Block notification sent successfully for height 4671226
2025/09/16 14:48:00 ELECTRUM: Got current height 4671226 from headers subscription
2025/09/16 14:48:00 ELECTRUM: Returning hash 000000000000284c2ec48e48db84e895ded750611fb8db81c1df26096612e599 for height 4671226 (from headers subscription)
2025-09-16 14:48:25.341 [DBG] LTND lnd.go:727: Syncing to block chain rev=08ae35 best_block_time="2025-09-16 14:47:56 -0400 EDT" is_synced=false
2025/09/16 14:48:26 ELECTRUM: GetBestBlock called
2025/09/16 14:48:26 ELECTRUM: Subscribing to headers to get current height
2025/09/16 14:48:26 ELECTRUM: Got current height 4671241 from headers subscription
2025/09/16 14:48:26 ELECTRUM: Returning hash 0000000000002299b44855bda7e576e3477eb64384f879ba96e08229a32ec888 for height 4671241 (from headers subscription)
2025/09/16 14:48:26 ELECTRUM: GetBlockHeader called for hash: 0000000000002299b44855bda7e576e3477eb64384f879ba96e08229a32ec888
2025/09/16 14:48:26 ELECTRUM: GetBestBlock called
2025/09/16 14:48:26 ELECTRUM: Subscribing to headers to get current height
2025/09/16 14:48:26 ELECTRUM: Got current height 4671241 from headers subscription
2025/09/16 14:48:26 ELECTRUM: Returning hash 0000000000002299b44855bda7e576e3477eb64384f879ba96e08229a32ec888 for height 4671241 (from headers subscription)
2025-09-16 14:48:27.157 [DBG] LTND lnd.go:727: Syncing to block chain rev=08ae35 best_block_time="2025-09-16 14:48:27 -0400 EDT" is_synced=false
2025/09/16 14:48:28 ELECTRUM: GetBestBlock called
2025/09/16 14:48:28 ELECTRUM: Subscribing to headers to get current height
2025/09/16 14:48:28 ELECTRUM: Got current height 4671241 from headers subscription
2025/09/16 14:48:28 ELECTRUM: Returning hash 0000000000002299b44855bda7e576e3477eb64384f879ba96e08229a32ec888 for height 4671241 (from headers subscription)
2025/09/16 14:48:28 ELECTRUM: GetBlockHeader called for hash: 0000000000002299b44855bda7e576e3477eb64384f879ba96e08229a32ec888
2025/09/16 14:48:28 ELECTRUM: GetBestBlock called
2025/09/16 14:48:28 ELECTRUM: Subscribing to headers to get current height
2025/09/16 14:48:28 ELECTRUM: Got current height 4671241 from headers subscription
2025/09/16 14:48:28 ELECTRUM: Returning hash 0000000000002299b44855bda7e576e3477eb64384f879ba96e08229a32ec888 for height 4671241 (from headers subscription)
2025-09-16 14:48:28.866 [DBG] LTND lnd.go:727: Syncing to block chain rev=08ae35 best_block_time="2025-09-16 14:48:27 -0400 EDT" is_synced=false
2025/09/16 14:48:28 ELECTRUM: GetBestBlock called
2025/09/16 14:48:28 ELECTRUM: Subscribing to headers to get current height
2025/09/16 14:48:29 ELECTRUM: Got current height 4671241 from headers subscription
2025/09/16 14:48:29 ELECTRUM: Returning hash 0000000000002299b44855bda7e576e3477eb64384f879ba96e08229a32ec888 for height 4671241 (from headers subscription)
2025/09/16 14:48:29 ELECTRUM: Checking for new blocks - current: 4671241, last known: 4671224
2025/09/16 14:48:29 ELECTRUM: New block detected! Height: 4671241 (was 4671224)
2025/09/16 14:48:29 ELECTRUM: Sending block connected notification for height 4671241
2025/09/16 14:48:29 ELECTRUM: Block notification sent successfully for height 4671241
2025/09/16 14:48:29 ELECTRUM: GetBestBlock called
2025/09/16 14:48:29 ELECTRUM: Subscribing to headers to get current height
2025/09/16 14:48:30 ELECTRUM: Got current height 4671242 from headers subscription
2025/09/16 14:48:30 ELECTRUM: Returning hash 000000000001b05678e752348de5701a62a4669c7677c320fc1706e2fd37183d for height 4671242 (from headers subscription)
2025/09/16 14:48:30 ELECTRUM: GetBlockHeader called for hash: 000000000001b05678e752348de5701a62a4669c7677c320fc1706e2fd37183d
2025/09/16 14:48:30 ELECTRUM: GetBestBlock called
2025/09/16 14:48:30 ELECTRUM: Subscribing to headers to get current height
2025/09/16 14:48:30 ELECTRUM: GetBestBlock called
2025/09/16 14:48:30 ELECTRUM: Subscribing to headers to get current height
2025/09/16 14:48:30 ELECTRUM: Got current height 4671242 from headers subscription
2025/09/16 14:48:30 ELECTRUM: Returning hash 000000000001b05678e752348de5701a62a4669c7677c320fc1706e2fd37183d for height 4671242 (from headers subscription)
2025/09/16 14:48:30 ELECTRUM: Got current height 4671242 from headers subscription
2025/09/16 14:48:30 ELECTRUM: Returning hash 000000000001b05678e752348de5701a62a4669c7677c320fc1706e2fd37183d for height 4671242 (from headers subscription)
2025/09/16 14:48:30 ELECTRUM: Checking for new blocks - current: 4671242, last known: 4671225
2025/09/16 14:48:30 ELECTRUM: New block detected! Height: 4671242 (was 4671225)
2025/09/16 14:48:30 ELECTRUM: Sending block connected notification for height 4671242
2025/09/16 14:48:30 ELECTRUM: Block notification sent successfully for height 4671242
2025/09/16 14:48:30 ELECTRUM: GetBestBlock called
2025/09/16 14:48:30 ELECTRUM: Subscribing to headers to get current height
2025-09-16 14:48:30.670 [DBG] LTND lnd.go:727: Syncing to block chain rev=08ae35 best_block_time="2025-09-16 14:48:25 -0400 EDT" is_synced=false
2025/09/16 14:48:30 ELECTRUM: Got current height 4671242 from headers subscription
2025/09/16 14:48:30 ELECTRUM: Returning hash 000000000001b05678e752348de5701a62a4669c7677c320fc1706e2fd37183d for height 4671242 (from headers subscription)
2025/09/16 14:48:30 ELECTRUM: Checking for new blocks - current: 4671242, last known: 4671226
2025/09/16 14:48:30 ELECTRUM: New block detected! Height: 4671242 (was 4671226)
2025/09/16 14:48:30 ELECTRUM: Sending block connected notification for height 4671242
2025/09/16 14:48:30 ELECTRUM: Block notification sent successfully for height 4671242
2025/09/16 14:48:31 ELECTRUM: GetBestBlock called
2025/09/16 14:48:31 ELECTRUM: Subscribing to headers to get current height
2025/09/16 14:48:31 ELECTRUM: Got current height 4671242 from headers subscription
2025/09/16 14:48:31 ELECTRUM: Returning hash 000000000001b05678e752348de5701a62a4669c7677c320fc1706e2fd37183d for height 4671242 (from headers subscription)
2025/09/16 14:48:31 ELECTRUM: GetBlockHeader called for hash: 000000000001b05678e752348de5701a62a4669c7677c320fc1706e2fd37183d
2025/09/16 14:48:31 ELECTRUM: GetBestBlock called
2025/09/16 14:48:31 ELECTRUM: Subscribing to headers to get current height
2025/09/16 14:48:32 ELECTRUM: Got current height 4671242 from headers subscription
2025/09/16 14:48:32 ELECTRUM: Returning hash 000000000001b05678e752348de5701a62a4669c7677c320fc1706e2fd37183d for height 4671242 (from headers subscription)
2025-09-16 14:48:32.386 [DBG] LTND lnd.go:727: Syncing to block chain rev=08ae35 best_block_time="2025-09-16 14:48:25 -0400 EDT" is_synced=false
2025/09/16 14:48:33 ELECTRUM: GetBestBlock called
2025/09/16 14:48:33 ELECTRUM: Subscribing to headers to get current height
2025/09/16 14:48:33 ELECTRUM: Got current height 4671242 from headers subscription
2025/09/16 14:48:33 ELECTRUM: Returning hash 000000000001b05678e752348de5701a62a4669c7677c320fc1706e2fd37183d for height 4671242 (from headers subscription)
2025/09/16 14:48:33 ELECTRUM: GetBlockHeader called for hash: 000000000001b05678e752348de5701a62a4669c7677c320fc1706e2fd37183d
2025/09/16 14:48:33 ELECTRUM: GetBestBlock called
2025/09/16 14:48:33 ELECTRUM: Subscribing to headers to get current height
2025/09/16 14:48:33 ELECTRUM: Got current height 4671242 from headers subscription
2025/09/16 14:48:33 ELECTRUM: Returning hash 000000000001b05678e752348de5701a62a4669c7677c320fc1706e2fd37183d for height 4671242 (from headers subscription)
2025-09-16 14:48:34.184 [DBG] LTND lnd.go:727: Syncing to block chain rev=08ae35 best_block_time="2025-09-16 14:48:25 -0400 EDT" is_synced=false
2025/09/16 14:48:35 ELECTRUM: GetBestBlock called
2025/09/16 14:48:35 ELECTRUM: Subscribing to headers to get current height
2025/09/16 14:48:35 ELECTRUM: Got current height 4671243 from headers subscription
2025/09/16 14:48:35 ELECTRUM: Returning hash 00000000000049e5e67c292db4241f882dcce156cfbbcb2088b1ab5f1443704c for height 4671243 (from headers subscription)
2025/09/16 14:48:35 ELECTRUM: GetBlockHeader called for hash: 00000000000049e5e67c292db4241f882dcce156cfbbcb2088b1ab5f1443704c
2025/09/16 14:48:35 ELECTRUM: GetBestBlock called
2025/09/16 14:48:35 ELECTRUM: Subscribing to headers to get current height
2025/09/16 14:48:35 ELECTRUM: Got current height 4671243 from headers subscription
2025/09/16 14:48:35 ELECTRUM: Returning hash 00000000000049e5e67c292db4241f882dcce156cfbbcb2088b1ab5f1443704c for height 4671243 (from headers subscription)
2025-09-16 14:48:35.895 [DBG] LTND lnd.go:727: Syncing to block chain rev=08ae35 best_block_time="2025-09-16 14:48:33 -0400 EDT" is_synced=false
2025/09/16 14:48:36 ELECTRUM: GetBestBlock called
2025/09/16 14:48:36 ELECTRUM: Subscribing to headers to get current height
2025/09/16 14:48:37 ELECTRUM: Got current height 4671244 from headers subscription
2025/09/16 14:48:37 ELECTRUM: Returning hash 0000000000002b1046e10667cf9051b2aaa850eaec822e85197d4943b0b50a05 for height 4671244 (from headers subscription)
2025/09/16 14:48:37 ELECTRUM: GetBlockHeader called for hash: 0000000000002b1046e10667cf9051b2aaa850eaec822e85197d4943b0b50a05
2025/09/16 14:48:37 ELECTRUM: GetBestBlock called
2025/09/16 14:48:37 ELECTRUM: Subscribing to headers to get current height
2025/09/16 14:48:37 ELECTRUM: Got current height 4671244 from headers subscription
2025/09/16 14:48:37 ELECTRUM: Returning hash 0000000000002b1046e10667cf9051b2aaa850eaec822e85197d4943b0b50a05 for height 4671244 (from headers subscription)
2025-09-16 14:48:37.604 [DBG] LTND lnd.go:727: Syncing to block chain rev=08ae35 best_block_time="2025-09-16 14:48:36 -0400 EDT" is_synced=false
2025/09/16 14:48:38 ELECTRUM: GetBestBlock called
2025/09/16 14:48:38 ELECTRUM: Subscribing to headers to get current height
2025/09/16 14:48:38 ELECTRUM: Got current height 4671244 from headers subscription
2025/09/16 14:48:38 ELECTRUM: Returning hash 0000000000002b1046e10667cf9051b2aaa850eaec822e85197d4943b0b50a05 for height 4671244 (from headers subscription)
2025/09/16 14:48:38 ELECTRUM: GetBlockHeader called for hash: 0000000000002b1046e10667cf9051b2aaa850eaec822e85197d4943b0b50a05
2025/09/16 14:48:38 ELECTRUM: GetBestBlock called
2025/09/16 14:48:38 ELECTRUM: Subscribing to headers to get current height
2025/09/16 14:48:39 ELECTRUM: Got current height 4671244 from headers subscription
2025/09/16 14:48:39 ELECTRUM: Returning hash 0000000000002b1046e10667cf9051b2aaa850eaec822e85197d4943b0b50a05 for height 4671244 (from headers subscription)
2025-09-16 14:48:39.314 [DBG] LTND lnd.go:727: Syncing to block chain rev=08ae35 best_block_time="2025-09-16 14:48:36 -0400 EDT" is_synced=false
2025/09/16 14:48:40 ELECTRUM: GetBestBlock called
2025/09/16 14:48:40 ELECTRUM: Subscribing to headers to get current height
2025/09/16 14:48:40 ELECTRUM: Got current height 4671244 from headers subscription
2025/09/16 14:48:40 ELECTRUM: Returning hash 0000000000002b1046e10667cf9051b2aaa850eaec822e85197d4943b0b50a05 for height 4671244 (from headers subscription)
2025/09/16 14:48:40 ELECTRUM: GetBlockHeader called for hash: 0000000000002b1046e10667cf9051b2aaa850eaec822e85197d4943b0b50a05
2025/09/16 14:48:40 ELECTRUM: GetBestBlock called
2025/09/16 14:48:40 ELECTRUM: Subscribing to headers to get current height
2025/09/16 14:48:40 ELECTRUM: Got current height 4671244 from headers subscription
2025/09/16 14:48:40 ELECTRUM: Returning hash 0000000000002b1046e10667cf9051b2aaa850eaec822e85197d4943b0b50a05 for height 4671244 (from headers subscription)
2025-09-16 14:48:41.023 [DBG] LTND lnd.go:727: Syncing to block chain rev=08ae35 best_block_time="2025-09-16 14:48:36 -0400 EDT" is_synced=false
2025/09/16 14:48:42 ELECTRUM: GetBestBlock called
2025/09/16 14:48:42 ELECTRUM: Subscribing to headers to get current height
2025/09/16 14:48:42 ELECTRUM: Got current height 4671245 from headers subscription
2025/09/16 14:48:42 ELECTRUM: Returning hash 000000000000276a200da223ce646dfeb50677d19ccec774544b18c0281bd5f5 for height 4671245 (from headers subscription)
2025/09/16 14:48:42 ELECTRUM: GetBlockHeader called for hash: 000000000000276a200da223ce646dfeb50677d19ccec774544b18c0281bd5f5
2025/09/16 14:48:42 ELECTRUM: GetBestBlock called
2025/09/16 14:48:42 ELECTRUM: Subscribing to headers to get current height
2025/09/16 14:48:42 ELECTRUM: Got current height 4671245 from headers subscription
2025/09/16 14:48:42 ELECTRUM: Returning hash 000000000000276a200da223ce646dfeb50677d19ccec774544b18c0281bd5f5 for height 4671245 (from headers subscription)
2025-09-16 14:48:42.826 [DBG] LTND lnd.go:727: Syncing to block chain rev=08ae35 best_block_time="2025-09-16 14:48:41 -0400 EDT" is_synced=false
2025/09/16 14:48:43 ELECTRUM: GetBestBlock called
2025/09/16 14:48:43 ELECTRUM: Subscribing to headers to get current height
2025/09/16 14:48:44 ELECTRUM: Got current height 4671246 from headers subscription
2025/09/16 14:48:44 ELECTRUM: Returning hash 0000000000023cda9e4250dbb49531ff720331abc1fae9e5d8340ea114cca1b0 for height 4671246 (from headers subscription)
2025/09/16 14:48:44 ELECTRUM: GetBlockHeader called for hash: 0000000000023cda9e4250dbb49531ff720331abc1fae9e5d8340ea114cca1b0
2025/09/16 14:48:44 ELECTRUM: GetBestBlock called
2025/09/16 14:48:44 ELECTRUM: Subscribing to headers to get current height
2025/09/16 14:48:45 ELECTRUM: Got current height 4671246 from headers subscription
2025/09/16 14:48:45 ELECTRUM: Returning hash 0000000000023cda9e4250dbb49531ff720331abc1fae9e5d8340ea114cca1b0 for height 4671246 (from headers subscription)
2025-09-16 14:48:46.138 [DBG] LTND lnd.go:727: Syncing to block chain rev=08ae35 best_block_time="2025-09-16 14:48:46 -0400 EDT" is_synced=false
2025/09/16 14:48:47 ELECTRUM: GetBestBlock called
2025/09/16 14:48:47 ELECTRUM: Subscribing to headers to get current height
2025/09/16 14:48:47 ELECTRUM: Got current height 4671246 from headers subscription
2025/09/16 14:48:47 ELECTRUM: Returning hash 0000000000023cda9e4250dbb49531ff720331abc1fae9e5d8340ea114cca1b0 for height 4671246 (from headers subscription)
2025/09/16 14:48:47 ELECTRUM: GetBlockHeader called for hash: 0000000000023cda9e4250dbb49531ff720331abc1fae9e5d8340ea114cca1b0
2025/09/16 14:48:47 ELECTRUM: GetBestBlock called
2025/09/16 14:48:47 ELECTRUM: Subscribing to headers to get current height
2025/09/16 14:48:47 ELECTRUM: Got current height 4671246 from headers subscription
2025/09/16 14:48:47 ELECTRUM: Returning hash 0000000000023cda9e4250dbb49531ff720331abc1fae9e5d8340ea114cca1b0 for height 4671246 (from headers subscription)
2025-09-16 14:48:47.870 [DBG] LTND lnd.go:727: Syncing to block chain rev=08ae35 best_block_time="2025-09-16 14:48:46 -0400 EDT" is_synced=false
2025/09/16 14:48:48 ELECTRUM: GetBestBlock called
2025/09/16 14:48:48 ELECTRUM: Subscribing to headers to get current height
2025/09/16 14:48:49 ELECTRUM: Got current height 4671247 from headers subscription
2025/09/16 14:48:49 ELECTRUM: Returning hash 0000000000006f8e316ba776ffc93673e1aaf7f5bf67e7d46713c9522b3b49f2 for height 4671247 (from headers subscription)
2025/09/16 14:48:49 ELECTRUM: GetBlockHeader called for hash: 0000000000006f8e316ba776ffc93673e1aaf7f5bf67e7d46713c9522b3b49f2
2025/09/16 14:48:49 ELECTRUM: GetBestBlock called
2025/09/16 14:48:49 ELECTRUM: Subscribing to headers to get current height
2025/09/16 14:48:49 ELECTRUM: Got current height 4671248 from headers subscription
2025/09/16 14:48:49 ELECTRUM: Returning hash 0000000000001313251fc0932263c13114ca1a70642ebe87c0597f7658756ab9 for height 4671248 (from headers subscription)
2025/09/16 14:48:58 ELECTRUM: GetBestBlock called
2025/09/16 14:48:58 ELECTRUM: Subscribing to headers to get current height
2025/09/16 14:48:59 ELECTRUM: Got current height 4671255 from headers subscription
2025/09/16 14:48:59 ELECTRUM: Returning hash 0000000000000d96acd635defc77663be11bd306a2ff860527d62a2833ef8285 for height 4671255 (from headers subscription)
2025/09/16 14:48:59 ELECTRUM: Checking for new blocks - current: 4671255, last known: 4671241
2025/09/16 14:48:59 ELECTRUM: New block detected! Height: 4671255 (was 4671241)
2025/09/16 14:48:59 ELECTRUM: Sending block connected notification for height 4671255
2025/09/16 14:48:59 ELECTRUM: Block notification sent successfully for height 4671255
2025/09/16 14:49:00 ELECTRUM: GetBestBlock called
2025/09/16 14:49:00 ELECTRUM: Subscribing to headers to get current height
2025/09/16 14:49:00 ELECTRUM: Got current height 4671255 from headers subscription
2025/09/16 14:49:00 ELECTRUM: Returning hash 0000000000000d96acd635defc77663be11bd306a2ff860527d62a2833ef8285 for height 4671255 (from headers subscription)
2025/09/16 14:49:00 ELECTRUM: Checking for new blocks - current: 4671255, last known: 4671242
2025/09/16 14:49:00 ELECTRUM: New block detected! Height: 4671255 (was 4671242)
2025/09/16 14:49:00 ELECTRUM: Sending block connected notification for height 4671255
2025/09/16 14:49:00 ELECTRUM: Block notification sent successfully for height 4671255
2025/09/16 14:49:00 ELECTRUM: GetBestBlock called
2025/09/16 14:49:00 ELECTRUM: Subscribing to headers to get current height
2025/09/16 14:49:00 ELECTRUM: Got current height 4671256 from headers subscription
2025/09/16 14:49:00 ELECTRUM: Returning hash 000000000000052f833a04e4ef7aa31bdad50302b542cfd29fdd0e3585f1e103 for height 4671256 (from headers subscription)
2025/09/16 14:49:00 ELECTRUM: Checking for new blocks - current: 4671256, last known: 4671242
2025/09/16 14:49:00 ELECTRUM: New block detected! Height: 4671256 (was 4671242)
2025/09/16 14:49:00 ELECTRUM: Sending block connected notification for height 4671256
2025/09/16 14:49:00 ELECTRUM: Block notification sent successfully for height 4671256
2025-09-16 14:49:16.060 [DBG] LTND lnd.go:727: Syncing to block chain rev=08ae35 best_block_time="2025-09-16 14:48:43 -0400 EDT" is_synced=false
2025/09/16 14:49:17 ELECTRUM: GetBestBlock called
2025/09/16 14:49:17 ELECTRUM: Subscribing to headers to get current height
2025/09/16 14:49:17 ELECTRUM: Got current height 4671263 from headers subscription
2025/09/16 14:49:17 ELECTRUM: Returning hash 0000000000000c51fce7f71a158927d0752490928f5f4cea70fcea62f28487c9 for height 4671263 (from headers subscription)
2025/09/16 14:49:17 ELECTRUM: GetBlockHeader called for hash: 0000000000000c51fce7f71a158927d0752490928f5f4cea70fcea62f28487c9
2025/09/16 14:49:17 ELECTRUM: GetBestBlock called
2025/09/16 14:49:17 ELECTRUM: Subscribing to headers to get current height
2025/09/16 14:49:17 ELECTRUM: Got current height 4671263 from headers subscription
2025/09/16 14:49:17 ELECTRUM: Returning hash 0000000000000c51fce7f71a158927d0752490928f5f4cea70fcea62f28487c9 for height 4671263 (from headers subscription)
2025-09-16 14:49:17.778 [DBG] LTND lnd.go:727: Syncing to block chain rev=08ae35 best_block_time="2025-09-16 14:49:16 -0400 EDT" is_synced=false
2025/09/16 14:49:18 ELECTRUM: GetBestBlock called
2025/09/16 14:49:18 ELECTRUM: Subscribing to headers to get current height
2025/09/16 14:49:19 ELECTRUM: Got current height 4671265 from headers subscription
2025/09/16 14:49:19 ELECTRUM: Returning hash 000000000001ded2429be4f37aca6018d9f9c2ccc441c6ff94eb507ecf9c663c for height 4671265 (from headers subscription)
2025/09/16 14:49:19 ELECTRUM: GetBlockHeader called for hash: 000000000001ded2429be4f37aca6018d9f9c2ccc441c6ff94eb507ecf9c663c
2025/09/16 14:49:19 ELECTRUM: GetBestBlock called
2025/09/16 14:49:19 ELECTRUM: Subscribing to headers to get current height
2025/09/16 14:49:19 ELECTRUM: Got current height 4671265 from headers subscription
2025/09/16 14:49:19 ELECTRUM: Returning hash 000000000001ded2429be4f37aca6018d9f9c2ccc441c6ff94eb507ecf9c663c for height 4671265 (from headers subscription)
2025-09-16 14:49:19.497 [DBG] LTND lnd.go:727: Syncing to block chain rev=08ae35 best_block_time="2025-09-16 14:49:17 -0400 EDT" is_synced=false
2025/09/16 14:49:20 ELECTRUM: GetBestBlock called
2025/09/16 14:49:20 ELECTRUM: Subscribing to headers to get current height
2025/09/16 14:49:20 ELECTRUM: Got current height 4671265 from headers subscription
2025/09/16 14:49:20 ELECTRUM: Returning hash 000000000001ded2429be4f37aca6018d9f9c2ccc441c6ff94eb507ecf9c663c for height 4671265 (from headers subscription)
2025/09/16 14:49:20 ELECTRUM: GetBlockHeader called for hash: 000000000001ded2429be4f37aca6018d9f9c2ccc441c6ff94eb507ecf9c663c
2025/09/16 14:49:20 ELECTRUM: GetBestBlock called
2025/09/16 14:49:20 ELECTRUM: Subscribing to headers to get current height
2025/09/16 14:49:21 ELECTRUM: Got current height 4671266 from headers subscription
2025/09/16 14:49:21 ELECTRUM: Returning hash 000000000000282af0837d3486d08eea7479b66e9a9ddc3e3152ad3ea29eaa29 for height 4671266 (from headers subscription)
2025/09/16 14:49:28 ELECTRUM: GetBestBlock called
2025/09/16 14:49:28 ELECTRUM: Subscribing to headers to get current height
2025/09/16 14:49:29 ELECTRUM: Got current height 4671271 from headers subscription
2025/09/16 14:49:29 ELECTRUM: Returning hash 0000000000002569151de56342ede23f526626c6b3b3587b870088899a636bfe for height 4671271 (from headers subscription)
2025/09/16 14:49:29 ELECTRUM: Checking for new blocks - current: 4671271, last known: 4671255
2025/09/16 14:49:29 ELECTRUM: New block detected! Height: 4671271 (was 4671255)
2025/09/16 14:49:29 ELECTRUM: Sending block connected notification for height 4671271
2025/09/16 14:49:29 ELECTRUM: Block notification sent successfully for height 4671271
2025/09/16 14:49:30 ELECTRUM: GetBestBlock called
2025/09/16 14:49:30 ELECTRUM: Subscribing to headers to get current height
2025/09/16 14:49:30 ELECTRUM: Got current height 4671272 from headers subscription
2025/09/16 14:49:30 ELECTRUM: Returning hash 00000000000051bc5f74a6c3cdace072409243aeff178ac02d9c04af8e70cdda for height 4671272 (from headers subscription)
2025/09/16 14:49:30 ELECTRUM: Checking for new blocks - current: 4671272, last known: 4671255
2025/09/16 14:49:30 ELECTRUM: New block detected! Height: 4671272 (was 4671255)
2025/09/16 14:49:30 ELECTRUM: Sending block connected notification for height 4671272
2025/09/16 14:49:30 ELECTRUM: Block notification sent successfully for height 4671272
2025/09/16 14:49:30 ELECTRUM: GetBestBlock called
2025/09/16 14:49:30 ELECTRUM: Subscribing to headers to get current height
2025/09/16 14:49:30 ELECTRUM: Got current height 4671272 from headers subscription
2025/09/16 14:49:30 ELECTRUM: Returning hash 00000000000051bc5f74a6c3cdace072409243aeff178ac02d9c04af8e70cdda for height 4671272 (from headers subscription)
2025/09/16 14:49:30 ELECTRUM: Checking for new blocks - current: 4671272, last known: 4671256
2025/09/16 14:49:30 ELECTRUM: New block detected! Height: 4671272 (was 4671256)
2025/09/16 14:49:30 ELECTRUM: Sending block connected notification for height 4671272
2025/09/16 14:49:30 ELECTRUM: Block notification sent successfully for height 4671272
2025-09-16 14:49:46.625 [DBG] LTND lnd.go:727: Syncing to block chain rev=08ae35 best_block_time="2025-09-16 14:49:17 -0400 EDT" is_synced=false
2025/09/16 14:49:47 ELECTRUM: GetBestBlock called
2025/09/16 14:49:47 ELECTRUM: Subscribing to headers to get current height
2025/09/16 14:49:47 ELECTRUM: Got current height 4671280 from headers subscription
2025/09/16 14:49:47 ELECTRUM: Returning hash 00000000000242924255d6c3f43275ddb4e4f4ed4fdda247e93dda5dbc8490cd for height 4671280 (from headers subscription)
2025/09/16 14:49:47 ELECTRUM: GetBlockHeader called for hash: 00000000000242924255d6c3f43275ddb4e4f4ed4fdda247e93dda5dbc8490cd
2025/09/16 14:49:47 ELECTRUM: GetBestBlock called
2025/09/16 14:49:47 ELECTRUM: Subscribing to headers to get current height
2025/09/16 14:49:48 ELECTRUM: Got current height 4671280 from headers subscription
2025/09/16 14:49:48 ELECTRUM: Returning hash 00000000000242924255d6c3f43275ddb4e4f4ed4fdda247e93dda5dbc8490cd for height 4671280 (from headers subscription)
2025-09-16 14:49:48.338 [DBG] LTND lnd.go:727: Syncing to block chain rev=08ae35 best_block_time="2025-09-16 14:49:44 -0400 EDT" is_synced=false
2025/09/16 14:49:49 ELECTRUM: GetBestBlock called
2025/09/16 14:49:49 ELECTRUM: Subscribing to headers to get current height
2025/09/16 14:49:49 ELECTRUM: Got current height 4671280 from headers subscription
2025/09/16 14:49:49 ELECTRUM: Returning hash 00000000000242924255d6c3f43275ddb4e4f4ed4fdda247e93dda5dbc8490cd for height 4671280 (from headers subscription)
2025/09/16 14:49:49 ELECTRUM: GetBlockHeader called for hash: 00000000000242924255d6c3f43275ddb4e4f4ed4fdda247e93dda5dbc8490cd
2025/09/16 14:49:49 ELECTRUM: GetBestBlock called
2025/09/16 14:49:49 ELECTRUM: Subscribing to headers to get current height
2025/09/16 14:49:49 ELECTRUM: Got current height 4671280 from headers subscription
2025/09/16 14:49:49 ELECTRUM: Returning hash 00000000000242924255d6c3f43275ddb4e4f4ed4fdda247e93dda5dbc8490cd for height 4671280 (from headers subscription)
2025-09-16 14:49:50.044 [DBG] LTND lnd.go:727: Syncing to block chain rev=08ae35 best_block_time="2025-09-16 14:49:44 -0400 EDT" is_synced=false
2025/09/16 14:49:51 ELECTRUM: GetBestBlock called
2025/09/16 14:49:51 ELECTRUM: Subscribing to headers to get current height
2025/09/16 14:49:51 ELECTRUM: Got current height 4671281 from headers subscription
2025/09/16 14:49:51 ELECTRUM: Returning hash 000000000000306de9e883f6e2bc1cd55cf861b1e22c37c63b2e731173fa33ed for height 4671281 (from headers subscription)
2025/09/16 14:49:51 ELECTRUM: GetBlockHeader called for hash: 000000000000306de9e883f6e2bc1cd55cf861b1e22c37c63b2e731173fa33ed
2025/09/16 14:49:51 ELECTRUM: GetBestBlock called
2025/09/16 14:49:51 ELECTRUM: Subscribing to headers to get current height
2025/09/16 14:49:51 ELECTRUM: Got current height 4671281 from headers subscription
2025/09/16 14:49:51 ELECTRUM: Returning hash 000000000000306de9e883f6e2bc1cd55cf861b1e22c37c63b2e731173fa33ed for height 4671281 (from headers subscription)
2025-09-16 14:49:51.871 [DBG] LTND lnd.go:727: Syncing to block chain rev=08ae35 best_block_time="2025-09-16 14:49:54 -0400 EDT" is_synced=false
2025/09/16 14:49:52 ELECTRUM: GetBestBlock called
2025/09/16 14:49:52 ELECTRUM: Subscribing to headers to get current height
2025/09/16 14:49:53 ELECTRUM: Got current height 4671282 from headers subscription
2025/09/16 14:49:53 ELECTRUM: Returning hash 0000000000003aebc1dd159bd7e8247e27cb25b4f39c1feb287ccf7b512556a4 for height 4671282 (from headers subscription)
2025/09/16 14:49:53 ELECTRUM: GetBlockHeader called for hash: 0000000000003aebc1dd159bd7e8247e27cb25b4f39c1feb287ccf7b512556a4
2025/09/16 14:49:53 ELECTRUM: GetBestBlock called
2025/09/16 14:49:53 ELECTRUM: Subscribing to headers to get current height
2025/09/16 14:49:53 ELECTRUM: Got current height 4671282 from headers subscription
2025/09/16 14:49:53 ELECTRUM: Returning hash 0000000000003aebc1dd159bd7e8247e27cb25b4f39c1feb287ccf7b512556a4 for height 4671282 (from headers subscription)
2025-09-16 14:49:53.593 [DBG] LTND lnd.go:727: Syncing to block chain rev=08ae35 best_block_time="2025-09-16 14:49:50 -0400 EDT" is_synced=false
2025/09/16 14:49:54 ELECTRUM: GetBestBlock called
2025/09/16 14:49:54 ELECTRUM: Subscribing to headers to get current height
2025/09/16 14:49:54 ELECTRUM: Got current height 4671283 from headers subscription
2025/09/16 14:49:54 ELECTRUM: Returning hash 00000000000313420c601638e86518cb5990bbc839ad9f6e0942717b15a7f828 for height 4671283 (from headers subscription)
2025/09/16 14:49:54 ELECTRUM: GetBlockHeader called for hash: 00000000000313420c601638e86518cb5990bbc839ad9f6e0942717b15a7f828
2025/09/16 14:49:54 ELECTRUM: GetBestBlock called
2025/09/16 14:49:54 ELECTRUM: Subscribing to headers to get current height
2025/09/16 14:49:55 ELECTRUM: Got current height 4671283 from headers subscription
2025/09/16 14:49:55 ELECTRUM: Returning hash 00000000000313420c601638e86518cb5990bbc839ad9f6e0942717b15a7f828 for height 4671283 (from headers subscription)
2025-09-16 14:49:55.299 [DBG] LTND lnd.go:727: Syncing to block chain rev=08ae35 best_block_time="2025-09-16 14:49:53 -0400 EDT" is_synced=false
2025/09/16 14:49:56 ELECTRUM: GetBestBlock called
2025/09/16 14:49:56 ELECTRUM: Subscribing to headers to get current height
2025/09/16 14:49:56 ELECTRUM: Got current height 4671284 from headers subscription
2025/09/16 14:49:56 ELECTRUM: Returning hash 00000000000046d4e320666527641aba445e821c7ed9fa90df628f252723ce95 for height 4671284 (from headers subscription)
2025/09/16 14:49:56 ELECTRUM: GetBlockHeader called for hash: 00000000000046d4e320666527641aba445e821c7ed9fa90df628f252723ce95
2025/09/16 14:49:56 ELECTRUM: GetBestBlock called
2025/09/16 14:49:56 ELECTRUM: Subscribing to headers to get current height
2025/09/16 14:49:56 ELECTRUM: Got current height 4671284 from headers subscription
2025/09/16 14:49:56 ELECTRUM: Returning hash 00000000000046d4e320666527641aba445e821c7ed9fa90df628f252723ce95 for height 4671284 (from headers subscription)
2025-09-16 14:49:57.013 [DBG] LTND lnd.go:727: Syncing to block chain rev=08ae35 best_block_time="2025-09-16 14:49:59 -0400 EDT" is_synced=false
2025/09/16 14:49:58 ELECTRUM: GetBestBlock called
2025/09/16 14:49:58 ELECTRUM: Subscribing to headers to get current height
2025/09/16 14:49:58 ELECTRUM: Got current height 4671285 from headers subscription
2025/09/16 14:49:58 ELECTRUM: Returning hash 00000000000001047630ca669dacf13f58a21fc1fabbccfa10d791b2572225be for height 4671285 (from headers subscription)
2025/09/16 14:49:58 ELECTRUM: GetBlockHeader called for hash: 00000000000001047630ca669dacf13f58a21fc1fabbccfa10d791b2572225be
2025/09/16 14:49:58 ELECTRUM: GetBestBlock called
2025/09/16 14:49:58 ELECTRUM: Subscribing to headers to get current height
2025/09/16 14:49:58 ELECTRUM: Got current height 4671286 from headers subscription
2025/09/16 14:49:58 ELECTRUM: Returning hash 000000000002469e49b08f841854ca2f0fcce06f612a164758407dc76a462d1b for height 4671286 (from headers subscription)
2025/09/16 14:49:58 ELECTRUM: GetBestBlock called
2025/09/16 14:49:58 ELECTRUM: Subscribing to headers to get current height
2025/09/16 14:49:59 ELECTRUM: Got current height 4671286 from headers subscription
2025/09/16 14:49:59 ELECTRUM: Returning hash 000000000002469e49b08f841854ca2f0fcce06f612a164758407dc76a462d1b for height 4671286 (from headers subscription)
2025/09/16 14:49:59 ELECTRUM: Checking for new blocks - current: 4671286, last known: 4671271
2025/09/16 14:49:59 ELECTRUM: New block detected! Height: 4671286 (was 4671271)
2025/09/16 14:49:59 ELECTRUM: Sending block connected notification for height 4671286
2025/09/16 14:49:59 ELECTRUM: Block notification sent successfully for height 4671286
2025/09/16 14:50:00 ELECTRUM: GetBestBlock called
2025/09/16 14:50:00 ELECTRUM: Subscribing to headers to get current height
2025/09/16 14:50:00 ELECTRUM: Got current height 4671286 from headers subscription
2025/09/16 14:50:00 ELECTRUM: Returning hash 000000000002469e49b08f841854ca2f0fcce06f612a164758407dc76a462d1b for height 4671286 (from headers subscription)
2025/09/16 14:50:00 ELECTRUM: Checking for new blocks - current: 4671286, last known: 4671272
2025/09/16 14:50:00 ELECTRUM: New block detected! Height: 4671286 (was 4671272)
2025/09/16 14:50:00 ELECTRUM: Sending block connected notification for height 4671286
2025/09/16 14:50:00 ELECTRUM: Block notification sent successfully for height 4671286
2025/09/16 14:50:00 ELECTRUM: GetBestBlock called
2025/09/16 14:50:00 ELECTRUM: Subscribing to headers to get current height
2025/09/16 14:50:00 ELECTRUM: Got current height 4671286 from headers subscription
2025/09/16 14:50:00 ELECTRUM: Returning hash 000000000002469e49b08f841854ca2f0fcce06f612a164758407dc76a462d1b for height 4671286 (from headers subscription)
2025/09/16 14:50:00 ELECTRUM: Checking for new blocks - current: 4671286, last known: 4671272
2025/09/16 14:50:00 ELECTRUM: New block detected! Height: 4671286 (was 4671272)
2025/09/16 14:50:00 ELECTRUM: Sending block connected notification for height 4671286
2025/09/16 14:50:00 ELECTRUM: Block notification sent successfully for height 4671286
2025-09-16 14:50:23.652 [DBG] LTND lnd.go:727: Syncing to block chain rev=08ae35 best_block_time="2025-09-16 14:49:56 -0400 EDT" is_synced=false
2025/09/16 14:50:24 ELECTRUM: GetBestBlock called
2025/09/16 14:50:24 ELECTRUM: Subscribing to headers to get current height
2025/09/16 14:50:24 ELECTRUM: Got current height 4671296 from headers subscription
2025/09/16 14:50:24 ELECTRUM: Returning hash 0000000000002a7ea0e861f76cbbc212b119d7ffee714a049f36b22c5a5bda0c for height 4671296 (from headers subscription)
2025/09/16 14:50:24 ELECTRUM: GetBlockHeader called for hash: 0000000000002a7ea0e861f76cbbc212b119d7ffee714a049f36b22c5a5bda0c
2025/09/16 14:50:24 ELECTRUM: GetBestBlock called
2025/09/16 14:50:24 ELECTRUM: Subscribing to headers to get current height
2025/09/16 14:50:25 ELECTRUM: Got current height 4671296 from headers subscription
2025/09/16 14:50:25 ELECTRUM: Returning hash 0000000000002a7ea0e861f76cbbc212b119d7ffee714a049f36b22c5a5bda0c for height 4671296 (from headers subscription)
2025-09-16 14:50:25.370 [DBG] LTND lnd.go:727: Syncing to block chain rev=08ae35 best_block_time="2025-09-16 14:50:21 -0400 EDT" is_synced=false
2025/09/16 14:50:26 ELECTRUM: GetBestBlock called
2025/09/16 14:50:26 ELECTRUM: Subscribing to headers to get current height
2025/09/16 14:50:26 ELECTRUM: Got current height 4671297 from headers subscription
2025/09/16 14:50:26 ELECTRUM: Returning hash 000000000001c3e04166d5d78749c14d0c52e78e30802aa1df6f414a9f5d39a2 for height 4671297 (from headers subscription)
2025/09/16 14:50:26 ELECTRUM: GetBlockHeader called for hash: 000000000001c3e04166d5d78749c14d0c52e78e30802aa1df6f414a9f5d39a2
2025/09/16 14:50:26 ELECTRUM: GetBestBlock called
2025/09/16 14:50:26 ELECTRUM: Subscribing to headers to get current height
2025/09/16 14:50:26 ELECTRUM: Got current height 4671298 from headers subscription
2025/09/16 14:50:26 ELECTRUM: Returning hash 00000000000033c51b3760b8fbc6a4b1efac2dee106659fade81199b49208147 for height 4671298 (from headers subscription)
2025/09/16 14:50:28 ELECTRUM: GetBestBlock called
2025/09/16 14:50:28 ELECTRUM: Subscribing to headers to get current height
2025/09/16 14:50:29 ELECTRUM: Got current height 4671298 from headers subscription
2025/09/16 14:50:29 ELECTRUM: Returning hash 00000000000033c51b3760b8fbc6a4b1efac2dee106659fade81199b49208147 for height 4671298 (from headers subscription)
2025/09/16 14:50:29 ELECTRUM: Checking for new blocks - current: 4671298, last known: 4671286
2025/09/16 14:50:29 ELECTRUM: New block detected! Height: 4671298 (was 4671286)
2025/09/16 14:50:29 ELECTRUM: Sending block connected notification for height 4671298
2025/09/16 14:50:29 ELECTRUM: Block notification sent successfully for height 4671298
2025/09/16 14:50:30 ELECTRUM: GetBestBlock called
2025/09/16 14:50:30 ELECTRUM: Subscribing to headers to get current height
2025/09/16 14:50:30 ELECTRUM: Got current height 4671298 from headers subscription
2025/09/16 14:50:30 ELECTRUM: Returning hash 00000000000033c51b3760b8fbc6a4b1efac2dee106659fade81199b49208147 for height 4671298 (from headers subscription)
2025/09/16 14:50:30 ELECTRUM: Checking for new blocks - current: 4671298, last known: 4671286
2025/09/16 14:50:30 ELECTRUM: New block detected! Height: 4671298 (was 4671286)
2025/09/16 14:50:30 ELECTRUM: Sending block connected notification for height 4671298
2025/09/16 14:50:30 ELECTRUM: Block notification sent successfully for height 4671298
2025/09/16 14:50:30 ELECTRUM: GetBestBlock called
2025/09/16 14:50:30 ELECTRUM: Subscribing to headers to get current height
2025/09/16 14:50:30 ELECTRUM: Got current height 4671298 from headers subscription
2025/09/16 14:50:30 ELECTRUM: Returning hash 00000000000033c51b3760b8fbc6a4b1efac2dee106659fade81199b49208147 for height 4671298 (from headers subscription)
2025/09/16 14:50:30 ELECTRUM: Checking for new blocks - current: 4671298, last known: 4671286
2025/09/16 14:50:30 ELECTRUM: New block detected! Height: 4671298 (was 4671286)
2025/09/16 14:50:30 ELECTRUM: Sending block connected notification for height 4671298
2025/09/16 14:50:30 ELECTRUM: Block notification sent successfully for height 4671298
2025-09-16 14:50:54.173 [DBG] LTND lnd.go:727: Syncing to block chain rev=08ae35 best_block_time="2025-09-16 14:50:29 -0400 EDT" is_synced=false
2025/09/16 14:50:55 ELECTRUM: GetBestBlock called
2025/09/16 14:50:55 ELECTRUM: Subscribing to headers to get current height
2025/09/16 14:50:55 ELECTRUM: Got current height 4671309 from headers subscription
2025/09/16 14:50:55 ELECTRUM: Returning hash 0000000000001bf1e2f2fbe9045873c7261e69c68c41445a346ebe51f430c9f7 for height 4671309 (from headers subscription)
2025/09/16 14:50:55 ELECTRUM: GetBlockHeader called for hash: 0000000000001bf1e2f2fbe9045873c7261e69c68c41445a346ebe51f430c9f7
2025/09/16 14:50:55 ELECTRUM: GetBestBlock called
2025/09/16 14:50:55 ELECTRUM: Subscribing to headers to get current height
2025/09/16 14:50:55 ELECTRUM: Got current height 4671309 from headers subscription
2025/09/16 14:50:55 ELECTRUM: Returning hash 0000000000001bf1e2f2fbe9045873c7261e69c68c41445a346ebe51f430c9f7 for height 4671309 (from headers subscription)
2025-09-16 14:50:55.884 [DBG] LTND lnd.go:727: Syncing to block chain rev=08ae35 best_block_time="2025-09-16 14:50:55 -0400 EDT" is_synced=false
2025/09/16 14:50:56 ELECTRUM: GetBestBlock called
2025/09/16 14:50:56 ELECTRUM: Subscribing to headers to get current height
2025/09/16 14:50:57 ELECTRUM: Got current height 4671309 from headers subscription
2025/09/16 14:50:57 ELECTRUM: Returning hash 0000000000001bf1e2f2fbe9045873c7261e69c68c41445a346ebe51f430c9f7 for height 4671309 (from headers subscription)
2025/09/16 14:50:57 ELECTRUM: GetBlockHeader called for hash: 0000000000001bf1e2f2fbe9045873c7261e69c68c41445a346ebe51f430c9f7
2025/09/16 14:50:57 ELECTRUM: GetBestBlock called
2025/09/16 14:50:57 ELECTRUM: Subscribing to headers to get current height
2025/09/16 14:50:57 ELECTRUM: Got current height 4671310 from headers subscription
2025/09/16 14:50:57 ELECTRUM: Returning hash 0000000000000d315dd9624dbdfe042213f002fa4833ee412f13e970ef44fc10 for height 4671310 (from headers subscription)
2025/09/16 14:50:58 ELECTRUM: GetBestBlock called
2025/09/16 14:50:58 ELECTRUM: Subscribing to headers to get current height
2025/09/16 14:50:59 ELECTRUM: Got current height 4671311 from headers subscription
2025/09/16 14:50:59 ELECTRUM: Returning hash 000000000002aaf9e642dadc4553134d944a87aad07f6fc62e97d5f162ba744f for height 4671311 (from headers subscription)
2025/09/16 14:50:59 ELECTRUM: Checking for new blocks - current: 4671311, last known: 4671298
2025/09/16 14:50:59 ELECTRUM: New block detected! Height: 4671311 (was 4671298)
2025/09/16 14:50:59 ELECTRUM: Sending block connected notification for height 4671311
2025/09/16 14:50:59 ELECTRUM: Block notification sent successfully for height 4671311
2025/09/16 14:51:00 ELECTRUM: GetBestBlock called
2025/09/16 14:51:00 ELECTRUM: Subscribing to headers to get current height
2025/09/16 14:51:00 ELECTRUM: Got current height 4671312 from headers subscription
2025/09/16 14:51:00 ELECTRUM: Returning hash 00000000000016f3e88c6c633e4f92654231a98bdd1b67a61435aba65a2186c9 for height 4671312 (from headers subscription)
2025/09/16 14:51:00 ELECTRUM: Checking for new blocks - current: 4671312, last known: 4671298
2025/09/16 14:51:00 ELECTRUM: New block detected! Height: 4671312 (was 4671298)
2025/09/16 14:51:00 ELECTRUM: Sending block connected notification for height 4671312
2025/09/16 14:51:00 ELECTRUM: Block notification sent successfully for height 4671312
2025/09/16 14:51:00 ELECTRUM: GetBestBlock called
2025/09/16 14:51:00 ELECTRUM: Subscribing to headers to get current height
2025/09/16 14:51:00 ELECTRUM: Got current height 4671312 from headers subscription
2025/09/16 14:51:00 ELECTRUM: Returning hash 00000000000016f3e88c6c633e4f92654231a98bdd1b67a61435aba65a2186c9 for height 4671312 (from headers subscription)
2025/09/16 14:51:00 ELECTRUM: Checking for new blocks - current: 4671312, last known: 4671298
2025/09/16 14:51:00 ELECTRUM: New block detected! Height: 4671312 (was 4671298)
2025/09/16 14:51:00 ELECTRUM: Sending block connected notification for height 4671312
2025/09/16 14:51:00 ELECTRUM: Block notification sent successfully for height 4671312
2025-09-16 14:51:22.992 [DBG] LTND lnd.go:727: Syncing to block chain rev=08ae35 best_block_time="2025-09-16 14:50:55 -0400 EDT" is_synced=false
2025/09/16 14:51:23 ELECTRUM: GetBestBlock called
2025/09/16 14:51:23 ELECTRUM: Subscribing to headers to get current height
2025/09/16 14:51:24 ELECTRUM: Got current height 4671323 from headers subscription
2025/09/16 14:51:24 ELECTRUM: Returning hash 0000000000007051380d0cc3a411fd5145f83602f7cd05ee749899a5acca1efe for height 4671323 (from headers subscription)
2025/09/16 14:51:24 ELECTRUM: GetBlockHeader called for hash: 0000000000007051380d0cc3a411fd5145f83602f7cd05ee749899a5acca1efe
2025/09/16 14:51:24 ELECTRUM: GetBestBlock called
2025/09/16 14:51:24 ELECTRUM: Subscribing to headers to get current height
2025/09/16 14:51:24 ELECTRUM: Got current height 4671323 from headers subscription
2025/09/16 14:51:24 ELECTRUM: Returning hash 0000000000007051380d0cc3a411fd5145f83602f7cd05ee749899a5acca1efe for height 4671323 (from headers subscription)
2025-09-16 14:51:24.778 [DBG] LTND lnd.go:727: Syncing to block chain rev=08ae35 best_block_time="2025-09-16 14:51:21 -0400 EDT" is_synced=false
2025/09/16 14:51:25 ELECTRUM: GetBestBlock called
2025/09/16 14:51:25 ELECTRUM: Subscribing to headers to get current height
2025/09/16 14:51:26 ELECTRUM: Got current height 4671324 from headers subscription
2025/09/16 14:51:26 ELECTRUM: Returning hash 00000000000306d752a52c873a2923ba04ed5ae194027ab07c83625b36ab6b61 for height 4671324 (from headers subscription)
2025/09/16 14:51:26 ELECTRUM: GetBlockHeader called for hash: 00000000000306d752a52c873a2923ba04ed5ae194027ab07c83625b36ab6b61
2025/09/16 14:51:26 ELECTRUM: GetBestBlock called
2025/09/16 14:51:26 ELECTRUM: Subscribing to headers to get current height
2025/09/16 14:51:26 ELECTRUM: Got current height 4671324 from headers subscription
2025/09/16 14:51:26 ELECTRUM: Returning hash 00000000000306d752a52c873a2923ba04ed5ae194027ab07c83625b36ab6b61 for height 4671324 (from headers subscription)
2025-09-16 14:51:26.539 [DBG] LTND lnd.go:727: Syncing to block chain rev=08ae35 best_block_time="2025-09-16 14:51:23 -0400 EDT" is_synced=false
2025/09/16 14:51:27 ELECTRUM: GetBestBlock called
2025/09/16 14:51:27 ELECTRUM: Subscribing to headers to get current height
2025/09/16 14:51:27 ELECTRUM: Got current height 4671325 from headers subscription
2025/09/16 14:51:27 ELECTRUM: Returning hash 000000000001240ef31473f9305485290109dff2eb76322657499a88d13dfe88 for height 4671325 (from headers subscription)
2025/09/16 14:51:27 ELECTRUM: GetBlockHeader called for hash: 000000000001240ef31473f9305485290109dff2eb76322657499a88d13dfe88
2025/09/16 14:51:27 ELECTRUM: GetBestBlock called
2025/09/16 14:51:27 ELECTRUM: Subscribing to headers to get current height
2025/09/16 14:51:28 ELECTRUM: Got current height 4671325 from headers subscription
2025/09/16 14:51:28 ELECTRUM: Returning hash 000000000001240ef31473f9305485290109dff2eb76322657499a88d13dfe88 for height 4671325 (from headers subscription)
2025-09-16 14:51:28.250 [DBG] LTND lnd.go:727: Syncing to block chain rev=08ae35 best_block_time="2025-09-16 14:51:24 -0400 EDT" is_synced=false
2025/09/16 14:51:28 ELECTRUM: GetBestBlock called
2025/09/16 14:51:28 ELECTRUM: Subscribing to headers to get current height
2025/09/16 14:51:29 ELECTRUM: Got current height 4671325 from headers subscription
2025/09/16 14:51:29 ELECTRUM: Returning hash 000000000001240ef31473f9305485290109dff2eb76322657499a88d13dfe88 for height 4671325 (from headers subscription)
2025/09/16 14:51:29 ELECTRUM: Checking for new blocks - current: 4671325, last known: 4671311
2025/09/16 14:51:29 ELECTRUM: New block detected! Height: 4671325 (was 4671311)
2025/09/16 14:51:29 ELECTRUM: Sending block connected notification for height 4671325
2025/09/16 14:51:29 ELECTRUM: Block notification sent successfully for height 4671325
2025/09/16 14:51:29 ELECTRUM: GetBestBlock called
2025/09/16 14:51:29 ELECTRUM: Subscribing to headers to get current height
2025/09/16 14:51:29 ELECTRUM: Got current height 4671325 from headers subscription
2025/09/16 14:51:29 ELECTRUM: Returning hash 000000000001240ef31473f9305485290109dff2eb76322657499a88d13dfe88 for height 4671325 (from headers subscription)
2025/09/16 14:51:29 ELECTRUM: GetBlockHeader called for hash: 000000000001240ef31473f9305485290109dff2eb76322657499a88d13dfe88
2025/09/16 14:51:29 ELECTRUM: GetBestBlock called
2025/09/16 14:51:29 ELECTRUM: Subscribing to headers to get current height
2025/09/16 14:51:29 ELECTRUM: Got current height 4671325 from headers subscription
2025/09/16 14:51:29 ELECTRUM: Returning hash 000000000001240ef31473f9305485290109dff2eb76322657499a88d13dfe88 for height 4671325 (from headers subscription)
2025-09-16 14:51:30.057 [DBG] LTND lnd.go:727: Syncing to block chain rev=08ae35 best_block_time="2025-09-16 14:51:24 -0400 EDT" is_synced=false
2025/09/16 14:51:30 ELECTRUM: GetBestBlock called
2025/09/16 14:51:30 ELECTRUM: Subscribing to headers to get current height
2025/09/16 14:51:30 ELECTRUM: Got current height 4671325 from headers subscription
2025/09/16 14:51:30 ELECTRUM: Returning hash 000000000001240ef31473f9305485290109dff2eb76322657499a88d13dfe88 for height 4671325 (from headers subscription)
2025/09/16 14:51:30 ELECTRUM: Checking for new blocks - current: 4671325, last known: 4671312
2025/09/16 14:51:30 ELECTRUM: New block detected! Height: 4671325 (was 4671312)
2025/09/16 14:51:30 ELECTRUM: Sending block connected notification for height 4671325
2025/09/16 14:51:30 ELECTRUM: Block notification sent successfully for height 4671325
2025/09/16 14:51:30 ELECTRUM: GetBestBlock called
2025/09/16 14:51:30 ELECTRUM: Subscribing to headers to get current height
2025/09/16 14:51:30 ELECTRUM: Got current height 4671325 from headers subscription
2025/09/16 14:51:30 ELECTRUM: Returning hash 000000000001240ef31473f9305485290109dff2eb76322657499a88d13dfe88 for height 4671325 (from headers subscription)
2025/09/16 14:51:30 ELECTRUM: Checking for new blocks - current: 4671325, last known: 4671312
2025/09/16 14:51:30 ELECTRUM: New block detected! Height: 4671325 (was 4671312)
2025/09/16 14:51:30 ELECTRUM: Sending block connected notification for height 4671325
2025/09/16 14:51:30 ELECTRUM: Block notification sent successfully for height 4671325
2025/09/16 14:51:31 ELECTRUM: GetBestBlock called
2025/09/16 14:51:31 ELECTRUM: Subscribing to headers to get current height
2025/09/16 14:51:31 ELECTRUM: Got current height 4671326 from headers subscription
2025/09/16 14:51:31 ELECTRUM: Returning hash 000000000001da3e9de7a845a023d0fe8abc9998eeb8c3a6218ae67a9d41e5cb for height 4671326 (from headers subscription)
2025/09/16 14:51:31 ELECTRUM: GetBlockHeader called for hash: 000000000001da3e9de7a845a023d0fe8abc9998eeb8c3a6218ae67a9d41e5cb
2025/09/16 14:51:31 ELECTRUM: GetBestBlock called
2025/09/16 14:51:31 ELECTRUM: Subscribing to headers to get current height
2025/09/16 14:51:31 ELECTRUM: Got current height 4671326 from headers subscription
2025/09/16 14:51:31 ELECTRUM: Returning hash 000000000001da3e9de7a845a023d0fe8abc9998eeb8c3a6218ae67a9d41e5cb for height 4671326 (from headers subscription)
2025-09-16 14:51:31.771 [DBG] LTND lnd.go:727: Syncing to block chain rev=08ae35 best_block_time="2025-09-16 14:51:26 -0400 EDT" is_synced=false
2025/09/16 14:51:32 ELECTRUM: GetBestBlock called
2025/09/16 14:51:32 ELECTRUM: Subscribing to headers to get current height
2025/09/16 14:51:33 ELECTRUM: Got current height 4671326 from headers subscription
2025/09/16 14:51:33 ELECTRUM: Returning hash 000000000001da3e9de7a845a023d0fe8abc9998eeb8c3a6218ae67a9d41e5cb for height 4671326 (from headers subscription)
2025/09/16 14:51:33 ELECTRUM: GetBlockHeader called for hash: 000000000001da3e9de7a845a023d0fe8abc9998eeb8c3a6218ae67a9d41e5cb
2025/09/16 14:51:33 ELECTRUM: GetBestBlock called
2025/09/16 14:51:33 ELECTRUM: Subscribing to headers to get current height
2025/09/16 14:51:33 ELECTRUM: Got current height 4671326 from headers subscription
2025/09/16 14:51:33 ELECTRUM: Returning hash 000000000001da3e9de7a845a023d0fe8abc9998eeb8c3a6218ae67a9d41e5cb for height 4671326 (from headers subscription)
2025-09-16 14:51:33.481 [DBG] LTND lnd.go:727: Syncing to block chain rev=08ae35 best_block_time="2025-09-16 14:51:26 -0400 EDT" is_synced=false
2025/09/16 14:51:34 ELECTRUM: GetBestBlock called
2025/09/16 14:51:34 ELECTRUM: Subscribing to headers to get current height
2025/09/16 14:51:34 ELECTRUM: Got current height 4671326 from headers subscription
2025/09/16 14:51:34 ELECTRUM: Returning hash 000000000001da3e9de7a845a023d0fe8abc9998eeb8c3a6218ae67a9d41e5cb for height 4671326 (from headers subscription)
2025/09/16 14:51:34 ELECTRUM: GetBlockHeader called for hash: 000000000001da3e9de7a845a023d0fe8abc9998eeb8c3a6218ae67a9d41e5cb
2025/09/16 14:51:34 ELECTRUM: GetBestBlock called
2025/09/16 14:51:34 ELECTRUM: Subscribing to headers to get current height
2025/09/16 14:51:34 ELECTRUM: Got current height 4671326 from headers subscription
2025/09/16 14:51:34 ELECTRUM: Returning hash 000000000001da3e9de7a845a023d0fe8abc9998eeb8c3a6218ae67a9d41e5cb for height 4671326 (from headers subscription)
2025-09-16 14:51:35.210 [DBG] LTND lnd.go:727: Syncing to block chain rev=08ae35 best_block_time="2025-09-16 14:51:26 -0400 EDT" is_synced=false
2025/09/16 14:51:36 ELECTRUM: GetBestBlock called
2025/09/16 14:51:36 ELECTRUM: Subscribing to headers to get current height
2025/09/16 14:51:36 ELECTRUM: Got current height 4671327 from headers subscription
2025/09/16 14:51:36 ELECTRUM: Returning hash 000000000003dc71b8522d1677c572455334e4495d6cfca34cad0c527f3e0804 for height 4671327 (from headers subscription)
2025/09/16 14:51:36 ELECTRUM: GetBlockHeader called for hash: 000000000003dc71b8522d1677c572455334e4495d6cfca34cad0c527f3e0804
2025/09/16 14:51:36 ELECTRUM: GetBestBlock called
2025/09/16 14:51:36 ELECTRUM: Subscribing to headers to get current height
2025/09/16 14:51:36 ELECTRUM: Got current height 4671327 from headers subscription
2025/09/16 14:51:36 ELECTRUM: Returning hash 000000000003dc71b8522d1677c572455334e4495d6cfca34cad0c527f3e0804 for height 4671327 (from headers subscription)
2025-09-16 14:51:36.948 [DBG] LTND lnd.go:727: Syncing to block chain rev=08ae35 best_block_time="2025-09-16 14:51:30 -0400 EDT" is_synced=false
2025/09/16 14:51:37 ELECTRUM: GetBestBlock called
2025/09/16 14:51:37 ELECTRUM: Subscribing to headers to get current height
2025/09/16 14:51:38 ELECTRUM: Got current height 4671329 from headers subscription
2025/09/16 14:51:38 ELECTRUM: Returning hash 0000000000001710f3daa547368bac3174584c9eb7656236c317a90f25f09a4e for height 4671329 (from headers subscription)
2025/09/16 14:51:38 ELECTRUM: GetBlockHeader called for hash: 0000000000001710f3daa547368bac3174584c9eb7656236c317a90f25f09a4e
2025/09/16 14:51:38 ELECTRUM: GetBestBlock called
2025/09/16 14:51:38 ELECTRUM: Subscribing to headers to get current height
2025/09/16 14:51:38 ELECTRUM: Got current height 4671329 from headers subscription
2025/09/16 14:51:38 ELECTRUM: Returning hash 0000000000001710f3daa547368bac3174584c9eb7656236c317a90f25f09a4e for height 4671329 (from headers subscription)
2025-09-16 14:51:38.704 [DBG] LTND lnd.go:727: Syncing to block chain rev=08ae35 best_block_time="2025-09-16 14:51:36 -0400 EDT" is_synced=false
2025/09/16 14:51:39 ELECTRUM: GetBestBlock called
2025/09/16 14:51:39 ELECTRUM: Subscribing to headers to get current height
2025/09/16 14:51:39 ELECTRUM: Got current height 4671329 from headers subscription
2025/09/16 14:51:39 ELECTRUM: Returning hash 0000000000001710f3daa547368bac3174584c9eb7656236c317a90f25f09a4e for height 4671329 (from headers subscription)
2025/09/16 14:51:39 ELECTRUM: GetBlockHeader called for hash: 0000000000001710f3daa547368bac3174584c9eb7656236c317a90f25f09a4e
2025/09/16 14:51:39 ELECTRUM: GetBestBlock called
2025/09/16 14:51:39 ELECTRUM: Subscribing to headers to get current height
2025/09/16 14:51:40 ELECTRUM: Got current height 4671329 from headers subscription
2025/09/16 14:51:40 ELECTRUM: Returning hash 0000000000001710f3daa547368bac3174584c9eb7656236c317a90f25f09a4e for height 4671329 (from headers subscription)
2025-09-16 14:51:40.424 [DBG] LTND lnd.go:727: Syncing to block chain rev=08ae35 best_block_time="2025-09-16 14:51:36 -0400 EDT" is_synced=false
2025/09/16 14:51:41 ELECTRUM: GetBestBlock called
2025/09/16 14:51:41 ELECTRUM: Subscribing to headers to get current height
2025/09/16 14:51:41 ELECTRUM: Got current height 4671330 from headers subscription
2025/09/16 14:51:41 ELECTRUM: Returning hash 00000000000015cad1288e93ee318dc1edf0ce101fd7232a86f82585f73e65b0 for height 4671330 (from headers subscription)
2025/09/16 14:51:41 ELECTRUM: GetBlockHeader called for hash: 00000000000015cad1288e93ee318dc1edf0ce101fd7232a86f82585f73e65b0
2025/09/16 14:51:41 ELECTRUM: GetBestBlock called
2025/09/16 14:51:41 ELECTRUM: Subscribing to headers to get current height
2025/09/16 14:51:41 ELECTRUM: Got current height 4671330 from headers subscription
2025/09/16 14:51:41 ELECTRUM: Returning hash 00000000000015cad1288e93ee318dc1edf0ce101fd7232a86f82585f73e65b0 for height 4671330 (from headers subscription)
2025-09-16 14:51:42.244 [DBG] LTND lnd.go:727: Syncing to block chain rev=08ae35 best_block_time="2025-09-16 14:51:37 -0400 EDT" is_synced=false
2025/09/16 14:51:43 ELECTRUM: GetBestBlock called
2025/09/16 14:51:43 ELECTRUM: Subscribing to headers to get current height
2025/09/16 14:51:43 ELECTRUM: Got current height 4671330 from headers subscription
2025/09/16 14:51:43 ELECTRUM: Returning hash 00000000000015cad1288e93ee318dc1edf0ce101fd7232a86f82585f73e65b0 for height 4671330 (from headers subscription)
2025/09/16 14:51:43 ELECTRUM: GetBlockHeader called for hash: 00000000000015cad1288e93ee318dc1edf0ce101fd7232a86f82585f73e65b0
2025/09/16 14:51:43 ELECTRUM: GetBestBlock called
2025/09/16 14:51:43 ELECTRUM: Subscribing to headers to get current height
2025/09/16 14:51:43 ELECTRUM: Got current height 4671330 from headers subscription
2025/09/16 14:51:43 ELECTRUM: Returning hash 00000000000015cad1288e93ee318dc1edf0ce101fd7232a86f82585f73e65b0 for height 4671330 (from headers subscription)
2025-09-16 14:51:43.957 [DBG] LTND lnd.go:727: Syncing to block chain rev=08ae35 best_block_time="2025-09-16 14:51:37 -0400 EDT" is_synced=false
2025/09/16 14:51:44 ELECTRUM: GetBestBlock called
2025/09/16 14:51:44 ELECTRUM: Subscribing to headers to get current height
2025/09/16 14:51:45 ELECTRUM: Got current height 4671330 from headers subscription
2025/09/16 14:51:45 ELECTRUM: Returning hash 00000000000015cad1288e93ee318dc1edf0ce101fd7232a86f82585f73e65b0 for height 4671330 (from headers subscription)
2025/09/16 14:51:45 ELECTRUM: GetBlockHeader called for hash: 00000000000015cad1288e93ee318dc1edf0ce101fd7232a86f82585f73e65b0
2025/09/16 14:51:45 ELECTRUM: GetBestBlock called
2025/09/16 14:51:45 ELECTRUM: Subscribing to headers to get current height
2025/09/16 14:51:45 ELECTRUM: Got current height 4671330 from headers subscription
2025/09/16 14:51:45 ELECTRUM: Returning hash 00000000000015cad1288e93ee318dc1edf0ce101fd7232a86f82585f73e65b0 for height 4671330 (from headers subscription)
2025-09-16 14:51:45.666 [DBG] LTND lnd.go:727: Syncing to block chain rev=08ae35 best_block_time="2025-09-16 14:51:37 -0400 EDT" is_synced=false
2025/09/16 14:51:46 ELECTRUM: GetBestBlock called
2025/09/16 14:51:46 ELECTRUM: Subscribing to headers to get current height
2025/09/16 14:51:46 ELECTRUM: Got current height 4671330 from headers subscription
2025/09/16 14:51:46 ELECTRUM: Returning hash 00000000000015cad1288e93ee318dc1edf0ce101fd7232a86f82585f73e65b0 for height 4671330 (from headers subscription)
2025/09/16 14:51:46 ELECTRUM: GetBlockHeader called for hash: 00000000000015cad1288e93ee318dc1edf0ce101fd7232a86f82585f73e65b0
2025/09/16 14:51:46 ELECTRUM: GetBestBlock called
2025/09/16 14:51:46 ELECTRUM: Subscribing to headers to get current height
2025/09/16 14:51:47 ELECTRUM: Got current height 4671330 from headers subscription
2025/09/16 14:51:47 ELECTRUM: Returning hash 00000000000015cad1288e93ee318dc1edf0ce101fd7232a86f82585f73e65b0 for height 4671330 (from headers subscription)
2025-09-16 14:51:47.373 [DBG] LTND lnd.go:727: Syncing to block chain rev=08ae35 best_block_time="2025-09-16 14:51:37 -0400 EDT" is_synced=false
2025/09/16 14:51:48 ELECTRUM: GetBestBlock called
2025/09/16 14:51:48 ELECTRUM: Subscribing to headers to get current height
2025/09/16 14:51:48 ELECTRUM: Got current height 4671331 from headers subscription
2025/09/16 14:51:48 ELECTRUM: Returning hash 00000000000174282dc58539343cb06bb23e9f00960ce147ae1e12a00b72765c for height 4671331 (from headers subscription)
2025/09/16 14:51:48 ELECTRUM: GetBlockHeader called for hash: 00000000000174282dc58539343cb06bb23e9f00960ce147ae1e12a00b72765c
2025/09/16 14:51:48 ELECTRUM: GetBestBlock called
2025/09/16 14:51:48 ELECTRUM: Subscribing to headers to get current height
2025/09/16 14:51:48 ELECTRUM: Got current height 4671331 from headers subscription
2025/09/16 14:51:48 ELECTRUM: Returning hash 00000000000174282dc58539343cb06bb23e9f00960ce147ae1e12a00b72765c for height 4671331 (from headers subscription)
2025-09-16 14:51:49.119 [DBG] LTND lnd.go:727: Syncing to block chain rev=08ae35 best_block_time="2025-09-16 14:51:40 -0400 EDT" is_synced=false
2025/09/16 14:51:50 ELECTRUM: GetBestBlock called
2025/09/16 14:51:50 ELECTRUM: Subscribing to headers to get current height
2025/09/16 14:51:50 ELECTRUM: Got current height 4671331 from headers subscription
2025/09/16 14:51:50 ELECTRUM: Returning hash 00000000000174282dc58539343cb06bb23e9f00960ce147ae1e12a00b72765c for height 4671331 (from headers subscription)
2025/09/16 14:51:50 ELECTRUM: GetBlockHeader called for hash: 00000000000174282dc58539343cb06bb23e9f00960ce147ae1e12a00b72765c
2025/09/16 14:51:50 ELECTRUM: GetBestBlock called
2025/09/16 14:51:50 ELECTRUM: Subscribing to headers to get current height
2025/09/16 14:51:50 ELECTRUM: Got current height 4671331 from headers subscription
2025/09/16 14:51:50 ELECTRUM: Returning hash 00000000000174282dc58539343cb06bb23e9f00960ce147ae1e12a00b72765c for height 4671331 (from headers subscription)
2025-09-16 14:51:50.929 [DBG] LTND lnd.go:727: Syncing to block chain rev=08ae35 best_block_time="2025-09-16 14:51:40 -0400 EDT" is_synced=false
2025/09/16 14:51:51 ELECTRUM: GetBestBlock called
2025/09/16 14:51:51 ELECTRUM: Subscribing to headers to get current height
2025/09/16 14:51:52 ELECTRUM: Got current height 4671331 from headers subscription
2025/09/16 14:51:52 ELECTRUM: Returning hash 00000000000174282dc58539343cb06bb23e9f00960ce147ae1e12a00b72765c for height 4671331 (from headers subscription)
2025/09/16 14:51:52 ELECTRUM: GetBlockHeader called for hash: 00000000000174282dc58539343cb06bb23e9f00960ce147ae1e12a00b72765c
2025/09/16 14:51:52 ELECTRUM: GetBestBlock called
2025/09/16 14:51:52 ELECTRUM: Subscribing to headers to get current height
2025/09/16 14:51:52 ELECTRUM: Got current height 4671331 from headers subscription
2025/09/16 14:51:52 ELECTRUM: Returning hash 00000000000174282dc58539343cb06bb23e9f00960ce147ae1e12a00b72765c for height 4671331 (from headers subscription)
2025-09-16 14:51:52.640 [DBG] LTND lnd.go:727: Syncing to block chain rev=08ae35 best_block_time="2025-09-16 14:51:40 -0400 EDT" is_synced=false
2025/09/16 14:51:53 ELECTRUM: GetBestBlock called
2025/09/16 14:51:53 ELECTRUM: Subscribing to headers to get current height
2025/09/16 14:51:53 ELECTRUM: Got current height 4671331 from headers subscription
2025/09/16 14:51:53 ELECTRUM: Returning hash 00000000000174282dc58539343cb06bb23e9f00960ce147ae1e12a00b72765c for height 4671331 (from headers subscription)
2025/09/16 14:51:53 ELECTRUM: GetBlockHeader called for hash: 00000000000174282dc58539343cb06bb23e9f00960ce147ae1e12a00b72765c
2025/09/16 14:51:53 ELECTRUM: GetBestBlock called
2025/09/16 14:51:53 ELECTRUM: Subscribing to headers to get current height
2025/09/16 14:51:54 ELECTRUM: Got current height 4671331 from headers subscription
2025/09/16 14:51:54 ELECTRUM: Returning hash 00000000000174282dc58539343cb06bb23e9f00960ce147ae1e12a00b72765c for height 4671331 (from headers subscription)
2025-09-16 14:51:54.351 [DBG] LTND lnd.go:727: Syncing to block chain rev=08ae35 best_block_time="2025-09-16 14:51:40 -0400 EDT" is_synced=false
2025/09/16 14:51:55 ELECTRUM: GetBestBlock called
2025/09/16 14:51:55 ELECTRUM: Subscribing to headers to get current height
2025/09/16 14:51:55 ELECTRUM: Got current height 4671331 from headers subscription
2025/09/16 14:51:55 ELECTRUM: Returning hash 00000000000174282dc58539343cb06bb23e9f00960ce147ae1e12a00b72765c for height 4671331 (from headers subscription)
2025/09/16 14:51:55 ELECTRUM: GetBlockHeader called for hash: 00000000000174282dc58539343cb06bb23e9f00960ce147ae1e12a00b72765c
2025/09/16 14:51:55 ELECTRUM: GetBestBlock called
2025/09/16 14:51:55 ELECTRUM: Subscribing to headers to get current height
2025/09/16 14:51:55 ELECTRUM: Got current height 4671331 from headers subscription
2025/09/16 14:51:55 ELECTRUM: Returning hash 00000000000174282dc58539343cb06bb23e9f00960ce147ae1e12a00b72765c for height 4671331 (from headers subscription)
2025-09-16 14:51:56.060 [DBG] LTND lnd.go:727: Syncing to block chain rev=08ae35 best_block_time="2025-09-16 14:51:40 -0400 EDT" is_synced=false
2025/09/16 14:51:57 ELECTRUM: GetBestBlock called
2025/09/16 14:51:57 ELECTRUM: Subscribing to headers to get current height
2025/09/16 14:51:57 ELECTRUM: Got current height 4671332 from headers subscription
2025/09/16 14:51:57 ELECTRUM: Returning hash 0000000000012984f4c1756c00b6741654ee4f15b8e5829a7c6e2769438789ce for height 4671332 (from headers subscription)
2025/09/16 14:51:57 ELECTRUM: GetBlockHeader called for hash: 0000000000012984f4c1756c00b6741654ee4f15b8e5829a7c6e2769438789ce
2025/09/16 14:51:57 ELECTRUM: GetBestBlock called
2025/09/16 14:51:57 ELECTRUM: Subscribing to headers to get current height
2025/09/16 14:51:57 ELECTRUM: Got current height 4671332 from headers subscription
2025/09/16 14:51:57 ELECTRUM: Returning hash 0000000000012984f4c1756c00b6741654ee4f15b8e5829a7c6e2769438789ce for height 4671332 (from headers subscription)
2025-09-16 14:51:57.774 [DBG] LTND lnd.go:727: Syncing to block chain rev=08ae35 best_block_time="2025-09-16 14:51:51 -0400 EDT" is_synced=false
2025/09/16 14:51:58 ELECTRUM: GetBestBlock called
2025/09/16 14:51:58 ELECTRUM: Subscribing to headers to get current height
2025/09/16 14:51:58 ELECTRUM: GetBestBlock called
2025/09/16 14:51:58 ELECTRUM: Subscribing to headers to get current height
2025/09/16 14:51:59 ELECTRUM: Got current height 4671332 from headers subscription
2025/09/16 14:51:59 ELECTRUM: Returning hash 0000000000012984f4c1756c00b6741654ee4f15b8e5829a7c6e2769438789ce for height 4671332 (from headers subscription)
2025/09/16 14:51:59 ELECTRUM: GetBlockHeader called for hash: 0000000000012984f4c1756c00b6741654ee4f15b8e5829a7c6e2769438789ce
2025/09/16 14:51:59 ELECTRUM: GetBestBlock called
2025/09/16 14:51:59 ELECTRUM: Subscribing to headers to get current height
2025/09/16 14:51:59 ELECTRUM: Got current height 4671332 from headers subscription
2025/09/16 14:51:59 ELECTRUM: Returning hash 0000000000012984f4c1756c00b6741654ee4f15b8e5829a7c6e2769438789ce for height 4671332 (from headers subscription)
2025/09/16 14:51:59 ELECTRUM: Checking for new blocks - current: 4671332, last known: 4671325
2025/09/16 14:51:59 ELECTRUM: New block detected! Height: 4671332 (was 4671325)
2025/09/16 14:51:59 ELECTRUM: Sending block connected notification for height 4671332
2025/09/16 14:51:59 ELECTRUM: Block notification sent successfully for height 4671332
2025/09/16 14:51:59 ELECTRUM: Got current height 4671332 from headers subscription
2025/09/16 14:51:59 ELECTRUM: Returning hash 0000000000012984f4c1756c00b6741654ee4f15b8e5829a7c6e2769438789ce for height 4671332 (from headers subscription)
2025-09-16 14:51:59.484 [DBG] LTND lnd.go:727: Syncing to block chain rev=08ae35 best_block_time="2025-09-16 14:51:51 -0400 EDT" is_synced=false
2025/09/16 14:52:00 ELECTRUM: GetBestBlock called
2025/09/16 14:52:00 ELECTRUM: Subscribing to headers to get current height
2025/09/16 14:52:00 ELECTRUM: GetBestBlock called
2025/09/16 14:52:00 ELECTRUM: Subscribing to headers to get current height
2025/09/16 14:52:00 ELECTRUM: Got current height 4671333 from headers subscription
2025/09/16 14:52:00 ELECTRUM: Returning hash 0000000000006f317f1801330a810b862696bad8cf74911f22c9a178764fad9d for height 4671333 (from headers subscription)
2025/09/16 14:52:00 ELECTRUM: Checking for new blocks - current: 4671333, last known: 4671325
2025/09/16 14:52:00 ELECTRUM: New block detected! Height: 4671333 (was 4671325)
2025/09/16 14:52:00 ELECTRUM: Sending block connected notification for height 4671333
2025/09/16 14:52:00 ELECTRUM: Block notification sent successfully for height 4671333
2025/09/16 14:52:00 ELECTRUM: GetBestBlock called
2025/09/16 14:52:00 ELECTRUM: Subscribing to headers to get current height
2025/09/16 14:52:00 ELECTRUM: Got current height 4671333 from headers subscription
2025/09/16 14:52:00 ELECTRUM: Returning hash 0000000000006f317f1801330a810b862696bad8cf74911f22c9a178764fad9d for height 4671333 (from headers subscription)
2025/09/16 14:52:00 ELECTRUM: Checking for new blocks - current: 4671333, last known: 4671325
2025/09/16 14:52:00 ELECTRUM: New block detected! Height: 4671333 (was 4671325)
2025/09/16 14:52:00 ELECTRUM: Sending block connected notification for height 4671333
2025/09/16 14:52:00 ELECTRUM: Block notification sent successfully for height 4671333
2025/09/16 14:52:00 ELECTRUM: Got current height 4671333 from headers subscription
2025/09/16 14:52:00 ELECTRUM: Returning hash 0000000000006f317f1801330a810b862696bad8cf74911f22c9a178764fad9d for height 4671333 (from headers subscription)
2025/09/16 14:52:00 ELECTRUM: GetBlockHeader called for hash: 0000000000006f317f1801330a810b862696bad8cf74911f22c9a178764fad9d
2025/09/16 14:52:00 ELECTRUM: GetBestBlock called
2025/09/16 14:52:00 ELECTRUM: Subscribing to headers to get current height
2025/09/16 14:52:00 ELECTRUM: Got current height 4671333 from headers subscription
2025/09/16 14:52:00 ELECTRUM: Returning hash 0000000000006f317f1801330a810b862696bad8cf74911f22c9a178764fad9d for height 4671333 (from headers subscription)
2025-09-16 14:52:01.236 [DBG] LTND lnd.go:727: Syncing to block chain rev=08ae35 best_block_time="2025-09-16 14:51:56 -0400 EDT" is_synced=false
2025/09/16 14:52:02 ELECTRUM: GetBestBlock called
2025/09/16 14:52:02 ELECTRUM: Subscribing to headers to get current height
2025/09/16 14:52:02 ELECTRUM: Got current height 4671333 from headers subscription
2025/09/16 14:52:02 ELECTRUM: Returning hash 0000000000006f317f1801330a810b862696bad8cf74911f22c9a178764fad9d for height 4671333 (from headers subscription)
2025/09/16 14:52:02 ELECTRUM: GetBlockHeader called for hash: 0000000000006f317f1801330a810b862696bad8cf74911f22c9a178764fad9d
2025/09/16 14:52:02 ELECTRUM: GetBestBlock called
2025/09/16 14:52:02 ELECTRUM: Subscribing to headers to get current height
2025/09/16 14:52:02 ELECTRUM: Got current height 4671333 from headers subscription
2025/09/16 14:52:02 ELECTRUM: Returning hash 0000000000006f317f1801330a810b862696bad8cf74911f22c9a178764fad9d for height 4671333 (from headers subscription)
2025-09-16 14:52:02.974 [DBG] LTND lnd.go:727: Syncing to block chain rev=08ae35 best_block_time="2025-09-16 14:51:56 -0400 EDT" is_synced=false
2025/09/16 14:52:03 ELECTRUM: GetBestBlock called
2025/09/16 14:52:03 ELECTRUM: Subscribing to headers to get current height
2025/09/16 14:52:04 ELECTRUM: Got current height 4671333 from headers subscription
2025/09/16 14:52:04 ELECTRUM: Returning hash 0000000000006f317f1801330a810b862696bad8cf74911f22c9a178764fad9d for height 4671333 (from headers subscription)
2025/09/16 14:52:04 ELECTRUM: GetBlockHeader called for hash: 0000000000006f317f1801330a810b862696bad8cf74911f22c9a178764fad9d
2025/09/16 14:52:04 ELECTRUM: GetBestBlock called
2025/09/16 14:52:04 ELECTRUM: Subscribing to headers to get current height
2025/09/16 14:52:04 ELECTRUM: Got current height 4671333 from headers subscription
2025/09/16 14:52:04 ELECTRUM: Returning hash 0000000000006f317f1801330a810b862696bad8cf74911f22c9a178764fad9d for height 4671333 (from headers subscription)
2025-09-16 14:52:04.691 [DBG] LTND lnd.go:727: Syncing to block chain rev=08ae35 best_block_time="2025-09-16 14:51:56 -0400 EDT" is_synced=false
2025/09/16 14:52:05 ELECTRUM: GetBestBlock called
2025/09/16 14:52:05 ELECTRUM: Subscribing to headers to get current height
2025/09/16 14:52:05 ELECTRUM: Got current height 4671334 from headers subscription
2025/09/16 14:52:05 ELECTRUM: Returning hash 0000000000028022b339131cf084b526844aed2c9ff895741ff832f4c5a42919 for height 4671334 (from headers subscription)
2025/09/16 14:52:05 ELECTRUM: GetBlockHeader called for hash: 0000000000028022b339131cf084b526844aed2c9ff895741ff832f4c5a42919
2025/09/16 14:52:05 ELECTRUM: GetBestBlock called
2025/09/16 14:52:05 ELECTRUM: Subscribing to headers to get current height
2025/09/16 14:52:06 ELECTRUM: Got current height 4671334 from headers subscription
2025/09/16 14:52:06 ELECTRUM: Returning hash 0000000000028022b339131cf084b526844aed2c9ff895741ff832f4c5a42919 for height 4671334 (from headers subscription)
2025-09-16 14:52:06.405 [DBG] LTND lnd.go:727: Syncing to block chain rev=08ae35 best_block_time="2025-09-16 14:51:59 -0400 EDT" is_synced=false
2025/09/16 14:52:07 ELECTRUM: GetBestBlock called
2025/09/16 14:52:07 ELECTRUM: Subscribing to headers to get current height
2025/09/16 14:52:07 ELECTRUM: Got current height 4671336 from headers subscription
2025/09/16 14:52:07 ELECTRUM: Returning hash 00000000000004708669a14fc09fe1130343ad1c4be4d0fd4e35f4c063cad157 for height 4671336 (from headers subscription)
2025/09/16 14:52:07 ELECTRUM: GetBlockHeader called for hash: 00000000000004708669a14fc09fe1130343ad1c4be4d0fd4e35f4c063cad157
2025/09/16 14:52:07 ELECTRUM: GetBestBlock called
2025/09/16 14:52:07 ELECTRUM: Subscribing to headers to get current height
2025/09/16 14:52:07 ELECTRUM: Got current height 4671336 from headers subscription
2025/09/16 14:52:07 ELECTRUM: Returning hash 00000000000004708669a14fc09fe1130343ad1c4be4d0fd4e35f4c063cad157 for height 4671336 (from headers subscription)
2025-09-16 14:52:08.120 [DBG] LTND lnd.go:727: Syncing to block chain rev=08ae35 best_block_time="2025-09-16 14:52:09 -0400 EDT" is_synced=false
2025/09/16 14:52:09 ELECTRUM: GetBestBlock called
2025/09/16 14:52:09 ELECTRUM: Subscribing to headers to get current height
2025/09/16 14:52:09 ELECTRUM: Got current height 4671337 from headers subscription
2025/09/16 14:52:09 ELECTRUM: Returning hash 0000000000001cc9e438647ac1828f8ceccb96b9e83b178a18d33f53feca75f2 for height 4671337 (from headers subscription)
2025/09/16 14:52:09 ELECTRUM: GetBlockHeader called for hash: 0000000000001cc9e438647ac1828f8ceccb96b9e83b178a18d33f53feca75f2
2025/09/16 14:52:09 ELECTRUM: GetBestBlock called
2025/09/16 14:52:09 ELECTRUM: Subscribing to headers to get current height
2025/09/16 14:52:09 ELECTRUM: Got current height 4671337 from headers subscription
2025/09/16 14:52:09 ELECTRUM: Returning hash 0000000000001cc9e438647ac1828f8ceccb96b9e83b178a18d33f53feca75f2 for height 4671337 (from headers subscription)
2025-09-16 14:52:09.830 [DBG] LTND lnd.go:727: Syncing to block chain rev=08ae35 best_block_time="2025-09-16 14:52:09 -0400 EDT" is_synced=false
2025/09/16 14:52:10 ELECTRUM: GetBestBlock called
2025/09/16 14:52:10 ELECTRUM: Subscribing to headers to get current height
2025/09/16 14:52:11 ELECTRUM: Got current height 4671337 from headers subscription
2025/09/16 14:52:11 ELECTRUM: Returning hash 0000000000001cc9e438647ac1828f8ceccb96b9e83b178a18d33f53feca75f2 for height 4671337 (from headers subscription)
2025/09/16 14:52:11 ELECTRUM: GetBlockHeader called for hash: 0000000000001cc9e438647ac1828f8ceccb96b9e83b178a18d33f53feca75f2
2025/09/16 14:52:11 ELECTRUM: GetBestBlock called
2025/09/16 14:52:11 ELECTRUM: Subscribing to headers to get current height
2025/09/16 14:52:11 ELECTRUM: Got current height 4671337 from headers subscription
2025/09/16 14:52:11 ELECTRUM: Returning hash 0000000000001cc9e438647ac1828f8ceccb96b9e83b178a18d33f53feca75f2 for height 4671337 (from headers subscription)
2025-09-16 14:52:11.538 [DBG] LTND lnd.go:727: Syncing to block chain rev=08ae35 best_block_time="2025-09-16 14:52:09 -0400 EDT" is_synced=false
2025/09/16 14:52:12 ELECTRUM: GetBestBlock called
2025/09/16 14:52:12 ELECTRUM: Subscribing to headers to get current height
2025/09/16 14:52:12 ELECTRUM: Got current height 4671337 from headers subscription
2025/09/16 14:52:12 ELECTRUM: Returning hash 0000000000001cc9e438647ac1828f8ceccb96b9e83b178a18d33f53feca75f2 for height 4671337 (from headers subscription)
2025/09/16 14:52:12 ELECTRUM: GetBlockHeader called for hash: 0000000000001cc9e438647ac1828f8ceccb96b9e83b178a18d33f53feca75f2
2025/09/16 14:52:12 ELECTRUM: GetBestBlock called
2025/09/16 14:52:12 ELECTRUM: Subscribing to headers to get current height
2025/09/16 14:52:13 ELECTRUM: Got current height 4671337 from headers subscription
2025/09/16 14:52:13 ELECTRUM: Returning hash 0000000000001cc9e438647ac1828f8ceccb96b9e83b178a18d33f53feca75f2 for height 4671337 (from headers subscription)
2025-09-16 14:52:13.380 [DBG] LTND lnd.go:727: Syncing to block chain rev=08ae35 best_block_time="2025-09-16 14:52:09 -0400 EDT" is_synced=false
2025/09/16 14:52:14 ELECTRUM: GetBestBlock called
2025/09/16 14:52:14 ELECTRUM: Subscribing to headers to get current height
2025/09/16 14:52:14 ELECTRUM: Got current height 4671337 from headers subscription
2025/09/16 14:52:14 ELECTRUM: Returning hash 0000000000001cc9e438647ac1828f8ceccb96b9e83b178a18d33f53feca75f2 for height 4671337 (from headers subscription)
2025/09/16 14:52:14 ELECTRUM: GetBlockHeader called for hash: 0000000000001cc9e438647ac1828f8ceccb96b9e83b178a18d33f53feca75f2
2025/09/16 14:52:14 ELECTRUM: GetBestBlock called
2025/09/16 14:52:14 ELECTRUM: Subscribing to headers to get current height
2025/09/16 14:52:14 ELECTRUM: Got current height 4671338 from headers subscription
2025/09/16 14:52:14 ELECTRUM: Returning hash 00000000000003a65aee125ae7eb8c0d18b4963b854874e068a188682520b246 for height 4671338 (from headers subscription)
2025/09/16 14:52:28 ELECTRUM: GetBestBlock called
2025/09/16 14:52:28 ELECTRUM: Subscribing to headers to get current height
2025/09/16 14:52:29 ELECTRUM: Got current height 4671344 from headers subscription
2025/09/16 14:52:29 ELECTRUM: Returning hash 00000000000036f59955c1df7de177d85c4f7d18a3e094066575f8d4dc535c77 for height 4671344 (from headers subscription)
2025/09/16 14:52:29 ELECTRUM: Checking for new blocks - current: 4671344, last known: 4671332
2025/09/16 14:52:29 ELECTRUM: New block detected! Height: 4671344 (was 4671332)
2025/09/16 14:52:29 ELECTRUM: Sending block connected notification for height 4671344
2025/09/16 14:52:29 ELECTRUM: Block notification sent successfully for height 4671344
2025/09/16 14:52:30 ELECTRUM: GetBestBlock called
2025/09/16 14:52:30 ELECTRUM: Subscribing to headers to get current height
2025/09/16 14:52:30 ELECTRUM: Got current height 4671345 from headers subscription
2025/09/16 14:52:30 ELECTRUM: Returning hash 0000000000000ada390ad44606eea0b8bf8b14a3bbdc305427a0c37dac11f436 for height 4671345 (from headers subscription)
2025/09/16 14:52:30 ELECTRUM: Checking for new blocks - current: 4671345, last known: 4671333
2025/09/16 14:52:30 ELECTRUM: New block detected! Height: 4671345 (was 4671333)
2025/09/16 14:52:30 ELECTRUM: Sending block connected notification for height 4671345
2025/09/16 14:52:30 ELECTRUM: Block notification sent successfully for height 4671345
2025/09/16 14:52:30 ELECTRUM: GetBestBlock called
2025/09/16 14:52:30 ELECTRUM: Subscribing to headers to get current height
2025/09/16 14:52:30 ELECTRUM: Got current height 4671345 from headers subscription
2025/09/16 14:52:30 ELECTRUM: Returning hash 0000000000000ada390ad44606eea0b8bf8b14a3bbdc305427a0c37dac11f436 for height 4671345 (from headers subscription)
2025/09/16 14:52:30 ELECTRUM: Checking for new blocks - current: 4671345, last known: 4671333
2025/09/16 14:52:30 ELECTRUM: New block detected! Height: 4671345 (was 4671333)
2025/09/16 14:52:30 ELECTRUM: Sending block connected notification for height 4671345
2025/09/16 14:52:30 ELECTRUM: Block notification sent successfully for height 4671345
2025-09-16 14:52:40.356 [DBG] LTND lnd.go:727: Syncing to block chain rev=08ae35 best_block_time="2025-09-16 14:52:09 -0400 EDT" is_synced=false
2025/09/16 14:52:41 ELECTRUM: GetBestBlock called
2025/09/16 14:52:41 ELECTRUM: Subscribing to headers to get current height
2025/09/16 14:52:41 ELECTRUM: Got current height 4671350 from headers subscription
2025/09/16 14:52:41 ELECTRUM: Returning hash 000000000001db1a55ac0496b8ff577c2f146d2689cbfe1f6f320ff13fffe99e for height 4671350 (from headers subscription)
2025/09/16 14:52:41 ELECTRUM: GetBlockHeader called for hash: 000000000001db1a55ac0496b8ff577c2f146d2689cbfe1f6f320ff13fffe99e
2025/09/16 14:52:41 ELECTRUM: GetBestBlock called
2025/09/16 14:52:41 ELECTRUM: Subscribing to headers to get current height
2025/09/16 14:52:41 ELECTRUM: Got current height 4671350 from headers subscription
2025/09/16 14:52:41 ELECTRUM: Returning hash 000000000001db1a55ac0496b8ff577c2f146d2689cbfe1f6f320ff13fffe99e for height 4671350 (from headers subscription)
2025-09-16 14:52:42.149 [DBG] LTND lnd.go:727: Syncing to block chain rev=08ae35 best_block_time="2025-09-16 14:52:34 -0400 EDT" is_synced=false
2025/09/16 14:52:43 ELECTRUM: GetBestBlock called
2025/09/16 14:52:43 ELECTRUM: Subscribing to headers to get current height
2025/09/16 14:52:43 ELECTRUM: Got current height 4671351 from headers subscription
2025/09/16 14:52:43 ELECTRUM: Returning hash 000000000000c0b5a922a5ab66ad43e327e58dfa8905df914f4d3ccb6868d9b6 for height 4671351 (from headers subscription)
2025/09/16 14:52:43 ELECTRUM: GetBlockHeader called for hash: 000000000000c0b5a922a5ab66ad43e327e58dfa8905df914f4d3ccb6868d9b6
2025/09/16 14:52:43 ELECTRUM: GetBestBlock called
2025/09/16 14:52:43 ELECTRUM: Subscribing to headers to get current height
2025/09/16 14:52:43 ELECTRUM: Got current height 4671351 from headers subscription
2025/09/16 14:52:43 ELECTRUM: Returning hash 000000000000c0b5a922a5ab66ad43e327e58dfa8905df914f4d3ccb6868d9b6 for height 4671351 (from headers subscription)
2025-09-16 14:52:43.903 [DBG] LTND lnd.go:727: Syncing to block chain rev=08ae35 best_block_time="2025-09-16 14:52:36 -0400 EDT" is_synced=false
2025/09/16 14:52:44 ELECTRUM: GetBestBlock called
2025/09/16 14:52:44 ELECTRUM: Subscribing to headers to get current height
2025/09/16 14:52:45 ELECTRUM: Got current height 4671352 from headers subscription
2025/09/16 14:52:45 ELECTRUM: Returning hash 000000000001a9825cfdb8b5f586f1f64d3eedfc2fd4dea9c497ee8d3958e73f for height 4671352 (from headers subscription)
2025/09/16 14:52:45 ELECTRUM: GetBlockHeader called for hash: 000000000001a9825cfdb8b5f586f1f64d3eedfc2fd4dea9c497ee8d3958e73f
2025/09/16 14:52:45 ELECTRUM: GetBestBlock called
2025/09/16 14:52:45 ELECTRUM: Subscribing to headers to get current height
2025/09/16 14:52:45 ELECTRUM: Got current height 4671352 from headers subscription
2025/09/16 14:52:45 ELECTRUM: Returning hash 000000000001a9825cfdb8b5f586f1f64d3eedfc2fd4dea9c497ee8d3958e73f for height 4671352 (from headers subscription)
2025-09-16 14:52:45.615 [DBG] LTND lnd.go:727: Syncing to block chain rev=08ae35 best_block_time="2025-09-16 14:52:41 -0400 EDT" is_synced=false
2025/09/16 14:52:46 ELECTRUM: GetBestBlock called
2025/09/16 14:52:46 ELECTRUM: Subscribing to headers to get current height
2025/09/16 14:52:46 ELECTRUM: Got current height 4671353 from headers subscription
2025/09/16 14:52:46 ELECTRUM: Returning hash 000000000000d9287c79baeb6421e4df05b41a89bce2d8428b86ee0d1ea91c0d for height 4671353 (from headers subscription)
2025/09/16 14:52:46 ELECTRUM: GetBlockHeader called for hash: 000000000000d9287c79baeb6421e4df05b41a89bce2d8428b86ee0d1ea91c0d
2025/09/16 14:52:46 ELECTRUM: GetBestBlock called
2025/09/16 14:52:46 ELECTRUM: Subscribing to headers to get current height
2025/09/16 14:52:47 ELECTRUM: Got current height 4671353 from headers subscription
2025/09/16 14:52:47 ELECTRUM: Returning hash 000000000000d9287c79baeb6421e4df05b41a89bce2d8428b86ee0d1ea91c0d for height 4671353 (from headers subscription)
2025-09-16 14:52:47.319 [DBG] LTND lnd.go:727: Syncing to block chain rev=08ae35 best_block_time="2025-09-16 14:52:54 -0400 EDT" is_synced=false
2025/09/16 14:52:48 ELECTRUM: GetBestBlock called
2025/09/16 14:52:48 ELECTRUM: Subscribing to headers to get current height
2025/09/16 14:52:48 ELECTRUM: Got current height 4671353 from headers subscription
2025/09/16 14:52:48 ELECTRUM: Returning hash 000000000000d9287c79baeb6421e4df05b41a89bce2d8428b86ee0d1ea91c0d for height 4671353 (from headers subscription)
2025/09/16 14:52:48 ELECTRUM: GetBlockHeader called for hash: 000000000000d9287c79baeb6421e4df05b41a89bce2d8428b86ee0d1ea91c0d
2025/09/16 14:52:48 ELECTRUM: GetBestBlock called
2025/09/16 14:52:48 ELECTRUM: Subscribing to headers to get current height
2025/09/16 14:52:48 ELECTRUM: Got current height 4671353 from headers subscription
2025/09/16 14:52:48 ELECTRUM: Returning hash 000000000000d9287c79baeb6421e4df05b41a89bce2d8428b86ee0d1ea91c0d for height 4671353 (from headers subscription)
2025-09-16 14:52:49.034 [DBG] LTND lnd.go:727: Syncing to block chain rev=08ae35 best_block_time="2025-09-16 14:52:54 -0400 EDT" is_synced=false
2025/09/16 14:52:50 ELECTRUM: GetBestBlock called
2025/09/16 14:52:50 ELECTRUM: Subscribing to headers to get current height
2025/09/16 14:52:50 ELECTRUM: Got current height 4671354 from headers subscription
2025/09/16 14:52:50 ELECTRUM: Returning hash 000000000000af857cb63763e13adf13bf175db7faf17f359ae1e1cab2e07019 for height 4671354 (from headers subscription)
2025/09/16 14:52:50 ELECTRUM: GetBlockHeader called for hash: 000000000000af857cb63763e13adf13bf175db7faf17f359ae1e1cab2e07019
2025/09/16 14:52:50 ELECTRUM: GetBestBlock called
2025/09/16 14:52:50 ELECTRUM: Subscribing to headers to get current height
2025/09/16 14:52:50 ELECTRUM: Got current height 4671355 from headers subscription
2025/09/16 14:52:50 ELECTRUM: Returning hash 000000000000c865a8b36ba4b596442a14664c5b8587e20d11e66cec00ca33ca for height 4671355 (from headers subscription)
2025/09/16 14:52:58 ELECTRUM: GetBestBlock called
2025/09/16 14:52:58 ELECTRUM: Subscribing to headers to get current height
2025/09/16 14:52:59 ELECTRUM: Got current height 4671359 from headers subscription
2025/09/16 14:52:59 ELECTRUM: Returning hash 000000000001bb8ad996218c9635da55794d090bfbbde3184f360e8b99e21d5c for height 4671359 (from headers subscription)
2025/09/16 14:52:59 ELECTRUM: Checking for new blocks - current: 4671359, last known: 4671344
2025/09/16 14:52:59 ELECTRUM: New block detected! Height: 4671359 (was 4671344)
2025/09/16 14:52:59 ELECTRUM: Sending block connected notification for height 4671359
2025/09/16 14:52:59 ELECTRUM: Block notification sent successfully for height 4671359
2025/09/16 14:53:00 ELECTRUM: GetBestBlock called
2025/09/16 14:53:00 ELECTRUM: Subscribing to headers to get current height
2025/09/16 14:53:00 ELECTRUM: Got current height 4671359 from headers subscription
2025/09/16 14:53:00 ELECTRUM: Returning hash 000000000001bb8ad996218c9635da55794d090bfbbde3184f360e8b99e21d5c for height 4671359 (from headers subscription)
2025/09/16 14:53:00 ELECTRUM: Checking for new blocks - current: 4671359, last known: 4671345
2025/09/16 14:53:00 ELECTRUM: New block detected! Height: 4671359 (was 4671345)
2025/09/16 14:53:00 ELECTRUM: Sending block connected notification for height 4671359
2025/09/16 14:53:00 ELECTRUM: Block notification sent successfully for height 4671359
2025/09/16 14:53:00 ELECTRUM: GetBestBlock called
2025/09/16 14:53:00 ELECTRUM: Subscribing to headers to get current height
2025/09/16 14:53:00 ELECTRUM: Got current height 4671359 from headers subscription
2025/09/16 14:53:00 ELECTRUM: Returning hash 000000000001bb8ad996218c9635da55794d090bfbbde3184f360e8b99e21d5c for height 4671359 (from headers subscription)
2025/09/16 14:53:00 ELECTRUM: Checking for new blocks - current: 4671359, last known: 4671345
2025/09/16 14:53:00 ELECTRUM: New block detected! Height: 4671359 (was 4671345)
2025/09/16 14:53:00 ELECTRUM: Sending block connected notification for height 4671359
2025/09/16 14:53:00 ELECTRUM: Block notification sent successfully for height 4671359
2025-09-16 14:53:14.806 [DBG] LTND lnd.go:727: Syncing to block chain rev=08ae35 best_block_time="2025-09-16 14:52:57 -0400 EDT" is_synced=false
2025/09/16 14:53:15 ELECTRUM: GetBestBlock called
2025/09/16 14:53:15 ELECTRUM: Subscribing to headers to get current height
2025/09/16 14:53:16 ELECTRUM: Got current height 4671365 from headers subscription
2025/09/16 14:53:16 ELECTRUM: Returning hash 0000000000031291b76868d8a502381aca7cfbcaa5d01fc093db1e500c35b94d for height 4671365 (from headers subscription)
2025/09/16 14:53:16 ELECTRUM: GetBlockHeader called for hash: 0000000000031291b76868d8a502381aca7cfbcaa5d01fc093db1e500c35b94d
2025/09/16 14:53:16 ELECTRUM: GetBestBlock called
2025/09/16 14:53:16 ELECTRUM: Subscribing to headers to get current height
2025/09/16 14:53:16 ELECTRUM: Got current height 4671365 from headers subscription
2025/09/16 14:53:16 ELECTRUM: Returning hash 0000000000031291b76868d8a502381aca7cfbcaa5d01fc093db1e500c35b94d for height 4671365 (from headers subscription)
2025-09-16 14:53:16.523 [DBG] LTND lnd.go:727: Syncing to block chain rev=08ae35 best_block_time="2025-09-16 14:53:12 -0400 EDT" is_synced=false
2025/09/16 14:53:17 ELECTRUM: GetBestBlock called
2025/09/16 14:53:17 ELECTRUM: Subscribing to headers to get current height
2025/09/16 14:53:17 ELECTRUM: Got current height 4671365 from headers subscription
2025/09/16 14:53:17 ELECTRUM: Returning hash 0000000000031291b76868d8a502381aca7cfbcaa5d01fc093db1e500c35b94d for height 4671365 (from headers subscription)
2025/09/16 14:53:17 ELECTRUM: GetBlockHeader called for hash: 0000000000031291b76868d8a502381aca7cfbcaa5d01fc093db1e500c35b94d
2025/09/16 14:53:17 ELECTRUM: GetBestBlock called
2025/09/16 14:53:17 ELECTRUM: Subscribing to headers to get current height
2025/09/16 14:53:17 ELECTRUM: Got current height 4671365 from headers subscription
2025/09/16 14:53:17 ELECTRUM: Returning hash 0000000000031291b76868d8a502381aca7cfbcaa5d01fc093db1e500c35b94d for height 4671365 (from headers subscription)
2025-09-16 14:53:18.239 [DBG] LTND lnd.go:727: Syncing to block chain rev=08ae35 best_block_time="2025-09-16 14:53:12 -0400 EDT" is_synced=false
2025/09/16 14:53:19 ELECTRUM: GetBestBlock called
2025/09/16 14:53:19 ELECTRUM: Subscribing to headers to get current height
2025/09/16 14:53:19 ELECTRUM: Got current height 4671366 from headers subscription
2025/09/16 14:53:19 ELECTRUM: Returning hash 00000000000154101c0f1d0cefef07acbfd866ea74bdbffb3b09ec1fd90b4d80 for height 4671366 (from headers subscription)
2025/09/16 14:53:19 ELECTRUM: GetBlockHeader called for hash: 00000000000154101c0f1d0cefef07acbfd866ea74bdbffb3b09ec1fd90b4d80
2025/09/16 14:53:19 ELECTRUM: GetBestBlock called
2025/09/16 14:53:19 ELECTRUM: Subscribing to headers to get current height
2025/09/16 14:53:19 ELECTRUM: Got current height 4671366 from headers subscription
2025/09/16 14:53:19 ELECTRUM: Returning hash 00000000000154101c0f1d0cefef07acbfd866ea74bdbffb3b09ec1fd90b4d80 for height 4671366 (from headers subscription)
2025-09-16 14:53:19.955 [DBG] LTND lnd.go:727: Syncing to block chain rev=08ae35 best_block_time="2025-09-16 14:53:12 -0400 EDT" is_synced=false
2025/09/16 14:53:20 ELECTRUM: GetBestBlock called
2025/09/16 14:53:20 ELECTRUM: Subscribing to headers to get current height
2025/09/16 14:53:21 ELECTRUM: Got current height 4671367 from headers subscription
2025/09/16 14:53:21 ELECTRUM: Returning hash 000000000000bd8bc3eef36ddbe0ef1bca69a541e7ed983c0e331c5228edd586 for height 4671367 (from headers subscription)
2025/09/16 14:53:21 ELECTRUM: GetBlockHeader called for hash: 000000000000bd8bc3eef36ddbe0ef1bca69a541e7ed983c0e331c5228edd586
2025/09/16 14:53:21 ELECTRUM: GetBestBlock called
2025/09/16 14:53:21 ELECTRUM: Subscribing to headers to get current height
2025/09/16 14:53:21 ELECTRUM: Got current height 4671367 from headers subscription
2025/09/16 14:53:21 ELECTRUM: Returning hash 000000000000bd8bc3eef36ddbe0ef1bca69a541e7ed983c0e331c5228edd586 for height 4671367 (from headers subscription)
2025-09-16 14:53:21.717 [DBG] LTND lnd.go:727: Syncing to block chain rev=08ae35 best_block_time="2025-09-16 14:53:21 -0400 EDT" is_synced=false
2025/09/16 14:53:22 ELECTRUM: GetBestBlock called
2025/09/16 14:53:22 ELECTRUM: Subscribing to headers to get current height
2025/09/16 14:53:22 ELECTRUM: Got current height 4671367 from headers subscription
2025/09/16 14:53:22 ELECTRUM: Returning hash 000000000000bd8bc3eef36ddbe0ef1bca69a541e7ed983c0e331c5228edd586 for height 4671367 (from headers subscription)
2025/09/16 14:53:22 ELECTRUM: GetBlockHeader called for hash: 000000000000bd8bc3eef36ddbe0ef1bca69a541e7ed983c0e331c5228edd586
2025/09/16 14:53:22 ELECTRUM: GetBestBlock called
2025/09/16 14:53:22 ELECTRUM: Subscribing to headers to get current height
2025/09/16 14:53:23 ELECTRUM: Got current height 4671367 from headers subscription
2025/09/16 14:53:23 ELECTRUM: Returning hash 000000000000bd8bc3eef36ddbe0ef1bca69a541e7ed983c0e331c5228edd586 for height 4671367 (from headers subscription)
2025-09-16 14:53:23.430 [DBG] LTND lnd.go:727: Syncing to block chain rev=08ae35 best_block_time="2025-09-16 14:53:21 -0400 EDT" is_synced=false
2025/09/16 14:53:24 ELECTRUM: GetBestBlock called
2025/09/16 14:53:24 ELECTRUM: Subscribing to headers to get current height
2025/09/16 14:53:24 ELECTRUM: Got current height 4671369 from headers subscription
2025/09/16 14:53:24 ELECTRUM: Returning hash 0000000000029e94434264fcddefbf8c121799af6084cda2fe31d08b6425c23d for height 4671369 (from headers subscription)
2025/09/16 14:53:24 ELECTRUM: GetBlockHeader called for hash: 0000000000029e94434264fcddefbf8c121799af6084cda2fe31d08b6425c23d
2025/09/16 14:53:24 ELECTRUM: GetBestBlock called
2025/09/16 14:53:24 ELECTRUM: Subscribing to headers to get current height
2025/09/16 14:53:24 ELECTRUM: Got current height 4671369 from headers subscription
2025/09/16 14:53:24 ELECTRUM: Returning hash 0000000000029e94434264fcddefbf8c121799af6084cda2fe31d08b6425c23d for height 4671369 (from headers subscription)
2025-09-16 14:53:25.147 [DBG] LTND lnd.go:727: Syncing to block chain rev=08ae35 best_block_time="2025-09-16 14:53:23 -0400 EDT" is_synced=false
2025/09/16 14:53:26 ELECTRUM: GetBestBlock called
2025/09/16 14:53:26 ELECTRUM: Subscribing to headers to get current height
2025/09/16 14:53:26 ELECTRUM: Got current height 4671369 from headers subscription
2025/09/16 14:53:26 ELECTRUM: Returning hash 0000000000029e94434264fcddefbf8c121799af6084cda2fe31d08b6425c23d for height 4671369 (from headers subscription)
2025/09/16 14:53:26 ELECTRUM: GetBlockHeader called for hash: 0000000000029e94434264fcddefbf8c121799af6084cda2fe31d08b6425c23d
2025/09/16 14:53:26 ELECTRUM: GetBestBlock called
2025/09/16 14:53:26 ELECTRUM: Subscribing to headers to get current height
2025/09/16 14:53:26 ELECTRUM: Got current height 4671370 from headers subscription
2025/09/16 14:53:26 ELECTRUM: Returning hash 000000000000c76e459baf835969c92ceffecba6ab96777890cc41dd2ead0e46 for height 4671370 (from headers subscription)
2025/09/16 14:53:28 ELECTRUM: GetBestBlock called
2025/09/16 14:53:28 ELECTRUM: Subscribing to headers to get current height
2025/09/16 14:53:29 ELECTRUM: Got current height 4671370 from headers subscription
2025/09/16 14:53:29 ELECTRUM: Returning hash 000000000000c76e459baf835969c92ceffecba6ab96777890cc41dd2ead0e46 for height 4671370 (from headers subscription)
2025/09/16 14:53:29 ELECTRUM: Checking for new blocks - current: 4671370, last known: 4671359
2025/09/16 14:53:29 ELECTRUM: New block detected! Height: 4671370 (was 4671359)
2025/09/16 14:53:29 ELECTRUM: Sending block connected notification for height 4671370
2025/09/16 14:53:29 ELECTRUM: Block notification sent successfully for height 4671370
2025/09/16 14:53:30 ELECTRUM: GetBestBlock called
2025/09/16 14:53:30 ELECTRUM: Subscribing to headers to get current height
2025/09/16 14:53:30 ELECTRUM: GetBestBlock called
2025/09/16 14:53:30 ELECTRUM: Subscribing to headers to get current height
2025/09/16 14:53:30 ELECTRUM: Got current height 4671370 from headers subscription
2025/09/16 14:53:30 ELECTRUM: Returning hash 000000000000c76e459baf835969c92ceffecba6ab96777890cc41dd2ead0e46 for height 4671370 (from headers subscription)
2025/09/16 14:53:30 ELECTRUM: Checking for new blocks - current: 4671370, last known: 4671359
2025/09/16 14:53:30 ELECTRUM: New block detected! Height: 4671370 (was 4671359)
2025/09/16 14:53:30 ELECTRUM: Sending block connected notification for height 4671370
2025/09/16 14:53:30 ELECTRUM: Block notification sent successfully for height 4671370
2025/09/16 14:53:30 ELECTRUM: Got current height 4671370 from headers subscription
2025/09/16 14:53:30 ELECTRUM: Returning hash 000000000000c76e459baf835969c92ceffecba6ab96777890cc41dd2ead0e46 for height 4671370 (from headers subscription)
2025/09/16 14:53:30 ELECTRUM: Checking for new blocks - current: 4671370, last known: 4671359
2025/09/16 14:53:30 ELECTRUM: New block detected! Height: 4671370 (was 4671359)
2025/09/16 14:53:30 ELECTRUM: Sending block connected notification for height 4671370
2025/09/16 14:53:30 ELECTRUM: Block notification sent successfully for height 4671370
2025-09-16 14:53:52.191 [DBG] LTND lnd.go:727: Syncing to block chain rev=08ae35 best_block_time="2025-09-16 14:53:23 -0400 EDT" is_synced=false
2025/09/16 14:53:53 ELECTRUM: GetBestBlock called
2025/09/16 14:53:53 ELECTRUM: Subscribing to headers to get current height
2025/09/16 14:53:53 ELECTRUM: Got current height 4671380 from headers subscription
2025/09/16 14:53:53 ELECTRUM: Returning hash 0000000000000d66a7f6f587bdbce869ad14517d41f00bee11924bf938b1d895 for height 4671380 (from headers subscription)
2025/09/16 14:53:53 ELECTRUM: GetBlockHeader called for hash: 0000000000000d66a7f6f587bdbce869ad14517d41f00bee11924bf938b1d895
2025/09/16 14:53:53 ELECTRUM: GetBestBlock called
2025/09/16 14:53:53 ELECTRUM: Subscribing to headers to get current height
2025/09/16 14:53:53 ELECTRUM: Got current height 4671380 from headers subscription
2025/09/16 14:53:53 ELECTRUM: Returning hash 0000000000000d66a7f6f587bdbce869ad14517d41f00bee11924bf938b1d895 for height 4671380 (from headers subscription)
2025-09-16 14:53:54.078 [DBG] LTND lnd.go:727: Syncing to block chain rev=08ae35 best_block_time="2025-09-16 14:53:53 -0400 EDT" is_synced=false
2025/09/16 14:53:55 ELECTRUM: GetBestBlock called
2025/09/16 14:53:55 ELECTRUM: Subscribing to headers to get current height
2025/09/16 14:53:55 ELECTRUM: Got current height 4671382 from headers subscription
2025/09/16 14:53:55 ELECTRUM: Returning hash 00000000000178b8fe04f0ac6b811329e4f85edbcb86e8f55810d575aaadb237 for height 4671382 (from headers subscription)
2025/09/16 14:53:55 ELECTRUM: GetBlockHeader called for hash: 00000000000178b8fe04f0ac6b811329e4f85edbcb86e8f55810d575aaadb237
2025/09/16 14:53:55 ELECTRUM: GetBestBlock called
2025/09/16 14:53:55 ELECTRUM: Subscribing to headers to get current height
2025/09/16 14:53:55 ELECTRUM: Got current height 4671382 from headers subscription
2025/09/16 14:53:55 ELECTRUM: Returning hash 00000000000178b8fe04f0ac6b811329e4f85edbcb86e8f55810d575aaadb237 for height 4671382 (from headers subscription)
2025-09-16 14:53:55.807 [DBG] LTND lnd.go:727: Syncing to block chain rev=08ae35 best_block_time="2025-09-16 14:53:53 -0400 EDT" is_synced=false
2025/09/16 14:53:56 ELECTRUM: GetBestBlock called
2025/09/16 14:53:56 ELECTRUM: Subscribing to headers to get current height
2025/09/16 14:53:57 ELECTRUM: Got current height 4671382 from headers subscription
2025/09/16 14:53:57 ELECTRUM: Returning hash 00000000000178b8fe04f0ac6b811329e4f85edbcb86e8f55810d575aaadb237 for height 4671382 (from headers subscription)
2025/09/16 14:53:57 ELECTRUM: GetBlockHeader called for hash: 00000000000178b8fe04f0ac6b811329e4f85edbcb86e8f55810d575aaadb237
2025/09/16 14:53:57 ELECTRUM: GetBestBlock called
2025/09/16 14:53:57 ELECTRUM: Subscribing to headers to get current height
2025/09/16 14:53:57 ELECTRUM: Got current height 4671383 from headers subscription
2025/09/16 14:53:57 ELECTRUM: Returning hash 0000000000005c58b1a8ca3e40c2874b9137677d0a009124469f8d2bc1e78206 for height 4671383 (from headers subscription)
2025/09/16 14:53:58 ELECTRUM: GetBestBlock called
2025/09/16 14:53:58 ELECTRUM: Subscribing to headers to get current height
2025/09/16 14:53:59 ELECTRUM: Got current height 4671384 from headers subscription
2025/09/16 14:53:59 ELECTRUM: Returning hash 000000000000fcc3644286edd60c7d93963b9cb83ea46a0c100d4f13671bb7a4 for height 4671384 (from headers subscription)
2025/09/16 14:53:59 ELECTRUM: Checking for new blocks - current: 4671384, last known: 4671370
2025/09/16 14:53:59 ELECTRUM: New block detected! Height: 4671384 (was 4671370)
2025/09/16 14:53:59 ELECTRUM: Sending block connected notification for height 4671384
2025/09/16 14:53:59 ELECTRUM: Block notification sent successfully for height 4671384
2025/09/16 14:54:00 ELECTRUM: GetBestBlock called
2025/09/16 14:54:00 ELECTRUM: Subscribing to headers to get current height
2025/09/16 14:54:00 ELECTRUM: GetBestBlock called
2025/09/16 14:54:00 ELECTRUM: Subscribing to headers to get current height
2025/09/16 14:54:00 ELECTRUM: Got current height 4671385 from headers subscription
2025/09/16 14:54:00 ELECTRUM: Returning hash 000000000000680046080729a2dd4e22ba816ff7fde0d4c97aaf5e9c6dad6156 for height 4671385 (from headers subscription)
2025/09/16 14:54:00 ELECTRUM: Checking for new blocks - current: 4671385, last known: 4671370
2025/09/16 14:54:00 ELECTRUM: New block detected! Height: 4671385 (was 4671370)
2025/09/16 14:54:00 ELECTRUM: Sending block connected notification for height 4671385
2025/09/16 14:54:00 ELECTRUM: Block notification sent successfully for height 4671385
2025/09/16 14:54:00 ELECTRUM: Got current height 4671385 from headers subscription
2025/09/16 14:54:00 ELECTRUM: Returning hash 000000000000680046080729a2dd4e22ba816ff7fde0d4c97aaf5e9c6dad6156 for height 4671385 (from headers subscription)
2025/09/16 14:54:00 ELECTRUM: Checking for new blocks - current: 4671385, last known: 4671370
2025/09/16 14:54:00 ELECTRUM: New block detected! Height: 4671385 (was 4671370)
2025/09/16 14:54:00 ELECTRUM: Sending block connected notification for height 4671385
2025/09/16 14:54:00 ELECTRUM: Block notification sent successfully for height 4671385
2025-09-16 14:54:22.430 [DBG] LTND lnd.go:727: Syncing to block chain rev=08ae35 best_block_time="2025-09-16 14:53:53 -0400 EDT" is_synced=false
2025/09/16 14:54:23 ELECTRUM: GetBestBlock called
2025/09/16 14:54:23 ELECTRUM: Subscribing to headers to get current height
2025/09/16 14:54:23 ELECTRUM: Got current height 4671397 from headers subscription
2025/09/16 14:54:23 ELECTRUM: Returning hash 0000000000000a293680ef8a679f59eb240eb9b8cf24d30731bf1dac0ae14d5a for height 4671397 (from headers subscription)
2025/09/16 14:54:23 ELECTRUM: GetBlockHeader called for hash: 0000000000000a293680ef8a679f59eb240eb9b8cf24d30731bf1dac0ae14d5a
2025/09/16 14:54:23 ELECTRUM: GetBestBlock called
2025/09/16 14:54:23 ELECTRUM: Subscribing to headers to get current height
2025/09/16 14:54:23 ELECTRUM: Got current height 4671397 from headers subscription
2025/09/16 14:54:23 ELECTRUM: Returning hash 0000000000000a293680ef8a679f59eb240eb9b8cf24d30731bf1dac0ae14d5a for height 4671397 (from headers subscription)
2025-09-16 14:54:24.140 [DBG] LTND lnd.go:727: Syncing to block chain rev=08ae35 best_block_time="2025-09-16 14:54:21 -0400 EDT" is_synced=false
2025/09/16 14:54:25 ELECTRUM: GetBestBlock called
2025/09/16 14:54:25 ELECTRUM: Subscribing to headers to get current height
2025/09/16 14:54:25 ELECTRUM: Got current height 4671397 from headers subscription
2025/09/16 14:54:25 ELECTRUM: Returning hash 0000000000000a293680ef8a679f59eb240eb9b8cf24d30731bf1dac0ae14d5a for height 4671397 (from headers subscription)
2025/09/16 14:54:25 ELECTRUM: GetBlockHeader called for hash: 0000000000000a293680ef8a679f59eb240eb9b8cf24d30731bf1dac0ae14d5a
2025/09/16 14:54:25 ELECTRUM: GetBestBlock called
2025/09/16 14:54:25 ELECTRUM: Subscribing to headers to get current height
2025/09/16 14:54:25 ELECTRUM: Got current height 4671398 from headers subscription
2025/09/16 14:54:25 ELECTRUM: Returning hash 00000000000004e0ddc0a195d01b3a7ddb1c194b8d5b40bb5492fb163165abf0 for height 4671398 (from headers subscription)
2025/09/16 14:54:28 ELECTRUM: GetBestBlock called
2025/09/16 14:54:28 ELECTRUM: Subscribing to headers to get current height
2025/09/16 14:54:29 ELECTRUM: Got current height 4671399 from headers subscription
2025/09/16 14:54:29 ELECTRUM: Returning hash 00000000000123f2d0a3a7cb7cebac5f30982683262164f2acc3c73c0666c95f for height 4671399 (from headers subscription)
2025/09/16 14:54:29 ELECTRUM: Checking for new blocks - current: 4671399, last known: 4671384
2025/09/16 14:54:29 ELECTRUM: New block detected! Height: 4671399 (was 4671384)
2025/09/16 14:54:29 ELECTRUM: Sending block connected notification for height 4671399
2025/09/16 14:54:29 ELECTRUM: Block notification sent successfully for height 4671399
2025/09/16 14:54:30 ELECTRUM: GetBestBlock called
2025/09/16 14:54:30 ELECTRUM: Subscribing to headers to get current height
2025/09/16 14:54:30 ELECTRUM: Got current height 4671400 from headers subscription
2025/09/16 14:54:30 ELECTRUM: Returning hash 00000000000031ad390a974dffce292955e343acfbac3a256dfde32c2b5f2d98 for height 4671400 (from headers subscription)
2025/09/16 14:54:30 ELECTRUM: Checking for new blocks - current: 4671400, last known: 4671385
2025/09/16 14:54:30 ELECTRUM: New block detected! Height: 4671400 (was 4671385)
2025/09/16 14:54:30 ELECTRUM: Sending block connected notification for height 4671400
2025/09/16 14:54:30 ELECTRUM: Block notification sent successfully for height 4671400
2025/09/16 14:54:30 ELECTRUM: GetBestBlock called
2025/09/16 14:54:30 ELECTRUM: Subscribing to headers to get current height
2025/09/16 14:54:30 ELECTRUM: Got current height 4671400 from headers subscription
2025/09/16 14:54:30 ELECTRUM: Returning hash 00000000000031ad390a974dffce292955e343acfbac3a256dfde32c2b5f2d98 for height 4671400 (from headers subscription)
2025/09/16 14:54:30 ELECTRUM: Checking for new blocks - current: 4671400, last known: 4671385
2025/09/16 14:54:30 ELECTRUM: New block detected! Height: 4671400 (was 4671385)
2025/09/16 14:54:30 ELECTRUM: Sending block connected notification for height 4671400
2025/09/16 14:54:30 ELECTRUM: Block notification sent successfully for height 4671400
2025-09-16 14:54:50.231 [DBG] LTND lnd.go:727: Syncing to block chain rev=08ae35 best_block_time="2025-09-16 14:54:21 -0400 EDT" is_synced=false
2025/09/16 14:54:51 ELECTRUM: GetBestBlock called
2025/09/16 14:54:51 ELECTRUM: Subscribing to headers to get current height
2025/09/16 14:54:51 ELECTRUM: Got current height 4671411 from headers subscription
2025/09/16 14:54:51 ELECTRUM: Returning hash 0000000000019e5eddeeaed243446c729d951f56fba736d70cc5a9f159fc90bd for height 4671411 (from headers subscription)
2025/09/16 14:54:51 ELECTRUM: GetBlockHeader called for hash: 0000000000019e5eddeeaed243446c729d951f56fba736d70cc5a9f159fc90bd
2025/09/16 14:54:51 ELECTRUM: GetBestBlock called
2025/09/16 14:54:51 ELECTRUM: Subscribing to headers to get current height
2025/09/16 14:54:51 ELECTRUM: Got current height 4671411 from headers subscription
2025/09/16 14:54:51 ELECTRUM: Returning hash 0000000000019e5eddeeaed243446c729d951f56fba736d70cc5a9f159fc90bd for height 4671411 (from headers subscription)
2025-09-16 14:54:51.940 [DBG] LTND lnd.go:727: Syncing to block chain rev=08ae35 best_block_time="2025-09-16 14:54:49 -0400 EDT" is_synced=false
2025/09/16 14:54:52 ELECTRUM: GetBestBlock called
2025/09/16 14:54:52 ELECTRUM: Subscribing to headers to get current height
2025/09/16 14:54:53 ELECTRUM: Got current height 4671412 from headers subscription
2025/09/16 14:54:53 ELECTRUM: Returning hash 00000000000009e32eb46d4087d360c6dbcf191b1c31403619fbb510738cdcc0 for height 4671412 (from headers subscription)
2025/09/16 14:54:53 ELECTRUM: GetBlockHeader called for hash: 00000000000009e32eb46d4087d360c6dbcf191b1c31403619fbb510738cdcc0
2025/09/16 14:54:53 ELECTRUM: GetBestBlock called
2025/09/16 14:54:53 ELECTRUM: Subscribing to headers to get current height
2025/09/16 14:54:53 ELECTRUM: Got current height 4671412 from headers subscription
2025/09/16 14:54:53 ELECTRUM: Returning hash 00000000000009e32eb46d4087d360c6dbcf191b1c31403619fbb510738cdcc0 for height 4671412 (from headers subscription)
2025-09-16 14:54:53.660 [DBG] LTND lnd.go:727: Syncing to block chain rev=08ae35 best_block_time="2025-09-16 14:54:50 -0400 EDT" is_synced=false
2025/09/16 14:54:54 ELECTRUM: GetBestBlock called
2025/09/16 14:54:54 ELECTRUM: Subscribing to headers to get current height
2025/09/16 14:54:54 ELECTRUM: Got current height 4671412 from headers subscription
2025/09/16 14:54:54 ELECTRUM: Returning hash 00000000000009e32eb46d4087d360c6dbcf191b1c31403619fbb510738cdcc0 for height 4671412 (from headers subscription)
2025/09/16 14:54:54 ELECTRUM: GetBlockHeader called for hash: 00000000000009e32eb46d4087d360c6dbcf191b1c31403619fbb510738cdcc0
2025/09/16 14:54:54 ELECTRUM: GetBestBlock called
2025/09/16 14:54:54 ELECTRUM: Subscribing to headers to get current height
2025/09/16 14:54:55 ELECTRUM: Got current height 4671412 from headers subscription
2025/09/16 14:54:55 ELECTRUM: Returning hash 00000000000009e32eb46d4087d360c6dbcf191b1c31403619fbb510738cdcc0 for height 4671412 (from headers subscription)
2025-09-16 14:54:55.372 [DBG] LTND lnd.go:727: Syncing to block chain rev=08ae35 best_block_time="2025-09-16 14:54:50 -0400 EDT" is_synced=false
2025/09/16 14:54:56 ELECTRUM: GetBestBlock called
2025/09/16 14:54:56 ELECTRUM: Subscribing to headers to get current height
2025/09/16 14:54:56 ELECTRUM: Got current height 4671413 from headers subscription
2025/09/16 14:54:56 ELECTRUM: Returning hash 00000000000022d565f965a0fefe27edc0cddf6aeb965c678d081156ab9ad2f8 for height 4671413 (from headers subscription)
2025/09/16 14:54:56 ELECTRUM: GetBlockHeader called for hash: 00000000000022d565f965a0fefe27edc0cddf6aeb965c678d081156ab9ad2f8
2025/09/16 14:54:56 ELECTRUM: GetBestBlock called
2025/09/16 14:54:56 ELECTRUM: Subscribing to headers to get current height
2025/09/16 14:54:56 ELECTRUM: Got current height 4671413 from headers subscription
2025/09/16 14:54:56 ELECTRUM: Returning hash 00000000000022d565f965a0fefe27edc0cddf6aeb965c678d081156ab9ad2f8 for height 4671413 (from headers subscription)
2025-09-16 14:54:57.131 [DBG] LTND lnd.go:727: Syncing to block chain rev=08ae35 best_block_time="2025-09-16 14:54:52 -0400 EDT" is_synced=false
2025/09/16 14:54:58 ELECTRUM: GetBestBlock called
2025/09/16 14:54:58 ELECTRUM: Subscribing to headers to get current height
2025/09/16 14:54:58 ELECTRUM: Got current height 4671414 from headers subscription
2025/09/16 14:54:58 ELECTRUM: Returning hash 0000000000005c3508381362be518a873c33a785e21fa0df8f85979126e987d3 for height 4671414 (from headers subscription)
2025/09/16 14:54:58 ELECTRUM: GetBlockHeader called for hash: 0000000000005c3508381362be518a873c33a785e21fa0df8f85979126e987d3
2025/09/16 14:54:58 ELECTRUM: GetBestBlock called
2025/09/16 14:54:58 ELECTRUM: Subscribing to headers to get current height
2025/09/16 14:54:58 ELECTRUM: Got current height 4671414 from headers subscription
2025/09/16 14:54:58 ELECTRUM: Returning hash 0000000000005c3508381362be518a873c33a785e21fa0df8f85979126e987d3 for height 4671414 (from headers subscription)
2025-09-16 14:54:58.845 [DBG] LTND lnd.go:727: Syncing to block chain rev=08ae35 best_block_time="2025-09-16 14:54:55 -0400 EDT" is_synced=false
2025/09/16 14:54:58 ELECTRUM: GetBestBlock called
2025/09/16 14:54:58 ELECTRUM: Subscribing to headers to get current height
2025/09/16 14:54:59 ELECTRUM: Got current height 4671415 from headers subscription
2025/09/16 14:54:59 ELECTRUM: Returning hash 0000000000001162bbd72a2cf027b352d8d5b3fe51fc7a93b64c33d404460556 for height 4671415 (from headers subscription)
2025/09/16 14:54:59 ELECTRUM: Checking for new blocks - current: 4671415, last known: 4671399
2025/09/16 14:54:59 ELECTRUM: New block detected! Height: 4671415 (was 4671399)
2025/09/16 14:54:59 ELECTRUM: Sending block connected notification for height 4671415
2025/09/16 14:54:59 ELECTRUM: Block notification sent successfully for height 4671415
2025/09/16 14:54:59 ELECTRUM: GetBestBlock called
2025/09/16 14:54:59 ELECTRUM: Subscribing to headers to get current height
2025/09/16 14:55:00 ELECTRUM: Got current height 4671416 from headers subscription
2025/09/16 14:55:00 ELECTRUM: Returning hash 00000000000001afbeae4d408aa119e566e59214468e39769740e25c5d34313e for height 4671416 (from headers subscription)
2025/09/16 14:55:00 ELECTRUM: GetBlockHeader called for hash: 00000000000001afbeae4d408aa119e566e59214468e39769740e25c5d34313e
2025/09/16 14:55:00 ELECTRUM: GetBestBlock called
2025/09/16 14:55:00 ELECTRUM: Subscribing to headers to get current height
2025/09/16 14:55:00 ELECTRUM: GetBestBlock called
2025/09/16 14:55:00 ELECTRUM: Subscribing to headers to get current height
2025/09/16 14:55:00 ELECTRUM: Got current height 4671416 from headers subscription
2025/09/16 14:55:00 ELECTRUM: Returning hash 00000000000001afbeae4d408aa119e566e59214468e39769740e25c5d34313e for height 4671416 (from headers subscription)
2025/09/16 14:55:00 ELECTRUM: Got current height 4671417 from headers subscription
2025/09/16 14:55:00 ELECTRUM: Returning hash 0000000000016eea7d31dbbf1349d7171cb033296a4c9d68a59d86000fcb8bbe for height 4671417 (from headers subscription)
2025/09/16 14:55:00 ELECTRUM: Checking for new blocks - current: 4671417, last known: 4671400
2025/09/16 14:55:00 ELECTRUM: New block detected! Height: 4671417 (was 4671400)
2025/09/16 14:55:00 ELECTRUM: Sending block connected notification for height 4671417
2025/09/16 14:55:00 ELECTRUM: Block notification sent successfully for height 4671417
2025/09/16 14:55:00 ELECTRUM: GetBestBlock called
2025/09/16 14:55:00 ELECTRUM: Subscribing to headers to get current height
2025-09-16 14:55:00.555 [DBG] LTND lnd.go:727: Syncing to block chain rev=08ae35 best_block_time="2025-09-16 14:55:04 -0400 EDT" is_synced=false
2025/09/16 14:55:00 ELECTRUM: Got current height 4671417 from headers subscription
2025/09/16 14:55:00 ELECTRUM: Returning hash 0000000000016eea7d31dbbf1349d7171cb033296a4c9d68a59d86000fcb8bbe for height 4671417 (from headers subscription)
2025/09/16 14:55:00 ELECTRUM: Checking for new blocks - current: 4671417, last known: 4671400
2025/09/16 14:55:00 ELECTRUM: New block detected! Height: 4671417 (was 4671400)
2025/09/16 14:55:00 ELECTRUM: Sending block connected notification for height 4671417
2025/09/16 14:55:00 ELECTRUM: Block notification sent successfully for height 4671417
2025/09/16 14:55:01 ELECTRUM: GetBestBlock called
2025/09/16 14:55:01 ELECTRUM: Subscribing to headers to get current height
2025/09/16 14:55:01 ELECTRUM: Got current height 4671418 from headers subscription
2025/09/16 14:55:01 ELECTRUM: Returning hash 00000000000030e26299ba5532cd73468a7855485f7732dc0fea5dbfdd2e29c4 for height 4671418 (from headers subscription)
2025/09/16 14:55:01 ELECTRUM: GetBlockHeader called for hash: 00000000000030e26299ba5532cd73468a7855485f7732dc0fea5dbfdd2e29c4
2025/09/16 14:55:01 ELECTRUM: GetBestBlock called
2025/09/16 14:55:01 ELECTRUM: Subscribing to headers to get current height
2025/09/16 14:55:02 ELECTRUM: Got current height 4671418 from headers subscription
2025/09/16 14:55:02 ELECTRUM: Returning hash 00000000000030e26299ba5532cd73468a7855485f7732dc0fea5dbfdd2e29c4 for height 4671418 (from headers subscription)
2025-09-16 14:55:02.321 [DBG] LTND lnd.go:727: Syncing to block chain rev=08ae35 best_block_time="2025-09-16 14:55:00 -0400 EDT" is_synced=false
2025/09/16 14:55:03 ELECTRUM: GetBestBlock called
2025/09/16 14:55:03 ELECTRUM: Subscribing to headers to get current height
2025/09/16 14:55:03 ELECTRUM: Got current height 4671418 from headers subscription
2025/09/16 14:55:03 ELECTRUM: Returning hash 00000000000030e26299ba5532cd73468a7855485f7732dc0fea5dbfdd2e29c4 for height 4671418 (from headers subscription)
2025/09/16 14:55:03 ELECTRUM: GetBlockHeader called for hash: 00000000000030e26299ba5532cd73468a7855485f7732dc0fea5dbfdd2e29c4
2025/09/16 14:55:03 ELECTRUM: GetBestBlock called
2025/09/16 14:55:03 ELECTRUM: Subscribing to headers to get current height
2025/09/16 14:55:03 ELECTRUM: Got current height 4671418 from headers subscription
2025/09/16 14:55:03 ELECTRUM: Returning hash 00000000000030e26299ba5532cd73468a7855485f7732dc0fea5dbfdd2e29c4 for height 4671418 (from headers subscription)
2025-09-16 14:55:04.041 [DBG] LTND lnd.go:727: Syncing to block chain rev=08ae35 best_block_time="2025-09-16 14:55:00 -0400 EDT" is_synced=false
2025/09/16 14:55:05 ELECTRUM: GetBestBlock called
2025/09/16 14:55:05 ELECTRUM: Subscribing to headers to get current height
2025/09/16 14:55:05 ELECTRUM: Got current height 4671419 from headers subscription
2025/09/16 14:55:05 ELECTRUM: Returning hash 0000000000002195cf33fcbbfbc03c76ab4ec447e2c601049b111f455e22e54e for height 4671419 (from headers subscription)
2025/09/16 14:55:05 ELECTRUM: GetBlockHeader called for hash: 0000000000002195cf33fcbbfbc03c76ab4ec447e2c601049b111f455e22e54e
2025/09/16 14:55:05 ELECTRUM: GetBestBlock called
2025/09/16 14:55:05 ELECTRUM: Subscribing to headers to get current height
2025/09/16 14:55:05 ELECTRUM: Got current height 4671419 from headers subscription
2025/09/16 14:55:05 ELECTRUM: Returning hash 0000000000002195cf33fcbbfbc03c76ab4ec447e2c601049b111f455e22e54e for height 4671419 (from headers subscription)
2025-09-16 14:55:05.762 [DBG] LTND lnd.go:727: Syncing to block chain rev=08ae35 best_block_time="2025-09-16 14:55:05 -0400 EDT" is_synced=false
2025/09/16 14:55:06 ELECTRUM: GetBestBlock called
2025/09/16 14:55:06 ELECTRUM: Subscribing to headers to get current height
2025/09/16 14:55:07 ELECTRUM: Got current height 4671420 from headers subscription
2025/09/16 14:55:07 ELECTRUM: Returning hash 0000000000000347b72b1e0cb7ab39123075c6d11b6756fa0251b3fc05c1c878 for height 4671420 (from headers subscription)
2025/09/16 14:55:07 ELECTRUM: GetBlockHeader called for hash: 0000000000000347b72b1e0cb7ab39123075c6d11b6756fa0251b3fc05c1c878
2025/09/16 14:55:07 ELECTRUM: GetBestBlock called
2025/09/16 14:55:07 ELECTRUM: Subscribing to headers to get current height
2025/09/16 14:55:07 ELECTRUM: Got current height 4671421 from headers subscription
2025/09/16 14:55:07 ELECTRUM: Returning hash 0000000000015b825c81193bcf0c0de213081488df5f1e59b8e088b1dcfd5501 for height 4671421 (from headers subscription)
2025/09/16 14:55:28 ELECTRUM: GetBestBlock called
2025/09/16 14:55:28 ELECTRUM: Subscribing to headers to get current height
2025/09/16 14:55:29 ELECTRUM: Got current height 4671427 from headers subscription
2025/09/16 14:55:29 ELECTRUM: Returning hash 000000000000006c6248fd5ee52e76c5732cc0066d576bed5150edeb369665d5 for height 4671427 (from headers subscription)
2025/09/16 14:55:29 ELECTRUM: Checking for new blocks - current: 4671427, last known: 4671415
2025/09/16 14:55:29 ELECTRUM: New block detected! Height: 4671427 (was 4671415)
2025/09/16 14:55:29 ELECTRUM: Sending block connected notification for height 4671427
2025/09/16 14:55:29 ELECTRUM: Block notification sent successfully for height 4671427
2025/09/16 14:55:30 ELECTRUM: GetBestBlock called
2025/09/16 14:55:30 ELECTRUM: Subscribing to headers to get current height
2025/09/16 14:55:30 ELECTRUM: GetBestBlock called
2025/09/16 14:55:30 ELECTRUM: Subscribing to headers to get current height
2025/09/16 14:55:30 ELECTRUM: Got current height 4671428 from headers subscription
2025/09/16 14:55:30 ELECTRUM: Returning hash 0000000000024f91f942eb02de768b2dd1a7fc2fdda970e0585055743031b8c4 for height 4671428 (from headers subscription)
2025/09/16 14:55:30 ELECTRUM: Checking for new blocks - current: 4671428, last known: 4671417
2025/09/16 14:55:30 ELECTRUM: New block detected! Height: 4671428 (was 4671417)
2025/09/16 14:55:30 ELECTRUM: Sending block connected notification for height 4671428
2025/09/16 14:55:30 ELECTRUM: Block notification sent successfully for height 4671428
2025/09/16 14:55:30 ELECTRUM: Got current height 4671428 from headers subscription
2025/09/16 14:55:30 ELECTRUM: Returning hash 0000000000024f91f942eb02de768b2dd1a7fc2fdda970e0585055743031b8c4 for height 4671428 (from headers subscription)
2025/09/16 14:55:30 ELECTRUM: Checking for new blocks - current: 4671428, last known: 4671417
2025/09/16 14:55:30 ELECTRUM: New block detected! Height: 4671428 (was 4671417)
2025/09/16 14:55:30 ELECTRUM: Sending block connected notification for height 4671428
2025/09/16 14:55:30 ELECTRUM: Block notification sent successfully for height 4671428
2025-09-16 14:55:31.165 [DBG] LTND lnd.go:727: Syncing to block chain rev=08ae35 best_block_time="2025-09-16 14:55:09 -0400 EDT" is_synced=false
2025/09/16 14:55:32 ELECTRUM: GetBestBlock called
2025/09/16 14:55:32 ELECTRUM: Subscribing to headers to get current height
2025/09/16 14:55:32 ELECTRUM: Got current height 4671428 from headers subscription
2025/09/16 14:55:32 ELECTRUM: Returning hash 0000000000024f91f942eb02de768b2dd1a7fc2fdda970e0585055743031b8c4 for height 4671428 (from headers subscription)
2025/09/16 14:55:32 ELECTRUM: GetBlockHeader called for hash: 0000000000024f91f942eb02de768b2dd1a7fc2fdda970e0585055743031b8c4
2025/09/16 14:55:32 ELECTRUM: GetBestBlock called
2025/09/16 14:55:32 ELECTRUM: Subscribing to headers to get current height
2025/09/16 14:55:32 ELECTRUM: Got current height 4671428 from headers subscription
2025/09/16 14:55:32 ELECTRUM: Returning hash 0000000000024f91f942eb02de768b2dd1a7fc2fdda970e0585055743031b8c4 for height 4671428 (from headers subscription)
2025-09-16 14:55:32.890 [DBG] LTND lnd.go:727: Syncing to block chain rev=08ae35 best_block_time="2025-09-16 14:55:30 -0400 EDT" is_synced=false
2025/09/16 14:55:33 ELECTRUM: GetBestBlock called
2025/09/16 14:55:33 ELECTRUM: Subscribing to headers to get current height
2025/09/16 14:55:34 ELECTRUM: Got current height 4671429 from headers subscription
2025/09/16 14:55:34 ELECTRUM: Returning hash 00000000000002b55caf6c91e3c07315b2a37d91bb4ed32d371b8bae387de5e4 for height 4671429 (from headers subscription)
2025/09/16 14:55:34 ELECTRUM: GetBlockHeader called for hash: 00000000000002b55caf6c91e3c07315b2a37d91bb4ed32d371b8bae387de5e4
2025/09/16 14:55:34 ELECTRUM: GetBestBlock called
2025/09/16 14:55:34 ELECTRUM: Subscribing to headers to get current height
2025/09/16 14:55:34 ELECTRUM: Got current height 4671429 from headers subscription
2025/09/16 14:55:34 ELECTRUM: Returning hash 00000000000002b55caf6c91e3c07315b2a37d91bb4ed32d371b8bae387de5e4 for height 4671429 (from headers subscription)
2025-09-16 14:55:34.607 [DBG] LTND lnd.go:727: Syncing to block chain rev=08ae35 best_block_time="2025-09-16 14:55:38 -0400 EDT" is_synced=false
2025/09/16 14:55:35 ELECTRUM: GetBestBlock called
2025/09/16 14:55:35 ELECTRUM: Subscribing to headers to get current height
2025/09/16 14:55:35 ELECTRUM: Got current height 4671430 from headers subscription
2025/09/16 14:55:35 ELECTRUM: Returning hash 00000000000034c7798a6ae4a4364e7525d2219cf9f4cdd205e322b9dc662a13 for height 4671430 (from headers subscription)
2025/09/16 14:55:35 ELECTRUM: GetBlockHeader called for hash: 00000000000034c7798a6ae4a4364e7525d2219cf9f4cdd205e322b9dc662a13
2025/09/16 14:55:35 ELECTRUM: GetBestBlock called
2025/09/16 14:55:35 ELECTRUM: Subscribing to headers to get current height
2025/09/16 14:55:36 ELECTRUM: Got current height 4671430 from headers subscription
2025/09/16 14:55:36 ELECTRUM: Returning hash 00000000000034c7798a6ae4a4364e7525d2219cf9f4cdd205e322b9dc662a13 for height 4671430 (from headers subscription)
2025-09-16 14:55:36.338 [DBG] LTND lnd.go:727: Syncing to block chain rev=08ae35 best_block_time="2025-09-16 14:55:33 -0400 EDT" is_synced=false
2025/09/16 14:55:37 ELECTRUM: GetBestBlock called
2025/09/16 14:55:37 ELECTRUM: Subscribing to headers to get current height
2025/09/16 14:55:37 ELECTRUM: Got current height 4671431 from headers subscription
2025/09/16 14:55:37 ELECTRUM: Returning hash 000000000000000663a092cd9cd6c72784c3dab3aa3b05a73ef251b04afe585e for height 4671431 (from headers subscription)
2025/09/16 14:55:37 ELECTRUM: GetBlockHeader called for hash: 000000000000000663a092cd9cd6c72784c3dab3aa3b05a73ef251b04afe585e
2025/09/16 14:55:37 ELECTRUM: GetBestBlock called
2025/09/16 14:55:37 ELECTRUM: Subscribing to headers to get current height
2025/09/16 14:55:37 ELECTRUM: Got current height 4671431 from headers subscription
2025/09/16 14:55:37 ELECTRUM: Returning hash 000000000000000663a092cd9cd6c72784c3dab3aa3b05a73ef251b04afe585e for height 4671431 (from headers subscription)
2025-09-16 14:55:38.050 [DBG] LTND lnd.go:727: Syncing to block chain rev=08ae35 best_block_time="2025-09-16 14:55:35 -0400 EDT" is_synced=false
2025/09/16 14:55:39 ELECTRUM: GetBestBlock called
2025/09/16 14:55:39 ELECTRUM: Subscribing to headers to get current height
2025/09/16 14:55:39 ELECTRUM: Got current height 4671432 from headers subscription
2025/09/16 14:55:39 ELECTRUM: Returning hash 00000000000067cff16c2592ed806d02d7b092450e7c9e003ff7e79deb1f9845 for height 4671432 (from headers subscription)
2025/09/16 14:55:39 ELECTRUM: GetBlockHeader called for hash: 00000000000067cff16c2592ed806d02d7b092450e7c9e003ff7e79deb1f9845
2025/09/16 14:55:39 ELECTRUM: GetBestBlock called
2025/09/16 14:55:39 ELECTRUM: Subscribing to headers to get current height
2025/09/16 14:55:39 ELECTRUM: Got current height 4671432 from headers subscription
2025/09/16 14:55:39 ELECTRUM: Returning hash 00000000000067cff16c2592ed806d02d7b092450e7c9e003ff7e79deb1f9845 for height 4671432 (from headers subscription)
2025-09-16 14:55:39.763 [DBG] LTND lnd.go:727: Syncing to block chain rev=08ae35 best_block_time="2025-09-16 14:55:43 -0400 EDT" is_synced=false
2025/09/16 14:55:40 ELECTRUM: GetBestBlock called
2025/09/16 14:55:40 ELECTRUM: Subscribing to headers to get current height
2025/09/16 14:55:41 ELECTRUM: Got current height 4671433 from headers subscription
2025/09/16 14:55:41 ELECTRUM: Returning hash 0000000000034d1c9615e7cabae599a20cc4046db316ae3b3cf4cba5a49935c9 for height 4671433 (from headers subscription)
2025/09/16 14:55:41 ELECTRUM: GetBlockHeader called for hash: 0000000000034d1c9615e7cabae599a20cc4046db316ae3b3cf4cba5a49935c9
2025/09/16 14:55:41 ELECTRUM: GetBestBlock called
2025/09/16 14:55:41 ELECTRUM: Subscribing to headers to get current height
2025/09/16 14:55:41 ELECTRUM: Got current height 4671433 from headers subscription
2025/09/16 14:55:41 ELECTRUM: Returning hash 0000000000034d1c9615e7cabae599a20cc4046db316ae3b3cf4cba5a49935c9 for height 4671433 (from headers subscription)
2025-09-16 14:55:41.480 [DBG] LTND lnd.go:727: Syncing to block chain rev=08ae35 best_block_time="2025-09-16 14:55:38 -0400 EDT" is_synced=false
2025/09/16 14:55:42 ELECTRUM: GetBestBlock called
2025/09/16 14:55:42 ELECTRUM: Subscribing to headers to get current height
2025/09/16 14:55:42 ELECTRUM: Got current height 4671434 from headers subscription
2025/09/16 14:55:42 ELECTRUM: Returning hash 000000000000294bf941b4c4e7b51020e9aa621b21967097ee6ced71cddb1a52 for height 4671434 (from headers subscription)
2025/09/16 14:55:42 ELECTRUM: GetBlockHeader called for hash: 000000000000294bf941b4c4e7b51020e9aa621b21967097ee6ced71cddb1a52
2025/09/16 14:55:42 ELECTRUM: GetBestBlock called
2025/09/16 14:55:42 ELECTRUM: Subscribing to headers to get current height
2025/09/16 14:55:42 ELECTRUM: Got current height 4671434 from headers subscription
2025/09/16 14:55:42 ELECTRUM: Returning hash 000000000000294bf941b4c4e7b51020e9aa621b21967097ee6ced71cddb1a52 for height 4671434 (from headers subscription)
2025-09-16 14:55:43.197 [DBG] LTND lnd.go:727: Syncing to block chain rev=08ae35 best_block_time="2025-09-16 14:55:52 -0400 EDT" is_synced=false
2025/09/16 14:55:44 ELECTRUM: GetBestBlock called
2025/09/16 14:55:44 ELECTRUM: Subscribing to headers to get current height
2025/09/16 14:55:44 ELECTRUM: Got current height 4671434 from headers subscription
2025/09/16 14:55:44 ELECTRUM: Returning hash 000000000000294bf941b4c4e7b51020e9aa621b21967097ee6ced71cddb1a52 for height 4671434 (from headers subscription)
2025/09/16 14:55:44 ELECTRUM: GetBlockHeader called for hash: 000000000000294bf941b4c4e7b51020e9aa621b21967097ee6ced71cddb1a52
2025/09/16 14:55:44 ELECTRUM: GetBestBlock called
2025/09/16 14:55:44 ELECTRUM: Subscribing to headers to get current height
2025/09/16 14:55:44 ELECTRUM: Got current height 4671434 from headers subscription
2025/09/16 14:55:44 ELECTRUM: Returning hash 000000000000294bf941b4c4e7b51020e9aa621b21967097ee6ced71cddb1a52 for height 4671434 (from headers subscription)
2025-09-16 14:55:44.905 [DBG] LTND lnd.go:727: Syncing to block chain rev=08ae35 best_block_time="2025-09-16 14:55:52 -0400 EDT" is_synced=false
2025/09/16 14:55:45 ELECTRUM: GetBestBlock called
2025/09/16 14:55:45 ELECTRUM: Subscribing to headers to get current height
2025/09/16 14:55:46 ELECTRUM: Got current height 4671434 from headers subscription
2025/09/16 14:55:46 ELECTRUM: Returning hash 000000000000294bf941b4c4e7b51020e9aa621b21967097ee6ced71cddb1a52 for height 4671434 (from headers subscription)
2025/09/16 14:55:46 ELECTRUM: GetBlockHeader called for hash: 000000000000294bf941b4c4e7b51020e9aa621b21967097ee6ced71cddb1a52
2025/09/16 14:55:46 ELECTRUM: GetBestBlock called
2025/09/16 14:55:46 ELECTRUM: Subscribing to headers to get current height
2025/09/16 14:55:46 ELECTRUM: Got current height 4671434 from headers subscription
2025/09/16 14:55:46 ELECTRUM: Returning hash 000000000000294bf941b4c4e7b51020e9aa621b21967097ee6ced71cddb1a52 for height 4671434 (from headers subscription)
2025-09-16 14:55:46.623 [DBG] LTND lnd.go:727: Syncing to block chain rev=08ae35 best_block_time="2025-09-16 14:55:52 -0400 EDT" is_synced=false
2025/09/16 14:55:47 ELECTRUM: GetBestBlock called
2025/09/16 14:55:47 ELECTRUM: Subscribing to headers to get current height
2025/09/16 14:55:47 ELECTRUM: Got current height 4671435 from headers subscription
2025/09/16 14:55:47 ELECTRUM: Returning hash 00000000000170f24281c43c8bfe9b1baf2aae7ffb8dc5a43cb3645551040018 for height 4671435 (from headers subscription)
2025/09/16 14:55:47 ELECTRUM: GetBlockHeader called for hash: 00000000000170f24281c43c8bfe9b1baf2aae7ffb8dc5a43cb3645551040018
2025/09/16 14:55:47 ELECTRUM: GetBestBlock called
2025/09/16 14:55:47 ELECTRUM: Subscribing to headers to get current height
2025/09/16 14:55:48 ELECTRUM: Got current height 4671435 from headers subscription
2025/09/16 14:55:48 ELECTRUM: Returning hash 00000000000170f24281c43c8bfe9b1baf2aae7ffb8dc5a43cb3645551040018 for height 4671435 (from headers subscription)
2025-09-16 14:55:48.338 [DBG] LTND lnd.go:727: Syncing to block chain rev=08ae35 best_block_time="2025-09-16 14:55:42 -0400 EDT" is_synced=false
2025/09/16 14:55:49 ELECTRUM: GetBestBlock called
2025/09/16 14:55:49 ELECTRUM: Subscribing to headers to get current height
2025/09/16 14:55:49 ELECTRUM: Got current height 4671436 from headers subscription
2025/09/16 14:55:49 ELECTRUM: Returning hash 000000000003783020508755c022ad2a6567449f45a7a88bdcf75df38d99411e for height 4671436 (from headers subscription)
2025/09/16 14:55:49 ELECTRUM: GetBlockHeader called for hash: 000000000003783020508755c022ad2a6567449f45a7a88bdcf75df38d99411e
2025/09/16 14:55:49 ELECTRUM: GetBestBlock called
2025/09/16 14:55:49 ELECTRUM: Subscribing to headers to get current height
2025/09/16 14:55:49 ELECTRUM: Got current height 4671436 from headers subscription
2025/09/16 14:55:49 ELECTRUM: Returning hash 000000000003783020508755c022ad2a6567449f45a7a88bdcf75df38d99411e for height 4671436 (from headers subscription)
2025-09-16 14:55:50.158 [DBG] LTND lnd.go:727: Syncing to block chain rev=08ae35 best_block_time="2025-09-16 14:55:46 -0400 EDT" is_synced=false
2025/09/16 14:55:51 ELECTRUM: GetBestBlock called
2025/09/16 14:55:51 ELECTRUM: Subscribing to headers to get current height
2025/09/16 14:55:51 ELECTRUM: Got current height 4671436 from headers subscription
2025/09/16 14:55:51 ELECTRUM: Returning hash 000000000003783020508755c022ad2a6567449f45a7a88bdcf75df38d99411e for height 4671436 (from headers subscription)
2025/09/16 14:55:51 ELECTRUM: GetBlockHeader called for hash: 000000000003783020508755c022ad2a6567449f45a7a88bdcf75df38d99411e
2025/09/16 14:55:51 ELECTRUM: GetBestBlock called
2025/09/16 14:55:51 ELECTRUM: Subscribing to headers to get current height
2025/09/16 14:55:51 ELECTRUM: Got current height 4671436 from headers subscription
2025/09/16 14:55:51 ELECTRUM: Returning hash 000000000003783020508755c022ad2a6567449f45a7a88bdcf75df38d99411e for height 4671436 (from headers subscription)
2025-09-16 14:55:51.867 [DBG] LTND lnd.go:727: Syncing to block chain rev=08ae35 best_block_time="2025-09-16 14:55:46 -0400 EDT" is_synced=false
2025/09/16 14:55:52 ELECTRUM: GetBestBlock called
2025/09/16 14:55:52 ELECTRUM: Subscribing to headers to get current height
2025/09/16 14:55:53 ELECTRUM: Got current height 4671436 from headers subscription
2025/09/16 14:55:53 ELECTRUM: Returning hash 000000000003783020508755c022ad2a6567449f45a7a88bdcf75df38d99411e for height 4671436 (from headers subscription)
2025/09/16 14:55:53 ELECTRUM: GetBlockHeader called for hash: 000000000003783020508755c022ad2a6567449f45a7a88bdcf75df38d99411e
2025/09/16 14:55:53 ELECTRUM: GetBestBlock called
2025/09/16 14:55:53 ELECTRUM: Subscribing to headers to get current height
2025/09/16 14:55:53 ELECTRUM: Got current height 4671436 from headers subscription
2025/09/16 14:55:53 ELECTRUM: Returning hash 000000000003783020508755c022ad2a6567449f45a7a88bdcf75df38d99411e for height 4671436 (from headers subscription)
2025-09-16 14:55:53.582 [DBG] LTND lnd.go:727: Syncing to block chain rev=08ae35 best_block_time="2025-09-16 14:55:46 -0400 EDT" is_synced=false
2025/09/16 14:55:54 ELECTRUM: GetBestBlock called
2025/09/16 14:55:54 ELECTRUM: Subscribing to headers to get current height
2025/09/16 14:55:54 ELECTRUM: Got current height 4671436 from headers subscription
2025/09/16 14:55:54 ELECTRUM: Returning hash 000000000003783020508755c022ad2a6567449f45a7a88bdcf75df38d99411e for height 4671436 (from headers subscription)
2025/09/16 14:55:54 ELECTRUM: GetBlockHeader called for hash: 000000000003783020508755c022ad2a6567449f45a7a88bdcf75df38d99411e
2025/09/16 14:55:54 ELECTRUM: GetBestBlock called
2025/09/16 14:55:54 ELECTRUM: Subscribing to headers to get current height
2025/09/16 14:55:55 ELECTRUM: Got current height 4671436 from headers subscription
2025/09/16 14:55:55 ELECTRUM: Returning hash 000000000003783020508755c022ad2a6567449f45a7a88bdcf75df38d99411e for height 4671436 (from headers subscription)
2025-09-16 14:55:55.301 [DBG] LTND lnd.go:727: Syncing to block chain rev=08ae35 best_block_time="2025-09-16 14:55:46 -0400 EDT" is_synced=false
2025/09/16 14:55:56 ELECTRUM: GetBestBlock called
2025/09/16 14:55:56 ELECTRUM: Subscribing to headers to get current height
2025/09/16 14:55:56 ELECTRUM: Got current height 4671437 from headers subscription
2025/09/16 14:55:56 ELECTRUM: Returning hash 000000000002987ad7fe1193f6bd72a87bba4c9dd43b9eba20b057b26797e097 for height 4671437 (from headers subscription)
2025/09/16 14:55:56 ELECTRUM: GetBlockHeader called for hash: 000000000002987ad7fe1193f6bd72a87bba4c9dd43b9eba20b057b26797e097
2025/09/16 14:55:56 ELECTRUM: GetBestBlock called
2025/09/16 14:55:56 ELECTRUM: Subscribing to headers to get current height
2025/09/16 14:55:56 ELECTRUM: Got current height 4671437 from headers subscription
2025/09/16 14:55:56 ELECTRUM: Returning hash 000000000002987ad7fe1193f6bd72a87bba4c9dd43b9eba20b057b26797e097 for height 4671437 (from headers subscription)
2025-09-16 14:55:57.014 [DBG] LTND lnd.go:727: Syncing to block chain rev=08ae35 best_block_time="2025-09-16 14:55:53 -0400 EDT" is_synced=false
2025/09/16 14:55:58 ELECTRUM: GetBestBlock called
2025/09/16 14:55:58 ELECTRUM: Subscribing to headers to get current height
2025/09/16 14:55:58 ELECTRUM: Got current height 4671437 from headers subscription
2025/09/16 14:55:58 ELECTRUM: Returning hash 000000000002987ad7fe1193f6bd72a87bba4c9dd43b9eba20b057b26797e097 for height 4671437 (from headers subscription)
2025/09/16 14:55:58 ELECTRUM: GetBlockHeader called for hash: 000000000002987ad7fe1193f6bd72a87bba4c9dd43b9eba20b057b26797e097
2025/09/16 14:55:58 ELECTRUM: GetBestBlock called
2025/09/16 14:55:58 ELECTRUM: Subscribing to headers to get current height
2025/09/16 14:55:58 ELECTRUM: Got current height 4671437 from headers subscription
2025/09/16 14:55:58 ELECTRUM: Returning hash 000000000002987ad7fe1193f6bd72a87bba4c9dd43b9eba20b057b26797e097 for height 4671437 (from headers subscription)
2025-09-16 14:55:58.730 [DBG] LTND lnd.go:727: Syncing to block chain rev=08ae35 best_block_time="2025-09-16 14:55:53 -0400 EDT" is_synced=false
2025/09/16 14:55:58 ELECTRUM: GetBestBlock called
2025/09/16 14:55:58 ELECTRUM: Subscribing to headers to get current height
2025/09/16 14:55:59 ELECTRUM: Got current height 4671437 from headers subscription
2025/09/16 14:55:59 ELECTRUM: Returning hash 000000000002987ad7fe1193f6bd72a87bba4c9dd43b9eba20b057b26797e097 for height 4671437 (from headers subscription)
2025/09/16 14:55:59 ELECTRUM: Checking for new blocks - current: 4671437, last known: 4671427
2025/09/16 14:55:59 ELECTRUM: New block detected! Height: 4671437 (was 4671427)
2025/09/16 14:55:59 ELECTRUM: Sending block connected notification for height 4671437
2025/09/16 14:55:59 ELECTRUM: Block notification sent successfully for height 4671437
2025/09/16 14:55:59 ELECTRUM: GetBestBlock called
2025/09/16 14:55:59 ELECTRUM: Subscribing to headers to get current height
2025/09/16 14:55:59 ELECTRUM: Got current height 4671437 from headers subscription
2025/09/16 14:55:59 ELECTRUM: Returning hash 000000000002987ad7fe1193f6bd72a87bba4c9dd43b9eba20b057b26797e097 for height 4671437 (from headers subscription)
2025/09/16 14:55:59 ELECTRUM: GetBlockHeader called for hash: 000000000002987ad7fe1193f6bd72a87bba4c9dd43b9eba20b057b26797e097
2025/09/16 14:55:59 ELECTRUM: GetBestBlock called
2025/09/16 14:55:59 ELECTRUM: Subscribing to headers to get current height
2025/09/16 14:56:00 ELECTRUM: GetBestBlock called
2025/09/16 14:56:00 ELECTRUM: Subscribing to headers to get current height
2025/09/16 14:56:00 ELECTRUM: Got current height 4671437 from headers subscription
2025/09/16 14:56:00 ELECTRUM: Returning hash 000000000002987ad7fe1193f6bd72a87bba4c9dd43b9eba20b057b26797e097 for height 4671437 (from headers subscription)
2025/09/16 14:56:00 ELECTRUM: Got current height 4671437 from headers subscription
2025/09/16 14:56:00 ELECTRUM: Returning hash 000000000002987ad7fe1193f6bd72a87bba4c9dd43b9eba20b057b26797e097 for height 4671437 (from headers subscription)
2025/09/16 14:56:00 ELECTRUM: Checking for new blocks - current: 4671437, last known: 4671428
2025/09/16 14:56:00 ELECTRUM: New block detected! Height: 4671437 (was 4671428)
2025/09/16 14:56:00 ELECTRUM: Sending block connected notification for height 4671437
2025/09/16 14:56:00 ELECTRUM: Block notification sent successfully for height 4671437
2025/09/16 14:56:00 ELECTRUM: GetBestBlock called
2025/09/16 14:56:00 ELECTRUM: Subscribing to headers to get current height
2025-09-16 14:56:00.441 [DBG] LTND lnd.go:727: Syncing to block chain rev=08ae35 best_block_time="2025-09-16 14:55:53 -0400 EDT" is_synced=false
2025/09/16 14:56:00 ELECTRUM: Got current height 4671437 from headers subscription
2025/09/16 14:56:00 ELECTRUM: Returning hash 000000000002987ad7fe1193f6bd72a87bba4c9dd43b9eba20b057b26797e097 for height 4671437 (from headers subscription)
2025/09/16 14:56:00 ELECTRUM: Checking for new blocks - current: 4671437, last known: 4671428
2025/09/16 14:56:00 ELECTRUM: New block detected! Height: 4671437 (was 4671428)
2025/09/16 14:56:00 ELECTRUM: Sending block connected notification for height 4671437
2025/09/16 14:56:00 ELECTRUM: Block notification sent successfully for height 4671437
2025/09/16 14:56:01 ELECTRUM: GetBestBlock called
2025/09/16 14:56:01 ELECTRUM: Subscribing to headers to get current height
2025/09/16 14:56:01 ELECTRUM: Got current height 4671438 from headers subscription
2025/09/16 14:56:01 ELECTRUM: Returning hash 0000000000022ce701e32e5cdc6e6b8bc9757e8e14fe214f2eb46ca6826eed64 for height 4671438 (from headers subscription)
2025/09/16 14:56:01 ELECTRUM: GetBlockHeader called for hash: 0000000000022ce701e32e5cdc6e6b8bc9757e8e14fe214f2eb46ca6826eed64
2025/09/16 14:56:01 ELECTRUM: GetBestBlock called
2025/09/16 14:56:01 ELECTRUM: Subscribing to headers to get current height
2025/09/16 14:56:01 ELECTRUM: Got current height 4671438 from headers subscription
2025/09/16 14:56:01 ELECTRUM: Returning hash 0000000000022ce701e32e5cdc6e6b8bc9757e8e14fe214f2eb46ca6826eed64 for height 4671438 (from headers subscription)
2025-09-16 14:56:02.150 [DBG] LTND lnd.go:727: Syncing to block chain rev=08ae35 best_block_time="2025-09-16 14:55:55 -0400 EDT" is_synced=false
2025/09/16 14:56:03 ELECTRUM: GetBestBlock called
2025/09/16 14:56:03 ELECTRUM: Subscribing to headers to get current height
2025/09/16 14:56:03 ELECTRUM: Got current height 4671438 from headers subscription
2025/09/16 14:56:03 ELECTRUM: Returning hash 0000000000022ce701e32e5cdc6e6b8bc9757e8e14fe214f2eb46ca6826eed64 for height 4671438 (from headers subscription)
2025/09/16 14:56:03 ELECTRUM: GetBlockHeader called for hash: 0000000000022ce701e32e5cdc6e6b8bc9757e8e14fe214f2eb46ca6826eed64
2025/09/16 14:56:03 ELECTRUM: GetBestBlock called
2025/09/16 14:56:03 ELECTRUM: Subscribing to headers to get current height
2025/09/16 14:56:03 ELECTRUM: Got current height 4671438 from headers subscription
2025/09/16 14:56:03 ELECTRUM: Returning hash 0000000000022ce701e32e5cdc6e6b8bc9757e8e14fe214f2eb46ca6826eed64 for height 4671438 (from headers subscription)
2025-09-16 14:56:03.861 [DBG] LTND lnd.go:727: Syncing to block chain rev=08ae35 best_block_time="2025-09-16 14:55:55 -0400 EDT" is_synced=false
2025/09/16 14:56:04 ELECTRUM: GetBestBlock called
2025/09/16 14:56:04 ELECTRUM: Subscribing to headers to get current height
2025/09/16 14:56:05 ELECTRUM: Got current height 4671439 from headers subscription
2025/09/16 14:56:05 ELECTRUM: Returning hash 0000000000001b975a67d00c619fd53d54e2493a21005354a7204ab905be68e5 for height 4671439 (from headers subscription)
2025/09/16 14:56:05 ELECTRUM: GetBlockHeader called for hash: 0000000000001b975a67d00c619fd53d54e2493a21005354a7204ab905be68e5
2025/09/16 14:56:05 ELECTRUM: GetBestBlock called
2025/09/16 14:56:05 ELECTRUM: Subscribing to headers to get current height
2025/09/16 14:56:05 ELECTRUM: Got current height 4671439 from headers subscription
2025/09/16 14:56:05 ELECTRUM: Returning hash 0000000000001b975a67d00c619fd53d54e2493a21005354a7204ab905be68e5 for height 4671439 (from headers subscription)
2025-09-16 14:56:05.575 [DBG] LTND lnd.go:727: Syncing to block chain rev=08ae35 best_block_time="2025-09-16 14:56:00 -0400 EDT" is_synced=false
2025/09/16 14:56:06 ELECTRUM: GetBestBlock called
2025/09/16 14:56:06 ELECTRUM: Subscribing to headers to get current height
2025/09/16 14:56:06 ELECTRUM: Got current height 4671441 from headers subscription
2025/09/16 14:56:06 ELECTRUM: Returning hash 0000000000002760679762ee121dfb5c2efd972de155c97dd69aaf5b7f10779c for height 4671441 (from headers subscription)
2025/09/16 14:56:06 ELECTRUM: GetBlockHeader called for hash: 0000000000002760679762ee121dfb5c2efd972de155c97dd69aaf5b7f10779c
2025/09/16 14:56:06 ELECTRUM: GetBestBlock called
2025/09/16 14:56:06 ELECTRUM: Subscribing to headers to get current height
2025/09/16 14:56:07 ELECTRUM: Got current height 4671441 from headers subscription
2025/09/16 14:56:07 ELECTRUM: Returning hash 0000000000002760679762ee121dfb5c2efd972de155c97dd69aaf5b7f10779c for height 4671441 (from headers subscription)
2025-09-16 14:56:07.287 [DBG] LTND lnd.go:727: Syncing to block chain rev=08ae35 best_block_time="2025-09-16 14:56:09 -0400 EDT" is_synced=false
2025/09/16 14:56:08 ELECTRUM: GetBestBlock called
2025/09/16 14:56:08 ELECTRUM: Subscribing to headers to get current height
2025/09/16 14:56:08 ELECTRUM: Got current height 4671441 from headers subscription
2025/09/16 14:56:08 ELECTRUM: Returning hash 0000000000002760679762ee121dfb5c2efd972de155c97dd69aaf5b7f10779c for height 4671441 (from headers subscription)
2025/09/16 14:56:08 ELECTRUM: GetBlockHeader called for hash: 0000000000002760679762ee121dfb5c2efd972de155c97dd69aaf5b7f10779c
2025/09/16 14:56:08 ELECTRUM: GetBestBlock called
2025/09/16 14:56:08 ELECTRUM: Subscribing to headers to get current height
2025/09/16 14:56:08 ELECTRUM: Got current height 4671441 from headers subscription
2025/09/16 14:56:08 ELECTRUM: Returning hash 0000000000002760679762ee121dfb5c2efd972de155c97dd69aaf5b7f10779c for height 4671441 (from headers subscription)
2025-09-16 14:56:08.998 [DBG] LTND lnd.go:727: Syncing to block chain rev=08ae35 best_block_time="2025-09-16 14:56:09 -0400 EDT" is_synced=false
2025/09/16 14:56:10 ELECTRUM: GetBestBlock called
2025/09/16 14:56:10 ELECTRUM: Subscribing to headers to get current height
2025/09/16 14:56:10 ELECTRUM: Got current height 4671441 from headers subscription
2025/09/16 14:56:10 ELECTRUM: Returning hash 0000000000002760679762ee121dfb5c2efd972de155c97dd69aaf5b7f10779c for height 4671441 (from headers subscription)
2025/09/16 14:56:10 ELECTRUM: GetBlockHeader called for hash: 0000000000002760679762ee121dfb5c2efd972de155c97dd69aaf5b7f10779c
2025/09/16 14:56:10 ELECTRUM: GetBestBlock called
2025/09/16 14:56:10 ELECTRUM: Subscribing to headers to get current height
2025/09/16 14:56:10 ELECTRUM: Got current height 4671441 from headers subscription
2025/09/16 14:56:10 ELECTRUM: Returning hash 0000000000002760679762ee121dfb5c2efd972de155c97dd69aaf5b7f10779c for height 4671441 (from headers subscription)
2025-09-16 14:56:10.713 [DBG] LTND lnd.go:727: Syncing to block chain rev=08ae35 best_block_time="2025-09-16 14:56:09 -0400 EDT" is_synced=false
2025/09/16 14:56:11 ELECTRUM: GetBestBlock called
2025/09/16 14:56:11 ELECTRUM: Subscribing to headers to get current height
2025/09/16 14:56:11 ELECTRUM: Got current height 4671441 from headers subscription
2025/09/16 14:56:11 ELECTRUM: Returning hash 0000000000002760679762ee121dfb5c2efd972de155c97dd69aaf5b7f10779c for height 4671441 (from headers subscription)
2025/09/16 14:56:11 ELECTRUM: GetBlockHeader called for hash: 0000000000002760679762ee121dfb5c2efd972de155c97dd69aaf5b7f10779c
2025/09/16 14:56:11 ELECTRUM: GetBestBlock called
2025/09/16 14:56:11 ELECTRUM: Subscribing to headers to get current height
2025/09/16 14:56:12 ELECTRUM: Got current height 4671441 from headers subscription
2025/09/16 14:56:12 ELECTRUM: Returning hash 0000000000002760679762ee121dfb5c2efd972de155c97dd69aaf5b7f10779c for height 4671441 (from headers subscription)
2025-09-16 14:56:12.457 [DBG] LTND lnd.go:727: Syncing to block chain rev=08ae35 best_block_time="2025-09-16 14:56:09 -0400 EDT" is_synced=false
2025/09/16 14:56:13 ELECTRUM: GetBestBlock called
2025/09/16 14:56:13 ELECTRUM: Subscribing to headers to get current height
2025/09/16 14:56:13 ELECTRUM: Got current height 4671441 from headers subscription
2025/09/16 14:56:13 ELECTRUM: Returning hash 0000000000002760679762ee121dfb5c2efd972de155c97dd69aaf5b7f10779c for height 4671441 (from headers subscription)
2025/09/16 14:56:13 ELECTRUM: GetBlockHeader called for hash: 0000000000002760679762ee121dfb5c2efd972de155c97dd69aaf5b7f10779c
2025/09/16 14:56:13 ELECTRUM: GetBestBlock called
2025/09/16 14:56:13 ELECTRUM: Subscribing to headers to get current height
2025/09/16 14:56:13 ELECTRUM: Got current height 4671441 from headers subscription
2025/09/16 14:56:13 ELECTRUM: Returning hash 0000000000002760679762ee121dfb5c2efd972de155c97dd69aaf5b7f10779c for height 4671441 (from headers subscription)
2025-09-16 14:56:14.169 [DBG] LTND lnd.go:727: Syncing to block chain rev=08ae35 best_block_time="2025-09-16 14:56:09 -0400 EDT" is_synced=false
2025/09/16 14:56:15 ELECTRUM: GetBestBlock called
2025/09/16 14:56:15 ELECTRUM: Subscribing to headers to get current height
2025/09/16 14:56:15 ELECTRUM: Got current height 4671442 from headers subscription
2025/09/16 14:56:15 ELECTRUM: Returning hash 00000000000021412f83e7a93fe542e5790e34d58ba1facdfd7ab0766a3015f0 for height 4671442 (from headers subscription)
2025/09/16 14:56:15 ELECTRUM: GetBlockHeader called for hash: 00000000000021412f83e7a93fe542e5790e34d58ba1facdfd7ab0766a3015f0
2025/09/16 14:56:15 ELECTRUM: GetBestBlock called
2025/09/16 14:56:15 ELECTRUM: Subscribing to headers to get current height
2025/09/16 14:56:15 ELECTRUM: Got current height 4671442 from headers subscription
2025/09/16 14:56:15 ELECTRUM: Returning hash 00000000000021412f83e7a93fe542e5790e34d58ba1facdfd7ab0766a3015f0 for height 4671442 (from headers subscription)
2025-09-16 14:56:15.894 [DBG] LTND lnd.go:727: Syncing to block chain rev=08ae35 best_block_time="2025-09-16 14:56:06 -0400 EDT" is_synced=false
2025/09/16 14:56:16 ELECTRUM: GetBestBlock called
2025/09/16 14:56:16 ELECTRUM: Subscribing to headers to get current height
2025/09/16 14:56:17 ELECTRUM: Got current height 4671442 from headers subscription
2025/09/16 14:56:17 ELECTRUM: Returning hash 00000000000021412f83e7a93fe542e5790e34d58ba1facdfd7ab0766a3015f0 for height 4671442 (from headers subscription)
2025/09/16 14:56:17 ELECTRUM: GetBlockHeader called for hash: 00000000000021412f83e7a93fe542e5790e34d58ba1facdfd7ab0766a3015f0
2025/09/16 14:56:17 ELECTRUM: GetBestBlock called
2025/09/16 14:56:17 ELECTRUM: Subscribing to headers to get current height
2025/09/16 14:56:17 ELECTRUM: Got current height 4671442 from headers subscription
2025/09/16 14:56:17 ELECTRUM: Returning hash 00000000000021412f83e7a93fe542e5790e34d58ba1facdfd7ab0766a3015f0 for height 4671442 (from headers subscription)
2025-09-16 14:56:17.603 [DBG] LTND lnd.go:727: Syncing to block chain rev=08ae35 best_block_time="2025-09-16 14:56:06 -0400 EDT" is_synced=false
2025/09/16 14:56:18 ELECTRUM: GetBestBlock called
2025/09/16 14:56:18 ELECTRUM: Subscribing to headers to get current height
2025/09/16 14:56:18 ELECTRUM: Got current height 4671442 from headers subscription
2025/09/16 14:56:18 ELECTRUM: Returning hash 00000000000021412f83e7a93fe542e5790e34d58ba1facdfd7ab0766a3015f0 for height 4671442 (from headers subscription)
2025/09/16 14:56:18 ELECTRUM: GetBlockHeader called for hash: 00000000000021412f83e7a93fe542e5790e34d58ba1facdfd7ab0766a3015f0
2025/09/16 14:56:18 ELECTRUM: GetBestBlock called
2025/09/16 14:56:18 ELECTRUM: Subscribing to headers to get current height
2025/09/16 14:56:19 ELECTRUM: Got current height 4671442 from headers subscription
2025/09/16 14:56:19 ELECTRUM: Returning hash 00000000000021412f83e7a93fe542e5790e34d58ba1facdfd7ab0766a3015f0 for height 4671442 (from headers subscription)
2025-09-16 14:56:19.323 [DBG] LTND lnd.go:727: Syncing to block chain rev=08ae35 best_block_time="2025-09-16 14:56:06 -0400 EDT" is_synced=false
2025/09/16 14:56:20 ELECTRUM: GetBestBlock called
2025/09/16 14:56:20 ELECTRUM: Subscribing to headers to get current height
2025/09/16 14:56:20 ELECTRUM: Got current height 4671443 from headers subscription
2025/09/16 14:56:20 ELECTRUM: Returning hash 000000000000288eba8c6638bfe2aade6c8206fbb0210db66c3bfffb20db6f0f for height 4671443 (from headers subscription)
2025/09/16 14:56:20 ELECTRUM: GetBlockHeader called for hash: 000000000000288eba8c6638bfe2aade6c8206fbb0210db66c3bfffb20db6f0f
2025/09/16 14:56:20 ELECTRUM: GetBestBlock called
2025/09/16 14:56:20 ELECTRUM: Subscribing to headers to get current height
2025/09/16 14:56:20 ELECTRUM: Got current height 4671443 from headers subscription
2025/09/16 14:56:20 ELECTRUM: Returning hash 000000000000288eba8c6638bfe2aade6c8206fbb0210db66c3bfffb20db6f0f for height 4671443 (from headers subscription)
2025-09-16 14:56:21.034 [DBG] LTND lnd.go:727: Syncing to block chain rev=08ae35 best_block_time="2025-09-16 14:56:18 -0400 EDT" is_synced=false
2025/09/16 14:56:22 ELECTRUM: GetBestBlock called
2025/09/16 14:56:22 ELECTRUM: Subscribing to headers to get current height
2025/09/16 14:56:22 ELECTRUM: Got current height 4671444 from headers subscription
2025/09/16 14:56:22 ELECTRUM: Returning hash 000000000002befb2b6cd27142a032be16d95487ff39fa67c4f36d9c45921a75 for height 4671444 (from headers subscription)
2025/09/16 14:56:22 ELECTRUM: GetBlockHeader called for hash: 000000000002befb2b6cd27142a032be16d95487ff39fa67c4f36d9c45921a75
2025/09/16 14:56:22 ELECTRUM: GetBestBlock called
2025/09/16 14:56:22 ELECTRUM: Subscribing to headers to get current height
2025/09/16 14:56:22 ELECTRUM: Got current height 4671444 from headers subscription
2025/09/16 14:56:22 ELECTRUM: Returning hash 000000000002befb2b6cd27142a032be16d95487ff39fa67c4f36d9c45921a75 for height 4671444 (from headers subscription)
2025-09-16 14:56:22.747 [DBG] LTND lnd.go:727: Syncing to block chain rev=08ae35 best_block_time="2025-09-16 14:56:19 -0400 EDT" is_synced=false
2025/09/16 14:56:23 ELECTRUM: GetBestBlock called
2025/09/16 14:56:23 ELECTRUM: Subscribing to headers to get current height
2025/09/16 14:56:23 ELECTRUM: Got current height 4671444 from headers subscription
2025/09/16 14:56:23 ELECTRUM: Returning hash 000000000002befb2b6cd27142a032be16d95487ff39fa67c4f36d9c45921a75 for height 4671444 (from headers subscription)
2025/09/16 14:56:23 ELECTRUM: GetBlockHeader called for hash: 000000000002befb2b6cd27142a032be16d95487ff39fa67c4f36d9c45921a75
2025/09/16 14:56:23 ELECTRUM: GetBestBlock called
2025/09/16 14:56:23 ELECTRUM: Subscribing to headers to get current height
2025/09/16 14:56:24 ELECTRUM: Got current height 4671444 from headers subscription
2025/09/16 14:56:24 ELECTRUM: Returning hash 000000000002befb2b6cd27142a032be16d95487ff39fa67c4f36d9c45921a75 for height 4671444 (from headers subscription)
2025-09-16 14:56:24.460 [DBG] LTND lnd.go:727: Syncing to block chain rev=08ae35 best_block_time="2025-09-16 14:56:19 -0400 EDT" is_synced=false
2025/09/16 14:56:25 ELECTRUM: GetBestBlock called
2025/09/16 14:56:25 ELECTRUM: Subscribing to headers to get current height
2025/09/16 14:56:25 ELECTRUM: Got current height 4671445 from headers subscription
2025/09/16 14:56:25 ELECTRUM: Returning hash 0000000000040b0413b187acd3d59b62829ab2fcf06359c4418c3f1728e301f7 for height 4671445 (from headers subscription)
2025/09/16 14:56:25 ELECTRUM: GetBlockHeader called for hash: 0000000000040b0413b187acd3d59b62829ab2fcf06359c4418c3f1728e301f7
2025/09/16 14:56:25 ELECTRUM: GetBestBlock called
2025/09/16 14:56:25 ELECTRUM: Subscribing to headers to get current height
2025/09/16 14:56:25 ELECTRUM: Got current height 4671445 from headers subscription
2025/09/16 14:56:25 ELECTRUM: Returning hash 0000000000040b0413b187acd3d59b62829ab2fcf06359c4418c3f1728e301f7 for height 4671445 (from headers subscription)
2025-09-16 14:56:26.170 [DBG] LTND lnd.go:727: Syncing to block chain rev=08ae35 best_block_time="2025-09-16 14:56:20 -0400 EDT" is_synced=false
2025/09/16 14:56:27 ELECTRUM: GetBestBlock called
2025/09/16 14:56:27 ELECTRUM: Subscribing to headers to get current height
2025/09/16 14:56:27 ELECTRUM: Got current height 4671446 from headers subscription
2025/09/16 14:56:27 ELECTRUM: Returning hash 00000000000046a19884ee446bb8cfa9f89f89dcf72c3930380dc691e47e27f3 for height 4671446 (from headers subscription)
2025/09/16 14:56:27 ELECTRUM: GetBlockHeader called for hash: 00000000000046a19884ee446bb8cfa9f89f89dcf72c3930380dc691e47e27f3
2025/09/16 14:56:27 ELECTRUM: GetBestBlock called
2025/09/16 14:56:27 ELECTRUM: Subscribing to headers to get current height
2025/09/16 14:56:27 ELECTRUM: Got current height 4671446 from headers subscription
2025/09/16 14:56:27 ELECTRUM: Returning hash 00000000000046a19884ee446bb8cfa9f89f89dcf72c3930380dc691e47e27f3 for height 4671446 (from headers subscription)
2025-09-16 14:56:27.890 [DBG] LTND lnd.go:727: Syncing to block chain rev=08ae35 best_block_time="2025-09-16 14:56:24 -0400 EDT" is_synced=false
2025/09/16 14:56:28 ELECTRUM: GetBestBlock called
2025/09/16 14:56:28 ELECTRUM: Subscribing to headers to get current height
2025/09/16 14:56:28 ELECTRUM: GetBestBlock called
2025/09/16 14:56:28 ELECTRUM: Subscribing to headers to get current height
2025/09/16 14:56:29 ELECTRUM: Got current height 4671446 from headers subscription
2025/09/16 14:56:29 ELECTRUM: Returning hash 00000000000046a19884ee446bb8cfa9f89f89dcf72c3930380dc691e47e27f3 for height 4671446 (from headers subscription)
2025/09/16 14:56:29 ELECTRUM: GetBlockHeader called for hash: 00000000000046a19884ee446bb8cfa9f89f89dcf72c3930380dc691e47e27f3
2025/09/16 14:56:29 ELECTRUM: GetBestBlock called
2025/09/16 14:56:29 ELECTRUM: Subscribing to headers to get current height
2025/09/16 14:56:29 ELECTRUM: Got current height 4671446 from headers subscription
2025/09/16 14:56:29 ELECTRUM: Returning hash 00000000000046a19884ee446bb8cfa9f89f89dcf72c3930380dc691e47e27f3 for height 4671446 (from headers subscription)
2025/09/16 14:56:29 ELECTRUM: Checking for new blocks - current: 4671446, last known: 4671437
2025/09/16 14:56:29 ELECTRUM: New block detected! Height: 4671446 (was 4671437)
2025/09/16 14:56:29 ELECTRUM: Sending block connected notification for height 4671446
2025/09/16 14:56:29 ELECTRUM: Block notification sent successfully for height 4671446
2025/09/16 14:56:29 ELECTRUM: Got current height 4671446 from headers subscription
2025/09/16 14:56:29 ELECTRUM: Returning hash 00000000000046a19884ee446bb8cfa9f89f89dcf72c3930380dc691e47e27f3 for height 4671446 (from headers subscription)
2025-09-16 14:56:29.613 [DBG] LTND lnd.go:727: Syncing to block chain rev=08ae35 best_block_time="2025-09-16 14:56:24 -0400 EDT" is_synced=false
2025/09/16 14:56:30 ELECTRUM: GetBestBlock called
2025/09/16 14:56:30 ELECTRUM: Subscribing to headers to get current height
2025/09/16 14:56:30 ELECTRUM: Got current height 4671447 from headers subscription
2025/09/16 14:56:30 ELECTRUM: Returning hash 0000000000006e8c56a11d1c2b62263b8e42344822d997f59e4c252fbe71d8cd for height 4671447 (from headers subscription)
2025/09/16 14:56:30 ELECTRUM: Checking for new blocks - current: 4671447, last known: 4671437
2025/09/16 14:56:30 ELECTRUM: New block detected! Height: 4671447 (was 4671437)
2025/09/16 14:56:30 ELECTRUM: Sending block connected notification for height 4671447
2025/09/16 14:56:30 ELECTRUM: Block notification sent successfully for height 4671447
2025/09/16 14:56:30 ELECTRUM: GetBestBlock called
2025/09/16 14:56:30 ELECTRUM: Subscribing to headers to get current height
2025/09/16 14:56:30 ELECTRUM: GetBestBlock called
2025/09/16 14:56:30 ELECTRUM: Subscribing to headers to get current height
2025/09/16 14:56:30 ELECTRUM: Got current height 4671447 from headers subscription
2025/09/16 14:56:30 ELECTRUM: Returning hash 0000000000006e8c56a11d1c2b62263b8e42344822d997f59e4c252fbe71d8cd for height 4671447 (from headers subscription)
2025/09/16 14:56:30 ELECTRUM: Checking for new blocks - current: 4671447, last known: 4671437
2025/09/16 14:56:30 ELECTRUM: New block detected! Height: 4671447 (was 4671437)
2025/09/16 14:56:30 ELECTRUM: Sending block connected notification for height 4671447
2025/09/16 14:56:30 ELECTRUM: Block notification sent successfully for height 4671447
2025/09/16 14:56:30 ELECTRUM: Got current height 4671447 from headers subscription
2025/09/16 14:56:30 ELECTRUM: Returning hash 0000000000006e8c56a11d1c2b62263b8e42344822d997f59e4c252fbe71d8cd for height 4671447 (from headers subscription)
2025/09/16 14:56:30 ELECTRUM: GetBlockHeader called for hash: 0000000000006e8c56a11d1c2b62263b8e42344822d997f59e4c252fbe71d8cd
2025/09/16 14:56:30 ELECTRUM: GetBestBlock called
2025/09/16 14:56:30 ELECTRUM: Subscribing to headers to get current height
2025/09/16 14:56:31 ELECTRUM: Got current height 4671447 from headers subscription
2025/09/16 14:56:31 ELECTRUM: Returning hash 0000000000006e8c56a11d1c2b62263b8e42344822d997f59e4c252fbe71d8cd for height 4671447 (from headers subscription)
2025-09-16 14:56:31.324 [DBG] LTND lnd.go:727: Syncing to block chain rev=08ae35 best_block_time="2025-09-16 14:56:26 -0400 EDT" is_synced=false
2025/09/16 14:56:32 ELECTRUM: GetBestBlock called
2025/09/16 14:56:32 ELECTRUM: Subscribing to headers to get current height
2025/09/16 14:56:32 ELECTRUM: Got current height 4671448 from headers subscription
2025/09/16 14:56:32 ELECTRUM: Returning hash 0000000000000364d9a659438efd8f94422a4b5f94a21b36f266d18b4f95671e for height 4671448 (from headers subscription)
2025/09/16 14:56:32 ELECTRUM: GetBlockHeader called for hash: 0000000000000364d9a659438efd8f94422a4b5f94a21b36f266d18b4f95671e
2025/09/16 14:56:32 ELECTRUM: GetBestBlock called
2025/09/16 14:56:32 ELECTRUM: Subscribing to headers to get current height
2025/09/16 14:56:32 ELECTRUM: Got current height 4671448 from headers subscription
2025/09/16 14:56:32 ELECTRUM: Returning hash 0000000000000364d9a659438efd8f94422a4b5f94a21b36f266d18b4f95671e for height 4671448 (from headers subscription)
2025-09-16 14:56:33.036 [DBG] LTND lnd.go:727: Syncing to block chain rev=08ae35 best_block_time="2025-09-16 14:56:29 -0400 EDT" is_synced=false
2025/09/16 14:56:34 ELECTRUM: GetBestBlock called
2025/09/16 14:56:34 ELECTRUM: Subscribing to headers to get current height
2025/09/16 14:56:34 ELECTRUM: Got current height 4671449 from headers subscription
2025/09/16 14:56:34 ELECTRUM: Returning hash 00000000000136a33896aaf0b9141c2d1c4b0a32b7df74243cf16552964b7208 for height 4671449 (from headers subscription)
2025/09/16 14:56:34 ELECTRUM: GetBlockHeader called for hash: 00000000000136a33896aaf0b9141c2d1c4b0a32b7df74243cf16552964b7208
2025/09/16 14:56:34 ELECTRUM: GetBestBlock called
2025/09/16 14:56:34 ELECTRUM: Subscribing to headers to get current height
2025/09/16 14:56:34 ELECTRUM: Got current height 4671450 from headers subscription
2025/09/16 14:56:34 ELECTRUM: Returning hash 00000000000014be1d0c0fe4d9d8e3779cae12e6c1e310b5dcd37e59ba064271 for height 4671450 (from headers subscription)
2025-09-16 14:56:42.540 [DBG] RPCS interceptor.go:775: [/lnrpc.Lightning/WalletBalance] requested
2025-09-16 14:56:42.541 [INF] BTWL btcwallet.go:823: BTCWALLET: ConfirmedBalance called with confs=0, accountFilter=default
2025-09-16 14:56:42.541 [INF] BTWL btcwallet.go:1541: BTCWALLET: Adding 11 discovered Electrum transactions to witness outputs
2025-09-16 14:56:42.541 [INF] BTWL btcwallet.go:823: BTCWALLET: ConfirmedBalance called with confs=1, accountFilter=default
2025-09-16 14:56:42.542 [INF] BTWL btcwallet.go:1541: BTCWALLET: Adding 11 discovered Electrum transactions to witness outputs
2025-09-16 14:56:42.542 [DBG] RPCS rpcserver.go:3746: [walletbalance] Total balance=0.00129314 BTC (confirmed=0.00129314 BTC, unconfirmed=0 BTC, locked=0 BTC)
2025-09-16 14:56:43.389 [DBG] RPCS interceptor.go:775: [/lnrpc.Lightning/WalletBalance] requested
2025-09-16 14:56:43.390 [INF] BTWL btcwallet.go:823: BTCWALLET: ConfirmedBalance called with confs=0, accountFilter=default
2025-09-16 14:56:43.390 [INF] BTWL btcwallet.go:1541: BTCWALLET: Adding 11 discovered Electrum transactions to witness outputs
2025-09-16 14:56:43.390 [INF] BTWL btcwallet.go:823: BTCWALLET: ConfirmedBalance called with confs=1, accountFilter=default
2025-09-16 14:56:43.390 [INF] BTWL btcwallet.go:1541: BTCWALLET: Adding 11 discovered Electrum transactions to witness outputs
2025-09-16 14:56:43.390 [DBG] RPCS rpcserver.go:3746: [walletbalance] Total balance=0.00129314 BTC (confirmed=0.00129314 BTC, unconfirmed=0 BTC, locked=0 BTC)
2025-09-16 14:56:58.162 [DBG] LTND lnd.go:727: Syncing to block chain rev=08ae35 best_block_time="2025-09-16 14:56:31 -0400 EDT" is_synced=false
2025/09/16 14:56:58 ELECTRUM: GetBestBlock called
2025/09/16 14:56:58 ELECTRUM: Subscribing to headers to get current height
2025/09/16 14:56:59 ELECTRUM: GetBestBlock called
2025/09/16 14:56:59 ELECTRUM: Subscribing to headers to get current height
2025/09/16 14:56:59 ELECTRUM: Got current height 4671458 from headers subscription
2025/09/16 14:56:59 ELECTRUM: Returning hash 0000000000000ebdbdac1f39eb65c4346ac94f0786950b2bc6e039450d6b554f for height 4671458 (from headers subscription)
2025/09/16 14:56:59 ELECTRUM: Checking for new blocks - current: 4671458, last known: 4671446
2025/09/16 14:56:59 ELECTRUM: New block detected! Height: 4671458 (was 4671446)
2025/09/16 14:56:59 ELECTRUM: Sending block connected notification for height 4671458
2025/09/16 14:56:59 ELECTRUM: Block notification sent successfully for height 4671458
2025/09/16 14:56:59 ELECTRUM: Got current height 4671458 from headers subscription
2025/09/16 14:56:59 ELECTRUM: Returning hash 0000000000000ebdbdac1f39eb65c4346ac94f0786950b2bc6e039450d6b554f for height 4671458 (from headers subscription)
2025/09/16 14:56:59 ELECTRUM: GetBlockHeader called for hash: 0000000000000ebdbdac1f39eb65c4346ac94f0786950b2bc6e039450d6b554f
2025/09/16 14:56:59 ELECTRUM: GetBestBlock called
2025/09/16 14:56:59 ELECTRUM: Subscribing to headers to get current height
2025/09/16 14:56:59 ELECTRUM: Got current height 4671458 from headers subscription
2025/09/16 14:56:59 ELECTRUM: Returning hash 0000000000000ebdbdac1f39eb65c4346ac94f0786950b2bc6e039450d6b554f for height 4671458 (from headers subscription)
2025-09-16 14:56:59.892 [DBG] LTND lnd.go:727: Syncing to block chain rev=08ae35 best_block_time="2025-09-16 14:57:00 -0400 EDT" is_synced=false
2025/09/16 14:57:00 ELECTRUM: GetBestBlock called
2025/09/16 14:57:00 ELECTRUM: Subscribing to headers to get current height
2025/09/16 14:57:00 ELECTRUM: Got current height 4671459 from headers subscription
2025/09/16 14:57:00 ELECTRUM: Returning hash 00000000000000239a32861d50de64e506bbc8a9dcae7864678868c157278c80 for height 4671459 (from headers subscription)
2025/09/16 14:57:00 ELECTRUM: Checking for new blocks - current: 4671459, last known: 4671447
2025/09/16 14:57:00 ELECTRUM: New block detected! Height: 4671459 (was 4671447)
2025/09/16 14:57:00 ELECTRUM: Sending block connected notification for height 4671459
2025/09/16 14:57:00 ELECTRUM: Block notification sent successfully for height 4671459
2025/09/16 14:57:00 ELECTRUM: GetBestBlock called
2025/09/16 14:57:00 ELECTRUM: Subscribing to headers to get current height
2025/09/16 14:57:00 ELECTRUM: Got current height 4671459 from headers subscription
2025/09/16 14:57:00 ELECTRUM: Returning hash 00000000000000239a32861d50de64e506bbc8a9dcae7864678868c157278c80 for height 4671459 (from headers subscription)
2025/09/16 14:57:00 ELECTRUM: Checking for new blocks - current: 4671459, last known: 4671447
2025/09/16 14:57:00 ELECTRUM: New block detected! Height: 4671459 (was 4671447)
2025/09/16 14:57:00 ELECTRUM: Sending block connected notification for height 4671459
2025/09/16 14:57:00 ELECTRUM: Block notification sent successfully for height 4671459
2025/09/16 14:57:00 ELECTRUM: GetBestBlock called
2025/09/16 14:57:00 ELECTRUM: Subscribing to headers to get current height
2025/09/16 14:57:01 ELECTRUM: Got current height 4671459 from headers subscription
2025/09/16 14:57:01 ELECTRUM: Returning hash 00000000000000239a32861d50de64e506bbc8a9dcae7864678868c157278c80 for height 4671459 (from headers subscription)
2025/09/16 14:57:01 ELECTRUM: GetBlockHeader called for hash: 00000000000000239a32861d50de64e506bbc8a9dcae7864678868c157278c80
2025/09/16 14:57:01 ELECTRUM: GetBestBlock called
2025/09/16 14:57:01 ELECTRUM: Subscribing to headers to get current height
2025/09/16 14:57:01 ELECTRUM: Got current height 4671459 from headers subscription
2025/09/16 14:57:01 ELECTRUM: Returning hash 00000000000000239a32861d50de64e506bbc8a9dcae7864678868c157278c80 for height 4671459 (from headers subscription)
2025-09-16 14:57:01.626 [DBG] LTND lnd.go:727: Syncing to block chain rev=08ae35 best_block_time="2025-09-16 14:57:04 -0400 EDT" is_synced=false
2025/09/16 14:57:02 ELECTRUM: GetBestBlock called
2025/09/16 14:57:02 ELECTRUM: Subscribing to headers to get current height
2025/09/16 14:57:02 ELECTRUM: Got current height 4671460 from headers subscription
2025/09/16 14:57:02 ELECTRUM: Returning hash 0000000000000d85da7539cfcae1dbb352f420f32df8445c59c82a3a872098ce for height 4671460 (from headers subscription)
2025/09/16 14:57:02 ELECTRUM: GetBlockHeader called for hash: 0000000000000d85da7539cfcae1dbb352f420f32df8445c59c82a3a872098ce
2025/09/16 14:57:02 ELECTRUM: GetBestBlock called
2025/09/16 14:57:02 ELECTRUM: Subscribing to headers to get current height
2025/09/16 14:57:03 ELECTRUM: Got current height 4671460 from headers subscription
2025/09/16 14:57:03 ELECTRUM: Returning hash 0000000000000d85da7539cfcae1dbb352f420f32df8445c59c82a3a872098ce for height 4671460 (from headers subscription)
2025-09-16 14:57:03.338 [DBG] LTND lnd.go:727: Syncing to block chain rev=08ae35 best_block_time="2025-09-16 14:57:00 -0400 EDT" is_synced=false
2025/09/16 14:57:04 ELECTRUM: GetBestBlock called
2025/09/16 14:57:04 ELECTRUM: Subscribing to headers to get current height
2025/09/16 14:57:04 ELECTRUM: Got current height 4671461 from headers subscription
2025/09/16 14:57:04 ELECTRUM: Returning hash 000000000000049e67baef100f1cfd2e57bfebf8f2728b5bdaac5188f43942b4 for height 4671461 (from headers subscription)
2025/09/16 14:57:04 ELECTRUM: GetBlockHeader called for hash: 000000000000049e67baef100f1cfd2e57bfebf8f2728b5bdaac5188f43942b4
2025/09/16 14:57:04 ELECTRUM: GetBestBlock called
2025/09/16 14:57:04 ELECTRUM: Subscribing to headers to get current height
2025/09/16 14:57:04 ELECTRUM: Got current height 4671461 from headers subscription
2025/09/16 14:57:04 ELECTRUM: Returning hash 000000000000049e67baef100f1cfd2e57bfebf8f2728b5bdaac5188f43942b4 for height 4671461 (from headers subscription)
2025-09-16 14:57:05.071 [DBG] LTND lnd.go:727: Syncing to block chain rev=08ae35 best_block_time="2025-09-16 14:57:10 -0400 EDT" is_synced=false
2025/09/16 14:57:06 ELECTRUM: GetBestBlock called
2025/09/16 14:57:06 ELECTRUM: Subscribing to headers to get current height
2025/09/16 14:57:06 ELECTRUM: Got current height 4671462 from headers subscription
2025/09/16 14:57:06 ELECTRUM: Returning hash 000000000000044b3a768ded4426b9017d58545b28b48a0755e4c17ecaa968bd for height 4671462 (from headers subscription)
2025/09/16 14:57:06 ELECTRUM: GetBlockHeader called for hash: 000000000000044b3a768ded4426b9017d58545b28b48a0755e4c17ecaa968bd
2025/09/16 14:57:06 ELECTRUM: GetBestBlock called
2025/09/16 14:57:06 ELECTRUM: Subscribing to headers to get current height
2025/09/16 14:57:06 ELECTRUM: Got current height 4671462 from headers subscription
2025/09/16 14:57:06 ELECTRUM: Returning hash 000000000000044b3a768ded4426b9017d58545b28b48a0755e4c17ecaa968bd for height 4671462 (from headers subscription)
2025-09-16 14:57:06.778 [DBG] LTND lnd.go:727: Syncing to block chain rev=08ae35 best_block_time="2025-09-16 14:57:03 -0400 EDT" is_synced=false
2025/09/16 14:57:07 ELECTRUM: GetBestBlock called
2025/09/16 14:57:07 ELECTRUM: Subscribing to headers to get current height
2025/09/16 14:57:08 ELECTRUM: Got current height 4671463 from headers subscription
2025/09/16 14:57:08 ELECTRUM: Returning hash 00000000000071d325aaf3509d912a5e1e562697369fdbc09a4f74f6fb97e858 for height 4671463 (from headers subscription)
2025/09/16 14:57:08 ELECTRUM: GetBlockHeader called for hash: 00000000000071d325aaf3509d912a5e1e562697369fdbc09a4f74f6fb97e858
2025/09/16 14:57:08 ELECTRUM: GetBestBlock called
2025/09/16 14:57:08 ELECTRUM: Subscribing to headers to get current height
2025/09/16 14:57:08 ELECTRUM: Got current height 4671463 from headers subscription
2025/09/16 14:57:08 ELECTRUM: Returning hash 00000000000071d325aaf3509d912a5e1e562697369fdbc09a4f74f6fb97e858 for height 4671463 (from headers subscription)
2025-09-16 14:57:08.494 [DBG] LTND lnd.go:727: Syncing to block chain rev=08ae35 best_block_time="2025-09-16 14:57:11 -0400 EDT" is_synced=false
2025/09/16 14:57:09 ELECTRUM: GetBestBlock called
2025/09/16 14:57:09 ELECTRUM: Subscribing to headers to get current height
2025/09/16 14:57:09 ELECTRUM: Got current height 4671463 from headers subscription
2025/09/16 14:57:09 ELECTRUM: Returning hash 00000000000071d325aaf3509d912a5e1e562697369fdbc09a4f74f6fb97e858 for height 4671463 (from headers subscription)
2025/09/16 14:57:09 ELECTRUM: GetBlockHeader called for hash: 00000000000071d325aaf3509d912a5e1e562697369fdbc09a4f74f6fb97e858
2025/09/16 14:57:09 ELECTRUM: GetBestBlock called
2025/09/16 14:57:09 ELECTRUM: Subscribing to headers to get current height
2025/09/16 14:57:09 ELECTRUM: Got current height 4671463 from headers subscription
2025/09/16 14:57:09 ELECTRUM: Returning hash 00000000000071d325aaf3509d912a5e1e562697369fdbc09a4f74f6fb97e858 for height 4671463 (from headers subscription)
2025-09-16 14:57:10.199 [DBG] LTND lnd.go:727: Syncing to block chain rev=08ae35 best_block_time="2025-09-16 14:57:11 -0400 EDT" is_synced=false
2025/09/16 14:57:11 ELECTRUM: GetBestBlock called
2025/09/16 14:57:11 ELECTRUM: Subscribing to headers to get current height
2025/09/16 14:57:11 ELECTRUM: Got current height 4671464 from headers subscription
2025/09/16 14:57:11 ELECTRUM: Returning hash 0000000000029f1f0a84f5fb214b1d7a2834e79298e21c5b915560a260cc9d44 for height 4671464 (from headers subscription)
2025/09/16 14:57:11 ELECTRUM: GetBlockHeader called for hash: 0000000000029f1f0a84f5fb214b1d7a2834e79298e21c5b915560a260cc9d44
2025/09/16 14:57:11 ELECTRUM: GetBestBlock called
2025/09/16 14:57:11 ELECTRUM: Subscribing to headers to get current height
2025/09/16 14:57:11 ELECTRUM: Got current height 4671464 from headers subscription
2025/09/16 14:57:11 ELECTRUM: Returning hash 0000000000029f1f0a84f5fb214b1d7a2834e79298e21c5b915560a260cc9d44 for height 4671464 (from headers subscription)
2025-09-16 14:57:11.904 [DBG] LTND lnd.go:727: Syncing to block chain rev=08ae35 best_block_time="2025-09-16 14:57:07 -0400 EDT" is_synced=false
2025/09/16 14:57:12 ELECTRUM: GetBestBlock called
2025/09/16 14:57:12 ELECTRUM: Subscribing to headers to get current height
2025/09/16 14:57:13 ELECTRUM: Got current height 4671466 from headers subscription
2025/09/16 14:57:13 ELECTRUM: Returning hash 0000000000002f93f153e0b8c23845b62cfb618b9423e7af71447e106ca2a0f9 for height 4671466 (from headers subscription)
2025/09/16 14:57:13 ELECTRUM: GetBlockHeader called for hash: 0000000000002f93f153e0b8c23845b62cfb618b9423e7af71447e106ca2a0f9
2025/09/16 14:57:13 ELECTRUM: GetBestBlock called
2025/09/16 14:57:13 ELECTRUM: Subscribing to headers to get current height
2025/09/16 14:57:13 ELECTRUM: Got current height 4671466 from headers subscription
2025/09/16 14:57:13 ELECTRUM: Returning hash 0000000000002f93f153e0b8c23845b62cfb618b9423e7af71447e106ca2a0f9 for height 4671466 (from headers subscription)
2025-09-16 14:57:13.608 [DBG] LTND lnd.go:727: Syncing to block chain rev=08ae35 best_block_time="2025-09-16 14:57:12 -0400 EDT" is_synced=false
2025/09/16 14:57:14 ELECTRUM: GetBestBlock called
2025/09/16 14:57:14 ELECTRUM: Subscribing to headers to get current height
2025/09/16 14:57:14 ELECTRUM: Got current height 4671466 from headers subscription
2025/09/16 14:57:14 ELECTRUM: Returning hash 0000000000002f93f153e0b8c23845b62cfb618b9423e7af71447e106ca2a0f9 for height 4671466 (from headers subscription)
2025/09/16 14:57:14 ELECTRUM: GetBlockHeader called for hash: 0000000000002f93f153e0b8c23845b62cfb618b9423e7af71447e106ca2a0f9
2025/09/16 14:57:14 ELECTRUM: GetBestBlock called
2025/09/16 14:57:14 ELECTRUM: Subscribing to headers to get current height
2025/09/16 14:57:15 ELECTRUM: Got current height 4671466 from headers subscription
2025/09/16 14:57:15 ELECTRUM: Returning hash 0000000000002f93f153e0b8c23845b62cfb618b9423e7af71447e106ca2a0f9 for height 4671466 (from headers subscription)
2025-09-16 14:57:15.314 [DBG] LTND lnd.go:727: Syncing to block chain rev=08ae35 best_block_time="2025-09-16 14:57:12 -0400 EDT" is_synced=false
2025/09/16 14:57:16 ELECTRUM: GetBestBlock called
2025/09/16 14:57:16 ELECTRUM: Subscribing to headers to get current height
2025/09/16 14:57:16 ELECTRUM: Got current height 4671467 from headers subscription
2025/09/16 14:57:16 ELECTRUM: Returning hash 00000000000029673c038212b1939d8b3b7d127ef40ac98e91990546ace5435d for height 4671467 (from headers subscription)
2025/09/16 14:57:16 ELECTRUM: GetBlockHeader called for hash: 00000000000029673c038212b1939d8b3b7d127ef40ac98e91990546ace5435d
2025/09/16 14:57:16 ELECTRUM: GetBestBlock called
2025/09/16 14:57:16 ELECTRUM: Subscribing to headers to get current height
2025/09/16 14:57:16 ELECTRUM: Got current height 4671467 from headers subscription
2025/09/16 14:57:16 ELECTRUM: Returning hash 00000000000029673c038212b1939d8b3b7d127ef40ac98e91990546ace5435d for height 4671467 (from headers subscription)
2025-09-16 14:57:17.023 [DBG] LTND lnd.go:727: Syncing to block chain rev=08ae35 best_block_time="2025-09-16 14:57:21 -0400 EDT" is_synced=false
2025/09/16 14:57:18 ELECTRUM: GetBestBlock called
2025/09/16 14:57:18 ELECTRUM: Subscribing to headers to get current height
2025/09/16 14:57:18 ELECTRUM: Got current height 4671467 from headers subscription
2025/09/16 14:57:18 ELECTRUM: Returning hash 00000000000029673c038212b1939d8b3b7d127ef40ac98e91990546ace5435d for height 4671467 (from headers subscription)
2025/09/16 14:57:18 ELECTRUM: GetBlockHeader called for hash: 00000000000029673c038212b1939d8b3b7d127ef40ac98e91990546ace5435d
2025/09/16 14:57:18 ELECTRUM: GetBestBlock called
2025/09/16 14:57:18 ELECTRUM: Subscribing to headers to get current height
2025/09/16 14:57:18 ELECTRUM: Got current height 4671467 from headers subscription
2025/09/16 14:57:18 ELECTRUM: Returning hash 00000000000029673c038212b1939d8b3b7d127ef40ac98e91990546ace5435d for height 4671467 (from headers subscription)
2025-09-16 14:57:18.731 [DBG] LTND lnd.go:727: Syncing to block chain rev=08ae35 best_block_time="2025-09-16 14:57:21 -0400 EDT" is_synced=false
2025/09/16 14:57:19 ELECTRUM: GetBestBlock called
2025/09/16 14:57:19 ELECTRUM: Subscribing to headers to get current height
2025/09/16 14:57:19 ELECTRUM: Got current height 4671467 from headers subscription
2025/09/16 14:57:19 ELECTRUM: Returning hash 00000000000029673c038212b1939d8b3b7d127ef40ac98e91990546ace5435d for height 4671467 (from headers subscription)
2025/09/16 14:57:19 ELECTRUM: GetBlockHeader called for hash: 00000000000029673c038212b1939d8b3b7d127ef40ac98e91990546ace5435d
2025/09/16 14:57:19 ELECTRUM: GetBestBlock called
2025/09/16 14:57:19 ELECTRUM: Subscribing to headers to get current height
2025/09/16 14:57:20 ELECTRUM: Got current height 4671467 from headers subscription
2025/09/16 14:57:20 ELECTRUM: Returning hash 00000000000029673c038212b1939d8b3b7d127ef40ac98e91990546ace5435d for height 4671467 (from headers subscription)
2025-09-16 14:57:20.450 [DBG] LTND lnd.go:727: Syncing to block chain rev=08ae35 best_block_time="2025-09-16 14:57:21 -0400 EDT" is_synced=false
2025/09/16 14:57:21 ELECTRUM: GetBestBlock called
2025/09/16 14:57:21 ELECTRUM: Subscribing to headers to get current height
2025/09/16 14:57:21 ELECTRUM: Got current height 4671469 from headers subscription
2025/09/16 14:57:21 ELECTRUM: Returning hash 00000000000012431b107dc40535d95acae56623e92f8e1c4e91e4928e6647e5 for height 4671469 (from headers subscription)
2025/09/16 14:57:21 ELECTRUM: GetBlockHeader called for hash: 00000000000012431b107dc40535d95acae56623e92f8e1c4e91e4928e6647e5
2025/09/16 14:57:21 ELECTRUM: GetBestBlock called
2025/09/16 14:57:21 ELECTRUM: Subscribing to headers to get current height
2025/09/16 14:57:21 ELECTRUM: Got current height 4671469 from headers subscription
2025/09/16 14:57:21 ELECTRUM: Returning hash 00000000000012431b107dc40535d95acae56623e92f8e1c4e91e4928e6647e5 for height 4671469 (from headers subscription)
2025-09-16 14:57:22.167 [DBG] LTND lnd.go:727: Syncing to block chain rev=08ae35 best_block_time="2025-09-16 14:57:20 -0400 EDT" is_synced=false
2025/09/16 14:57:23 ELECTRUM: GetBestBlock called
2025/09/16 14:57:23 ELECTRUM: Subscribing to headers to get current height
2025/09/16 14:57:23 ELECTRUM: Got current height 4671469 from headers subscription
2025/09/16 14:57:23 ELECTRUM: Returning hash 00000000000012431b107dc40535d95acae56623e92f8e1c4e91e4928e6647e5 for height 4671469 (from headers subscription)
2025/09/16 14:57:23 ELECTRUM: GetBlockHeader called for hash: 00000000000012431b107dc40535d95acae56623e92f8e1c4e91e4928e6647e5
2025/09/16 14:57:23 ELECTRUM: GetBestBlock called
2025/09/16 14:57:23 ELECTRUM: Subscribing to headers to get current height
2025/09/16 14:57:23 ELECTRUM: Got current height 4671469 from headers subscription
2025/09/16 14:57:23 ELECTRUM: Returning hash 00000000000012431b107dc40535d95acae56623e92f8e1c4e91e4928e6647e5 for height 4671469 (from headers subscription)
2025-09-16 14:57:23.915 [DBG] LTND lnd.go:727: Syncing to block chain rev=08ae35 best_block_time="2025-09-16 14:57:20 -0400 EDT" is_synced=false
2025/09/16 14:57:24 ELECTRUM: GetBestBlock called
2025/09/16 14:57:24 ELECTRUM: Subscribing to headers to get current height
2025/09/16 14:57:25 ELECTRUM: Got current height 4671469 from headers subscription
2025/09/16 14:57:25 ELECTRUM: Returning hash 00000000000012431b107dc40535d95acae56623e92f8e1c4e91e4928e6647e5 for height 4671469 (from headers subscription)
2025/09/16 14:57:25 ELECTRUM: GetBlockHeader called for hash: 00000000000012431b107dc40535d95acae56623e92f8e1c4e91e4928e6647e5
2025/09/16 14:57:25 ELECTRUM: GetBestBlock called
2025/09/16 14:57:25 ELECTRUM: Subscribing to headers to get current height
2025/09/16 14:57:25 ELECTRUM: Got current height 4671470 from headers subscription
2025/09/16 14:57:25 ELECTRUM: Returning hash 00000000a67752f20f58ec9e347c5b6836ec6b40ea542fdc5416e8176261c6ea for height 4671470 (from headers subscription)
2025/09/16 14:57:28 ELECTRUM: GetBestBlock called
2025/09/16 14:57:28 ELECTRUM: Subscribing to headers to get current height
2025/09/16 14:57:29 ELECTRUM: Got current height 4671470 from headers subscription
2025/09/16 14:57:29 ELECTRUM: Returning hash 00000000a67752f20f58ec9e347c5b6836ec6b40ea542fdc5416e8176261c6ea for height 4671470 (from headers subscription)
2025/09/16 14:57:29 ELECTRUM: Checking for new blocks - current: 4671470, last known: 4671458
2025/09/16 14:57:29 ELECTRUM: New block detected! Height: 4671470 (was 4671458)
2025/09/16 14:57:29 ELECTRUM: Sending block connected notification for height 4671470
2025/09/16 14:57:29 ELECTRUM: Block notification sent successfully for height 4671470
2025/09/16 14:57:30 ELECTRUM: GetBestBlock called
2025/09/16 14:57:30 ELECTRUM: Subscribing to headers to get current height
2025/09/16 14:57:30 ELECTRUM: Got current height 4671471 from headers subscription
2025/09/16 14:57:30 ELECTRUM: Returning hash 0000000000001ed1cc56a4ee59489330b653b16c2abb6d6d3a90132ef650263f for height 4671471 (from headers subscription)
2025/09/16 14:57:30 ELECTRUM: Checking for new blocks - current: 4671471, last known: 4671459
2025/09/16 14:57:30 ELECTRUM: New block detected! Height: 4671471 (was 4671459)
2025/09/16 14:57:30 ELECTRUM: Sending block connected notification for height 4671471
2025/09/16 14:57:30 ELECTRUM: Block notification sent successfully for height 4671471
2025/09/16 14:57:30 ELECTRUM: GetBestBlock called
2025/09/16 14:57:30 ELECTRUM: Subscribing to headers to get current height
2025/09/16 14:57:30 ELECTRUM: Got current height 4671471 from headers subscription
2025/09/16 14:57:30 ELECTRUM: Returning hash 0000000000001ed1cc56a4ee59489330b653b16c2abb6d6d3a90132ef650263f for height 4671471 (from headers subscription)
2025/09/16 14:57:30 ELECTRUM: Checking for new blocks - current: 4671471, last known: 4671459
2025/09/16 14:57:30 ELECTRUM: New block detected! Height: 4671471 (was 4671459)
2025/09/16 14:57:30 ELECTRUM: Sending block connected notification for height 4671471
2025/09/16 14:57:30 ELECTRUM: Block notification sent successfully for height 4671471
2025-09-16 14:57:49.864 [DBG] LTND lnd.go:727: Syncing to block chain rev=08ae35 best_block_time="2025-09-16 14:57:20 -0400 EDT" is_synced=false
2025/09/16 14:57:50 ELECTRUM: GetBestBlock called
2025/09/16 14:57:50 ELECTRUM: Subscribing to headers to get current height
2025/09/16 14:57:51 ELECTRUM: Got current height 4671478 from headers subscription
2025/09/16 14:57:51 ELECTRUM: Returning hash 0000000000001d89d4e35ee65c158cd2377996f3ec226afabb3c26217abe062f for height 4671478 (from headers subscription)
2025/09/16 14:57:51 ELECTRUM: GetBlockHeader called for hash: 0000000000001d89d4e35ee65c158cd2377996f3ec226afabb3c26217abe062f
2025/09/16 14:57:51 ELECTRUM: GetBestBlock called
2025/09/16 14:57:51 ELECTRUM: Subscribing to headers to get current height
2025/09/16 14:57:51 ELECTRUM: Got current height 4671478 from headers subscription
2025/09/16 14:57:51 ELECTRUM: Returning hash 0000000000001d89d4e35ee65c158cd2377996f3ec226afabb3c26217abe062f for height 4671478 (from headers subscription)
2025-09-16 14:57:51.588 [DBG] LTND lnd.go:727: Syncing to block chain rev=08ae35 best_block_time="2025-09-16 14:57:52 -0400 EDT" is_synced=false
2025/09/16 14:57:52 ELECTRUM: GetBestBlock called
2025/09/16 14:57:52 ELECTRUM: Subscribing to headers to get current height
2025/09/16 14:57:52 ELECTRUM: Got current height 4671479 from headers subscription
2025/09/16 14:57:52 ELECTRUM: Returning hash 00000000000192ad4e13942222c7e8bfd6291ff5216d50a9df4c9bae0c530212 for height 4671479 (from headers subscription)
2025/09/16 14:57:52 ELECTRUM: GetBlockHeader called for hash: 00000000000192ad4e13942222c7e8bfd6291ff5216d50a9df4c9bae0c530212
2025/09/16 14:57:52 ELECTRUM: GetBestBlock called
2025/09/16 14:57:52 ELECTRUM: Subscribing to headers to get current height
2025/09/16 14:57:53 ELECTRUM: Got current height 4671479 from headers subscription
2025/09/16 14:57:53 ELECTRUM: Returning hash 00000000000192ad4e13942222c7e8bfd6291ff5216d50a9df4c9bae0c530212 for height 4671479 (from headers subscription)
2025-09-16 14:57:53.290 [DBG] LTND lnd.go:727: Syncing to block chain rev=08ae35 best_block_time="2025-09-16 14:57:49 -0400 EDT" is_synced=false
2025/09/16 14:57:54 ELECTRUM: GetBestBlock called
2025/09/16 14:57:54 ELECTRUM: Subscribing to headers to get current height
2025/09/16 14:57:54 ELECTRUM: Got current height 4671479 from headers subscription
2025/09/16 14:57:54 ELECTRUM: Returning hash 00000000000192ad4e13942222c7e8bfd6291ff5216d50a9df4c9bae0c530212 for height 4671479 (from headers subscription)
2025/09/16 14:57:54 ELECTRUM: GetBlockHeader called for hash: 00000000000192ad4e13942222c7e8bfd6291ff5216d50a9df4c9bae0c530212
2025/09/16 14:57:54 ELECTRUM: GetBestBlock called
2025/09/16 14:57:54 ELECTRUM: Subscribing to headers to get current height
2025/09/16 14:57:54 ELECTRUM: Got current height 4671479 from headers subscription
2025/09/16 14:57:54 ELECTRUM: Returning hash 00000000000192ad4e13942222c7e8bfd6291ff5216d50a9df4c9bae0c530212 for height 4671479 (from headers subscription)
2025-09-16 14:57:55.001 [DBG] LTND lnd.go:727: Syncing to block chain rev=08ae35 best_block_time="2025-09-16 14:57:49 -0400 EDT" is_synced=false
2025/09/16 14:57:56 ELECTRUM: GetBestBlock called
2025/09/16 14:57:56 ELECTRUM: Subscribing to headers to get current height
2025/09/16 14:57:56 ELECTRUM: Got current height 4671480 from headers subscription
2025/09/16 14:57:56 ELECTRUM: Returning hash 0000000000001ee7089a7bd76caa490f097bdab1fcc567dababa5b4d0830fdf6 for height 4671480 (from headers subscription)
2025/09/16 14:57:56 ELECTRUM: GetBlockHeader called for hash: 0000000000001ee7089a7bd76caa490f097bdab1fcc567dababa5b4d0830fdf6
2025/09/16 14:57:56 ELECTRUM: GetBestBlock called
2025/09/16 14:57:56 ELECTRUM: Subscribing to headers to get current height
2025/09/16 14:57:56 ELECTRUM: Got current height 4671480 from headers subscription
2025/09/16 14:57:56 ELECTRUM: Returning hash 0000000000001ee7089a7bd76caa490f097bdab1fcc567dababa5b4d0830fdf6 for height 4671480 (from headers subscription)
2025-09-16 14:57:56.709 [DBG] LTND lnd.go:727: Syncing to block chain rev=08ae35 best_block_time="2025-09-16 14:57:59 -0400 EDT" is_synced=false
2025/09/16 14:57:57 ELECTRUM: GetBestBlock called
2025/09/16 14:57:57 ELECTRUM: Subscribing to headers to get current height
2025/09/16 14:57:57 ELECTRUM: Got current height 4671480 from headers subscription
2025/09/16 14:57:57 ELECTRUM: Returning hash 0000000000001ee7089a7bd76caa490f097bdab1fcc567dababa5b4d0830fdf6 for height 4671480 (from headers subscription)
2025/09/16 14:57:57 ELECTRUM: GetBlockHeader called for hash: 0000000000001ee7089a7bd76caa490f097bdab1fcc567dababa5b4d0830fdf6
2025/09/16 14:57:57 ELECTRUM: GetBestBlock called
2025/09/16 14:57:57 ELECTRUM: Subscribing to headers to get current height
2025/09/16 14:57:58 ELECTRUM: Got current height 4671480 from headers subscription
2025/09/16 14:57:58 ELECTRUM: Returning hash 0000000000001ee7089a7bd76caa490f097bdab1fcc567dababa5b4d0830fdf6 for height 4671480 (from headers subscription)
2025-09-16 14:57:58.413 [DBG] LTND lnd.go:727: Syncing to block chain rev=08ae35 best_block_time="2025-09-16 14:57:59 -0400 EDT" is_synced=false
2025/09/16 14:57:58 ELECTRUM: GetBestBlock called
2025/09/16 14:57:58 ELECTRUM: Subscribing to headers to get current height
2025/09/16 14:57:59 ELECTRUM: Got current height 4671480 from headers subscription
2025/09/16 14:57:59 ELECTRUM: Returning hash 0000000000001ee7089a7bd76caa490f097bdab1fcc567dababa5b4d0830fdf6 for height 4671480 (from headers subscription)
2025/09/16 14:57:59 ELECTRUM: Checking for new blocks - current: 4671480, last known: 4671470
2025/09/16 14:57:59 ELECTRUM: New block detected! Height: 4671480 (was 4671470)
2025/09/16 14:57:59 ELECTRUM: Sending block connected notification for height 4671480
2025/09/16 14:57:59 ELECTRUM: Block notification sent successfully for height 4671480
2025/09/16 14:57:59 ELECTRUM: GetBestBlock called
2025/09/16 14:57:59 ELECTRUM: Subscribing to headers to get current height
2025/09/16 14:57:59 ELECTRUM: Got current height 4671480 from headers subscription
2025/09/16 14:57:59 ELECTRUM: Returning hash 0000000000001ee7089a7bd76caa490f097bdab1fcc567dababa5b4d0830fdf6 for height 4671480 (from headers subscription)
2025/09/16 14:57:59 ELECTRUM: GetBlockHeader called for hash: 0000000000001ee7089a7bd76caa490f097bdab1fcc567dababa5b4d0830fdf6
2025/09/16 14:57:59 ELECTRUM: GetBestBlock called
2025/09/16 14:57:59 ELECTRUM: Subscribing to headers to get current height
2025/09/16 14:57:59 ELECTRUM: Got current height 4671480 from headers subscription
2025/09/16 14:57:59 ELECTRUM: Returning hash 0000000000001ee7089a7bd76caa490f097bdab1fcc567dababa5b4d0830fdf6 for height 4671480 (from headers subscription)
2025-09-16 14:58:00.125 [DBG] LTND lnd.go:727: Syncing to block chain rev=08ae35 best_block_time="2025-09-16 14:57:59 -0400 EDT" is_synced=false
2025/09/16 14:58:00 ELECTRUM: GetBestBlock called
2025/09/16 14:58:00 ELECTRUM: Subscribing to headers to get current height
2025/09/16 14:58:00 ELECTRUM: Got current height 4671480 from headers subscription
2025/09/16 14:58:00 ELECTRUM: Returning hash 0000000000001ee7089a7bd76caa490f097bdab1fcc567dababa5b4d0830fdf6 for height 4671480 (from headers subscription)
2025/09/16 14:58:00 ELECTRUM: Checking for new blocks - current: 4671480, last known: 4671471
2025/09/16 14:58:00 ELECTRUM: New block detected! Height: 4671480 (was 4671471)
2025/09/16 14:58:00 ELECTRUM: Sending block connected notification for height 4671480
2025/09/16 14:58:00 ELECTRUM: Block notification sent successfully for height 4671480
2025/09/16 14:58:00 ELECTRUM: GetBestBlock called
2025/09/16 14:58:00 ELECTRUM: Subscribing to headers to get current height
2025/09/16 14:58:00 ELECTRUM: Got current height 4671480 from headers subscription
2025/09/16 14:58:00 ELECTRUM: Returning hash 0000000000001ee7089a7bd76caa490f097bdab1fcc567dababa5b4d0830fdf6 for height 4671480 (from headers subscription)
2025/09/16 14:58:00 ELECTRUM: Checking for new blocks - current: 4671480, last known: 4671471
2025/09/16 14:58:00 ELECTRUM: New block detected! Height: 4671480 (was 4671471)
2025/09/16 14:58:00 ELECTRUM: Sending block connected notification for height 4671480
2025/09/16 14:58:00 ELECTRUM: Block notification sent successfully for height 4671480
2025/09/16 14:58:01 ELECTRUM: GetBestBlock called
2025/09/16 14:58:01 ELECTRUM: Subscribing to headers to get current height
2025/09/16 14:58:01 ELECTRUM: Got current height 4671480 from headers subscription
2025/09/16 14:58:01 ELECTRUM: Returning hash 0000000000001ee7089a7bd76caa490f097bdab1fcc567dababa5b4d0830fdf6 for height 4671480 (from headers subscription)
2025/09/16 14:58:01 ELECTRUM: GetBlockHeader called for hash: 0000000000001ee7089a7bd76caa490f097bdab1fcc567dababa5b4d0830fdf6
2025/09/16 14:58:01 ELECTRUM: GetBestBlock called
2025/09/16 14:58:01 ELECTRUM: Subscribing to headers to get current height
2025/09/16 14:58:01 ELECTRUM: Got current height 4671480 from headers subscription
2025/09/16 14:58:01 ELECTRUM: Returning hash 0000000000001ee7089a7bd76caa490f097bdab1fcc567dababa5b4d0830fdf6 for height 4671480 (from headers subscription)
2025-09-16 14:58:01.833 [DBG] LTND lnd.go:727: Syncing to block chain rev=08ae35 best_block_time="2025-09-16 14:57:59 -0400 EDT" is_synced=false
2025/09/16 14:58:02 ELECTRUM: GetBestBlock called
2025/09/16 14:58:02 ELECTRUM: Subscribing to headers to get current height
2025/09/16 14:58:03 ELECTRUM: Got current height 4671481 from headers subscription
2025/09/16 14:58:03 ELECTRUM: Returning hash 00000000000375b12489bf07347877b5dc3fddf30700d72c9a0093f5bc71606e for height 4671481 (from headers subscription)
2025/09/16 14:58:03 ELECTRUM: GetBlockHeader called for hash: 00000000000375b12489bf07347877b5dc3fddf30700d72c9a0093f5bc71606e
2025/09/16 14:58:03 ELECTRUM: GetBestBlock called
2025/09/16 14:58:03 ELECTRUM: Subscribing to headers to get current height
2025/09/16 14:58:03 ELECTRUM: Got current height 4671481 from headers subscription
2025/09/16 14:58:03 ELECTRUM: Returning hash 00000000000375b12489bf07347877b5dc3fddf30700d72c9a0093f5bc71606e for height 4671481 (from headers subscription)
2025-09-16 14:58:03.539 [DBG] LTND lnd.go:727: Syncing to block chain rev=08ae35 best_block_time="2025-09-16 14:58:00 -0400 EDT" is_synced=false
2025/09/16 14:58:04 ELECTRUM: GetBestBlock called
2025/09/16 14:58:04 ELECTRUM: Subscribing to headers to get current height
2025/09/16 14:58:04 ELECTRUM: Got current height 4671481 from headers subscription
2025/09/16 14:58:04 ELECTRUM: Returning hash 00000000000375b12489bf07347877b5dc3fddf30700d72c9a0093f5bc71606e for height 4671481 (from headers subscription)
2025/09/16 14:58:04 ELECTRUM: GetBlockHeader called for hash: 00000000000375b12489bf07347877b5dc3fddf30700d72c9a0093f5bc71606e
2025/09/16 14:58:04 ELECTRUM: GetBestBlock called
2025/09/16 14:58:04 ELECTRUM: Subscribing to headers to get current height
2025/09/16 14:58:05 ELECTRUM: Got current height 4671481 from headers subscription
2025/09/16 14:58:05 ELECTRUM: Returning hash 00000000000375b12489bf07347877b5dc3fddf30700d72c9a0093f5bc71606e for height 4671481 (from headers subscription)
2025-09-16 14:58:05.245 [DBG] LTND lnd.go:727: Syncing to block chain rev=08ae35 best_block_time="2025-09-16 14:58:00 -0400 EDT" is_synced=false
2025/09/16 14:58:06 ELECTRUM: GetBestBlock called
2025/09/16 14:58:06 ELECTRUM: Subscribing to headers to get current height
2025/09/16 14:58:06 ELECTRUM: Got current height 4671482 from headers subscription
2025/09/16 14:58:06 ELECTRUM: Returning hash 000000000000113a9ad932c86bcdb15d721d91658ff412c4872726d7bb0c33bf for height 4671482 (from headers subscription)
2025/09/16 14:58:06 ELECTRUM: GetBlockHeader called for hash: 000000000000113a9ad932c86bcdb15d721d91658ff412c4872726d7bb0c33bf
2025/09/16 14:58:06 ELECTRUM: GetBestBlock called
2025/09/16 14:58:06 ELECTRUM: Subscribing to headers to get current height
2025/09/16 14:58:06 ELECTRUM: Got current height 4671482 from headers subscription
2025/09/16 14:58:06 ELECTRUM: Returning hash 000000000000113a9ad932c86bcdb15d721d91658ff412c4872726d7bb0c33bf for height 4671482 (from headers subscription)
2025-09-16 14:58:06.951 [DBG] LTND lnd.go:727: Syncing to block chain rev=08ae35 best_block_time="2025-09-16 14:58:02 -0400 EDT" is_synced=false
2025/09/16 14:58:07 ELECTRUM: GetBestBlock called
2025/09/16 14:58:07 ELECTRUM: Subscribing to headers to get current height
2025/09/16 14:58:08 ELECTRUM: Got current height 4671482 from headers subscription
2025/09/16 14:58:08 ELECTRUM: Returning hash 000000000000113a9ad932c86bcdb15d721d91658ff412c4872726d7bb0c33bf for height 4671482 (from headers subscription)
2025/09/16 14:58:08 ELECTRUM: GetBlockHeader called for hash: 000000000000113a9ad932c86bcdb15d721d91658ff412c4872726d7bb0c33bf
2025/09/16 14:58:08 ELECTRUM: GetBestBlock called
2025/09/16 14:58:08 ELECTRUM: Subscribing to headers to get current height
2025/09/16 14:58:08 ELECTRUM: Got current height 4671482 from headers subscription
2025/09/16 14:58:08 ELECTRUM: Returning hash 000000000000113a9ad932c86bcdb15d721d91658ff412c4872726d7bb0c33bf for height 4671482 (from headers subscription)
2025-09-16 14:58:08.659 [DBG] LTND lnd.go:727: Syncing to block chain rev=08ae35 best_block_time="2025-09-16 14:58:02 -0400 EDT" is_synced=false
2025/09/16 14:58:09 ELECTRUM: GetBestBlock called
2025/09/16 14:58:09 ELECTRUM: Subscribing to headers to get current height
2025/09/16 14:58:09 ELECTRUM: Got current height 4671483 from headers subscription
2025/09/16 14:58:09 ELECTRUM: Returning hash 00000000000074a6e609170e9d4532234e0c0b2ccb459c66ccdbb7e3d15897d9 for height 4671483 (from headers subscription)
2025/09/16 14:58:09 ELECTRUM: GetBlockHeader called for hash: 00000000000074a6e609170e9d4532234e0c0b2ccb459c66ccdbb7e3d15897d9
2025/09/16 14:58:09 ELECTRUM: GetBestBlock called
2025/09/16 14:58:09 ELECTRUM: Subscribing to headers to get current height
2025/09/16 14:58:10 ELECTRUM: Got current height 4671484 from headers subscription
2025/09/16 14:58:10 ELECTRUM: Returning hash 000000000003e1821556a55e6d17bb7876ff9bb01332e8a8811f2b16e8f21e16 for height 4671484 (from headers subscription)
2025-09-16 14:58:25.980 [DBG] RPCS interceptor.go:775: [/lnrpc.Lightning/WalletBalance] requested
2025-09-16 14:58:25.981 [INF] BTWL btcwallet.go:823: BTCWALLET: ConfirmedBalance called with confs=0, accountFilter=default
2025-09-16 14:58:25.982 [INF] BTWL btcwallet.go:1541: BTCWALLET: Adding 11 discovered Electrum transactions to witness outputs
2025-09-16 14:58:25.982 [INF] BTWL btcwallet.go:823: BTCWALLET: ConfirmedBalance called with confs=1, accountFilter=default
2025-09-16 14:58:25.982 [INF] BTWL btcwallet.go:1541: BTCWALLET: Adding 11 discovered Electrum transactions to witness outputs
2025-09-16 14:58:25.982 [DBG] RPCS rpcserver.go:3746: [walletbalance] Total balance=0.00129314 BTC (confirmed=0.00129314 BTC, unconfirmed=0 BTC, locked=0 BTC)
2025/09/16 14:58:28 ELECTRUM: GetBestBlock called
2025/09/16 14:58:28 ELECTRUM: Subscribing to headers to get current height
2025/09/16 14:58:29 ELECTRUM: Got current height 4671494 from headers subscription
2025/09/16 14:58:29 ELECTRUM: Returning hash 0000000000002937a9411092f40a763a3a37010dbe2801e80221d5a53a4dae2e for height 4671494 (from headers subscription)
2025/09/16 14:58:29 ELECTRUM: Checking for new blocks - current: 4671494, last known: 4671480
2025/09/16 14:58:29 ELECTRUM: New block detected! Height: 4671494 (was 4671480)
2025/09/16 14:58:29 ELECTRUM: Sending block connected notification for height 4671494
2025/09/16 14:58:29 ELECTRUM: Block notification sent successfully for height 4671494
2025/09/16 14:58:30 ELECTRUM: GetBestBlock called
2025/09/16 14:58:30 ELECTRUM: Subscribing to headers to get current height
2025/09/16 14:58:30 ELECTRUM: GetBestBlock called
2025/09/16 14:58:30 ELECTRUM: Subscribing to headers to get current height
2025/09/16 14:58:30 ELECTRUM: Got current height 4671495 from headers subscription
2025/09/16 14:58:30 ELECTRUM: Returning hash 0000000000000b4fa3196006d3e7b12d18b669934c74d7e51783238367e45900 for height 4671495 (from headers subscription)
2025/09/16 14:58:30 ELECTRUM: Checking for new blocks - current: 4671495, last known: 4671480
2025/09/16 14:58:30 ELECTRUM: New block detected! Height: 4671495 (was 4671480)
2025/09/16 14:58:30 ELECTRUM: Sending block connected notification for height 4671495
2025/09/16 14:58:30 ELECTRUM: Block notification sent successfully for height 4671495
2025/09/16 14:58:30 ELECTRUM: Got current height 4671495 from headers subscription
2025/09/16 14:58:30 ELECTRUM: Returning hash 0000000000000b4fa3196006d3e7b12d18b669934c74d7e51783238367e45900 for height 4671495 (from headers subscription)
2025/09/16 14:58:30 ELECTRUM: Checking for new blocks - current: 4671495, last known: 4671480
2025/09/16 14:58:30 ELECTRUM: New block detected! Height: 4671495 (was 4671480)
2025/09/16 14:58:30 ELECTRUM: Sending block connected notification for height 4671495
2025/09/16 14:58:30 ELECTRUM: Block notification sent successfully for height 4671495
2025-09-16 14:58:31.325 [DBG] RPCS interceptor.go:775: [/lnrpc.Lightning/NewAddress] requested
ELECTRUM: NotifyReceived called with 1 addresses
2025-09-16 14:58:34.902 [DBG] LTND lnd.go:727: Syncing to block chain rev=08ae35 best_block_time="2025-09-16 14:58:07 -0400 EDT" is_synced=false
2025/09/16 14:58:35 ELECTRUM: GetBestBlock called
2025/09/16 14:58:35 ELECTRUM: Subscribing to headers to get current height
2025/09/16 14:58:36 ELECTRUM: Got current height 4671498 from headers subscription
2025/09/16 14:58:36 ELECTRUM: Returning hash 00000000000015127d42f16d13931fc1523133a0281a9ac9201559d0e2009c34 for height 4671498 (from headers subscription)
2025/09/16 14:58:36 ELECTRUM: GetBlockHeader called for hash: 00000000000015127d42f16d13931fc1523133a0281a9ac9201559d0e2009c34
2025/09/16 14:58:36 ELECTRUM: GetBestBlock called
2025/09/16 14:58:36 ELECTRUM: Subscribing to headers to get current height
2025/09/16 14:58:36 ELECTRUM: Got current height 4671498 from headers subscription
2025/09/16 14:58:36 ELECTRUM: Returning hash 00000000000015127d42f16d13931fc1523133a0281a9ac9201559d0e2009c34 for height 4671498 (from headers subscription)
2025-09-16 14:58:36.606 [DBG] LTND lnd.go:727: Syncing to block chain rev=08ae35 best_block_time="2025-09-16 14:58:38 -0400 EDT" is_synced=false
2025/09/16 14:58:37 ELECTRUM: GetBestBlock called
2025/09/16 14:58:37 ELECTRUM: Subscribing to headers to get current height
2025/09/16 14:58:37 ELECTRUM: Got current height 4671498 from headers subscription
2025/09/16 14:58:37 ELECTRUM: Returning hash 00000000000015127d42f16d13931fc1523133a0281a9ac9201559d0e2009c34 for height 4671498 (from headers subscription)
2025/09/16 14:58:37 ELECTRUM: GetBlockHeader called for hash: 00000000000015127d42f16d13931fc1523133a0281a9ac9201559d0e2009c34
2025/09/16 14:58:37 ELECTRUM: GetBestBlock called
2025/09/16 14:58:37 ELECTRUM: Subscribing to headers to get current height
2025/09/16 14:58:38 ELECTRUM: Got current height 4671499 from headers subscription
2025/09/16 14:58:38 ELECTRUM: Returning hash 0000000000002662ead95957558db110b906c13c3975632c1323416cff71b7fb for height 4671499 (from headers subscription)
ELECTRUM: Starting fetchAddressHistory for address: tb1pzup9rcjuy8axcrwudc2alwmltn3ckf43slhsrycjpxs9susznkvqmlrffh
2025-09-16 14:58:48.159 [INF] BTWL btcwallet.go:911: BTCWALLET: Setting up notification for new address: tb1pzup9rcjuy8axcrwudc2alwmltn3ckf43slhsrycjpxs9susznkvqmlrffh
2025-09-16 14:58:48.160 [DBG] RPCS rpcserver.go:1713: [newaddress] account=default type=TAPROOT_PUBKEY addr=tb1pzup9rcjuy8axcrwudc2alwmltn3ckf43slhsrycjpxs9susznkvqmlrffh
ELECTRUM: Fetching transaction history for address: tb1pzup9rcjuy8axcrwudc2alwmltn3ckf43slhsrycjpxs9susznkvqmlrffh
ELECTRUM: Calling GetHistory for address: tb1pzup9rcjuy8axcrwudc2alwmltn3ckf43slhsrycjpxs9susznkvqmlrffh, scriptHash: 7c36ccc0075dc560ee1dce05f35eb2b31d712f2860ea4b6626f3ffd9d9b2d507
2025-09-16 14:58:48.161 [INF] BTWL btcwallet.go:580: BTCWALLET: Setting up notification for address: tb1pzup9rcjuy8axcrwudc2alwmltn3ckf43slhsrycjpxs9susznkvqmlrffh
2025-09-16 14:58:48.161 [INF] BTWL btcwallet.go:593: BTCWALLET: Calling chain.NotifyReceived for address: tb1pzup9rcjuy8axcrwudc2alwmltn3ckf43slhsrycjpxs9susznkvqmlrffh
ELECTRUM: NotifyReceived called with 1 addresses
2025/09/16 14:58:56 ELECTRUM: Script hash 7c36ccc0075dc560ee1dce05f35eb2b31d712f2860ea4b6626f3ffd9d9b2d507 status changed from 7c36ccc0075dc560ee1dce05f35eb2b31d712f2860ea4b6626f3ffd9d9b2d507 to tx_count:0 - new transactions detected!
2025/09/16 14:58:56 ELECTRUM: Handling script hash update for 7c36ccc0075dc560ee1dce05f35eb2b31d712f2860ea4b6626f3ffd9d9b2d507
2025/09/16 14:58:56 ELECTRUM: Found 0 transactions for script hash 7c36ccc0075dc560ee1dce05f35eb2b31d712f2860ea4b6626f3ffd9d9b2d507
2025/09/16 14:58:58 ELECTRUM: GetBestBlock called
2025/09/16 14:58:58 ELECTRUM: Subscribing to headers to get current height
2025/09/16 14:58:59 ELECTRUM: Got current height 4671506 from headers subscription
2025/09/16 14:58:59 ELECTRUM: Returning hash 000000000003bf1c985de3ace71249c6ee8340deac85859311c9fbf322ec7adc for height 4671506 (from headers subscription)
2025/09/16 14:58:59 ELECTRUM: Checking for new blocks - current: 4671506, last known: 4671494
2025/09/16 14:58:59 ELECTRUM: New block detected! Height: 4671506 (was 4671494)
2025/09/16 14:58:59 ELECTRUM: Sending block connected notification for height 4671506
2025/09/16 14:58:59 ELECTRUM: Block notification sent successfully for height 4671506
2025/09/16 14:59:00 ELECTRUM: GetBestBlock called
2025/09/16 14:59:00 ELECTRUM: Subscribing to headers to get current height
2025/09/16 14:59:00 ELECTRUM: Got current height 4671506 from headers subscription
2025/09/16 14:59:00 ELECTRUM: Returning hash 000000000003bf1c985de3ace71249c6ee8340deac85859311c9fbf322ec7adc for height 4671506 (from headers subscription)
2025/09/16 14:59:00 ELECTRUM: Checking for new blocks - current: 4671506, last known: 4671495
2025/09/16 14:59:00 ELECTRUM: New block detected! Height: 4671506 (was 4671495)
2025/09/16 14:59:00 ELECTRUM: Sending block connected notification for height 4671506
2025/09/16 14:59:00 ELECTRUM: Block notification sent successfully for height 4671506
2025/09/16 14:59:00 ELECTRUM: GetBestBlock called
2025/09/16 14:59:00 ELECTRUM: Subscribing to headers to get current height
2025/09/16 14:59:00 ELECTRUM: Got current height 4671506 from headers subscription
2025/09/16 14:59:00 ELECTRUM: Returning hash 000000000003bf1c985de3ace71249c6ee8340deac85859311c9fbf322ec7adc for height 4671506 (from headers subscription)
2025/09/16 14:59:00 ELECTRUM: Checking for new blocks - current: 4671506, last known: 4671495
2025/09/16 14:59:00 ELECTRUM: New block detected! Height: 4671506 (was 4671495)
2025/09/16 14:59:00 ELECTRUM: Sending block connected notification for height 4671506
2025/09/16 14:59:00 ELECTRUM: Block notification sent successfully for height 4671506
2025-09-16 14:59:01.848 [DBG] LTND lnd.go:727: Syncing to block chain rev=08ae35 best_block_time="2025-09-16 14:58:38 -0400 EDT" is_synced=false
2025/09/16 14:59:02 ELECTRUM: GetBestBlock called
2025/09/16 14:59:02 ELECTRUM: Subscribing to headers to get current height
2025/09/16 14:59:03 ELECTRUM: Got current height 4671506 from headers subscription
2025/09/16 14:59:03 ELECTRUM: Returning hash 000000000003bf1c985de3ace71249c6ee8340deac85859311c9fbf322ec7adc for height 4671506 (from headers subscription)
2025/09/16 14:59:03 ELECTRUM: GetBlockHeader called for hash: 000000000003bf1c985de3ace71249c6ee8340deac85859311c9fbf322ec7adc
2025/09/16 14:59:03 ELECTRUM: GetBestBlock called
2025/09/16 14:59:03 ELECTRUM: Subscribing to headers to get current height
2025/09/16 14:59:03 ELECTRUM: Got current height 4671506 from headers subscription
2025/09/16 14:59:03 ELECTRUM: Returning hash 000000000003bf1c985de3ace71249c6ee8340deac85859311c9fbf322ec7adc for height 4671506 (from headers subscription)
2025-09-16 14:59:03.556 [DBG] LTND lnd.go:727: Syncing to block chain rev=08ae35 best_block_time="2025-09-16 14:59:04 -0400 EDT" is_synced=false
2025/09/16 14:59:04 ELECTRUM: GetBestBlock called
2025/09/16 14:59:04 ELECTRUM: Subscribing to headers to get current height
2025/09/16 14:59:04 ELECTRUM: Got current height 4671507 from headers subscription
2025/09/16 14:59:04 ELECTRUM: Returning hash 000000000000b63a099b236f4514d3e3d1396fe0ca87928d8996bccb1db4c488 for height 4671507 (from headers subscription)
2025/09/16 14:59:04 ELECTRUM: GetBlockHeader called for hash: 000000000000b63a099b236f4514d3e3d1396fe0ca87928d8996bccb1db4c488
2025/09/16 14:59:04 ELECTRUM: GetBestBlock called
2025/09/16 14:59:04 ELECTRUM: Subscribing to headers to get current height
2025/09/16 14:59:05 ELECTRUM: Got current height 4671507 from headers subscription
2025/09/16 14:59:05 ELECTRUM: Returning hash 000000000000b63a099b236f4514d3e3d1396fe0ca87928d8996bccb1db4c488 for height 4671507 (from headers subscription)
2025-09-16 14:59:05.271 [DBG] LTND lnd.go:727: Syncing to block chain rev=08ae35 best_block_time="2025-09-16 14:58:58 -0400 EDT" is_synced=false
2025/09/16 14:59:06 ELECTRUM: GetBestBlock called
2025/09/16 14:59:06 ELECTRUM: Subscribing to headers to get current height
2025/09/16 14:59:06 ELECTRUM: Got current height 4671507 from headers subscription
2025/09/16 14:59:06 ELECTRUM: Returning hash 000000000000b63a099b236f4514d3e3d1396fe0ca87928d8996bccb1db4c488 for height 4671507 (from headers subscription)
2025/09/16 14:59:06 ELECTRUM: GetBlockHeader called for hash: 000000000000b63a099b236f4514d3e3d1396fe0ca87928d8996bccb1db4c488
2025/09/16 14:59:06 ELECTRUM: GetBestBlock called
2025/09/16 14:59:06 ELECTRUM: Subscribing to headers to get current height
2025/09/16 14:59:06 ELECTRUM: Got current height 4671507 from headers subscription
2025/09/16 14:59:06 ELECTRUM: Returning hash 000000000000b63a099b236f4514d3e3d1396fe0ca87928d8996bccb1db4c488 for height 4671507 (from headers subscription)
2025-09-16 14:59:06.984 [DBG] LTND lnd.go:727: Syncing to block chain rev=08ae35 best_block_time="2025-09-16 14:58:58 -0400 EDT" is_synced=false
2025/09/16 14:59:07 ELECTRUM: GetBestBlock called
2025/09/16 14:59:07 ELECTRUM: Subscribing to headers to get current height
2025/09/16 14:59:08 ELECTRUM: Got current height 4671509 from headers subscription
2025/09/16 14:59:08 ELECTRUM: Returning hash 00000000000385aa52f5a9eada703cfe7b3efd866d69fd3a68682d6df12d721a for height 4671509 (from headers subscription)
2025/09/16 14:59:08 ELECTRUM: GetBlockHeader called for hash: 00000000000385aa52f5a9eada703cfe7b3efd866d69fd3a68682d6df12d721a
2025/09/16 14:59:08 ELECTRUM: GetBestBlock called
2025/09/16 14:59:08 ELECTRUM: Subscribing to headers to get current height
2025/09/16 14:59:08 ELECTRUM: Got current height 4671509 from headers subscription
2025/09/16 14:59:08 ELECTRUM: Returning hash 00000000000385aa52f5a9eada703cfe7b3efd866d69fd3a68682d6df12d721a for height 4671509 (from headers subscription)
2025-09-16 14:59:08.696 [DBG] LTND lnd.go:727: Syncing to block chain rev=08ae35 best_block_time="2025-09-16 14:59:06 -0400 EDT" is_synced=false
2025/09/16 14:59:09 ELECTRUM: GetBestBlock called
2025/09/16 14:59:09 ELECTRUM: Subscribing to headers to get current height
2025/09/16 14:59:09 ELECTRUM: Got current height 4671511 from headers subscription
2025/09/16 14:59:09 ELECTRUM: Returning hash 0000000000000c2f8a43b56fa000d5fd38ec4948c0adec51e20721f04c767ac8 for height 4671511 (from headers subscription)
2025/09/16 14:59:09 ELECTRUM: GetBlockHeader called for hash: 0000000000000c2f8a43b56fa000d5fd38ec4948c0adec51e20721f04c767ac8
2025/09/16 14:59:09 ELECTRUM: GetBestBlock called
2025/09/16 14:59:09 ELECTRUM: Subscribing to headers to get current height
2025/09/16 14:59:10 ELECTRUM: Got current height 4671511 from headers subscription
2025/09/16 14:59:10 ELECTRUM: Returning hash 0000000000000c2f8a43b56fa000d5fd38ec4948c0adec51e20721f04c767ac8 for height 4671511 (from headers subscription)
2025-09-16 14:59:10.485 [DBG] LTND lnd.go:727: Syncing to block chain rev=08ae35 best_block_time="2025-09-16 14:59:09 -0400 EDT" is_synced=false
2025/09/16 14:59:11 ELECTRUM: GetBestBlock called
2025/09/16 14:59:11 ELECTRUM: Subscribing to headers to get current height
2025/09/16 14:59:11 ELECTRUM: Got current height 4671511 from headers subscription
2025/09/16 14:59:11 ELECTRUM: Returning hash 0000000000000c2f8a43b56fa000d5fd38ec4948c0adec51e20721f04c767ac8 for height 4671511 (from headers subscription)
2025/09/16 14:59:11 ELECTRUM: GetBlockHeader called for hash: 0000000000000c2f8a43b56fa000d5fd38ec4948c0adec51e20721f04c767ac8
2025/09/16 14:59:11 ELECTRUM: GetBestBlock called
2025/09/16 14:59:11 ELECTRUM: Subscribing to headers to get current height
2025/09/16 14:59:12 ELECTRUM: Got current height 4671511 from headers subscription
2025/09/16 14:59:12 ELECTRUM: Returning hash 0000000000000c2f8a43b56fa000d5fd38ec4948c0adec51e20721f04c767ac8 for height 4671511 (from headers subscription)
ELECTRUM: Starting fetchAddressHistory for address: tb1pzup9rcjuy8axcrwudc2alwmltn3ckf43slhsrycjpxs9susznkvqmlrffh
2025-09-16 14:59:12.297 [DBG] LTND lnd.go:727: Syncing to block chain rev=08ae35 best_block_time="2025-09-16 14:59:09 -0400 EDT" is_synced=false
2025-09-16 14:59:12.297 [INF] BTWL btcwallet.go:603: BTCWALLET: chain.NotifyReceived completed successfully for address: tb1pzup9rcjuy8axcrwudc2alwmltn3ckf43slhsrycjpxs9susznkvqmlrffh
ELECTRUM: Fetching transaction history for address: tb1pzup9rcjuy8axcrwudc2alwmltn3ckf43slhsrycjpxs9susznkvqmlrffh
ELECTRUM: Calling GetHistory for address: tb1pzup9rcjuy8axcrwudc2alwmltn3ckf43slhsrycjpxs9susznkvqmlrffh, scriptHash: tx_count:0
2025-09-16 14:59:12.298 [INF] BTWL btcwallet.go:605: BTCWALLET: Successfully set up notification for address: tb1pzup9rcjuy8axcrwudc2alwmltn3ckf43slhsrycjpxs9susznkvqmlrffh
2025-09-16 14:59:12.298 [INF] BTWL btcwallet.go:917: BTCWALLET: Successfully set up notification for new address: tb1pzup9rcjuy8axcrwudc2alwmltn3ckf43slhsrycjpxs9susznkvqmlrffh
ELECTRUM: Failed to get history for address tb1pzup9rcjuy8axcrwudc2alwmltn3ckf43slhsrycjpxs9susznkvqmlrffh: Unmarshal received message failed: json: cannot unmarshal object into Go struct field response.error of type string
2025/09/16 14:59:13 ELECTRUM: GetBestBlock called
2025/09/16 14:59:13 ELECTRUM: Subscribing to headers to get current height
2025/09/16 14:59:13 ELECTRUM: Got current height 4671511 from headers subscription
2025/09/16 14:59:13 ELECTRUM: Returning hash 0000000000000c2f8a43b56fa000d5fd38ec4948c0adec51e20721f04c767ac8 for height 4671511 (from headers subscription)
2025/09/16 14:59:13 ELECTRUM: GetBlockHeader called for hash: 0000000000000c2f8a43b56fa000d5fd38ec4948c0adec51e20721f04c767ac8
2025/09/16 14:59:13 ELECTRUM: GetBestBlock called
2025/09/16 14:59:13 ELECTRUM: Subscribing to headers to get current height
2025/09/16 14:59:13 ELECTRUM: Got current height 4671511 from headers subscription
2025/09/16 14:59:13 ELECTRUM: Returning hash 0000000000000c2f8a43b56fa000d5fd38ec4948c0adec51e20721f04c767ac8 for height 4671511 (from headers subscription)
2025-09-16 14:59:14.006 [DBG] LTND lnd.go:727: Syncing to block chain rev=08ae35 best_block_time="2025-09-16 14:59:09 -0400 EDT" is_synced=false
2025/09/16 14:59:15 ELECTRUM: GetBestBlock called
2025/09/16 14:59:15 ELECTRUM: Subscribing to headers to get current height
2025/09/16 14:59:15 ELECTRUM: Got current height 4671511 from headers subscription
2025/09/16 14:59:15 ELECTRUM: Returning hash 0000000000000c2f8a43b56fa000d5fd38ec4948c0adec51e20721f04c767ac8 for height 4671511 (from headers subscription)
2025/09/16 14:59:15 ELECTRUM: GetBlockHeader called for hash: 0000000000000c2f8a43b56fa000d5fd38ec4948c0adec51e20721f04c767ac8
2025/09/16 14:59:15 ELECTRUM: GetBestBlock called
2025/09/16 14:59:15 ELECTRUM: Subscribing to headers to get current height
2025/09/16 14:59:15 ELECTRUM: Got current height 4671511 from headers subscription
2025/09/16 14:59:15 ELECTRUM: Returning hash 0000000000000c2f8a43b56fa000d5fd38ec4948c0adec51e20721f04c767ac8 for height 4671511 (from headers subscription)
2025-09-16 14:59:15.750 [DBG] LTND lnd.go:727: Syncing to block chain rev=08ae35 best_block_time="2025-09-16 14:59:09 -0400 EDT" is_synced=false
2025/09/16 14:59:16 ELECTRUM: GetBestBlock called
2025/09/16 14:59:16 ELECTRUM: Subscribing to headers to get current height
2025/09/16 14:59:16 ELECTRUM: Got current height 4671512 from headers subscription
2025/09/16 14:59:16 ELECTRUM: Returning hash 000000000002e9ea6305b260e58259372bcad1e6eb382db537316db1b5777bbd for height 4671512 (from headers subscription)
2025/09/16 14:59:16 ELECTRUM: GetBlockHeader called for hash: 000000000002e9ea6305b260e58259372bcad1e6eb382db537316db1b5777bbd
2025/09/16 14:59:16 ELECTRUM: GetBestBlock called
2025/09/16 14:59:16 ELECTRUM: Subscribing to headers to get current height
2025/09/16 14:59:17 ELECTRUM: Got current height 4671512 from headers subscription
2025/09/16 14:59:17 ELECTRUM: Returning hash 000000000002e9ea6305b260e58259372bcad1e6eb382db537316db1b5777bbd for height 4671512 (from headers subscription)
2025-09-16 14:59:17.463 [DBG] LTND lnd.go:727: Syncing to block chain rev=08ae35 best_block_time="2025-09-16 14:59:16 -0400 EDT" is_synced=false
2025/09/16 14:59:18 ELECTRUM: GetBestBlock called
2025/09/16 14:59:18 ELECTRUM: Subscribing to headers to get current height
2025/09/16 14:59:18 ELECTRUM: Got current height 4671513 from headers subscription
2025/09/16 14:59:18 ELECTRUM: Returning hash 00000000000169cd9aa9e26becb7a827c95c02c29776b066e6c4af49a114f81f for height 4671513 (from headers subscription)
2025/09/16 14:59:18 ELECTRUM: GetBlockHeader called for hash: 00000000000169cd9aa9e26becb7a827c95c02c29776b066e6c4af49a114f81f
2025/09/16 14:59:18 ELECTRUM: GetBestBlock called
2025/09/16 14:59:18 ELECTRUM: Subscribing to headers to get current height
2025/09/16 14:59:18 ELECTRUM: Got current height 4671513 from headers subscription
2025/09/16 14:59:18 ELECTRUM: Returning hash 00000000000169cd9aa9e26becb7a827c95c02c29776b066e6c4af49a114f81f for height 4671513 (from headers subscription)
2025-09-16 14:59:19.182 [DBG] LTND lnd.go:727: Syncing to block chain rev=08ae35 best_block_time="2025-09-16 14:59:16 -0400 EDT" is_synced=false
2025/09/16 14:59:20 ELECTRUM: GetBestBlock called
2025/09/16 14:59:20 ELECTRUM: Subscribing to headers to get current height
2025/09/16 14:59:20 ELECTRUM: Got current height 4671513 from headers subscription
2025/09/16 14:59:20 ELECTRUM: Returning hash 00000000000169cd9aa9e26becb7a827c95c02c29776b066e6c4af49a114f81f for height 4671513 (from headers subscription)
2025/09/16 14:59:20 ELECTRUM: GetBlockHeader called for hash: 00000000000169cd9aa9e26becb7a827c95c02c29776b066e6c4af49a114f81f
2025/09/16 14:59:20 ELECTRUM: GetBestBlock called
2025/09/16 14:59:20 ELECTRUM: Subscribing to headers to get current height
2025/09/16 14:59:20 ELECTRUM: Got current height 4671513 from headers subscription
2025/09/16 14:59:20 ELECTRUM: Returning hash 00000000000169cd9aa9e26becb7a827c95c02c29776b066e6c4af49a114f81f for height 4671513 (from headers subscription)
2025-09-16 14:59:20.961 [DBG] LTND lnd.go:727: Syncing to block chain rev=08ae35 best_block_time="2025-09-16 14:59:16 -0400 EDT" is_synced=false
2025/09/16 14:59:21 ELECTRUM: GetBestBlock called
2025/09/16 14:59:21 ELECTRUM: Subscribing to headers to get current height
2025/09/16 14:59:22 ELECTRUM: Got current height 4671513 from headers subscription
2025/09/16 14:59:22 ELECTRUM: Returning hash 00000000000169cd9aa9e26becb7a827c95c02c29776b066e6c4af49a114f81f for height 4671513 (from headers subscription)
2025/09/16 14:59:22 ELECTRUM: GetBlockHeader called for hash: 00000000000169cd9aa9e26becb7a827c95c02c29776b066e6c4af49a114f81f
2025/09/16 14:59:22 ELECTRUM: GetBestBlock called
2025/09/16 14:59:22 ELECTRUM: Subscribing to headers to get current height
2025/09/16 14:59:22 ELECTRUM: Got current height 4671513 from headers subscription
2025/09/16 14:59:22 ELECTRUM: Returning hash 00000000000169cd9aa9e26becb7a827c95c02c29776b066e6c4af49a114f81f for height 4671513 (from headers subscription)
2025-09-16 14:59:22.777 [DBG] LTND lnd.go:727: Syncing to block chain rev=08ae35 best_block_time="2025-09-16 14:59:16 -0400 EDT" is_synced=false
2025/09/16 14:59:23 ELECTRUM: GetBestBlock called
2025/09/16 14:59:23 ELECTRUM: Subscribing to headers to get current height
2025/09/16 14:59:24 ELECTRUM: Got current height 4671514 from headers subscription
2025/09/16 14:59:24 ELECTRUM: Returning hash 000000000002b776f4dee22978f76aaa665593f0deafd802080f65357de47086 for height 4671514 (from headers subscription)
2025/09/16 14:59:24 ELECTRUM: GetBlockHeader called for hash: 000000000002b776f4dee22978f76aaa665593f0deafd802080f65357de47086
2025/09/16 14:59:24 ELECTRUM: GetBestBlock called
2025/09/16 14:59:24 ELECTRUM: Subscribing to headers to get current height
2025/09/16 14:59:24 ELECTRUM: Got current height 4671514 from headers subscription
2025/09/16 14:59:24 ELECTRUM: Returning hash 000000000002b776f4dee22978f76aaa665593f0deafd802080f65357de47086 for height 4671514 (from headers subscription)
2025-09-16 14:59:24.503 [DBG] LTND lnd.go:727: Syncing to block chain rev=08ae35 best_block_time="2025-09-16 14:59:17 -0400 EDT" is_synced=false
2025/09/16 14:59:25 ELECTRUM: GetBestBlock called
2025/09/16 14:59:25 ELECTRUM: Subscribing to headers to get current height
2025/09/16 14:59:25 ELECTRUM: Got current height 4671514 from headers subscription
2025/09/16 14:59:25 ELECTRUM: Returning hash 000000000002b776f4dee22978f76aaa665593f0deafd802080f65357de47086 for height 4671514 (from headers subscription)
2025/09/16 14:59:25 ELECTRUM: GetBlockHeader called for hash: 000000000002b776f4dee22978f76aaa665593f0deafd802080f65357de47086
2025/09/16 14:59:25 ELECTRUM: GetBestBlock called
2025/09/16 14:59:25 ELECTRUM: Subscribing to headers to get current height
2025/09/16 14:59:25 ELECTRUM: Got current height 4671514 from headers subscription
2025/09/16 14:59:25 ELECTRUM: Returning hash 000000000002b776f4dee22978f76aaa665593f0deafd802080f65357de47086 for height 4671514 (from headers subscription)
2025-09-16 14:59:26.213 [DBG] LTND lnd.go:727: Syncing to block chain rev=08ae35 best_block_time="2025-09-16 14:59:17 -0400 EDT" is_synced=false
2025/09/16 14:59:27 ELECTRUM: GetBestBlock called
2025/09/16 14:59:27 ELECTRUM: Subscribing to headers to get current height
2025/09/16 14:59:27 ELECTRUM: Got current height 4671515 from headers subscription
2025/09/16 14:59:27 ELECTRUM: Returning hash 000000000000c32b47cc8152d69f8d0f1033c4322286639b4007e450a3fac176 for height 4671515 (from headers subscription)
2025/09/16 14:59:27 ELECTRUM: GetBlockHeader called for hash: 000000000000c32b47cc8152d69f8d0f1033c4322286639b4007e450a3fac176
2025/09/16 14:59:27 ELECTRUM: GetBestBlock called
2025/09/16 14:59:27 ELECTRUM: Subscribing to headers to get current height
2025/09/16 14:59:27 ELECTRUM: Got current height 4671515 from headers subscription
2025/09/16 14:59:27 ELECTRUM: Returning hash 000000000000c32b47cc8152d69f8d0f1033c4322286639b4007e450a3fac176 for height 4671515 (from headers subscription)
2025-09-16 14:59:27.918 [DBG] LTND lnd.go:727: Syncing to block chain rev=08ae35 best_block_time="2025-09-16 14:59:26 -0400 EDT" is_synced=false
2025/09/16 14:59:28 ELECTRUM: GetBestBlock called
2025/09/16 14:59:28 ELECTRUM: Subscribing to headers to get current height
2025/09/16 14:59:28 ELECTRUM: GetBestBlock called
2025/09/16 14:59:28 ELECTRUM: Subscribing to headers to get current height
2025/09/16 14:59:29 ELECTRUM: Got current height 4671515 from headers subscription
2025/09/16 14:59:29 ELECTRUM: Returning hash 000000000000c32b47cc8152d69f8d0f1033c4322286639b4007e450a3fac176 for height 4671515 (from headers subscription)
2025/09/16 14:59:29 ELECTRUM: GetBlockHeader called for hash: 000000000000c32b47cc8152d69f8d0f1033c4322286639b4007e450a3fac176
2025/09/16 14:59:29 ELECTRUM: GetBestBlock called
2025/09/16 14:59:29 ELECTRUM: Subscribing to headers to get current height
2025/09/16 14:59:29 ELECTRUM: Got current height 4671515 from headers subscription
2025/09/16 14:59:29 ELECTRUM: Returning hash 000000000000c32b47cc8152d69f8d0f1033c4322286639b4007e450a3fac176 for height 4671515 (from headers subscription)
2025/09/16 14:59:29 ELECTRUM: Checking for new blocks - current: 4671515, last known: 4671506
2025/09/16 14:59:29 ELECTRUM: New block detected! Height: 4671515 (was 4671506)
2025/09/16 14:59:29 ELECTRUM: Sending block connected notification for height 4671515
2025/09/16 14:59:29 ELECTRUM: Block notification sent successfully for height 4671515
2025/09/16 14:59:29 ELECTRUM: Got current height 4671515 from headers subscription
2025/09/16 14:59:29 ELECTRUM: Returning hash 000000000000c32b47cc8152d69f8d0f1033c4322286639b4007e450a3fac176 for height 4671515 (from headers subscription)
2025-09-16 14:59:29.626 [DBG] LTND lnd.go:727: Syncing to block chain rev=08ae35 best_block_time="2025-09-16 14:59:26 -0400 EDT" is_synced=false
2025/09/16 14:59:30 ELECTRUM: GetBestBlock called
2025/09/16 14:59:30 ELECTRUM: Subscribing to headers to get current height
2025/09/16 14:59:30 ELECTRUM: Got current height 4671516 from headers subscription
2025/09/16 14:59:30 ELECTRUM: Returning hash 000000000001f9d6ae600d9c70e78fa5bc582babf37ac7504b8a64a156517161 for height 4671516 (from headers subscription)
2025/09/16 14:59:30 ELECTRUM: Checking for new blocks - current: 4671516, last known: 4671506
2025/09/16 14:59:30 ELECTRUM: New block detected! Height: 4671516 (was 4671506)
2025/09/16 14:59:30 ELECTRUM: Sending block connected notification for height 4671516
2025/09/16 14:59:30 ELECTRUM: Block notification sent successfully for height 4671516
2025/09/16 14:59:30 ELECTRUM: GetBestBlock called
2025/09/16 14:59:30 ELECTRUM: Subscribing to headers to get current height
2025/09/16 14:59:30 ELECTRUM: GetBestBlock called
2025/09/16 14:59:30 ELECTRUM: Subscribing to headers to get current height
2025/09/16 14:59:30 ELECTRUM: Got current height 4671516 from headers subscription
2025/09/16 14:59:30 ELECTRUM: Returning hash 000000000001f9d6ae600d9c70e78fa5bc582babf37ac7504b8a64a156517161 for height 4671516 (from headers subscription)
2025/09/16 14:59:30 ELECTRUM: Checking for new blocks - current: 4671516, last known: 4671506
2025/09/16 14:59:30 ELECTRUM: New block detected! Height: 4671516 (was 4671506)
2025/09/16 14:59:30 ELECTRUM: Sending block connected notification for height 4671516
2025/09/16 14:59:30 ELECTRUM: Block notification sent successfully for height 4671516
2025/09/16 14:59:30 ELECTRUM: Got current height 4671516 from headers subscription
2025/09/16 14:59:30 ELECTRUM: Returning hash 000000000001f9d6ae600d9c70e78fa5bc582babf37ac7504b8a64a156517161 for height 4671516 (from headers subscription)
2025/09/16 14:59:30 ELECTRUM: GetBlockHeader called for hash: 000000000001f9d6ae600d9c70e78fa5bc582babf37ac7504b8a64a156517161
2025/09/16 14:59:30 ELECTRUM: GetBestBlock called
2025/09/16 14:59:30 ELECTRUM: Subscribing to headers to get current height
2025/09/16 14:59:31 ELECTRUM: Got current height 4671516 from headers subscription
2025/09/16 14:59:31 ELECTRUM: Returning hash 000000000001f9d6ae600d9c70e78fa5bc582babf37ac7504b8a64a156517161 for height 4671516 (from headers subscription)
2025-09-16 14:59:31.361 [DBG] LTND lnd.go:727: Syncing to block chain rev=08ae35 best_block_time="2025-09-16 14:59:26 -0400 EDT" is_synced=false
2025/09/16 14:59:32 ELECTRUM: GetBestBlock called
2025/09/16 14:59:32 ELECTRUM: Subscribing to headers to get current height
2025/09/16 14:59:32 ELECTRUM: Got current height 4671516 from headers subscription
2025/09/16 14:59:32 ELECTRUM: Returning hash 000000000001f9d6ae600d9c70e78fa5bc582babf37ac7504b8a64a156517161 for height 4671516 (from headers subscription)
2025/09/16 14:59:32 ELECTRUM: GetBlockHeader called for hash: 000000000001f9d6ae600d9c70e78fa5bc582babf37ac7504b8a64a156517161
2025/09/16 14:59:32 ELECTRUM: GetBestBlock called
2025/09/16 14:59:32 ELECTRUM: Subscribing to headers to get current height
2025/09/16 14:59:32 ELECTRUM: Got current height 4671516 from headers subscription
2025/09/16 14:59:32 ELECTRUM: Returning hash 000000000001f9d6ae600d9c70e78fa5bc582babf37ac7504b8a64a156517161 for height 4671516 (from headers subscription)
2025-09-16 14:59:33.061 [DBG] LTND lnd.go:727: Syncing to block chain rev=08ae35 best_block_time="2025-09-16 14:59:26 -0400 EDT" is_synced=false
2025/09/16 14:59:34 ELECTRUM: GetBestBlock called
2025/09/16 14:59:34 ELECTRUM: Subscribing to headers to get current height
2025/09/16 14:59:34 ELECTRUM: Got current height 4671516 from headers subscription
2025/09/16 14:59:34 ELECTRUM: Returning hash 000000000001f9d6ae600d9c70e78fa5bc582babf37ac7504b8a64a156517161 for height 4671516 (from headers subscription)
2025/09/16 14:59:34 ELECTRUM: GetBlockHeader called for hash: 000000000001f9d6ae600d9c70e78fa5bc582babf37ac7504b8a64a156517161
2025/09/16 14:59:34 ELECTRUM: GetBestBlock called
2025/09/16 14:59:34 ELECTRUM: Subscribing to headers to get current height
2025/09/16 14:59:34 ELECTRUM: Got current height 4671516 from headers subscription
2025/09/16 14:59:34 ELECTRUM: Returning hash 000000000001f9d6ae600d9c70e78fa5bc582babf37ac7504b8a64a156517161 for height 4671516 (from headers subscription)
2025-09-16 14:59:34.763 [DBG] LTND lnd.go:727: Syncing to block chain rev=08ae35 best_block_time="2025-09-16 14:59:26 -0400 EDT" is_synced=false
2025/09/16 14:59:35 ELECTRUM: GetBestBlock called
2025/09/16 14:59:35 ELECTRUM: Subscribing to headers to get current height
2025/09/16 14:59:36 ELECTRUM: Got current height 4671518 from headers subscription
2025/09/16 14:59:36 ELECTRUM: Returning hash 000000000000000559814c33d0446958dc7d08a77785d5f0b28d4958426cf2c3 for height 4671518 (from headers subscription)
2025/09/16 14:59:36 ELECTRUM: GetBlockHeader called for hash: 000000000000000559814c33d0446958dc7d08a77785d5f0b28d4958426cf2c3
2025/09/16 14:59:36 ELECTRUM: GetBestBlock called
2025/09/16 14:59:36 ELECTRUM: Subscribing to headers to get current height
2025/09/16 14:59:36 ELECTRUM: Got current height 4671518 from headers subscription
2025/09/16 14:59:36 ELECTRUM: Returning hash 000000000000000559814c33d0446958dc7d08a77785d5f0b28d4958426cf2c3 for height 4671518 (from headers subscription)
2025-09-16 14:59:36.470 [DBG] LTND lnd.go:727: Syncing to block chain rev=08ae35 best_block_time="2025-09-16 14:59:35 -0400 EDT" is_synced=false
2025/09/16 14:59:37 ELECTRUM: GetBestBlock called
2025/09/16 14:59:37 ELECTRUM: Subscribing to headers to get current height
2025/09/16 14:59:37 ELECTRUM: Got current height 4671519 from headers subscription
2025/09/16 14:59:37 ELECTRUM: Returning hash 000000000003d2271dee6a22d37b32b71a9961a9663dcc34fa91a3a8e723ee82 for height 4671519 (from headers subscription)
2025/09/16 14:59:37 ELECTRUM: GetBlockHeader called for hash: 000000000003d2271dee6a22d37b32b71a9961a9663dcc34fa91a3a8e723ee82
2025/09/16 14:59:37 ELECTRUM: GetBestBlock called
2025/09/16 14:59:37 ELECTRUM: Subscribing to headers to get current height
2025/09/16 14:59:37 ELECTRUM: Got current height 4671519 from headers subscription
2025/09/16 14:59:37 ELECTRUM: Returning hash 000000000003d2271dee6a22d37b32b71a9961a9663dcc34fa91a3a8e723ee82 for height 4671519 (from headers subscription)
2025-09-16 14:59:38.174 [DBG] LTND lnd.go:727: Syncing to block chain rev=08ae35 best_block_time="2025-09-16 14:59:35 -0400 EDT" is_synced=false
2025/09/16 14:59:39 ELECTRUM: GetBestBlock called
2025/09/16 14:59:39 ELECTRUM: Subscribing to headers to get current height
2025/09/16 14:59:39 ELECTRUM: Got current height 4671519 from headers subscription
2025/09/16 14:59:39 ELECTRUM: Returning hash 000000000003d2271dee6a22d37b32b71a9961a9663dcc34fa91a3a8e723ee82 for height 4671519 (from headers subscription)
2025/09/16 14:59:39 ELECTRUM: GetBlockHeader called for hash: 000000000003d2271dee6a22d37b32b71a9961a9663dcc34fa91a3a8e723ee82
2025/09/16 14:59:39 ELECTRUM: GetBestBlock called
2025/09/16 14:59:39 ELECTRUM: Subscribing to headers to get current height
2025/09/16 14:59:39 ELECTRUM: Got current height 4671519 from headers subscription
2025/09/16 14:59:39 ELECTRUM: Returning hash 000000000003d2271dee6a22d37b32b71a9961a9663dcc34fa91a3a8e723ee82 for height 4671519 (from headers subscription)
2025-09-16 14:59:39.886 [DBG] LTND lnd.go:727: Syncing to block chain rev=08ae35 best_block_time="2025-09-16 14:59:35 -0400 EDT" is_synced=false
2025/09/16 14:59:40 ELECTRUM: GetBestBlock called
2025/09/16 14:59:40 ELECTRUM: Subscribing to headers to get current height
2025/09/16 14:59:41 ELECTRUM: Got current height 4671519 from headers subscription
2025/09/16 14:59:41 ELECTRUM: Returning hash 000000000003d2271dee6a22d37b32b71a9961a9663dcc34fa91a3a8e723ee82 for height 4671519 (from headers subscription)
2025/09/16 14:59:41 ELECTRUM: GetBlockHeader called for hash: 000000000003d2271dee6a22d37b32b71a9961a9663dcc34fa91a3a8e723ee82
2025/09/16 14:59:41 ELECTRUM: GetBestBlock called
2025/09/16 14:59:41 ELECTRUM: Subscribing to headers to get current height
2025/09/16 14:59:41 ELECTRUM: Got current height 4671519 from headers subscription
2025/09/16 14:59:41 ELECTRUM: Returning hash 000000000003d2271dee6a22d37b32b71a9961a9663dcc34fa91a3a8e723ee82 for height 4671519 (from headers subscription)
2025-09-16 14:59:41.597 [DBG] LTND lnd.go:727: Syncing to block chain rev=08ae35 best_block_time="2025-09-16 14:59:35 -0400 EDT" is_synced=false
2025/09/16 14:59:42 ELECTRUM: GetBestBlock called
2025/09/16 14:59:42 ELECTRUM: Subscribing to headers to get current height
2025/09/16 14:59:42 ELECTRUM: Got current height 4671519 from headers subscription
2025/09/16 14:59:42 ELECTRUM: Returning hash 000000000003d2271dee6a22d37b32b71a9961a9663dcc34fa91a3a8e723ee82 for height 4671519 (from headers subscription)
2025/09/16 14:59:42 ELECTRUM: GetBlockHeader called for hash: 000000000003d2271dee6a22d37b32b71a9961a9663dcc34fa91a3a8e723ee82
2025/09/16 14:59:42 ELECTRUM: GetBestBlock called
2025/09/16 14:59:42 ELECTRUM: Subscribing to headers to get current height
2025/09/16 14:59:43 ELECTRUM: Got current height 4671519 from headers subscription
2025/09/16 14:59:43 ELECTRUM: Returning hash 000000000003d2271dee6a22d37b32b71a9961a9663dcc34fa91a3a8e723ee82 for height 4671519 (from headers subscription)
2025-09-16 14:59:43.303 [DBG] LTND lnd.go:727: Syncing to block chain rev=08ae35 best_block_time="2025-09-16 14:59:35 -0400 EDT" is_synced=false
2025/09/16 14:59:44 ELECTRUM: GetBestBlock called
2025/09/16 14:59:44 ELECTRUM: Subscribing to headers to get current height
2025/09/16 14:59:44 ELECTRUM: Got current height 4671520 from headers subscription
2025/09/16 14:59:44 ELECTRUM: Returning hash 00000000000007a81e467da9226656475ed3d97f7929343cca657b8f2b967cca for height 4671520 (from headers subscription)
2025/09/16 14:59:44 ELECTRUM: GetBlockHeader called for hash: 00000000000007a81e467da9226656475ed3d97f7929343cca657b8f2b967cca
2025/09/16 14:59:44 ELECTRUM: GetBestBlock called
2025/09/16 14:59:44 ELECTRUM: Subscribing to headers to get current height
2025/09/16 14:59:44 ELECTRUM: Got current height 4671520 from headers subscription
2025/09/16 14:59:44 ELECTRUM: Returning hash 00000000000007a81e467da9226656475ed3d97f7929343cca657b8f2b967cca for height 4671520 (from headers subscription)
2025-09-16 14:59:45.010 [DBG] LTND lnd.go:727: Syncing to block chain rev=08ae35 best_block_time="2025-09-16 14:59:48 -0400 EDT" is_synced=false
2025/09/16 14:59:46 ELECTRUM: GetBestBlock called
2025/09/16 14:59:46 ELECTRUM: Subscribing to headers to get current height
2025/09/16 14:59:46 ELECTRUM: Got current height 4671520 from headers subscription
2025/09/16 14:59:46 ELECTRUM: Returning hash 00000000000007a81e467da9226656475ed3d97f7929343cca657b8f2b967cca for height 4671520 (from headers subscription)
2025/09/16 14:59:46 ELECTRUM: GetBlockHeader called for hash: 00000000000007a81e467da9226656475ed3d97f7929343cca657b8f2b967cca
2025/09/16 14:59:46 ELECTRUM: GetBestBlock called
2025/09/16 14:59:46 ELECTRUM: Subscribing to headers to get current height
2025/09/16 14:59:46 ELECTRUM: Got current height 4671520 from headers subscription
2025/09/16 14:59:46 ELECTRUM: Returning hash 00000000000007a81e467da9226656475ed3d97f7929343cca657b8f2b967cca for height 4671520 (from headers subscription)
2025-09-16 14:59:46.713 [DBG] LTND lnd.go:727: Syncing to block chain rev=08ae35 best_block_time="2025-09-16 14:59:48 -0400 EDT" is_synced=false
2025/09/16 14:59:47 ELECTRUM: GetBestBlock called
2025/09/16 14:59:47 ELECTRUM: Subscribing to headers to get current height
2025/09/16 14:59:47 ELECTRUM: Got current height 4671520 from headers subscription
2025/09/16 14:59:47 ELECTRUM: Returning hash 00000000000007a81e467da9226656475ed3d97f7929343cca657b8f2b967cca for height 4671520 (from headers subscription)
2025/09/16 14:59:47 ELECTRUM: GetBlockHeader called for hash: 00000000000007a81e467da9226656475ed3d97f7929343cca657b8f2b967cca
2025/09/16 14:59:47 ELECTRUM: GetBestBlock called
2025/09/16 14:59:47 ELECTRUM: Subscribing to headers to get current height
2025/09/16 14:59:48 ELECTRUM: Got current height 4671520 from headers subscription
2025/09/16 14:59:48 ELECTRUM: Returning hash 00000000000007a81e467da9226656475ed3d97f7929343cca657b8f2b967cca for height 4671520 (from headers subscription)
2025-09-16 14:59:48.418 [DBG] LTND lnd.go:727: Syncing to block chain rev=08ae35 best_block_time="2025-09-16 14:59:48 -0400 EDT" is_synced=false
2025/09/16 14:59:49 ELECTRUM: GetBestBlock called
2025/09/16 14:59:49 ELECTRUM: Subscribing to headers to get current height
2025/09/16 14:59:49 ELECTRUM: Got current height 4671520 from headers subscription
2025/09/16 14:59:49 ELECTRUM: Returning hash 00000000000007a81e467da9226656475ed3d97f7929343cca657b8f2b967cca for height 4671520 (from headers subscription)
2025/09/16 14:59:49 ELECTRUM: GetBlockHeader called for hash: 00000000000007a81e467da9226656475ed3d97f7929343cca657b8f2b967cca
2025/09/16 14:59:49 ELECTRUM: GetBestBlock called
2025/09/16 14:59:49 ELECTRUM: Subscribing to headers to get current height
2025/09/16 14:59:49 ELECTRUM: Got current height 4671520 from headers subscription
2025/09/16 14:59:49 ELECTRUM: Returning hash 00000000000007a81e467da9226656475ed3d97f7929343cca657b8f2b967cca for height 4671520 (from headers subscription)
2025-09-16 14:59:50.120 [DBG] LTND lnd.go:727: Syncing to block chain rev=08ae35 best_block_time="2025-09-16 14:59:48 -0400 EDT" is_synced=false
2025/09/16 14:59:51 ELECTRUM: GetBestBlock called
2025/09/16 14:59:51 ELECTRUM: Subscribing to headers to get current height
2025/09/16 14:59:51 ELECTRUM: Got current height 4671521 from headers subscription
2025/09/16 14:59:51 ELECTRUM: Returning hash 00000000000014c1ed26eeb7608d86fc90c4e71d73c67f8fb3ef4fb79ebbfb60 for height 4671521 (from headers subscription)
2025/09/16 14:59:51 ELECTRUM: GetBlockHeader called for hash: 00000000000014c1ed26eeb7608d86fc90c4e71d73c67f8fb3ef4fb79ebbfb60
2025/09/16 14:59:51 ELECTRUM: GetBestBlock called
2025/09/16 14:59:51 ELECTRUM: Subscribing to headers to get current height
2025/09/16 14:59:51 ELECTRUM: Got current height 4671521 from headers subscription
2025/09/16 14:59:51 ELECTRUM: Returning hash 00000000000014c1ed26eeb7608d86fc90c4e71d73c67f8fb3ef4fb79ebbfb60 for height 4671521 (from headers subscription)
2025-09-16 14:59:51.829 [DBG] LTND lnd.go:727: Syncing to block chain rev=08ae35 best_block_time="2025-09-16 14:59:43 -0400 EDT" is_synced=false
2025/09/16 14:59:52 ELECTRUM: GetBestBlock called
2025/09/16 14:59:52 ELECTRUM: Subscribing to headers to get current height
2025/09/16 14:59:53 ELECTRUM: Got current height 4671522 from headers subscription
2025/09/16 14:59:53 ELECTRUM: Returning hash 00000000000088c1b3cdd817cb54eb7e779f0183e834706acf2b2ebb4cb8a121 for height 4671522 (from headers subscription)
2025/09/16 14:59:53 ELECTRUM: GetBlockHeader called for hash: 00000000000088c1b3cdd817cb54eb7e779f0183e834706acf2b2ebb4cb8a121
2025/09/16 14:59:53 ELECTRUM: GetBestBlock called
2025/09/16 14:59:53 ELECTRUM: Subscribing to headers to get current height
2025/09/16 14:59:53 ELECTRUM: Got current height 4671522 from headers subscription
2025/09/16 14:59:53 ELECTRUM: Returning hash 00000000000088c1b3cdd817cb54eb7e779f0183e834706acf2b2ebb4cb8a121 for height 4671522 (from headers subscription)
2025-09-16 14:59:53.533 [DBG] LTND lnd.go:727: Syncing to block chain rev=08ae35 best_block_time="2025-09-16 14:59:49 -0400 EDT" is_synced=false
2025/09/16 14:59:54 ELECTRUM: GetBestBlock called
2025/09/16 14:59:54 ELECTRUM: Subscribing to headers to get current height
2025/09/16 14:59:54 ELECTRUM: Got current height 4671523 from headers subscription
2025/09/16 14:59:54 ELECTRUM: Returning hash 000000000000224f8b9614f5aa98482d8c4305f3843fd04998c4b017378ef6e0 for height 4671523 (from headers subscription)
2025/09/16 14:59:54 ELECTRUM: GetBlockHeader called for hash: 000000000000224f8b9614f5aa98482d8c4305f3843fd04998c4b017378ef6e0
2025/09/16 14:59:54 ELECTRUM: GetBestBlock called
2025/09/16 14:59:54 ELECTRUM: Subscribing to headers to get current height
2025/09/16 14:59:55 ELECTRUM: Got current height 4671523 from headers subscription
2025/09/16 14:59:55 ELECTRUM: Returning hash 000000000000224f8b9614f5aa98482d8c4305f3843fd04998c4b017378ef6e0 for height 4671523 (from headers subscription)
2025-09-16 14:59:55.234 [DBG] LTND lnd.go:727: Syncing to block chain rev=08ae35 best_block_time="2025-09-16 15:00:04 -0400 EDT" is_synced=false
2025/09/16 14:59:56 ELECTRUM: GetBestBlock called
2025/09/16 14:59:56 ELECTRUM: Subscribing to headers to get current height
2025/09/16 14:59:56 ELECTRUM: Got current height 4671523 from headers subscription
2025/09/16 14:59:56 ELECTRUM: Returning hash 000000000000224f8b9614f5aa98482d8c4305f3843fd04998c4b017378ef6e0 for height 4671523 (from headers subscription)
2025/09/16 14:59:56 ELECTRUM: GetBlockHeader called for hash: 000000000000224f8b9614f5aa98482d8c4305f3843fd04998c4b017378ef6e0
2025/09/16 14:59:56 ELECTRUM: GetBestBlock called
2025/09/16 14:59:56 ELECTRUM: Subscribing to headers to get current height
2025/09/16 14:59:56 ELECTRUM: Got current height 4671523 from headers subscription
2025/09/16 14:59:56 ELECTRUM: Returning hash 000000000000224f8b9614f5aa98482d8c4305f3843fd04998c4b017378ef6e0 for height 4671523 (from headers subscription)
2025-09-16 14:59:56.934 [DBG] LTND lnd.go:727: Syncing to block chain rev=08ae35 best_block_time="2025-09-16 15:00:04 -0400 EDT" is_synced=false
2025/09/16 14:59:57 ELECTRUM: GetBestBlock called
2025/09/16 14:59:57 ELECTRUM: Subscribing to headers to get current height
2025/09/16 14:59:58 ELECTRUM: Got current height 4671523 from headers subscription
2025/09/16 14:59:58 ELECTRUM: Returning hash 000000000000224f8b9614f5aa98482d8c4305f3843fd04998c4b017378ef6e0 for height 4671523 (from headers subscription)
2025/09/16 14:59:58 ELECTRUM: GetBlockHeader called for hash: 000000000000224f8b9614f5aa98482d8c4305f3843fd04998c4b017378ef6e0
2025/09/16 14:59:58 ELECTRUM: GetBestBlock called
2025/09/16 14:59:58 ELECTRUM: Subscribing to headers to get current height
2025/09/16 14:59:58 ELECTRUM: Got current height 4671523 from headers subscription
2025/09/16 14:59:58 ELECTRUM: Returning hash 000000000000224f8b9614f5aa98482d8c4305f3843fd04998c4b017378ef6e0 for height 4671523 (from headers subscription)
2025-09-16 14:59:58.642 [DBG] LTND lnd.go:727: Syncing to block chain rev=08ae35 best_block_time="2025-09-16 15:00:04 -0400 EDT" is_synced=false
2025/09/16 14:59:58 ELECTRUM: GetBestBlock called
2025/09/16 14:59:58 ELECTRUM: Subscribing to headers to get current height
2025/09/16 14:59:59 ELECTRUM: Got current height 4671524 from headers subscription
2025/09/16 14:59:59 ELECTRUM: Returning hash 0000000000001e51c896bd90e4f6e05fc67792c14fe39a54de56356e5ecf37bc for height 4671524 (from headers subscription)
2025/09/16 14:59:59 ELECTRUM: Checking for new blocks - current: 4671524, last known: 4671515
2025/09/16 14:59:59 ELECTRUM: New block detected! Height: 4671524 (was 4671515)
2025/09/16 14:59:59 ELECTRUM: Sending block connected notification for height 4671524
2025/09/16 14:59:59 ELECTRUM: Block notification sent successfully for height 4671524
2025/09/16 14:59:59 ELECTRUM: GetBestBlock called
2025/09/16 14:59:59 ELECTRUM: Subscribing to headers to get current height
2025/09/16 14:59:59 ELECTRUM: Got current height 4671524 from headers subscription
2025/09/16 14:59:59 ELECTRUM: Returning hash 0000000000001e51c896bd90e4f6e05fc67792c14fe39a54de56356e5ecf37bc for height 4671524 (from headers subscription)
2025/09/16 14:59:59 ELECTRUM: GetBlockHeader called for hash: 0000000000001e51c896bd90e4f6e05fc67792c14fe39a54de56356e5ecf37bc
2025/09/16 14:59:59 ELECTRUM: GetBestBlock called
2025/09/16 14:59:59 ELECTRUM: Subscribing to headers to get current height
2025/09/16 15:00:00 ELECTRUM: Got current height 4671524 from headers subscription
2025/09/16 15:00:00 ELECTRUM: Returning hash 0000000000001e51c896bd90e4f6e05fc67792c14fe39a54de56356e5ecf37bc for height 4671524 (from headers subscription)
2025/09/16 15:00:00 ELECTRUM: GetBestBlock called
2025/09/16 15:00:00 ELECTRUM: Subscribing to headers to get current height
2025-09-16 15:00:00.355 [DBG] LTND lnd.go:727: Syncing to block chain rev=08ae35 best_block_time="2025-09-16 14:59:54 -0400 EDT" is_synced=false
2025/09/16 15:00:00 ELECTRUM: Got current height 4671524 from headers subscription
2025/09/16 15:00:00 ELECTRUM: Returning hash 0000000000001e51c896bd90e4f6e05fc67792c14fe39a54de56356e5ecf37bc for height 4671524 (from headers subscription)
2025/09/16 15:00:00 ELECTRUM: Checking for new blocks - current: 4671524, last known: 4671516
2025/09/16 15:00:00 ELECTRUM: New block detected! Height: 4671524 (was 4671516)
2025/09/16 15:00:00 ELECTRUM: Sending block connected notification for height 4671524
2025/09/16 15:00:00 ELECTRUM: Block notification sent successfully for height 4671524
2025/09/16 15:00:00 ELECTRUM: GetBestBlock called
2025/09/16 15:00:00 ELECTRUM: Subscribing to headers to get current height
2025/09/16 15:00:00 ELECTRUM: Got current height 4671524 from headers subscription
2025/09/16 15:00:00 ELECTRUM: Returning hash 0000000000001e51c896bd90e4f6e05fc67792c14fe39a54de56356e5ecf37bc for height 4671524 (from headers subscription)
2025/09/16 15:00:00 ELECTRUM: Checking for new blocks - current: 4671524, last known: 4671516
2025/09/16 15:00:00 ELECTRUM: New block detected! Height: 4671524 (was 4671516)
2025/09/16 15:00:00 ELECTRUM: Sending block connected notification for height 4671524
2025/09/16 15:00:00 ELECTRUM: Block notification sent successfully for height 4671524
2025/09/16 15:00:01 ELECTRUM: GetBestBlock called
2025/09/16 15:00:01 ELECTRUM: Subscribing to headers to get current height
2025/09/16 15:00:01 ELECTRUM: Got current height 4671524 from headers subscription
2025/09/16 15:00:01 ELECTRUM: Returning hash 0000000000001e51c896bd90e4f6e05fc67792c14fe39a54de56356e5ecf37bc for height 4671524 (from headers subscription)
2025/09/16 15:00:01 ELECTRUM: GetBlockHeader called for hash: 0000000000001e51c896bd90e4f6e05fc67792c14fe39a54de56356e5ecf37bc
2025/09/16 15:00:01 ELECTRUM: GetBestBlock called
2025/09/16 15:00:01 ELECTRUM: Subscribing to headers to get current height
2025/09/16 15:00:01 ELECTRUM: Got current height 4671524 from headers subscription
2025/09/16 15:00:01 ELECTRUM: Returning hash 0000000000001e51c896bd90e4f6e05fc67792c14fe39a54de56356e5ecf37bc for height 4671524 (from headers subscription)
2025-09-16 15:00:02.114 [DBG] LTND lnd.go:727: Syncing to block chain rev=08ae35 best_block_time="2025-09-16 14:59:54 -0400 EDT" is_synced=false
2025/09/16 15:00:03 ELECTRUM: GetBestBlock called
2025/09/16 15:00:03 ELECTRUM: Subscribing to headers to get current height
2025/09/16 15:00:03 ELECTRUM: Got current height 4671524 from headers subscription
2025/09/16 15:00:03 ELECTRUM: Returning hash 0000000000001e51c896bd90e4f6e05fc67792c14fe39a54de56356e5ecf37bc for height 4671524 (from headers subscription)
2025/09/16 15:00:03 ELECTRUM: GetBlockHeader called for hash: 0000000000001e51c896bd90e4f6e05fc67792c14fe39a54de56356e5ecf37bc
2025/09/16 15:00:03 ELECTRUM: GetBestBlock called
2025/09/16 15:00:03 ELECTRUM: Subscribing to headers to get current height
2025/09/16 15:00:03 ELECTRUM: Got current height 4671524 from headers subscription
2025/09/16 15:00:03 ELECTRUM: Returning hash 0000000000001e51c896bd90e4f6e05fc67792c14fe39a54de56356e5ecf37bc for height 4671524 (from headers subscription)
2025-09-16 15:00:03.825 [DBG] LTND lnd.go:727: Syncing to block chain rev=08ae35 best_block_time="2025-09-16 14:59:54 -0400 EDT" is_synced=false
2025/09/16 15:00:04 ELECTRUM: GetBestBlock called
2025/09/16 15:00:04 ELECTRUM: Subscribing to headers to get current height
2025/09/16 15:00:05 ELECTRUM: Got current height 4671525 from headers subscription
2025/09/16 15:00:05 ELECTRUM: Returning hash 00000000000048aeeb888ef10315b96a0070c13160dff841ca8ffe3e899953e9 for height 4671525 (from headers subscription)
2025/09/16 15:00:05 ELECTRUM: GetBlockHeader called for hash: 00000000000048aeeb888ef10315b96a0070c13160dff841ca8ffe3e899953e9
2025/09/16 15:00:05 ELECTRUM: GetBestBlock called
2025/09/16 15:00:05 ELECTRUM: Subscribing to headers to get current height
2025/09/16 15:00:05 ELECTRUM: Got current height 4671525 from headers subscription
2025/09/16 15:00:05 ELECTRUM: Returning hash 00000000000048aeeb888ef10315b96a0070c13160dff841ca8ffe3e899953e9 for height 4671525 (from headers subscription)
2025-09-16 15:00:05.529 [DBG] LTND lnd.go:727: Syncing to block chain rev=08ae35 best_block_time="2025-09-16 14:59:58 -0400 EDT" is_synced=false
2025/09/16 15:00:06 ELECTRUM: GetBestBlock called
2025/09/16 15:00:06 ELECTRUM: Subscribing to headers to get current height
2025/09/16 15:00:06 ELECTRUM: Got current height 4671526 from headers subscription
2025/09/16 15:00:06 ELECTRUM: Returning hash 0000000000000834a1393b64f4976b5f4d3b76b77d6d4172d312d0c7b534ca0c for height 4671526 (from headers subscription)
2025/09/16 15:00:06 ELECTRUM: GetBlockHeader called for hash: 0000000000000834a1393b64f4976b5f4d3b76b77d6d4172d312d0c7b534ca0c
2025/09/16 15:00:06 ELECTRUM: GetBestBlock called
2025/09/16 15:00:06 ELECTRUM: Subscribing to headers to get current height
2025/09/16 15:00:07 ELECTRUM: Got current height 4671526 from headers subscription
2025/09/16 15:00:07 ELECTRUM: Returning hash 0000000000000834a1393b64f4976b5f4d3b76b77d6d4172d312d0c7b534ca0c for height 4671526 (from headers subscription)
2025-09-16 15:00:07.236 [DBG] LTND lnd.go:727: Syncing to block chain rev=08ae35 best_block_time="2025-09-16 15:00:08 -0400 EDT" is_synced=false
2025/09/16 15:00:08 ELECTRUM: GetBestBlock called
2025/09/16 15:00:08 ELECTRUM: Subscribing to headers to get current height
2025/09/16 15:00:08 ELECTRUM: Got current height 4671526 from headers subscription
2025/09/16 15:00:08 ELECTRUM: Returning hash 0000000000000834a1393b64f4976b5f4d3b76b77d6d4172d312d0c7b534ca0c for height 4671526 (from headers subscription)
2025/09/16 15:00:08 ELECTRUM: GetBlockHeader called for hash: 0000000000000834a1393b64f4976b5f4d3b76b77d6d4172d312d0c7b534ca0c
2025/09/16 15:00:08 ELECTRUM: GetBestBlock called
2025/09/16 15:00:08 ELECTRUM: Subscribing to headers to get current height
2025/09/16 15:00:08 ELECTRUM: Got current height 4671526 from headers subscription
2025/09/16 15:00:08 ELECTRUM: Returning hash 0000000000000834a1393b64f4976b5f4d3b76b77d6d4172d312d0c7b534ca0c for height 4671526 (from headers subscription)
2025-09-16 15:00:08.938 [DBG] LTND lnd.go:727: Syncing to block chain rev=08ae35 best_block_time="2025-09-16 15:00:08 -0400 EDT" is_synced=false
2025/09/16 15:00:09 ELECTRUM: GetBestBlock called
2025/09/16 15:00:09 ELECTRUM: Subscribing to headers to get current height
2025/09/16 15:00:10 ELECTRUM: Got current height 4671527 from headers subscription
2025/09/16 15:00:10 ELECTRUM: Returning hash 0000000000001d5c8fbd332bcc1e811cd306ee1870369eab76d870f33aad4750 for height 4671527 (from headers subscription)
2025/09/16 15:00:10 ELECTRUM: GetBlockHeader called for hash: 0000000000001d5c8fbd332bcc1e811cd306ee1870369eab76d870f33aad4750
2025/09/16 15:00:10 ELECTRUM: GetBestBlock called
2025/09/16 15:00:10 ELECTRUM: Subscribing to headers to get current height
2025/09/16 15:00:10 ELECTRUM: Got current height 4671527 from headers subscription
2025/09/16 15:00:10 ELECTRUM: Returning hash 0000000000001d5c8fbd332bcc1e811cd306ee1870369eab76d870f33aad4750 for height 4671527 (from headers subscription)
2025-09-16 15:00:10.723 [DBG] LTND lnd.go:727: Syncing to block chain rev=08ae35 best_block_time="2025-09-16 15:00:11 -0400 EDT" is_synced=false
2025/09/16 15:00:11 ELECTRUM: GetBestBlock called
2025/09/16 15:00:11 ELECTRUM: Subscribing to headers to get current height
2025/09/16 15:00:11 ELECTRUM: Got current height 4671528 from headers subscription
2025/09/16 15:00:11 ELECTRUM: Returning hash 00000000000360f4f8886be9f7784dbe3c247b823fcbe9242fba0ec517708802 for height 4671528 (from headers subscription)
2025/09/16 15:00:11 ELECTRUM: GetBlockHeader called for hash: 00000000000360f4f8886be9f7784dbe3c247b823fcbe9242fba0ec517708802
2025/09/16 15:00:11 ELECTRUM: GetBestBlock called
2025/09/16 15:00:11 ELECTRUM: Subscribing to headers to get current height
2025/09/16 15:00:12 ELECTRUM: Got current height 4671528 from headers subscription
2025/09/16 15:00:12 ELECTRUM: Returning hash 00000000000360f4f8886be9f7784dbe3c247b823fcbe9242fba0ec517708802 for height 4671528 (from headers subscription)
2025-09-16 15:00:12.435 [DBG] LTND lnd.go:727: Syncing to block chain rev=08ae35 best_block_time="2025-09-16 15:00:09 -0400 EDT" is_synced=false
2025/09/16 15:00:13 ELECTRUM: GetBestBlock called
2025/09/16 15:00:13 ELECTRUM: Subscribing to headers to get current height
2025/09/16 15:00:13 ELECTRUM: Got current height 4671530 from headers subscription
2025/09/16 15:00:13 ELECTRUM: Returning hash 00000000000232b49ab77cf80be9b4220c5e77b69214c394a7e787090babb5c8 for height 4671530 (from headers subscription)
2025/09/16 15:00:13 ELECTRUM: GetBlockHeader called for hash: 00000000000232b49ab77cf80be9b4220c5e77b69214c394a7e787090babb5c8
2025/09/16 15:00:13 ELECTRUM: GetBestBlock called
2025/09/16 15:00:13 ELECTRUM: Subscribing to headers to get current height
2025/09/16 15:00:13 ELECTRUM: Got current height 4671530 from headers subscription
2025/09/16 15:00:13 ELECTRUM: Returning hash 00000000000232b49ab77cf80be9b4220c5e77b69214c394a7e787090babb5c8 for height 4671530 (from headers subscription)
2025-09-16 15:00:14.176 [DBG] LTND lnd.go:727: Syncing to block chain rev=08ae35 best_block_time="2025-09-16 15:00:11 -0400 EDT" is_synced=false
2025/09/16 15:00:15 ELECTRUM: GetBestBlock called
2025/09/16 15:00:15 ELECTRUM: Subscribing to headers to get current height
2025/09/16 15:00:15 ELECTRUM: Got current height 4671531 from headers subscription
2025/09/16 15:00:15 ELECTRUM: Returning hash 000000000000b61f011e2baca1f009bc602db3e27dd35859f7503a44c85d9b66 for height 4671531 (from headers subscription)
2025/09/16 15:00:15 ELECTRUM: GetBlockHeader called for hash: 000000000000b61f011e2baca1f009bc602db3e27dd35859f7503a44c85d9b66
2025/09/16 15:00:15 ELECTRUM: GetBestBlock called
2025/09/16 15:00:15 ELECTRUM: Subscribing to headers to get current height
2025/09/16 15:00:15 ELECTRUM: Got current height 4671531 from headers subscription
2025/09/16 15:00:15 ELECTRUM: Returning hash 000000000000b61f011e2baca1f009bc602db3e27dd35859f7503a44c85d9b66 for height 4671531 (from headers subscription)
2025-09-16 15:00:15.879 [DBG] LTND lnd.go:727: Syncing to block chain rev=08ae35 best_block_time="2025-09-16 15:00:12 -0400 EDT" is_synced=false
2025/09/16 15:00:16 ELECTRUM: GetBestBlock called
2025/09/16 15:00:16 ELECTRUM: Subscribing to headers to get current height
2025/09/16 15:00:17 ELECTRUM: Got current height 4671531 from headers subscription
2025/09/16 15:00:17 ELECTRUM: Returning hash 000000000000b61f011e2baca1f009bc602db3e27dd35859f7503a44c85d9b66 for height 4671531 (from headers subscription)
2025/09/16 15:00:17 ELECTRUM: GetBlockHeader called for hash: 000000000000b61f011e2baca1f009bc602db3e27dd35859f7503a44c85d9b66
2025/09/16 15:00:17 ELECTRUM: GetBestBlock called
2025/09/16 15:00:17 ELECTRUM: Subscribing to headers to get current height
2025/09/16 15:00:17 ELECTRUM: Got current height 4671531 from headers subscription
2025/09/16 15:00:17 ELECTRUM: Returning hash 000000000000b61f011e2baca1f009bc602db3e27dd35859f7503a44c85d9b66 for height 4671531 (from headers subscription)
2025-09-16 15:00:17.585 [DBG] LTND lnd.go:727: Syncing to block chain rev=08ae35 best_block_time="2025-09-16 15:00:12 -0400 EDT" is_synced=false
2025/09/16 15:00:18 ELECTRUM: GetBestBlock called
2025/09/16 15:00:18 ELECTRUM: Subscribing to headers to get current height
2025/09/16 15:00:18 ELECTRUM: Got current height 4671531 from headers subscription
2025/09/16 15:00:18 ELECTRUM: Returning hash 000000000000b61f011e2baca1f009bc602db3e27dd35859f7503a44c85d9b66 for height 4671531 (from headers subscription)
2025/09/16 15:00:18 ELECTRUM: GetBlockHeader called for hash: 000000000000b61f011e2baca1f009bc602db3e27dd35859f7503a44c85d9b66
2025/09/16 15:00:18 ELECTRUM: GetBestBlock called
2025/09/16 15:00:18 ELECTRUM: Subscribing to headers to get current height
2025/09/16 15:00:19 ELECTRUM: Got current height 4671531 from headers subscription
2025/09/16 15:00:19 ELECTRUM: Returning hash 000000000000b61f011e2baca1f009bc602db3e27dd35859f7503a44c85d9b66 for height 4671531 (from headers subscription)
2025-09-16 15:00:19.289 [DBG] LTND lnd.go:727: Syncing to block chain rev=08ae35 best_block_time="2025-09-16 15:00:12 -0400 EDT" is_synced=false
2025/09/16 15:00:20 ELECTRUM: GetBestBlock called
2025/09/16 15:00:20 ELECTRUM: Subscribing to headers to get current height
2025/09/16 15:00:20 ELECTRUM: Got current height 4671533 from headers subscription
2025/09/16 15:00:20 ELECTRUM: Returning hash 00000000000021824311d3acc0b19110dbf17ef93b3703ef712e1c764f2386fe for height 4671533 (from headers subscription)
2025/09/16 15:00:20 ELECTRUM: GetBlockHeader called for hash: 00000000000021824311d3acc0b19110dbf17ef93b3703ef712e1c764f2386fe
2025/09/16 15:00:20 ELECTRUM: GetBestBlock called
2025/09/16 15:00:20 ELECTRUM: Subscribing to headers to get current height
2025/09/16 15:00:20 ELECTRUM: Got current height 4671533 from headers subscription
2025/09/16 15:00:20 ELECTRUM: Returning hash 00000000000021824311d3acc0b19110dbf17ef93b3703ef712e1c764f2386fe for height 4671533 (from headers subscription)
2025-09-16 15:00:20.992 [DBG] LTND lnd.go:727: Syncing to block chain rev=08ae35 best_block_time="2025-09-16 15:00:19 -0400 EDT" is_synced=false
2025/09/16 15:00:21 ELECTRUM: GetBestBlock called
2025/09/16 15:00:21 ELECTRUM: Subscribing to headers to get current height
2025/09/16 15:00:22 ELECTRUM: Got current height 4671533 from headers subscription
2025/09/16 15:00:22 ELECTRUM: Returning hash 00000000000021824311d3acc0b19110dbf17ef93b3703ef712e1c764f2386fe for height 4671533 (from headers subscription)
2025/09/16 15:00:22 ELECTRUM: GetBlockHeader called for hash: 00000000000021824311d3acc0b19110dbf17ef93b3703ef712e1c764f2386fe
2025/09/16 15:00:22 ELECTRUM: GetBestBlock called
2025/09/16 15:00:22 ELECTRUM: Subscribing to headers to get current height
2025/09/16 15:00:22 ELECTRUM: Got current height 4671533 from headers subscription
2025/09/16 15:00:22 ELECTRUM: Returning hash 00000000000021824311d3acc0b19110dbf17ef93b3703ef712e1c764f2386fe for height 4671533 (from headers subscription)
2025-09-16 15:00:22.699 [DBG] LTND lnd.go:727: Syncing to block chain rev=08ae35 best_block_time="2025-09-16 15:00:19 -0400 EDT" is_synced=false
2025/09/16 15:00:23 ELECTRUM: GetBestBlock called
2025/09/16 15:00:23 ELECTRUM: Subscribing to headers to get current height
2025/09/16 15:00:23 ELECTRUM: Got current height 4671533 from headers subscription
2025/09/16 15:00:23 ELECTRUM: Returning hash 00000000000021824311d3acc0b19110dbf17ef93b3703ef712e1c764f2386fe for height 4671533 (from headers subscription)
2025/09/16 15:00:23 ELECTRUM: GetBlockHeader called for hash: 00000000000021824311d3acc0b19110dbf17ef93b3703ef712e1c764f2386fe
2025/09/16 15:00:23 ELECTRUM: GetBestBlock called
2025/09/16 15:00:23 ELECTRUM: Subscribing to headers to get current height
2025/09/16 15:00:24 ELECTRUM: Got current height 4671533 from headers subscription
2025/09/16 15:00:24 ELECTRUM: Returning hash 00000000000021824311d3acc0b19110dbf17ef93b3703ef712e1c764f2386fe for height 4671533 (from headers subscription)
2025-09-16 15:00:24.404 [DBG] LTND lnd.go:727: Syncing to block chain rev=08ae35 best_block_time="2025-09-16 15:00:19 -0400 EDT" is_synced=false
2025/09/16 15:00:25 ELECTRUM: GetBestBlock called
2025/09/16 15:00:25 ELECTRUM: Subscribing to headers to get current height
2025/09/16 15:00:25 ELECTRUM: Got current height 4671534 from headers subscription
2025/09/16 15:00:25 ELECTRUM: Returning hash 000000000001db5ee1e4413ac72caaacf1482c1eda8eefe5b0d54eed81db2d93 for height 4671534 (from headers subscription)
2025/09/16 15:00:25 ELECTRUM: GetBlockHeader called for hash: 000000000001db5ee1e4413ac72caaacf1482c1eda8eefe5b0d54eed81db2d93
2025/09/16 15:00:25 ELECTRUM: GetBestBlock called
2025/09/16 15:00:25 ELECTRUM: Subscribing to headers to get current height
2025/09/16 15:00:25 ELECTRUM: Got current height 4671534 from headers subscription
2025/09/16 15:00:25 ELECTRUM: Returning hash 000000000001db5ee1e4413ac72caaacf1482c1eda8eefe5b0d54eed81db2d93 for height 4671534 (from headers subscription)
2025-09-16 15:00:26.106 [DBG] LTND lnd.go:727: Syncing to block chain rev=08ae35 best_block_time="2025-09-16 15:00:30 -0400 EDT" is_synced=false
2025/09/16 15:00:27 ELECTRUM: GetBestBlock called
2025/09/16 15:00:27 ELECTRUM: Subscribing to headers to get current height
2025/09/16 15:00:27 ELECTRUM: Got current height 4671536 from headers subscription
2025/09/16 15:00:27 ELECTRUM: Returning hash 0000000000004af76d58b37a94216a70ac163d7edc34c7a5edc20bcc2c3d442f for height 4671536 (from headers subscription)
2025/09/16 15:00:27 ELECTRUM: GetBlockHeader called for hash: 0000000000004af76d58b37a94216a70ac163d7edc34c7a5edc20bcc2c3d442f
2025/09/16 15:00:27 ELECTRUM: GetBestBlock called
2025/09/16 15:00:27 ELECTRUM: Subscribing to headers to get current height
2025/09/16 15:00:27 ELECTRUM: Got current height 4671536 from headers subscription
2025/09/16 15:00:27 ELECTRUM: Returning hash 0000000000004af76d58b37a94216a70ac163d7edc34c7a5edc20bcc2c3d442f for height 4671536 (from headers subscription)
2025-09-16 15:00:27.811 [DBG] LTND lnd.go:727: Syncing to block chain rev=08ae35 best_block_time="2025-09-16 15:00:26 -0400 EDT" is_synced=false
2025/09/16 15:00:28 ELECTRUM: GetBestBlock called
2025/09/16 15:00:28 ELECTRUM: Subscribing to headers to get current height
2025/09/16 15:00:28 ELECTRUM: GetBestBlock called
2025/09/16 15:00:28 ELECTRUM: Subscribing to headers to get current height
2025/09/16 15:00:29 ELECTRUM: Got current height 4671536 from headers subscription
2025/09/16 15:00:29 ELECTRUM: Returning hash 0000000000004af76d58b37a94216a70ac163d7edc34c7a5edc20bcc2c3d442f for height 4671536 (from headers subscription)
2025/09/16 15:00:29 ELECTRUM: GetBlockHeader called for hash: 0000000000004af76d58b37a94216a70ac163d7edc34c7a5edc20bcc2c3d442f
2025/09/16 15:00:29 ELECTRUM: GetBestBlock called
2025/09/16 15:00:29 ELECTRUM: Subscribing to headers to get current height
2025/09/16 15:00:29 ELECTRUM: Got current height 4671536 from headers subscription
2025/09/16 15:00:29 ELECTRUM: Returning hash 0000000000004af76d58b37a94216a70ac163d7edc34c7a5edc20bcc2c3d442f for height 4671536 (from headers subscription)
2025/09/16 15:00:29 ELECTRUM: Checking for new blocks - current: 4671536, last known: 4671524
2025/09/16 15:00:29 ELECTRUM: New block detected! Height: 4671536 (was 4671524)
2025/09/16 15:00:29 ELECTRUM: Sending block connected notification for height 4671536
2025/09/16 15:00:29 ELECTRUM: Block notification sent successfully for height 4671536
2025/09/16 15:00:29 ELECTRUM: Got current height 4671536 from headers subscription
2025/09/16 15:00:29 ELECTRUM: Returning hash 0000000000004af76d58b37a94216a70ac163d7edc34c7a5edc20bcc2c3d442f for height 4671536 (from headers subscription)
2025-09-16 15:00:29.518 [DBG] LTND lnd.go:727: Syncing to block chain rev=08ae35 best_block_time="2025-09-16 15:00:26 -0400 EDT" is_synced=false
2025/09/16 15:00:30 ELECTRUM: GetBestBlock called
2025/09/16 15:00:30 ELECTRUM: Subscribing to headers to get current height
2025/09/16 15:00:30 ELECTRUM: Got current height 4671537 from headers subscription
2025/09/16 15:00:30 ELECTRUM: Returning hash 0000000000002cd672dbe0cd7f6517ca6d330a0a96e03a7d90c062a5cf212fef for height 4671537 (from headers subscription)
2025/09/16 15:00:30 ELECTRUM: Checking for new blocks - current: 4671537, last known: 4671524
2025/09/16 15:00:30 ELECTRUM: New block detected! Height: 4671537 (was 4671524)
2025/09/16 15:00:30 ELECTRUM: Sending block connected notification for height 4671537
2025/09/16 15:00:30 ELECTRUM: Block notification sent successfully for height 4671537
2025/09/16 15:00:30 ELECTRUM: GetBestBlock called
2025/09/16 15:00:30 ELECTRUM: Subscribing to headers to get current height
2025/09/16 15:00:30 ELECTRUM: GetBestBlock called
2025/09/16 15:00:30 ELECTRUM: Subscribing to headers to get current height
2025/09/16 15:00:30 ELECTRUM: Got current height 4671537 from headers subscription
2025/09/16 15:00:30 ELECTRUM: Returning hash 0000000000002cd672dbe0cd7f6517ca6d330a0a96e03a7d90c062a5cf212fef for height 4671537 (from headers subscription)
2025/09/16 15:00:30 ELECTRUM: Checking for new blocks - current: 4671537, last known: 4671524
2025/09/16 15:00:30 ELECTRUM: New block detected! Height: 4671537 (was 4671524)
2025/09/16 15:00:30 ELECTRUM: Sending block connected notification for height 4671537
2025/09/16 15:00:30 ELECTRUM: Block notification sent successfully for height 4671537
2025/09/16 15:00:30 ELECTRUM: Got current height 4671537 from headers subscription
2025/09/16 15:00:30 ELECTRUM: Returning hash 0000000000002cd672dbe0cd7f6517ca6d330a0a96e03a7d90c062a5cf212fef for height 4671537 (from headers subscription)
2025/09/16 15:00:30 ELECTRUM: GetBlockHeader called for hash: 0000000000002cd672dbe0cd7f6517ca6d330a0a96e03a7d90c062a5cf212fef
2025/09/16 15:00:30 ELECTRUM: GetBestBlock called
2025/09/16 15:00:30 ELECTRUM: Subscribing to headers to get current height
2025/09/16 15:00:30 ELECTRUM: Got current height 4671537 from headers subscription
2025/09/16 15:00:30 ELECTRUM: Returning hash 0000000000002cd672dbe0cd7f6517ca6d330a0a96e03a7d90c062a5cf212fef for height 4671537 (from headers subscription)
2025-09-16 15:00:31.228 [DBG] LTND lnd.go:727: Syncing to block chain rev=08ae35 best_block_time="2025-09-16 15:00:26 -0400 EDT" is_synced=false
2025/09/16 15:00:32 ELECTRUM: GetBestBlock called
2025/09/16 15:00:32 ELECTRUM: Subscribing to headers to get current height
2025/09/16 15:00:32 ELECTRUM: Got current height 4671538 from headers subscription
2025/09/16 15:00:32 ELECTRUM: Returning hash 00000000000023ade0000859909738c7164ea21cecf5569b95d0599b6cf5c03d for height 4671538 (from headers subscription)
2025/09/16 15:00:32 ELECTRUM: GetBlockHeader called for hash: 00000000000023ade0000859909738c7164ea21cecf5569b95d0599b6cf5c03d
2025/09/16 15:00:32 ELECTRUM: GetBestBlock called
2025/09/16 15:00:32 ELECTRUM: Subscribing to headers to get current height
2025/09/16 15:00:32 ELECTRUM: Got current height 4671538 from headers subscription
2025/09/16 15:00:32 ELECTRUM: Returning hash 00000000000023ade0000859909738c7164ea21cecf5569b95d0599b6cf5c03d for height 4671538 (from headers subscription)
2025-09-16 15:00:32.930 [DBG] LTND lnd.go:727: Syncing to block chain rev=08ae35 best_block_time="2025-09-16 15:00:41 -0400 EDT" is_synced=false
2025/09/16 15:00:33 ELECTRUM: GetBestBlock called
2025/09/16 15:00:33 ELECTRUM: Subscribing to headers to get current height
2025/09/16 15:00:34 ELECTRUM: Got current height 4671540 from headers subscription
2025/09/16 15:00:34 ELECTRUM: Returning hash 0000000000001028083e2e696a5949a5df3e0e2f330927a897f679505ae090a1 for height 4671540 (from headers subscription)
2025/09/16 15:00:34 ELECTRUM: GetBlockHeader called for hash: 0000000000001028083e2e696a5949a5df3e0e2f330927a897f679505ae090a1
2025/09/16 15:00:34 ELECTRUM: GetBestBlock called
2025/09/16 15:00:34 ELECTRUM: Subscribing to headers to get current height
2025/09/16 15:00:34 ELECTRUM: Got current height 4671540 from headers subscription
2025/09/16 15:00:34 ELECTRUM: Returning hash 0000000000001028083e2e696a5949a5df3e0e2f330927a897f679505ae090a1 for height 4671540 (from headers subscription)
2025-09-16 15:00:34.645 [DBG] LTND lnd.go:727: Syncing to block chain rev=08ae35 best_block_time="2025-09-16 15:00:32 -0400 EDT" is_synced=false
2025/09/16 15:00:35 ELECTRUM: GetBestBlock called
2025/09/16 15:00:35 ELECTRUM: Subscribing to headers to get current height
2025/09/16 15:00:35 ELECTRUM: Got current height 4671541 from headers subscription
2025/09/16 15:00:35 ELECTRUM: Returning hash 0000000000002fc2109c53d28997fed07f55bcb06ce512ccc0f0f794568aeaae for height 4671541 (from headers subscription)
2025/09/16 15:00:35 ELECTRUM: GetBlockHeader called for hash: 0000000000002fc2109c53d28997fed07f55bcb06ce512ccc0f0f794568aeaae
2025/09/16 15:00:35 ELECTRUM: GetBestBlock called
2025/09/16 15:00:35 ELECTRUM: Subscribing to headers to get current height
2025/09/16 15:00:36 ELECTRUM: Got current height 4671541 from headers subscription
2025/09/16 15:00:36 ELECTRUM: Returning hash 0000000000002fc2109c53d28997fed07f55bcb06ce512ccc0f0f794568aeaae for height 4671541 (from headers subscription)
2025-09-16 15:00:36.347 [DBG] LTND lnd.go:727: Syncing to block chain rev=08ae35 best_block_time="2025-09-16 15:00:35 -0400 EDT" is_synced=false
2025/09/16 15:00:37 ELECTRUM: GetBestBlock called
2025/09/16 15:00:37 ELECTRUM: Subscribing to headers to get current height
2025/09/16 15:00:37 ELECTRUM: Got current height 4671542 from headers subscription
2025/09/16 15:00:37 ELECTRUM: Returning hash 00000000000026c4694cfb7e323d9326a6234c0294715d18a74aba792e35b5b4 for height 4671542 (from headers subscription)
2025/09/16 15:00:37 ELECTRUM: GetBlockHeader called for hash: 00000000000026c4694cfb7e323d9326a6234c0294715d18a74aba792e35b5b4
2025/09/16 15:00:37 ELECTRUM: GetBestBlock called
2025/09/16 15:00:37 ELECTRUM: Subscribing to headers to get current height
2025/09/16 15:00:37 ELECTRUM: Got current height 4671543 from headers subscription
2025/09/16 15:00:37 ELECTRUM: Returning hash 000000000000e04e8e533bf34049361778ca1b71ec725480e31d37c0ee8a77ac for height 4671543 (from headers subscription)
2025/09/16 15:00:58 ELECTRUM: GetBestBlock called
2025/09/16 15:00:58 ELECTRUM: Subscribing to headers to get current height
2025/09/16 15:00:59 ELECTRUM: Got current height 4671551 from headers subscription
2025/09/16 15:00:59 ELECTRUM: Returning hash 0000000000009ec93f721cabc76969ec9199a4ceec2ca0f58451b7c6cdb9046b for height 4671551 (from headers subscription)
2025/09/16 15:00:59 ELECTRUM: Checking for new blocks - current: 4671551, last known: 4671536
2025/09/16 15:00:59 ELECTRUM: New block detected! Height: 4671551 (was 4671536)
2025/09/16 15:00:59 ELECTRUM: Sending block connected notification for height 4671551
2025/09/16 15:00:59 ELECTRUM: Block notification sent successfully for height 4671551
2025/09/16 15:01:00 ELECTRUM: GetBestBlock called
2025/09/16 15:01:00 ELECTRUM: Subscribing to headers to get current height
2025/09/16 15:01:00 ELECTRUM: Got current height 4671551 from headers subscription
2025/09/16 15:01:00 ELECTRUM: Returning hash 0000000000009ec93f721cabc76969ec9199a4ceec2ca0f58451b7c6cdb9046b for height 4671551 (from headers subscription)
2025/09/16 15:01:00 ELECTRUM: Checking for new blocks - current: 4671551, last known: 4671537
2025/09/16 15:01:00 ELECTRUM: New block detected! Height: 4671551 (was 4671537)
2025/09/16 15:01:00 ELECTRUM: Sending block connected notification for height 4671551
2025/09/16 15:01:00 ELECTRUM: Block notification sent successfully for height 4671551
2025/09/16 15:01:00 ELECTRUM: GetBestBlock called
2025/09/16 15:01:00 ELECTRUM: Subscribing to headers to get current height
2025/09/16 15:01:00 ELECTRUM: Got current height 4671551 from headers subscription
2025/09/16 15:01:00 ELECTRUM: Returning hash 0000000000009ec93f721cabc76969ec9199a4ceec2ca0f58451b7c6cdb9046b for height 4671551 (from headers subscription)
2025/09/16 15:01:00 ELECTRUM: Checking for new blocks - current: 4671551, last known: 4671537
2025/09/16 15:01:00 ELECTRUM: New block detected! Height: 4671551 (was 4671537)
2025/09/16 15:01:00 ELECTRUM: Sending block connected notification for height 4671551
2025/09/16 15:01:00 ELECTRUM: Block notification sent successfully for height 4671551
2025-09-16 15:01:02.138 [DBG] LTND lnd.go:727: Syncing to block chain rev=08ae35 best_block_time="2025-09-16 15:00:47 -0400 EDT" is_synced=false
2025/09/16 15:01:03 ELECTRUM: GetBestBlock called
2025/09/16 15:01:03 ELECTRUM: Subscribing to headers to get current height
2025/09/16 15:01:03 ELECTRUM: Got current height 4671554 from headers subscription
2025/09/16 15:01:03 ELECTRUM: Returning hash 0000000000000a2da6b1747e08daecaba23e406c7e7b2178bf597cb98ea2e85b for height 4671554 (from headers subscription)
2025/09/16 15:01:03 ELECTRUM: GetBlockHeader called for hash: 0000000000000a2da6b1747e08daecaba23e406c7e7b2178bf597cb98ea2e85b
2025/09/16 15:01:03 ELECTRUM: GetBestBlock called
2025/09/16 15:01:03 ELECTRUM: Subscribing to headers to get current height
2025/09/16 15:01:03 ELECTRUM: Got current height 4671554 from headers subscription
2025/09/16 15:01:03 ELECTRUM: Returning hash 0000000000000a2da6b1747e08daecaba23e406c7e7b2178bf597cb98ea2e85b for height 4671554 (from headers subscription)
2025-09-16 15:01:03.847 [DBG] LTND lnd.go:727: Syncing to block chain rev=08ae35 best_block_time="2025-09-16 15:01:01 -0400 EDT" is_synced=false
2025/09/16 15:01:04 ELECTRUM: GetBestBlock called
2025/09/16 15:01:04 ELECTRUM: Subscribing to headers to get current height
2025/09/16 15:01:05 ELECTRUM: Got current height 4671555 from headers subscription
2025/09/16 15:01:05 ELECTRUM: Returning hash 000000000000b6bafccb36da8f87fa4195704906b0efc8b2be6ab5e788919c68 for height 4671555 (from headers subscription)
2025/09/16 15:01:05 ELECTRUM: GetBlockHeader called for hash: 000000000000b6bafccb36da8f87fa4195704906b0efc8b2be6ab5e788919c68
2025/09/16 15:01:05 ELECTRUM: GetBestBlock called
2025/09/16 15:01:05 ELECTRUM: Subscribing to headers to get current height
2025/09/16 15:01:05 ELECTRUM: Got current height 4671555 from headers subscription
2025/09/16 15:01:05 ELECTRUM: Returning hash 000000000000b6bafccb36da8f87fa4195704906b0efc8b2be6ab5e788919c68 for height 4671555 (from headers subscription)
2025-09-16 15:01:05.554 [DBG] LTND lnd.go:727: Syncing to block chain rev=08ae35 best_block_time="2025-09-16 15:01:02 -0400 EDT" is_synced=false
2025/09/16 15:01:06 ELECTRUM: GetBestBlock called
2025/09/16 15:01:06 ELECTRUM: Subscribing to headers to get current height
2025/09/16 15:01:06 ELECTRUM: Got current height 4671555 from headers subscription
2025/09/16 15:01:06 ELECTRUM: Returning hash 000000000000b6bafccb36da8f87fa4195704906b0efc8b2be6ab5e788919c68 for height 4671555 (from headers subscription)
2025/09/16 15:01:06 ELECTRUM: GetBlockHeader called for hash: 000000000000b6bafccb36da8f87fa4195704906b0efc8b2be6ab5e788919c68
2025/09/16 15:01:06 ELECTRUM: GetBestBlock called
2025/09/16 15:01:06 ELECTRUM: Subscribing to headers to get current height
2025/09/16 15:01:07 ELECTRUM: Got current height 4671555 from headers subscription
2025/09/16 15:01:07 ELECTRUM: Returning hash 000000000000b6bafccb36da8f87fa4195704906b0efc8b2be6ab5e788919c68 for height 4671555 (from headers subscription)
2025-09-16 15:01:07.266 [DBG] LTND lnd.go:727: Syncing to block chain rev=08ae35 best_block_time="2025-09-16 15:01:02 -0400 EDT" is_synced=false
2025/09/16 15:01:08 ELECTRUM: GetBestBlock called
2025/09/16 15:01:08 ELECTRUM: Subscribing to headers to get current height
2025/09/16 15:01:08 ELECTRUM: Got current height 4671555 from headers subscription
2025/09/16 15:01:08 ELECTRUM: Returning hash 000000000000b6bafccb36da8f87fa4195704906b0efc8b2be6ab5e788919c68 for height 4671555 (from headers subscription)
2025/09/16 15:01:08 ELECTRUM: GetBlockHeader called for hash: 000000000000b6bafccb36da8f87fa4195704906b0efc8b2be6ab5e788919c68
2025/09/16 15:01:08 ELECTRUM: GetBestBlock called
2025/09/16 15:01:08 ELECTRUM: Subscribing to headers to get current height
2025/09/16 15:01:08 ELECTRUM: Got current height 4671556 from headers subscription
2025/09/16 15:01:08 ELECTRUM: Returning hash 000000000000307cf171559ce47a9681a9ee549c661de5613c2dc6b58775c555 for height 4671556 (from headers subscription)
2025/09/16 15:01:28 ELECTRUM: GetBestBlock called
2025/09/16 15:01:28 ELECTRUM: Subscribing to headers to get current height
2025/09/16 15:01:29 ELECTRUM: Got current height 4671562 from headers subscription
2025/09/16 15:01:29 ELECTRUM: Returning hash 0000000000002c63ce93ac431c41d817410b5a1e6fe44d297d420bf0eda0bb1e for height 4671562 (from headers subscription)
2025/09/16 15:01:29 ELECTRUM: Checking for new blocks - current: 4671562, last known: 4671551
2025/09/16 15:01:29 ELECTRUM: New block detected! Height: 4671562 (was 4671551)
2025/09/16 15:01:29 ELECTRUM: Sending block connected notification for height 4671562
2025/09/16 15:01:29 ELECTRUM: Block notification sent successfully for height 4671562
2025/09/16 15:01:30 ELECTRUM: GetBestBlock called
2025/09/16 15:01:30 ELECTRUM: Subscribing to headers to get current height
2025/09/16 15:01:30 ELECTRUM: Got current height 4671563 from headers subscription
2025/09/16 15:01:30 ELECTRUM: Returning hash 0000000000018d32f926dc781831d5016e10bc40885cea0244506f730c85d497 for height 4671563 (from headers subscription)
2025/09/16 15:01:30 ELECTRUM: Checking for new blocks - current: 4671563, last known: 4671551
2025/09/16 15:01:30 ELECTRUM: New block detected! Height: 4671563 (was 4671551)
2025/09/16 15:01:30 ELECTRUM: Sending block connected notification for height 4671563
2025/09/16 15:01:30 ELECTRUM: Block notification sent successfully for height 4671563
2025/09/16 15:01:30 ELECTRUM: GetBestBlock called
2025/09/16 15:01:30 ELECTRUM: Subscribing to headers to get current height
2025/09/16 15:01:30 ELECTRUM: Got current height 4671563 from headers subscription
2025/09/16 15:01:30 ELECTRUM: Returning hash 0000000000018d32f926dc781831d5016e10bc40885cea0244506f730c85d497 for height 4671563 (from headers subscription)
2025/09/16 15:01:30 ELECTRUM: Checking for new blocks - current: 4671563, last known: 4671551
2025/09/16 15:01:30 ELECTRUM: New block detected! Height: 4671563 (was 4671551)
2025/09/16 15:01:30 ELECTRUM: Sending block connected notification for height 4671563
2025/09/16 15:01:30 ELECTRUM: Block notification sent successfully for height 4671563
2025-09-16 15:01:33.539 [DBG] LTND lnd.go:727: Syncing to block chain rev=08ae35 best_block_time="2025-09-16 15:01:02 -0400 EDT" is_synced=false
2025/09/16 15:01:34 ELECTRUM: GetBestBlock called
2025/09/16 15:01:34 ELECTRUM: Subscribing to headers to get current height
2025/09/16 15:01:34 ELECTRUM: Got current height 4671564 from headers subscription
2025/09/16 15:01:34 ELECTRUM: Returning hash 000000000000bc60f33194247f28c3bfb5bfc0bb2567ad8dac94948be15a2abb for height 4671564 (from headers subscription)
2025/09/16 15:01:34 ELECTRUM: GetBlockHeader called for hash: 000000000000bc60f33194247f28c3bfb5bfc0bb2567ad8dac94948be15a2abb
2025/09/16 15:01:34 ELECTRUM: GetBestBlock called
2025/09/16 15:01:34 ELECTRUM: Subscribing to headers to get current height
2025/09/16 15:01:35 ELECTRUM: Got current height 4671564 from headers subscription
2025/09/16 15:01:35 ELECTRUM: Returning hash 000000000000bc60f33194247f28c3bfb5bfc0bb2567ad8dac94948be15a2abb for height 4671564 (from headers subscription)
2025-09-16 15:01:35.251 [DBG] LTND lnd.go:727: Syncing to block chain rev=08ae35 best_block_time="2025-09-16 15:01:31 -0400 EDT" is_synced=false
2025/09/16 15:01:36 ELECTRUM: GetBestBlock called
2025/09/16 15:01:36 ELECTRUM: Subscribing to headers to get current height
2025/09/16 15:01:36 ELECTRUM: Got current height 4671564 from headers subscription
2025/09/16 15:01:36 ELECTRUM: Returning hash 000000000000bc60f33194247f28c3bfb5bfc0bb2567ad8dac94948be15a2abb for height 4671564 (from headers subscription)
2025/09/16 15:01:36 ELECTRUM: GetBlockHeader called for hash: 000000000000bc60f33194247f28c3bfb5bfc0bb2567ad8dac94948be15a2abb
2025/09/16 15:01:36 ELECTRUM: GetBestBlock called
2025/09/16 15:01:36 ELECTRUM: Subscribing to headers to get current height
2025/09/16 15:01:36 ELECTRUM: Got current height 4671564 from headers subscription
2025/09/16 15:01:36 ELECTRUM: Returning hash 000000000000bc60f33194247f28c3bfb5bfc0bb2567ad8dac94948be15a2abb for height 4671564 (from headers subscription)
2025-09-16 15:01:36.956 [DBG] LTND lnd.go:727: Syncing to block chain rev=08ae35 best_block_time="2025-09-16 15:01:31 -0400 EDT" is_synced=false
2025/09/16 15:01:37 ELECTRUM: GetBestBlock called
2025/09/16 15:01:37 ELECTRUM: Subscribing to headers to get current height
2025/09/16 15:01:38 ELECTRUM: Got current height 4671565 from headers subscription
2025/09/16 15:01:38 ELECTRUM: Returning hash 00000000000013de0256b6fe004cc8d2b7934f86f4713f6fa54e239424f4d165 for height 4671565 (from headers subscription)
2025/09/16 15:01:38 ELECTRUM: GetBlockHeader called for hash: 00000000000013de0256b6fe004cc8d2b7934f86f4713f6fa54e239424f4d165
2025/09/16 15:01:38 ELECTRUM: GetBestBlock called
2025/09/16 15:01:38 ELECTRUM: Subscribing to headers to get current height
2025/09/16 15:01:38 ELECTRUM: Got current height 4671565 from headers subscription
2025/09/16 15:01:38 ELECTRUM: Returning hash 00000000000013de0256b6fe004cc8d2b7934f86f4713f6fa54e239424f4d165 for height 4671565 (from headers subscription)
2025-09-16 15:01:38.660 [DBG] LTND lnd.go:727: Syncing to block chain rev=08ae35 best_block_time="2025-09-16 15:01:36 -0400 EDT" is_synced=false
2025/09/16 15:01:39 ELECTRUM: GetBestBlock called
2025/09/16 15:01:39 ELECTRUM: Subscribing to headers to get current height
2025/09/16 15:01:39 ELECTRUM: Got current height 4671565 from headers subscription
2025/09/16 15:01:39 ELECTRUM: Returning hash 00000000000013de0256b6fe004cc8d2b7934f86f4713f6fa54e239424f4d165 for height 4671565 (from headers subscription)
2025/09/16 15:01:39 ELECTRUM: GetBlockHeader called for hash: 00000000000013de0256b6fe004cc8d2b7934f86f4713f6fa54e239424f4d165
2025/09/16 15:01:39 ELECTRUM: GetBestBlock called
2025/09/16 15:01:39 ELECTRUM: Subscribing to headers to get current height
2025/09/16 15:01:40 ELECTRUM: Got current height 4671565 from headers subscription
2025/09/16 15:01:40 ELECTRUM: Returning hash 00000000000013de0256b6fe004cc8d2b7934f86f4713f6fa54e239424f4d165 for height 4671565 (from headers subscription)
2025-09-16 15:01:40.379 [DBG] LTND lnd.go:727: Syncing to block chain rev=08ae35 best_block_time="2025-09-16 15:01:36 -0400 EDT" is_synced=false
2025/09/16 15:01:41 ELECTRUM: GetBestBlock called
2025/09/16 15:01:41 ELECTRUM: Subscribing to headers to get current height
2025/09/16 15:01:41 ELECTRUM: Got current height 4671566 from headers subscription
2025/09/16 15:01:41 ELECTRUM: Returning hash 0000000000018a2842d7d76e1b735d9f712483ee671431c73180d7bb5e16682a for height 4671566 (from headers subscription)
2025/09/16 15:01:41 ELECTRUM: GetBlockHeader called for hash: 0000000000018a2842d7d76e1b735d9f712483ee671431c73180d7bb5e16682a
2025/09/16 15:01:41 ELECTRUM: GetBestBlock called
2025/09/16 15:01:41 ELECTRUM: Subscribing to headers to get current height
2025/09/16 15:01:41 ELECTRUM: Got current height 4671566 from headers subscription
2025/09/16 15:01:41 ELECTRUM: Returning hash 0000000000018a2842d7d76e1b735d9f712483ee671431c73180d7bb5e16682a for height 4671566 (from headers subscription)
2025-09-16 15:01:42.085 [DBG] LTND lnd.go:727: Syncing to block chain rev=08ae35 best_block_time="2025-09-16 15:01:39 -0400 EDT" is_synced=false
2025/09/16 15:01:43 ELECTRUM: GetBestBlock called
2025/09/16 15:01:43 ELECTRUM: Subscribing to headers to get current height
2025/09/16 15:01:43 ELECTRUM: Got current height 4671567 from headers subscription
2025/09/16 15:01:43 ELECTRUM: Returning hash 0000000000001874608a390c27e488f609c79c4a322f1f3cacce3d46201783c7 for height 4671567 (from headers subscription)
2025/09/16 15:01:43 ELECTRUM: GetBlockHeader called for hash: 0000000000001874608a390c27e488f609c79c4a322f1f3cacce3d46201783c7
2025/09/16 15:01:43 ELECTRUM: GetBestBlock called
2025/09/16 15:01:43 ELECTRUM: Subscribing to headers to get current height
2025/09/16 15:01:43 ELECTRUM: Got current height 4671568 from headers subscription
2025/09/16 15:01:43 ELECTRUM: Returning hash 000000000000490cc853882cdc3cfd1337373552fea6d1ccd53bfdb4d3f49080 for height 4671568 (from headers subscription)
2025/09/16 15:01:58 ELECTRUM: GetBestBlock called
2025/09/16 15:01:58 ELECTRUM: Subscribing to headers to get current height
2025/09/16 15:01:59 ELECTRUM: Got current height 4671576 from headers subscription
2025/09/16 15:01:59 ELECTRUM: Returning hash 0000000000000078c5361e5379560ab7acfc9311bb916c03da4c21d359d72dd4 for height 4671576 (from headers subscription)
2025/09/16 15:01:59 ELECTRUM: Checking for new blocks - current: 4671576, last known: 4671562
2025/09/16 15:01:59 ELECTRUM: New block detected! Height: 4671576 (was 4671562)
2025/09/16 15:01:59 ELECTRUM: Sending block connected notification for height 4671576
2025/09/16 15:01:59 ELECTRUM: Block notification sent successfully for height 4671576
2025/09/16 15:02:00 ELECTRUM: GetBestBlock called
2025/09/16 15:02:00 ELECTRUM: Subscribing to headers to get current height
2025/09/16 15:02:00 ELECTRUM: Got current height 4671577 from headers subscription
2025/09/16 15:02:00 ELECTRUM: Returning hash 000000000000192c950d0c89ad2ee19dd855b2208b6ca0e54382af74e9d56528 for height 4671577 (from headers subscription)
2025/09/16 15:02:00 ELECTRUM: Checking for new blocks - current: 4671577, last known: 4671563
2025/09/16 15:02:00 ELECTRUM: New block detected! Height: 4671577 (was 4671563)
2025/09/16 15:02:00 ELECTRUM: Sending block connected notification for height 4671577
2025/09/16 15:02:00 ELECTRUM: Block notification sent successfully for height 4671577
2025/09/16 15:02:00 ELECTRUM: GetBestBlock called
2025/09/16 15:02:00 ELECTRUM: Subscribing to headers to get current height
2025/09/16 15:02:00 ELECTRUM: Got current height 4671577 from headers subscription
2025/09/16 15:02:00 ELECTRUM: Returning hash 000000000000192c950d0c89ad2ee19dd855b2208b6ca0e54382af74e9d56528 for height 4671577 (from headers subscription)
2025/09/16 15:02:00 ELECTRUM: Checking for new blocks - current: 4671577, last known: 4671563
2025/09/16 15:02:00 ELECTRUM: New block detected! Height: 4671577 (was 4671563)
2025/09/16 15:02:00 ELECTRUM: Sending block connected notification for height 4671577
2025/09/16 15:02:00 ELECTRUM: Block notification sent successfully for height 4671577
2025-09-16 15:02:07.390 [DBG] LTND lnd.go:727: Syncing to block chain rev=08ae35 best_block_time="2025-09-16 15:01:48 -0400 EDT" is_synced=false
2025/09/16 15:02:08 ELECTRUM: GetBestBlock called
2025/09/16 15:02:08 ELECTRUM: Subscribing to headers to get current height
2025/09/16 15:02:08 ELECTRUM: Got current height 4671581 from headers subscription
2025/09/16 15:02:08 ELECTRUM: Returning hash 00000000000125a73749746f89b126d327302373d9754b97633f60eb714debb3 for height 4671581 (from headers subscription)
2025/09/16 15:02:08 ELECTRUM: GetBlockHeader called for hash: 00000000000125a73749746f89b126d327302373d9754b97633f60eb714debb3
2025/09/16 15:02:08 ELECTRUM: GetBestBlock called
2025/09/16 15:02:08 ELECTRUM: Subscribing to headers to get current height
2025/09/16 15:02:08 ELECTRUM: Got current height 4671581 from headers subscription
2025/09/16 15:02:08 ELECTRUM: Returning hash 00000000000125a73749746f89b126d327302373d9754b97633f60eb714debb3 for height 4671581 (from headers subscription)
2025-09-16 15:02:09.098 [DBG] LTND lnd.go:727: Syncing to block chain rev=08ae35 best_block_time="2025-09-16 15:02:05 -0400 EDT" is_synced=false
2025/09/16 15:02:10 ELECTRUM: GetBestBlock called
2025/09/16 15:02:10 ELECTRUM: Subscribing to headers to get current height
2025/09/16 15:02:10 ELECTRUM: Got current height 4671582 from headers subscription
2025/09/16 15:02:10 ELECTRUM: Returning hash 0000000000000130f6e7f1b9b5272854b4e01f57bd0bf0481f8fad655b34165d for height 4671582 (from headers subscription)
2025/09/16 15:02:10 ELECTRUM: GetBlockHeader called for hash: 0000000000000130f6e7f1b9b5272854b4e01f57bd0bf0481f8fad655b34165d
2025/09/16 15:02:10 ELECTRUM: GetBestBlock called
2025/09/16 15:02:10 ELECTRUM: Subscribing to headers to get current height
2025/09/16 15:02:10 ELECTRUM: Got current height 4671582 from headers subscription
2025/09/16 15:02:10 ELECTRUM: Returning hash 0000000000000130f6e7f1b9b5272854b4e01f57bd0bf0481f8fad655b34165d for height 4671582 (from headers subscription)
2025-09-16 15:02:10.811 [DBG] LTND lnd.go:727: Syncing to block chain rev=08ae35 best_block_time="2025-09-16 15:02:07 -0400 EDT" is_synced=false
2025/09/16 15:02:11 ELECTRUM: GetBestBlock called
2025/09/16 15:02:11 ELECTRUM: Subscribing to headers to get current height
2025/09/16 15:02:12 ELECTRUM: Got current height 4671583 from headers subscription
2025/09/16 15:02:12 ELECTRUM: Returning hash 000000000000216fd37b7c18009cfd9b201c91d445f529ffc6dd0af083a7769e for height 4671583 (from headers subscription)
2025/09/16 15:02:12 ELECTRUM: GetBlockHeader called for hash: 000000000000216fd37b7c18009cfd9b201c91d445f529ffc6dd0af083a7769e
2025/09/16 15:02:12 ELECTRUM: GetBestBlock called
2025/09/16 15:02:12 ELECTRUM: Subscribing to headers to get current height
2025/09/16 15:02:12 ELECTRUM: Got current height 4671583 from headers subscription
2025/09/16 15:02:12 ELECTRUM: Returning hash 000000000000216fd37b7c18009cfd9b201c91d445f529ffc6dd0af083a7769e for height 4671583 (from headers subscription)
2025-09-16 15:02:12.523 [DBG] LTND lnd.go:727: Syncing to block chain rev=08ae35 best_block_time="2025-09-16 15:02:08 -0400 EDT" is_synced=false
2025/09/16 15:02:13 ELECTRUM: GetBestBlock called
2025/09/16 15:02:13 ELECTRUM: Subscribing to headers to get current height
2025/09/16 15:02:13 ELECTRUM: Got current height 4671584 from headers subscription
2025/09/16 15:02:13 ELECTRUM: Returning hash 000000009b2b4c206bb727e563034fdc62c4dd2cea589aa006b62cf7053a74cf for height 4671584 (from headers subscription)
2025/09/16 15:02:13 ELECTRUM: GetBlockHeader called for hash: 000000009b2b4c206bb727e563034fdc62c4dd2cea589aa006b62cf7053a74cf
2025/09/16 15:02:13 ELECTRUM: GetBestBlock called
2025/09/16 15:02:13 ELECTRUM: Subscribing to headers to get current height
2025/09/16 15:02:13 ELECTRUM: Got current height 4671584 from headers subscription
2025/09/16 15:02:13 ELECTRUM: Returning hash 000000009b2b4c206bb727e563034fdc62c4dd2cea589aa006b62cf7053a74cf for height 4671584 (from headers subscription)
2025-09-16 15:02:14.230 [DBG] LTND lnd.go:727: Syncing to block chain rev=08ae35 best_block_time="2025-09-16 15:02:17 -0400 EDT" is_synced=false
2025/09/16 15:02:15 ELECTRUM: GetBestBlock called
2025/09/16 15:02:15 ELECTRUM: Subscribing to headers to get current height
2025/09/16 15:02:15 ELECTRUM: Got current height 4671584 from headers subscription
2025/09/16 15:02:15 ELECTRUM: Returning hash 0000000000003c8d917a74d2cb2c3727f7b934941ec9264ecac9e3f0ace8e988 for height 4671584 (from headers subscription)
2025/09/16 15:02:15 ELECTRUM: GetBlockHeader called for hash: 0000000000003c8d917a74d2cb2c3727f7b934941ec9264ecac9e3f0ace8e988
2025/09/16 15:02:15 ELECTRUM: GetBestBlock called
2025/09/16 15:02:15 ELECTRUM: Subscribing to headers to get current height
2025/09/16 15:02:15 ELECTRUM: Got current height 4671584 from headers subscription
2025/09/16 15:02:15 ELECTRUM: Returning hash 0000000000003c8d917a74d2cb2c3727f7b934941ec9264ecac9e3f0ace8e988 for height 4671584 (from headers subscription)
2025-09-16 15:02:15.958 [DBG] LTND lnd.go:727: Syncing to block chain rev=08ae35 best_block_time="2025-09-16 15:02:17 -0400 EDT" is_synced=false
2025/09/16 15:02:16 ELECTRUM: GetBestBlock called
2025/09/16 15:02:16 ELECTRUM: Subscribing to headers to get current height
2025/09/16 15:02:17 ELECTRUM: Got current height 4671584 from headers subscription
2025/09/16 15:02:17 ELECTRUM: Returning hash 0000000000003c8d917a74d2cb2c3727f7b934941ec9264ecac9e3f0ace8e988 for height 4671584 (from headers subscription)
2025/09/16 15:02:17 ELECTRUM: GetBlockHeader called for hash: 0000000000003c8d917a74d2cb2c3727f7b934941ec9264ecac9e3f0ace8e988
2025/09/16 15:02:17 ELECTRUM: GetBestBlock called
2025/09/16 15:02:17 ELECTRUM: Subscribing to headers to get current height
2025/09/16 15:02:17 ELECTRUM: Got current height 4671584 from headers subscription
2025/09/16 15:02:17 ELECTRUM: Returning hash 0000000000003c8d917a74d2cb2c3727f7b934941ec9264ecac9e3f0ace8e988 for height 4671584 (from headers subscription)
2025-09-16 15:02:17.685 [DBG] LTND lnd.go:727: Syncing to block chain rev=08ae35 best_block_time="2025-09-16 15:02:17 -0400 EDT" is_synced=false
2025/09/16 15:02:18 ELECTRUM: GetBestBlock called
2025/09/16 15:02:18 ELECTRUM: Subscribing to headers to get current height
2025/09/16 15:02:18 ELECTRUM: Got current height 4671584 from headers subscription
2025/09/16 15:02:18 ELECTRUM: Returning hash 0000000000003c8d917a74d2cb2c3727f7b934941ec9264ecac9e3f0ace8e988 for height 4671584 (from headers subscription)
2025/09/16 15:02:18 ELECTRUM: GetBlockHeader called for hash: 0000000000003c8d917a74d2cb2c3727f7b934941ec9264ecac9e3f0ace8e988
2025/09/16 15:02:18 ELECTRUM: GetBestBlock called
2025/09/16 15:02:18 ELECTRUM: Subscribing to headers to get current height
2025/09/16 15:02:19 ELECTRUM: Got current height 4671584 from headers subscription
2025/09/16 15:02:19 ELECTRUM: Returning hash 0000000000003c8d917a74d2cb2c3727f7b934941ec9264ecac9e3f0ace8e988 for height 4671584 (from headers subscription)
2025-09-16 15:02:19.484 [DBG] LTND lnd.go:727: Syncing to block chain rev=08ae35 best_block_time="2025-09-16 15:02:17 -0400 EDT" is_synced=false
2025/09/16 15:02:20 ELECTRUM: GetBestBlock called
2025/09/16 15:02:20 ELECTRUM: Subscribing to headers to get current height
2025/09/16 15:02:20 ELECTRUM: Got current height 4671585 from headers subscription
2025/09/16 15:02:20 ELECTRUM: Returning hash 000000007722e7485b5c27493dedc85862a0e4650f604384eae1f750729e27db for height 4671585 (from headers subscription)
2025/09/16 15:02:20 ELECTRUM: GetBlockHeader called for hash: 000000007722e7485b5c27493dedc85862a0e4650f604384eae1f750729e27db
2025/09/16 15:02:20 ELECTRUM: GetBestBlock called
2025/09/16 15:02:20 ELECTRUM: Subscribing to headers to get current height
2025/09/16 15:02:21 ELECTRUM: Got current height 4671585 from headers subscription
2025/09/16 15:02:21 ELECTRUM: Returning hash 000000007722e7485b5c27493dedc85862a0e4650f604384eae1f750729e27db for height 4671585 (from headers subscription)
2025-09-16 15:02:21.255 [DBG] LTND lnd.go:727: Syncing to block chain rev=08ae35 best_block_time="2025-09-16 15:22:18 -0400 EDT" is_synced=false
2025/09/16 15:02:22 ELECTRUM: GetBestBlock called
2025/09/16 15:02:22 ELECTRUM: Subscribing to headers to get current height
2025/09/16 15:02:22 ELECTRUM: Got current height 4671585 from headers subscription
2025/09/16 15:02:22 ELECTRUM: Returning hash 000000007722e7485b5c27493dedc85862a0e4650f604384eae1f750729e27db for height 4671585 (from headers subscription)
2025/09/16 15:02:22 ELECTRUM: GetBlockHeader called for hash: 000000007722e7485b5c27493dedc85862a0e4650f604384eae1f750729e27db
2025/09/16 15:02:22 ELECTRUM: GetBestBlock called
2025/09/16 15:02:22 ELECTRUM: Subscribing to headers to get current height
2025/09/16 15:02:22 ELECTRUM: Got current height 4671585 from headers subscription
2025/09/16 15:02:22 ELECTRUM: Returning hash 000000007722e7485b5c27493dedc85862a0e4650f604384eae1f750729e27db for height 4671585 (from headers subscription)
2025-09-16 15:02:22.955 [DBG] LTND lnd.go:727: Syncing to block chain rev=08ae35 best_block_time="2025-09-16 15:22:18 -0400 EDT" is_synced=false
2025/09/16 15:02:23 ELECTRUM: GetBestBlock called
2025/09/16 15:02:23 ELECTRUM: Subscribing to headers to get current height
2025/09/16 15:02:24 ELECTRUM: Got current height 4671586 from headers subscription
2025/09/16 15:02:24 ELECTRUM: Returning hash 000000000001df4d4d450e0b61a7050970c4deeb411126040c033588b28cc208 for height 4671586 (from headers subscription)
2025/09/16 15:02:24 ELECTRUM: GetBlockHeader called for hash: 000000000001df4d4d450e0b61a7050970c4deeb411126040c033588b28cc208
2025/09/16 15:02:24 ELECTRUM: GetBestBlock called
2025/09/16 15:02:24 ELECTRUM: Subscribing to headers to get current height
2025/09/16 15:02:24 ELECTRUM: Got current height 4671586 from headers subscription
2025/09/16 15:02:24 ELECTRUM: Returning hash 000000000001df4d4d450e0b61a7050970c4deeb411126040c033588b28cc208 for height 4671586 (from headers subscription)
2025-09-16 15:02:24.664 [DBG] LTND lnd.go:727: Syncing to block chain rev=08ae35 best_block_time="2025-09-16 15:02:20 -0400 EDT" is_synced=false
2025/09/16 15:02:25 ELECTRUM: GetBestBlock called
2025/09/16 15:02:25 ELECTRUM: Subscribing to headers to get current height
2025/09/16 15:02:25 ELECTRUM: Got current height 4671586 from headers subscription
2025/09/16 15:02:25 ELECTRUM: Returning hash 000000000001df4d4d450e0b61a7050970c4deeb411126040c033588b28cc208 for height 4671586 (from headers subscription)
2025/09/16 15:02:25 ELECTRUM: GetBlockHeader called for hash: 000000000001df4d4d450e0b61a7050970c4deeb411126040c033588b28cc208
2025/09/16 15:02:25 ELECTRUM: GetBestBlock called
2025/09/16 15:02:25 ELECTRUM: Subscribing to headers to get current height
2025/09/16 15:02:26 ELECTRUM: Got current height 4671586 from headers subscription
2025/09/16 15:02:26 ELECTRUM: Returning hash 000000000001df4d4d450e0b61a7050970c4deeb411126040c033588b28cc208 for height 4671586 (from headers subscription)
2025-09-16 15:02:26.366 [DBG] LTND lnd.go:727: Syncing to block chain rev=08ae35 best_block_time="2025-09-16 15:02:20 -0400 EDT" is_synced=false
2025/09/16 15:02:27 ELECTRUM: GetBestBlock called
2025/09/16 15:02:27 ELECTRUM: Subscribing to headers to get current height
2025/09/16 15:02:27 ELECTRUM: Got current height 4671586 from headers subscription
2025/09/16 15:02:27 ELECTRUM: Returning hash 000000000001df4d4d450e0b61a7050970c4deeb411126040c033588b28cc208 for height 4671586 (from headers subscription)
2025/09/16 15:02:27 ELECTRUM: GetBlockHeader called for hash: 000000000001df4d4d450e0b61a7050970c4deeb411126040c033588b28cc208
2025/09/16 15:02:27 ELECTRUM: GetBestBlock called
2025/09/16 15:02:27 ELECTRUM: Subscribing to headers to get current height
2025/09/16 15:02:27 ELECTRUM: Got current height 4671586 from headers subscription
2025/09/16 15:02:27 ELECTRUM: Returning hash 000000000001df4d4d450e0b61a7050970c4deeb411126040c033588b28cc208 for height 4671586 (from headers subscription)
2025-09-16 15:02:28.071 [DBG] LTND lnd.go:727: Syncing to block chain rev=08ae35 best_block_time="2025-09-16 15:02:20 -0400 EDT" is_synced=false
2025/09/16 15:02:28 ELECTRUM: GetBestBlock called
2025/09/16 15:02:28 ELECTRUM: Subscribing to headers to get current height
2025/09/16 15:02:29 ELECTRUM: GetBestBlock called
2025/09/16 15:02:29 ELECTRUM: Subscribing to headers to get current height
2025/09/16 15:02:29 ELECTRUM: Got current height 4671587 from headers subscription
2025/09/16 15:02:29 ELECTRUM: Returning hash 00000000000118e0ba0433bdfb547bd7b308120dcd3d41838d6010c38df0e62e for height 4671587 (from headers subscription)
2025/09/16 15:02:29 ELECTRUM: Checking for new blocks - current: 4671587, last known: 4671576
2025/09/16 15:02:29 ELECTRUM: New block detected! Height: 4671587 (was 4671576)
2025/09/16 15:02:29 ELECTRUM: Sending block connected notification for height 4671587
2025/09/16 15:02:29 ELECTRUM: Block notification sent successfully for height 4671587
2025/09/16 15:02:29 ELECTRUM: Got current height 4671587 from headers subscription
2025/09/16 15:02:29 ELECTRUM: Returning hash 00000000000118e0ba0433bdfb547bd7b308120dcd3d41838d6010c38df0e62e for height 4671587 (from headers subscription)
2025/09/16 15:02:29 ELECTRUM: GetBlockHeader called for hash: 00000000000118e0ba0433bdfb547bd7b308120dcd3d41838d6010c38df0e62e
2025/09/16 15:02:29 ELECTRUM: GetBestBlock called
2025/09/16 15:02:29 ELECTRUM: Subscribing to headers to get current height
2025/09/16 15:02:29 ELECTRUM: Got current height 4671587 from headers subscription
2025/09/16 15:02:29 ELECTRUM: Returning hash 00000000000118e0ba0433bdfb547bd7b308120dcd3d41838d6010c38df0e62e for height 4671587 (from headers subscription)
2025-09-16 15:02:29.774 [DBG] LTND lnd.go:727: Syncing to block chain rev=08ae35 best_block_time="2025-09-16 15:02:23 -0400 EDT" is_synced=false
2025/09/16 15:02:30 ELECTRUM: GetBestBlock called
2025/09/16 15:02:30 ELECTRUM: Subscribing to headers to get current height
2025/09/16 15:02:30 ELECTRUM: Got current height 4671588 from headers subscription
2025/09/16 15:02:30 ELECTRUM: Returning hash 0000000000038d17c5c12cf08dc19c15ae5bc96fb35fa3f14e11f6db59bcdd5c for height 4671588 (from headers subscription)
2025/09/16 15:02:30 ELECTRUM: Checking for new blocks - current: 4671588, last known: 4671577
2025/09/16 15:02:30 ELECTRUM: New block detected! Height: 4671588 (was 4671577)
2025/09/16 15:02:30 ELECTRUM: Sending block connected notification for height 4671588
2025/09/16 15:02:30 ELECTRUM: Block notification sent successfully for height 4671588
2025/09/16 15:02:30 ELECTRUM: GetBestBlock called
2025/09/16 15:02:30 ELECTRUM: Subscribing to headers to get current height
2025/09/16 15:02:30 ELECTRUM: Got current height 4671588 from headers subscription
2025/09/16 15:02:30 ELECTRUM: Returning hash 0000000000038d17c5c12cf08dc19c15ae5bc96fb35fa3f14e11f6db59bcdd5c for height 4671588 (from headers subscription)
2025/09/16 15:02:30 ELECTRUM: Checking for new blocks - current: 4671588, last known: 4671577
2025/09/16 15:02:30 ELECTRUM: New block detected! Height: 4671588 (was 4671577)
2025/09/16 15:02:30 ELECTRUM: Sending block connected notification for height 4671588
2025/09/16 15:02:30 ELECTRUM: Block notification sent successfully for height 4671588
2025/09/16 15:02:30 ELECTRUM: GetBestBlock called
2025/09/16 15:02:30 ELECTRUM: Subscribing to headers to get current height
2025/09/16 15:02:31 ELECTRUM: Got current height 4671588 from headers subscription
2025/09/16 15:02:31 ELECTRUM: Returning hash 0000000000038d17c5c12cf08dc19c15ae5bc96fb35fa3f14e11f6db59bcdd5c for height 4671588 (from headers subscription)
2025/09/16 15:02:31 ELECTRUM: GetBlockHeader called for hash: 0000000000038d17c5c12cf08dc19c15ae5bc96fb35fa3f14e11f6db59bcdd5c
2025/09/16 15:02:31 ELECTRUM: GetBestBlock called
2025/09/16 15:02:31 ELECTRUM: Subscribing to headers to get current height
2025/09/16 15:02:31 ELECTRUM: Got current height 4671588 from headers subscription
2025/09/16 15:02:31 ELECTRUM: Returning hash 0000000000038d17c5c12cf08dc19c15ae5bc96fb35fa3f14e11f6db59bcdd5c for height 4671588 (from headers subscription)
2025-09-16 15:02:31.485 [DBG] LTND lnd.go:727: Syncing to block chain rev=08ae35 best_block_time="2025-09-16 15:02:40 -0400 EDT" is_synced=false
2025/09/16 15:02:32 ELECTRUM: GetBestBlock called
2025/09/16 15:02:32 ELECTRUM: Subscribing to headers to get current height
2025/09/16 15:02:32 ELECTRUM: Got current height 4671589 from headers subscription
2025/09/16 15:02:32 ELECTRUM: Returning hash 0000000000014f3f2b4ae1906454204620dd6a044ea35e4a90aaa43c4aa9a6c0 for height 4671589 (from headers subscription)
2025/09/16 15:02:32 ELECTRUM: GetBlockHeader called for hash: 0000000000014f3f2b4ae1906454204620dd6a044ea35e4a90aaa43c4aa9a6c0
2025/09/16 15:02:32 ELECTRUM: GetBestBlock called
2025/09/16 15:02:32 ELECTRUM: Subscribing to headers to get current height
2025/09/16 15:02:32 ELECTRUM: Got current height 4671589 from headers subscription
2025/09/16 15:02:32 ELECTRUM: Returning hash 0000000000014f3f2b4ae1906454204620dd6a044ea35e4a90aaa43c4aa9a6c0 for height 4671589 (from headers subscription)
2025-09-16 15:02:33.193 [DBG] LTND lnd.go:727: Syncing to block chain rev=08ae35 best_block_time="2025-09-16 15:02:29 -0400 EDT" is_synced=false
2025/09/16 15:02:34 ELECTRUM: GetBestBlock called
2025/09/16 15:02:34 ELECTRUM: Subscribing to headers to get current height
2025/09/16 15:02:34 ELECTRUM: Got current height 4671589 from headers subscription
2025/09/16 15:02:34 ELECTRUM: Returning hash 0000000000014f3f2b4ae1906454204620dd6a044ea35e4a90aaa43c4aa9a6c0 for height 4671589 (from headers subscription)
2025/09/16 15:02:34 ELECTRUM: GetBlockHeader called for hash: 0000000000014f3f2b4ae1906454204620dd6a044ea35e4a90aaa43c4aa9a6c0
2025/09/16 15:02:34 ELECTRUM: GetBestBlock called
2025/09/16 15:02:34 ELECTRUM: Subscribing to headers to get current height
2025/09/16 15:02:34 ELECTRUM: Got current height 4671589 from headers subscription
2025/09/16 15:02:34 ELECTRUM: Returning hash 0000000000014f3f2b4ae1906454204620dd6a044ea35e4a90aaa43c4aa9a6c0 for height 4671589 (from headers subscription)
2025-09-16 15:02:34.904 [DBG] LTND lnd.go:727: Syncing to block chain rev=08ae35 best_block_time="2025-09-16 15:02:29 -0400 EDT" is_synced=false
2025/09/16 15:02:35 ELECTRUM: GetBestBlock called
2025/09/16 15:02:35 ELECTRUM: Subscribing to headers to get current height
2025/09/16 15:02:36 ELECTRUM: Got current height 4671590 from headers subscription
2025/09/16 15:02:36 ELECTRUM: Returning hash 00000000000024f2012c18978b5fa76b2b5688860039a087e8496b26d924365e for height 4671590 (from headers subscription)
2025/09/16 15:02:36 ELECTRUM: GetBlockHeader called for hash: 00000000000024f2012c18978b5fa76b2b5688860039a087e8496b26d924365e
2025/09/16 15:02:36 ELECTRUM: GetBestBlock called
2025/09/16 15:02:36 ELECTRUM: Subscribing to headers to get current height
2025/09/16 15:02:36 ELECTRUM: Got current height 4671590 from headers subscription
2025/09/16 15:02:36 ELECTRUM: Returning hash 00000000000024f2012c18978b5fa76b2b5688860039a087e8496b26d924365e for height 4671590 (from headers subscription)
2025-09-16 15:02:36.687 [DBG] LTND lnd.go:727: Syncing to block chain rev=08ae35 best_block_time="2025-09-16 15:02:32 -0400 EDT" is_synced=false
2025/09/16 15:02:37 ELECTRUM: GetBestBlock called
2025/09/16 15:02:37 ELECTRUM: Subscribing to headers to get current height
2025/09/16 15:02:37 ELECTRUM: Got current height 4671590 from headers subscription
2025/09/16 15:02:37 ELECTRUM: Returning hash 00000000000024f2012c18978b5fa76b2b5688860039a087e8496b26d924365e for height 4671590 (from headers subscription)
2025/09/16 15:02:37 ELECTRUM: GetBlockHeader called for hash: 00000000000024f2012c18978b5fa76b2b5688860039a087e8496b26d924365e
2025/09/16 15:02:37 ELECTRUM: GetBestBlock called
2025/09/16 15:02:37 ELECTRUM: Subscribing to headers to get current height
2025/09/16 15:02:38 ELECTRUM: Got current height 4671590 from headers subscription
2025/09/16 15:02:38 ELECTRUM: Returning hash 00000000000024f2012c18978b5fa76b2b5688860039a087e8496b26d924365e for height 4671590 (from headers subscription)
2025-09-16 15:02:38.403 [DBG] LTND lnd.go:727: Syncing to block chain rev=08ae35 best_block_time="2025-09-16 15:02:32 -0400 EDT" is_synced=false
2025-09-16 15:02:38.880 [INF] LTND signal.go:177: Received terminated
2025-09-16 15:02:38.880 [INF] LTND signal.go:166: Shutting down...
2025-09-16 15:02:38.880 [INF] LTND signal.go:185: Gracefully shutting down.
2025-09-16 15:02:38.880 [INF] RPCS rpcserver.go:1026: Stopping RPC Server
2025-09-16 15:02:38.880 [INF] RPCS rpcserver.go:1034: Stopping ChainRPC Sub-RPC Server
2025-09-16 15:02:38.880 [INF] RPCS rpcserver.go:1034: Stopping DevRPC Sub-RPC Server
2025-09-16 15:02:38.881 [INF] RPCS rpcserver.go:1034: Stopping InvoicesRPC Sub-RPC Server
2025-09-16 15:02:38.881 [INF] RPCS rpcserver.go:1034: Stopping RouterRPC Sub-RPC Server
2025-09-16 15:02:38.881 [INF] RPCS rpcserver.go:1034: Stopping VersionRPC Sub-RPC Server
2025-09-16 15:02:38.881 [INF] RPCS rpcserver.go:1034: Stopping WalletKitRPC Sub-RPC Server
2025-09-16 15:02:38.881 [INF] RPCS rpcserver.go:1034: Stopping WatchtowerClientRPC Sub-RPC Server
2025-09-16 15:02:38.881 [INF] RPCS rpcserver.go:1034: Stopping PeersRPC Sub-RPC Server
2025-09-16 15:02:38.881 [INF] RPCS rpcserver.go:1034: Stopping SignRPC Sub-RPC Server
2025/09/16 15:02:38 ELECTRUM: Block notification loop shutting down
2025/09/16 15:02:38 ELECTRUM: Block notification loop shutting down
2025/09/16 15:02:38 ELECTRUM: Block notification loop shutting down
2025-09-16 15:02:38.881 [INF] LTND lnd.go:152: Shutdown complete
