2025-09-16 11:19:15.807 [INF] LTND lnd.go:186: Version Info rev=4d1c86 version=0.19.99-beta commit=sqldb/v1.0.10-645-g4d1c86bd6-dirty debuglevel=development logging=debug
2025-09-16 11:19:15.808 [INF] LTND lnd.go:213: Network Info rev=4d1c86 active_chain=Bitcoin network=testnet
2025-09-16 11:19:15.809 [DBG] IRPC invoices_server.go:190: Invoices RPC server successfully registered with root gRPC server
2025-09-16 11:19:15.809 [DBG] PRPC peers_server.go:119: Peers RPC server successfully registered with root gRPC server
2025-09-16 11:19:15.809 [DBG] VRPC server.go:66: Versioner RPC server successfully registered with root gRPC server
2025-09-16 11:19:15.809 [DBG] DRPC dev_server.go:137: DEV RPC server successfully registered with root the gRPC server
2025-09-16 11:19:15.809 [DBG] RRPC router_server.go:301: Router RPC server successfully registered with root gRPC server
2025-09-16 11:19:15.809 [DBG] SGNR signer_server.go:216: Signer RPC server successfully registered with root gRPC server
2025-09-16 11:19:15.809 [DBG] WLKT walletkit_server.go:344: WalletKit RPC server successfully registered with root gRPC server
2025-09-16 11:19:15.809 [DBG] NTFR chain_server.go:210: ChainNotifier RPC server successfully registered with root gRPC server
2025-09-16 11:19:15.809 [DBG] NTFR chain_server.go:214: ChainKit RPC server successfully registered with root gRPC server
2025-09-16 11:19:15.809 [INF] RPCS lnd.go:925: RPC server listening on 127.0.0.1:10009
2025-09-16 11:19:15.810 [DBG] IRPC invoices_server.go:213: Invoices REST server successfully registered with root REST server
2025-09-16 11:19:15.810 [DBG] PRPC peers_server.go:142: Peers REST server successfully registered with root REST server
2025-09-16 11:19:15.810 [DBG] VRPC server.go:89: Versioner REST server successfully registered with root REST server
2025-09-16 11:19:15.811 [DBG] DRPC dev_server.go:160: DEV REST server successfully registered with the root REST server
2025-09-16 11:19:15.811 [DBG] RRPC router_server.go:324: Router REST server successfully registered with root REST server
2025-09-16 11:19:15.811 [DBG] SGNR signer_server.go:239: Signer REST server successfully registered with root REST server
2025-09-16 11:19:15.812 [DBG] WLKT walletkit_server.go:367: WalletKit REST server successfully registered with root REST server
2025-09-16 11:19:15.812 [DBG] NTFR chain_server.go:237: ChainNotifier REST server successfully registered with root REST server
2025-09-16 11:19:15.812 [DBG] NTFR chain_server.go:248: ChainKit REST server successfully registered with root REST server
2025-09-16 11:19:15.814 [INF] RPCS lnd.go:1046: gRPC proxy started at 127.0.0.1:8080
2025-09-16 11:19:15.815 [INF] LTND config_builder.go:1009: Opening the main database, this might take a few minutes...
2025-09-16 11:19:15.815 [INF] LTND config_builder.go:1014: Opening bbolt database, sync_freelist=false, auto_compact=false
2025-09-16 11:19:15.815 [INF] LTND config_builder.go:1057: Creating local graph and channel state DB instances
2025-09-16 11:19:15.833 [INF] CHDB db.go:1687: Checking for schema update: latest_version=33, db_version=33
2025-09-16 11:19:15.833 [INF] CHDB db.go:1781: Applying 2 optional migrations
2025-09-16 11:19:15.833 [INF] CHDB db.go:1785: Checking for optional update: name=prune_revocation_log
2025-09-16 11:19:15.833 [DBG] CHDB db.go:1789: Skipping optional migration: name=prune_revocation_log as it is not specified in the config
2025-09-16 11:19:15.833 [INF] CHDB db.go:1785: Checking for optional update: name=gc_decayed_log
2025-09-16 11:19:15.833 [DBG] CHDB db.go:1799: Skipping optional migration: name=gc_decayed_log as it has already been applied
2025-09-16 11:19:15.848 [INF] LTND config_builder.go:1289: Database(s) now open (time_to_open=33.153041ms)!
2025-09-16 11:19:15.849 [INF] LTND signal.go:45: We're not running within systemd or the service type is not 'notify'
2025-09-16 11:19:15.849 [INF] LTND config_builder.go:1302: Waiting for wallet encryption password. Use `lncli create` to create a wallet, `lncli unlock` to unlock an existing wallet, or `lncli changepassword` to change the password of an existing wallet and unlock it.
2025-09-16 11:19:28.682 [DBG] RPCS interceptor.go:775: [/lnrpc.WalletUnlocker/UnlockWallet] requested
2025-09-16 11:19:29.691 [INF] BTWL wallet.go:4340: Opened wallet
2025-09-16 11:19:29.691 [INF] BTWL history.go:28: Dropping btcwallet transaction history
2025-09-16 11:19:29.692 [WRN] BTWL history.go:67: Wallet does not have a birthday block set, falling back to rescan from genesis
2025-09-16 11:19:30.706 [INF] BTWL wallet.go:4340: Opened wallet
2025-09-16 11:19:30.706 [WRN] LTND config_builder.go:1432: Dropped all transaction history from on-chain wallet. Remember to disable reset-wallet-transactions flag for next start of lnd
2025-09-16 11:19:30.804 [INF] CHRE chainregistry.go:694: Initializing electrum backend
2025-09-16 11:19:30.804 [INF] CHRE chainregistry.go:695: ElectrumMode config: &{ServerAddr:testnet.aranguren.org:51002 UseTLS:true ValidateServerCertificate:false ConnectTimeout:30s RequestTimeout:30s PersistTxHistory:false}
2025-09-16 11:19:30.804 [INF] CHRE chainregistry.go:699: ElectrumMode server: testnet.aranguren.org:51002
2025/09/16 11:19:30 ELECTRUM: Config - ServerAddr: testnet.aranguren.org:51002, UseTLS: true, ValidateServerCertificate: false
2025/09/16 11:19:30 ELECTRUM: Creating TLS client for server: testnet.aranguren.org:51002
2025/09/16 11:19:31 ELECTRUM: Successfully created TLS client
2025/09/16 11:19:31 ELECTRUM: Initializing best block during startup
2025/09/16 11:19:31 ELECTRUM: GetBestBlock called
2025/09/16 11:19:31 ELECTRUM: Subscribing to headers to get current height
2025/09/16 11:19:31 ELECTRUM: Got current height 4665697 from headers subscription
2025/09/16 11:19:31 ELECTRUM: Returning hash 000000000001b87a63a4fe6933c40cb1117623c6523c48031fd212222f36bf01 for height 4665697 (from headers subscription)
2025/09/16 11:19:31 ELECTRUM: Successfully initialized best block
2025-09-16 11:19:31.605 [INF] LTND lnd.go:496: About to call BuildChainControl
2025/09/16 11:19:31 ELECTRUM: Starting continuous block notification loop
2025-09-16 11:19:31.605 [INF] LTND config_builder.go:769: BuildChainControl called - starting wallet controller creation
2025-09-16 11:19:31.605 [INF] LTND config_builder.go:772: About to call btcwallet.New
2025-09-16 11:19:31.605 [INF] LTND config_builder.go:776: btcwallet.New completed
2025-09-16 11:19:31.605 [INF] LTND config_builder.go:789: Setting WalletController type: *btcwallet.BtcWallet
2025-09-16 11:19:32.594 [INF] BTWL wallet.go:1430: The wallet has been unlocked without a time limit
2025/09/16 11:19:32 ELECTRUM: Initializing best block during startup
2025/09/16 11:19:32 ELECTRUM: GetBestBlock called
2025/09/16 11:19:32 ELECTRUM: Subscribing to headers to get current height
2025/09/16 11:19:32 ELECTRUM: Got current height 4665697 from headers subscription
2025/09/16 11:19:32 ELECTRUM: Returning hash 000000000001b87a63a4fe6933c40cb1117623c6523c48031fd212222f36bf01 for height 4665697 (from headers subscription)
2025/09/16 11:19:32 ELECTRUM: Successfully initialized best block
2025/09/16 11:19:32 ELECTRUM: Starting continuous block notification loop
2025-09-16 11:19:32.934 [INF] BTWL btcwallet.go:410: BTCWALLET: Setting up Electrum address notifications during wallet initialization
2025-09-16 11:19:32.934 [INF] BTWL btcwallet.go:474: BTCWALLET: Setting up Electrum transaction callback
2025-09-16 11:19:32.935 [INF] BTWL btcwallet.go:481: BTCWALLET: Found SetTransactionCallback method, setting up callback
2025-09-16 11:19:32.935 [INF] BTWL btcwallet.go:501: BTCWALLET: Successfully set up Electrum transaction callback
2025-09-16 11:19:32.935 [INF] CHRE chainregistry.go:845: LightningWallet opened
2025-09-16 11:19:32.935 [INF] LTND lnd.go:500: BuildChainControl completed
2025-09-16 11:19:32.935 [INF] BTWL btcwallet.go:448: BTCWALLET: Setting up Electrum address notifications
2025-09-16 11:19:32.935 [INF] BTWL btcwallet.go:692: BTCWALLET: Getting all wallet addresses dynamically
2025/09/16 11:19:32 ELECTRUM: Sending current best block to client 1 - Hash: 000000000001b87a63a4fe6933c40cb1117623c6523c48031fd212222f36bf01, Height: 4665697, BlockHeader: true
2025/09/16 11:19:32 ELECTRUM: Successfully sent block epoch to client 1
2025-09-16 11:19:32.935 [INF] BTCN broadcaster.go:131: Broadcaster now active
2025/09/16 11:19:32 ELECTRUM: Initializing best block during startup
2025/09/16 11:19:32 ELECTRUM: GetBestBlock called
2025/09/16 11:19:32 ELECTRUM: Subscribing to headers to get current height
2025-09-16 11:19:33.024 [INF] BTWL btcwallet.go:734: BTCWALLET: Found 46 total addresses to check dynamically
2025-09-16 11:19:33.024 [INF] BTWL btcwallet.go:457: BTCWALLET: Found 46 existing addresses to set up notifications for
2025-09-16 11:19:33.025 [INF] BTWL btcwallet.go:564: BTCWALLET: Setting up notification for address: tb1q35l5pfwv0wj2x0w6dvfr6rdv43mrdavey28800
2025-09-16 11:19:33.025 [INF] BTWL btcwallet.go:577: BTCWALLET: Calling chain.NotifyReceived for address: tb1q35l5pfwv0wj2x0w6dvfr6rdv43mrdavey28800
ELECTRUM: NotifyReceived called with 1 addresses
2025/09/16 11:19:33 ELECTRUM: Got current height 4665697 from headers subscription
2025/09/16 11:19:33 ELECTRUM: Returning hash 000000000001b87a63a4fe6933c40cb1117623c6523c48031fd212222f36bf01 for height 4665697 (from headers subscription)
2025/09/16 11:19:33 ELECTRUM: Successfully initialized best block
2025/09/16 11:19:33 ELECTRUM: GetBestBlock called
2025/09/16 11:19:33 ELECTRUM: Starting continuous block notification loop
2025/09/16 11:19:33 ELECTRUM: Subscribing to headers to get current height
ELECTRUM: Starting fetchAddressHistory for address: tb1q35l5pfwv0wj2x0w6dvfr6rdv43mrdavey28800
2025-09-16 11:19:33.262 [INF] BTWL btcwallet.go:587: BTCWALLET: chain.NotifyReceived completed successfully for address: tb1q35l5pfwv0wj2x0w6dvfr6rdv43mrdavey28800
ELECTRUM: Fetching transaction history for address: tb1q35l5pfwv0wj2x0w6dvfr6rdv43mrdavey28800
2025-09-16 11:19:33.263 [INF] BTWL btcwallet.go:589: BTCWALLET: Successfully set up notification for address: tb1q35l5pfwv0wj2x0w6dvfr6rdv43mrdavey28800
ELECTRUM: Calling GetHistory for address: tb1q35l5pfwv0wj2x0w6dvfr6rdv43mrdavey28800, scriptHash: 5402d6c137487f5e00d46c16a85ec56d25ab29f8636995d4bf586bc08bbce31e
2025-09-16 11:19:33.263 [INF] BTWL btcwallet.go:564: BTCWALLET: Setting up notification for address: tb1q3wmfzpnluglv5auudgl2zzsne33auzpmr3vguv
2025-09-16 11:19:33.263 [INF] BTWL btcwallet.go:577: BTCWALLET: Calling chain.NotifyReceived for address: tb1q3wmfzpnluglv5auudgl2zzsne33auzpmr3vguv
ELECTRUM: NotifyReceived called with 1 addresses
2025/09/16 11:19:33 ELECTRUM: Got current height 4665697 from headers subscription
2025/09/16 11:19:33 ELECTRUM: Returning hash 000000000001b87a63a4fe6933c40cb1117623c6523c48031fd212222f36bf01 for height 4665697 (from headers subscription)
2025-09-16 11:19:33.447 [INF] HSWC circuit_map.go:280: Cleaning circuits from disk for closed channels
2025-09-16 11:19:33.447 [DBG] HSWC circuit_map.go:324: Found 0 closed channels
2025-09-16 11:19:33.447 [INF] HSWC circuit_map.go:328: Finished cleaning: no closed channels found, no actions taken.
2025-09-16 11:19:33.447 [INF] HSWC circuit_map.go:497: Restoring in-memory circuit state from disk
2025-09-16 11:19:33.457 [INF] HSWC circuit_map.go:602: Payment circuits loaded: num_pending=0, num_open=0
2025-09-16 11:19:33.473 [DBG] CRTR missioncontrol.go:307: Instantiating mission control with config: maximum history: 1000, minimum failure relax interval: 1m0s, estimator type: apriori, penalty halflife time: 1h0m0s, apriori hop probability: 0.6, apriori weight: 0.5, previous success probability: 0.95, capacity fraction: 0.9999
2025-09-16 11:19:33.483 [INF] CRTR missioncontrol_store.go:107: Loaded 0 mission control entries
2025-09-16 11:19:33.483 [DBG] CRTR missioncontrol.go:455: [default]: Mission control state reconstruction started
2025-09-16 11:19:33.484 [DBG] CRTR missioncontrol.go:471: [default]: Mission control state reconstruction finished: n=0, time=3.917µs
2025-09-16 11:19:33.484 [DBG] SRVR server.go:1111: Instantiating payment session source with config: AttemptCost=100 + 0.1%, MinRouteProbability=0.01
2025-09-16 11:19:33.493 [INF] ACSM accessman.go:79: Access Manager initialized
ELECTRUM: Starting fetchAddressHistory for address: tb1q3wmfzpnluglv5auudgl2zzsne33auzpmr3vguv
ELECTRUM: Fetching transaction history for address: tb1q3wmfzpnluglv5auudgl2zzsne33auzpmr3vguv
ELECTRUM: Calling GetHistory for address: tb1q3wmfzpnluglv5auudgl2zzsne33auzpmr3vguv, scriptHash: b66131e80f4d50ca98ca6c1a4944746699c609136ce4aa4b4f162dd9de3dfe6d
2025-09-16 11:19:33.503 [INF] BTWL btcwallet.go:587: BTCWALLET: chain.NotifyReceived completed successfully for address: tb1q3wmfzpnluglv5auudgl2zzsne33auzpmr3vguv
2025-09-16 11:19:33.503 [INF] LTND channel_notifier.go:39: Channel backup proxy channel notifier starting
2025-09-16 11:19:33.503 [INF] BTWL btcwallet.go:589: BTCWALLET: Successfully set up notification for address: tb1q3wmfzpnluglv5auudgl2zzsne33auzpmr3vguv
2025-09-16 11:19:33.504 [INF] BTWL btcwallet.go:564: BTCWALLET: Setting up notification for address: tb1qnf9a6cdf8c93ca97767cvted4y9a8lrjr9rctd
2025-09-16 11:19:33.504 [INF] BTWL btcwallet.go:577: BTCWALLET: Calling chain.NotifyReceived for address: tb1qnf9a6cdf8c93ca97767cvted4y9a8lrjr9rctd
ELECTRUM: NotifyReceived called with 1 addresses
2025-09-16 11:19:33.504 [INF] CHIO dispatcher.go:92: Registered queue=1 with 3 blockbeat consumers
2025-09-16 11:19:33.504 [DBG] CHIO dispatcher.go:96: Consumer [ChainArbitrator] registered in queue 1
2025-09-16 11:19:33.504 [DBG] CHIO dispatcher.go:96: Consumer [UtxoSweeper] registered in queue 1
2025-09-16 11:19:33.504 [DBG] CHIO dispatcher.go:96: Consumer [TxPublisher] registered in queue 1
2025-09-16 11:19:33.504 [INF] ATPL pilot.go:143: Instantiating autopilot with active=false, max_channels=5, allocation=0.600000, min_chan_size=20000, max_chan_size=16777215, private=false, min_confs=1, conf_target=3
2025-09-16 11:19:33.504 [DBG] LTND subrpcserver_config.go:145: Populating dependencies for sub RPC server: SignRPC
2025-09-16 11:19:33.504 [DBG] LTND subrpcserver_config.go:145: Populating dependencies for sub RPC server: WalletKitRPC
2025-09-16 11:19:33.504 [DBG] LTND subrpcserver_config.go:145: Populating dependencies for sub RPC server: AutopilotRPC
2025-09-16 11:19:33.504 [DBG] LTND subrpcserver_config.go:145: Populating dependencies for sub RPC server: ChainRPC
2025-09-16 11:19:33.504 [DBG] LTND subrpcserver_config.go:145: Populating dependencies for sub RPC server: InvoicesRPC
2025-09-16 11:19:33.504 [DBG] LTND subrpcserver_config.go:145: Populating dependencies for sub RPC server: PeersRPC
2025-09-16 11:19:33.504 [DBG] LTND subrpcserver_config.go:145: Populating dependencies for sub RPC server: NeutrinoKitRPC
2025-09-16 11:19:33.504 [DBG] LTND subrpcserver_config.go:145: Populating dependencies for sub RPC server: RouterRPC
2025-09-16 11:19:33.504 [DBG] LTND subrpcserver_config.go:145: Populating dependencies for sub RPC server: WatchtowerRPC
2025-09-16 11:19:33.504 [DBG] LTND subrpcserver_config.go:145: Populating dependencies for sub RPC server: WatchtowerClientRPC
2025-09-16 11:19:33.504 [DBG] LTND subrpcserver_config.go:145: Populating dependencies for sub RPC server: DevRPC
2025-09-16 11:19:33.504 [DBG] RPCS rpcserver.go:963: Starting sub RPC server: InvoicesRPC
2025-09-16 11:19:33.504 [DBG] RPCS rpcserver.go:963: Starting sub RPC server: PeersRPC
2025-09-16 11:19:33.504 [DBG] RPCS rpcserver.go:963: Starting sub RPC server: VersionRPC
2025-09-16 11:19:33.504 [DBG] RPCS rpcserver.go:963: Starting sub RPC server: WatchtowerClientRPC
2025-09-16 11:19:33.504 [DBG] RPCS rpcserver.go:963: Starting sub RPC server: DevRPC
2025-09-16 11:19:33.504 [DBG] RPCS rpcserver.go:963: Starting sub RPC server: RouterRPC
2025-09-16 11:19:33.504 [DBG] RPCS rpcserver.go:963: Starting sub RPC server: SignRPC
2025-09-16 11:19:33.504 [DBG] RPCS rpcserver.go:963: Starting sub RPC server: WalletKitRPC
2025-09-16 11:19:33.504 [DBG] RPCS rpcserver.go:963: Starting sub RPC server: ChainRPC
2025-09-16 11:19:33.504 [INF] LTND signal.go:45: We're not running within systemd or the service type is not 'notify'
2025/09/16 11:19:33 ELECTRUM: GetBestBlock called
2025/09/16 11:19:33 ELECTRUM: Subscribing to headers to get current height
ELECTRUM: Starting fetchAddressHistory for address: tb1qnf9a6cdf8c93ca97767cvted4y9a8lrjr9rctd
2025/09/16 11:19:33 ELECTRUM: Got current height 4665697 from headers subscription
2025-09-16 11:19:33.746 [INF] BTWL btcwallet.go:587: BTCWALLET: chain.NotifyReceived completed successfully for address: tb1qnf9a6cdf8c93ca97767cvted4y9a8lrjr9rctd
2025/09/16 11:19:33 ELECTRUM: Returning hash 000000000001b87a63a4fe6933c40cb1117623c6523c48031fd212222f36bf01 for height 4665697 (from headers subscription)
ELECTRUM: Fetching transaction history for address: tb1qnf9a6cdf8c93ca97767cvted4y9a8lrjr9rctd
ELECTRUM: Calling GetHistory for address: tb1qnf9a6cdf8c93ca97767cvted4y9a8lrjr9rctd, scriptHash: 6fc32843e990f987cd411ceb807c95b202cec6c3971e9cb4e6caa2b607feb8f5
2025-09-16 11:19:33.746 [INF] LTND lnd.go:696: Waiting for chain backend to finish sync rev=4d1c86 start_height=4665697
2025-09-16 11:19:33.746 [INF] BTWL btcwallet.go:589: BTCWALLET: Successfully set up notification for address: tb1qnf9a6cdf8c93ca97767cvted4y9a8lrjr9rctd
2025/09/16 11:19:33 ELECTRUM: GetBestBlock called
2025-09-16 11:19:33.746 [INF] BTWL btcwallet.go:564: BTCWALLET: Setting up notification for address: tb1qudd8v6rz3m294gdmmmys29xugkl2f6qzgk3str
2025/09/16 11:19:33 ELECTRUM: Subscribing to headers to get current height
2025-09-16 11:19:33.746 [INF] BTWL btcwallet.go:577: BTCWALLET: Calling chain.NotifyReceived for address: tb1qudd8v6rz3m294gdmmmys29xugkl2f6qzgk3str
ELECTRUM: NotifyReceived called with 1 addresses
ELECTRUM: Starting fetchAddressHistory for address: tb1qudd8v6rz3m294gdmmmys29xugkl2f6qzgk3str
2025/09/16 11:19:33 ELECTRUM: Got current height 4665697 from headers subscription
2025-09-16 11:19:33.986 [INF] BTWL btcwallet.go:587: BTCWALLET: chain.NotifyReceived completed successfully for address: tb1qudd8v6rz3m294gdmmmys29xugkl2f6qzgk3str
2025/09/16 11:19:33 ELECTRUM: Returning hash 000000000001b87a63a4fe6933c40cb1117623c6523c48031fd212222f36bf01 for height 4665697 (from headers subscription)
ELECTRUM: Fetching transaction history for address: tb1qudd8v6rz3m294gdmmmys29xugkl2f6qzgk3str
2025-09-16 11:19:33.986 [INF] BTWL btcwallet.go:589: BTCWALLET: Successfully set up notification for address: tb1qudd8v6rz3m294gdmmmys29xugkl2f6qzgk3str
2025/09/16 11:19:33 ELECTRUM: GetBlockHeader called for hash: 000000000001b87a63a4fe6933c40cb1117623c6523c48031fd212222f36bf01
2025/09/16 11:19:33 ELECTRUM: GetBestBlock called
ELECTRUM: Calling GetHistory for address: tb1qudd8v6rz3m294gdmmmys29xugkl2f6qzgk3str, scriptHash: 28292b8697bd25f1db778ae58cac1627a8e4b8e7a4a5a427ff50d42bafd07e52
2025/09/16 11:19:33 ELECTRUM: Subscribing to headers to get current height
2025-09-16 11:19:33.986 [INF] BTWL btcwallet.go:564: BTCWALLET: Setting up notification for address: tb1qzja2zr3jt2tn5j4emss49745hwdxagaqvru8d4
2025-09-16 11:19:33.986 [INF] BTWL btcwallet.go:577: BTCWALLET: Calling chain.NotifyReceived for address: tb1qzja2zr3jt2tn5j4emss49745hwdxagaqvru8d4
ELECTRUM: NotifyReceived called with 1 addresses
ELECTRUM: Starting fetchAddressHistory for address: tb1qzja2zr3jt2tn5j4emss49745hwdxagaqvru8d4
2025/09/16 11:19:34 ELECTRUM: Got current height 4665697 from headers subscription
ELECTRUM: Fetching transaction history for address: tb1qzja2zr3jt2tn5j4emss49745hwdxagaqvru8d4
2025/09/16 11:19:34 ELECTRUM: Returning hash 000000000001b87a63a4fe6933c40cb1117623c6523c48031fd212222f36bf01 for height 4665697 (from headers subscription)
ELECTRUM: Calling GetHistory for address: tb1qzja2zr3jt2tn5j4emss49745hwdxagaqvru8d4, scriptHash: 6bf1890b216a5372d5a81a5ca9791137d77c1853dd628b5d3aa34d8ec00604a5
2025-09-16 11:19:34.232 [INF] BTWL btcwallet.go:587: BTCWALLET: chain.NotifyReceived completed successfully for address: tb1qzja2zr3jt2tn5j4emss49745hwdxagaqvru8d4
2025-09-16 11:19:34.232 [INF] BTWL btcwallet.go:589: BTCWALLET: Successfully set up notification for address: tb1qzja2zr3jt2tn5j4emss49745hwdxagaqvru8d4
2025-09-16 11:19:34.232 [INF] BTWL btcwallet.go:564: BTCWALLET: Setting up notification for address: tb1q25xq62ad6s9pymemadk7sf08alk3k6q7l4m5pj
2025-09-16 11:19:34.232 [INF] BTWL btcwallet.go:577: BTCWALLET: Calling chain.NotifyReceived for address: tb1q25xq62ad6s9pymemadk7sf08alk3k6q7l4m5pj
ELECTRUM: NotifyReceived called with 1 addresses
ELECTRUM: Processing transaction 0 for address tb1qzja2zr3jt2tn5j4emss49745hwdxagaqvru8d4
ELECTRUM: Calling buildTransactionDetail for entry 0
ELECTRUM: buildTransactionDetail called with entry type: *electrum.GetMempoolResult
ELECTRUM: buildTransactionDetail: Transaction 25cd595c95040e2b75b6a0e6b20ee96db31aeb75c6b8e7c44c720f9bd1527963 has height: 4660785
ELECTRUM: buildTransactionDetail: About to call GetTransaction for 25cd595c95040e2b75b6a0e6b20ee96db31aeb75c6b8e7c44c720f9bd1527963
ELECTRUM: buildTransactionDetail: Getting transaction details for 25cd595c95040e2b75b6a0e6b20ee96db31aeb75c6b8e7c44c720f9bd1527963
2025-09-16 11:19:34.545 [DBG] LTND lnd.go:727: Syncing to block chain rev=4d1c86 best_block_time="2025-09-16 11:19:28 -0400 EDT" is_synced=false
ELECTRUM: Starting fetchAddressHistory for address: tb1q25xq62ad6s9pymemadk7sf08alk3k6q7l4m5pj
2025-09-16 11:19:34.546 [INF] BTWL btcwallet.go:587: BTCWALLET: chain.NotifyReceived completed successfully for address: tb1q25xq62ad6s9pymemadk7sf08alk3k6q7l4m5pj
2025-09-16 11:19:34.546 [INF] BTWL btcwallet.go:589: BTCWALLET: Successfully set up notification for address: tb1q25xq62ad6s9pymemadk7sf08alk3k6q7l4m5pj
2025-09-16 11:19:34.546 [INF] BTWL btcwallet.go:564: BTCWALLET: Setting up notification for address: tb1qu4ug4mres4yx49ts998805u2ale66jeah6dvxq
2025-09-16 11:19:34.546 [INF] BTWL btcwallet.go:577: BTCWALLET: Calling chain.NotifyReceived for address: tb1qu4ug4mres4yx49ts998805u2ale66jeah6dvxq
ELECTRUM: NotifyReceived called with 1 addresses
ELECTRUM: Fetching transaction history for address: tb1q25xq62ad6s9pymemadk7sf08alk3k6q7l4m5pj
ELECTRUM: Calling GetHistory for address: tb1q25xq62ad6s9pymemadk7sf08alk3k6q7l4m5pj, scriptHash: c4c6d9d832fdbfd4a966340001ce4a928adc558ad3cff548e1a78f0962aa141a
2025/09/16 11:19:34 ELECTRUM: GetBestBlock called
2025/09/16 11:19:34 ELECTRUM: Subscribing to headers to get current height
ELECTRUM: Starting fetchAddressHistory for address: tb1qu4ug4mres4yx49ts998805u2ale66jeah6dvxq
2025-09-16 11:19:34.786 [INF] BTWL btcwallet.go:587: BTCWALLET: chain.NotifyReceived completed successfully for address: tb1qu4ug4mres4yx49ts998805u2ale66jeah6dvxq
ELECTRUM: Fetching transaction history for address: tb1qu4ug4mres4yx49ts998805u2ale66jeah6dvxq
ELECTRUM: Calling GetHistory for address: tb1qu4ug4mres4yx49ts998805u2ale66jeah6dvxq, scriptHash: ca676392dcbc659e23aa827453de1938add752fb16394cdd5252328fe3faa89e
2025-09-16 11:19:34.786 [INF] BTWL btcwallet.go:589: BTCWALLET: Successfully set up notification for address: tb1qu4ug4mres4yx49ts998805u2ale66jeah6dvxq
2025-09-16 11:19:34.787 [INF] BTWL btcwallet.go:564: BTCWALLET: Setting up notification for address: tb1qs6nvlnyhs604adlsulc3p0c4fa0g80uutdukx9
ELECTRUM: buildTransactionDetail: Successfully got transaction 25cd595c95040e2b75b6a0e6b20ee96db31aeb75c6b8e7c44c720f9bd1527963
ELECTRUM: buildTransactionDetail: GetTransaction succeeded for 25cd595c95040e2b75b6a0e6b20ee96db31aeb75c6b8e7c44c720f9bd1527963, processing result
ELECTRUM: buildTransactionDetail: Processing transaction result for 25cd595c95040e2b75b6a0e6b20ee96db31aeb75c6b8e7c44c720f9bd1527963
ELECTRUM: buildTransactionDetail: Transaction result is not nil for 25cd595c95040e2b75b6a0e6b20ee96db31aeb75c6b8e7c44c720f9bd1527963
2025-09-16 11:19:34.787 [INF] BTWL btcwallet.go:577: BTCWALLET: Calling chain.NotifyReceived for address: tb1qs6nvlnyhs604adlsulc3p0c4fa0g80uutdukx9
ELECTRUM: NotifyReceived called with 1 addresses
ELECTRUM: buildTransactionDetail: Attempting to get actual value for transaction 25cd595c95040e2b75b6a0e6b20ee96db31aeb75c6b8e7c44c720f9bd1527963
2025/09/16 11:19:34 ELECTRUM: Got current height 4665697 from headers subscription
2025/09/16 11:19:34 ELECTRUM: Returning hash 000000000001b87a63a4fe6933c40cb1117623c6523c48031fd212222f36bf01 for height 4665697 (from headers subscription)
2025/09/16 11:19:34 ELECTRUM: Sending initial block notification for height 4665697
2025/09/16 11:19:34 ELECTRUM: Sending block connected notification for height 4665697
2025/09/16 11:19:34 ELECTRUM: Block notification sent successfully for height 4665697
ELECTRUM: Starting fetchAddressHistory for address: tb1qs6nvlnyhs604adlsulc3p0c4fa0g80uutdukx9
ELECTRUM: Fetching transaction history for address: tb1qs6nvlnyhs604adlsulc3p0c4fa0g80uutdukx9
ELECTRUM: Calling GetHistory for address: tb1qs6nvlnyhs604adlsulc3p0c4fa0g80uutdukx9, scriptHash: 86be3f5bd32e85596af35440487dae22a79e6fb2679998d38f51fc323189b022
2025-09-16 11:19:35.024 [INF] BTWL btcwallet.go:587: BTCWALLET: chain.NotifyReceived completed successfully for address: tb1qs6nvlnyhs604adlsulc3p0c4fa0g80uutdukx9
2025-09-16 11:19:35.025 [INF] BTWL btcwallet.go:589: BTCWALLET: Successfully set up notification for address: tb1qs6nvlnyhs604adlsulc3p0c4fa0g80uutdukx9
2025-09-16 11:19:35.025 [INF] BTWL btcwallet.go:564: BTCWALLET: Setting up notification for address: tb1q8chvehh7ptzcfylzsgysk08cm3ppt8fvleeggz
2025-09-16 11:19:35.025 [INF] BTWL btcwallet.go:577: BTCWALLET: Calling chain.NotifyReceived for address: tb1q8chvehh7ptzcfylzsgysk08cm3ppt8fvleeggz
ELECTRUM: NotifyReceived called with 1 addresses
ELECTRUM: getTransactionValue: Transaction result type: *electrum.GetTransactionResult, fields: 12
ELECTRUM: getTransactionValue: Field 0: Blockhash = 00000000000000673a2cc7418fcfc9ace5b5884689f671dbb7eeab05b8090e88 (type: string)
ELECTRUM: getTransactionValue: Field 1: Blocktime = 1757981635 (type: uint64)
ELECTRUM: getTransactionValue: Field 2: Confirmations = 4913 (type: int32)
ELECTRUM: getTransactionValue: Field 3: Hash = d8a7630f7dd4ed9c3bc6884807f1c0692b556e3ccb83a37f24f9797fa4c8361f (type: string)
ELECTRUM: getTransactionValue: Field 4: Hex = 010000000001014b917f7478f1ba4c5bb0758c619d0a48850c3ac7fb7d97717d5b7ef22284c2530000000000ffffffff02de2100000000000016001414baa10e325a973a4ab9dc2152fab4bb9a6ea3a0f375a3000000000022512005090923a2d5a8f95f8f50c0e191462e7692094a9307747b0c5580ea43073ea30140202840e6f21166743530d5fbd6eb0a8e2d19ed7be743cc3cc62b24a813ca14627cbb02faf49a90e1c525213516d03bfe986377a51e858356c48dad5efbcdf95a00000000 (type: string)
ELECTRUM: getTransactionValue: Field 5: Locktime = 0 (type: uint32)
ELECTRUM: getTransactionValue: Field 6: Size = 193 (type: uint32)
ELECTRUM: getTransactionValue: Field 7: Time = 1757981635 (type: uint64)
ELECTRUM: getTransactionValue: Field 8: Version = 1 (type: uint32)
ELECTRUM: getTransactionValue: Field 9: Vin = [{ 0x140004c1880 4294967295 53c28422f27e5b7d71977dfbc73a0c85480a9d618c75b05b4cbaf178747f914b 0}] (type: []electrum.Vin)
ELECTRUM: getTransactionValue: Field 10: Vout = [{0 {[] 0 14baa10e325a973a4ab9dc2152fab4bb9a6ea3a0 001414baa10e325a973a4ab9dc2152fab4bb9a6ea3a0 0 witness_v0_keyhash} 8.67e-05} {1 {[] 1 05090923a2d5a8f95f8f50c0e191462e7692094a9307747b0c5580ea43073ea3 512005090923a2d5a8f95f8f50c0e191462e7692094a9307747b0c5580ea43073ea3 0 witness_v1_taproot} 0.10712563}] (type: []electrum.Vout)
ELECTRUM: getTransactionValue: Field 11: Merkle = {[] 0 0} (type: electrum.GetMerkleProofResult)
ELECTRUM: getTransactionValue: Processing 2 Vout entries for transaction 25cd595c95040e2b75b6a0e6b20ee96db31aeb75c6b8e7c44c720f9bd1527963
ELECTRUM: getTransactionValue: Processing Vout entry 0 for transaction 25cd595c95040e2b75b6a0e6b20ee96db31aeb75c6b8e7c44c720f9bd1527963
ELECTRUM: getTransactionValue: Vout[0] Field 0: N = 0 (type: uint32)
ELECTRUM: getTransactionValue: Vout[0] Field 1: ScriptPubkey = {[] 0 14baa10e325a973a4ab9dc2152fab4bb9a6ea3a0 001414baa10e325a973a4ab9dc2152fab4bb9a6ea3a0 0 witness_v0_keyhash} (type: electrum.ScriptPubkey)
ELECTRUM: getTransactionValue: Vout[0] Field 2: Value = 8.67e-05 (type: float64)
ELECTRUM: getTransactionValue: Vout[0] has value 0.000087 BTC (8670 satoshis)
ELECTRUM: getTransactionValue: Vout[0] ScriptPubkey type: electrum.ScriptPubkey
ELECTRUM: getTransactionValue: Vout[0] ScriptPubkey has 5 fields
ELECTRUM: getTransactionValue: Vout[0] ScriptPubkey Field 0: Addresses = [] (type: []string)
ELECTRUM: getTransactionValue: Vout[0] ScriptPubkey Field 1: Asm = 0 14baa10e325a973a4ab9dc2152fab4bb9a6ea3a0 (type: string)
ELECTRUM: getTransactionValue: Vout[0] ScriptPubkey Field 2: Hex = 001414baa10e325a973a4ab9dc2152fab4bb9a6ea3a0 (type: string)
ELECTRUM: getTransactionValue: Vout[0] ScriptPubkey Field 3: ReqSigs = 0 (type: uint32)
ELECTRUM: getTransactionValue: Vout[0] ScriptPubkey Field 4: Type = witness_v0_keyhash (type: string)
ELECTRUM: getTransactionValue: Vout[0] extracted script hex from Hex field: 001414baa10e325a973a4ab9dc2152fab4bb9a6ea3a0
ELECTRUM: getTransactionValue: Vout[0] calculated script hash: 6bf1890b216a5372d5a81a5ca9791137d77c1853dd628b5d3aa34d8ec00604a5, target: 6bf1890b216a5372d5a81a5ca9791137d77c1853dd628b5d3aa34d8ec00604a5
ELECTRUM: getTransactionValue: Vout[0] matches our script hash, adding 8670 satoshis
ELECTRUM: getTransactionValue: Processing Vout entry 1 for transaction 25cd595c95040e2b75b6a0e6b20ee96db31aeb75c6b8e7c44c720f9bd1527963
ELECTRUM: getTransactionValue: Vout[1] Field 0: N = 1 (type: uint32)
ELECTRUM: getTransactionValue: Vout[1] Field 1: ScriptPubkey = {[] 1 05090923a2d5a8f95f8f50c0e191462e7692094a9307747b0c5580ea43073ea3 512005090923a2d5a8f95f8f50c0e191462e7692094a9307747b0c5580ea43073ea3 0 witness_v1_taproot} (type: electrum.ScriptPubkey)
ELECTRUM: getTransactionValue: Vout[1] Field 2: Value = 0.10712563 (type: float64)
ELECTRUM: getTransactionValue: Vout[1] has value 0.107126 BTC (10712563 satoshis)
ELECTRUM: getTransactionValue: Vout[1] ScriptPubkey type: electrum.ScriptPubkey
ELECTRUM: getTransactionValue: Vout[1] ScriptPubkey has 5 fields
ELECTRUM: getTransactionValue: Vout[1] ScriptPubkey Field 0: Addresses = [] (type: []string)
ELECTRUM: getTransactionValue: Vout[1] ScriptPubkey Field 1: Asm = 1 05090923a2d5a8f95f8f50c0e191462e7692094a9307747b0c5580ea43073ea3 (type: string)
ELECTRUM: getTransactionValue: Vout[1] ScriptPubkey Field 2: Hex = 512005090923a2d5a8f95f8f50c0e191462e7692094a9307747b0c5580ea43073ea3 (type: string)
ELECTRUM: getTransactionValue: Vout[1] ScriptPubkey Field 3: ReqSigs = 0 (type: uint32)
ELECTRUM: getTransactionValue: Vout[1] ScriptPubkey Field 4: Type = witness_v1_taproot (type: string)
ELECTRUM: getTransactionValue: Vout[1] extracted script hex from Hex field: 512005090923a2d5a8f95f8f50c0e191462e7692094a9307747b0c5580ea43073ea3
ELECTRUM: getTransactionValue: Vout[1] calculated script hash: 222baf51ae983e703d9ecb39f410510ac4514da35620ee9986494c88e20a46a1, target: 6bf1890b216a5372d5a81a5ca9791137d77c1853dd628b5d3aa34d8ec00604a5
ELECTRUM: getTransactionValue: Vout[1] does not match our script hash, skipping
ELECTRUM: buildTransactionDetail: Transaction 25cd595c95040e2b75b6a0e6b20ee96db31aeb75c6b8e7c44c720f9bd1527963 has actual value 8670 satoshis
2025/09/16 11:19:35 ELECTRUM: GetBlockHash called for height: 4660785
ELECTRUM: Starting fetchAddressHistory for address: tb1q8chvehh7ptzcfylzsgysk08cm3ppt8fvleeggz
ELECTRUM: Fetching transaction history for address: tb1q8chvehh7ptzcfylzsgysk08cm3ppt8fvleeggz
ELECTRUM: Calling GetHistory for address: tb1q8chvehh7ptzcfylzsgysk08cm3ppt8fvleeggz, scriptHash: 8b874fe06c0a029126d30048dd68ce279f86ab73018e41fbce4e5db15bbd4d68
2025-09-16 11:19:35.261 [INF] BTWL btcwallet.go:587: BTCWALLET: chain.NotifyReceived completed successfully for address: tb1q8chvehh7ptzcfylzsgysk08cm3ppt8fvleeggz
2025-09-16 11:19:35.262 [INF] BTWL btcwallet.go:589: BTCWALLET: Successfully set up notification for address: tb1q8chvehh7ptzcfylzsgysk08cm3ppt8fvleeggz
2025-09-16 11:19:35.262 [INF] BTWL btcwallet.go:564: BTCWALLET: Setting up notification for address: tb1q2xgdnhrez9r46a65g4jacpynkjmnfe6f6a7rv9
2025-09-16 11:19:35.262 [INF] BTWL btcwallet.go:577: BTCWALLET: Calling chain.NotifyReceived for address: tb1q2xgdnhrez9r46a65g4jacpynkjmnfe6f6a7rv9
ELECTRUM: NotifyReceived called with 1 addresses
2025-09-16 11:19:35.262 [INF] BTWL btcwallet.go:485: BTCWALLET: Received transaction callback - txHash: 25cd595c95040e2b75b6a0e6b20ee96db31aeb75c6b8e7c44c720f9bd1527963, address: tb1qzja2zr3jt2tn5j4emss49745hwdxagaqvru8d4, value: 8670, confirmations: 4913
2025-09-16 11:19:35.262 [INF] BTWL btcwallet.go:509: BTCWALLET: Integrating discovered transaction 25cd595c95040e2b75b6a0e6b20ee96db31aeb75c6b8e7c44c720f9bd1527963 for address tb1qzja2zr3jt2tn5j4emss49745hwdxagaqvru8d4 (value: 8670, confirmations: 4913)
2025-09-16 11:19:35.262 [INF] BTWL btcwallet.go:545: BTCWALLET: Successfully integrated transaction 25cd595c95040e2b75b6a0e6b20ee96db31aeb75c6b8e7c44c720f9bd1527963 (value: 8670 satoshis, confirmations: 4913)
2025-09-16 11:19:35.262 [INF] BTWL btcwallet.go:493: BTCWALLET: Successfully integrated discovered transaction 25cd595c95040e2b75b6a0e6b20ee96db31aeb75c6b8e7c44c720f9bd1527963
ELECTRUM: Starting fetchAddressHistory for address: tb1q2xgdnhrez9r46a65g4jacpynkjmnfe6f6a7rv9
2025-09-16 11:19:35.499 [INF] BTWL btcwallet.go:587: BTCWALLET: chain.NotifyReceived completed successfully for address: tb1q2xgdnhrez9r46a65g4jacpynkjmnfe6f6a7rv9
ELECTRUM: Fetching transaction history for address: tb1q2xgdnhrez9r46a65g4jacpynkjmnfe6f6a7rv9
ELECTRUM: Calling GetHistory for address: tb1q2xgdnhrez9r46a65g4jacpynkjmnfe6f6a7rv9, scriptHash: 8ffe8589aabc0270d07eb3d7eb59003aea385db49b2f2cda6a405ba17ae25436
2025-09-16 11:19:35.499 [INF] BTWL btcwallet.go:589: BTCWALLET: Successfully set up notification for address: tb1q2xgdnhrez9r46a65g4jacpynkjmnfe6f6a7rv9
2025-09-16 11:19:35.499 [INF] BTWL btcwallet.go:564: BTCWALLET: Setting up notification for address: tb1qjka5z9xsg53v4925jn28umwwz3u5tyh302wg30
2025-09-16 11:19:35.499 [INF] BTWL btcwallet.go:577: BTCWALLET: Calling chain.NotifyReceived for address: tb1qjka5z9xsg53v4925jn28umwwz3u5tyh302wg30
ELECTRUM: NotifyReceived called with 1 addresses
2025/09/16 11:19:35 ELECTRUM: GetBestBlock called
2025/09/16 11:19:35 ELECTRUM: Subscribing to headers to get current height
ELECTRUM: Starting fetchAddressHistory for address: tb1qjka5z9xsg53v4925jn28umwwz3u5tyh302wg30
2025-09-16 11:19:35.736 [INF] BTWL btcwallet.go:587: BTCWALLET: chain.NotifyReceived completed successfully for address: tb1qjka5z9xsg53v4925jn28umwwz3u5tyh302wg30
ELECTRUM: Fetching transaction history for address: tb1qjka5z9xsg53v4925jn28umwwz3u5tyh302wg30
2025-09-16 11:19:35.737 [INF] BTWL btcwallet.go:589: BTCWALLET: Successfully set up notification for address: tb1qjka5z9xsg53v4925jn28umwwz3u5tyh302wg30
ELECTRUM: Calling GetHistory for address: tb1qjka5z9xsg53v4925jn28umwwz3u5tyh302wg30, scriptHash: 30311d2d2edd9aabdf8d1684192145260c6f30c8c843ae927758b737aac07235
2025-09-16 11:19:35.737 [INF] BTWL btcwallet.go:564: BTCWALLET: Setting up notification for address: tb1qy84s4sf7y0eetkst3eaah849ky60jdjra09ptk
2025-09-16 11:19:35.737 [INF] BTWL btcwallet.go:577: BTCWALLET: Calling chain.NotifyReceived for address: tb1qy84s4sf7y0eetkst3eaah849ky60jdjra09ptk
ELECTRUM: NotifyReceived called with 1 addresses
2025/09/16 11:19:35 ELECTRUM: Got current height 4665698 from headers subscription
2025/09/16 11:19:35 ELECTRUM: Returning hash 000000000003183d123888a0aa1bc01859a6f4c7434b2f402e867e311b82fe8b for height 4665698 (from headers subscription)
2025/09/16 11:19:35 ELECTRUM: GetBlockHeader called for hash: 000000000003183d123888a0aa1bc01859a6f4c7434b2f402e867e311b82fe8b
2025/09/16 11:19:35 ELECTRUM: GetBestBlock called
2025/09/16 11:19:35 ELECTRUM: Subscribing to headers to get current height
2025/09/16 11:19:35 ELECTRUM: GetBestBlock called
2025/09/16 11:19:35 ELECTRUM: Subscribing to headers to get current height
ELECTRUM: Starting fetchAddressHistory for address: tb1qy84s4sf7y0eetkst3eaah849ky60jdjra09ptk
ELECTRUM: Fetching transaction history for address: tb1qy84s4sf7y0eetkst3eaah849ky60jdjra09ptk
ELECTRUM: Calling GetHistory for address: tb1qy84s4sf7y0eetkst3eaah849ky60jdjra09ptk, scriptHash: e49ffa552cb23af49332713f9fedd2efce14dc2902c11597fda6ea1fb83468cc
2025-09-16 11:19:35.974 [INF] BTWL btcwallet.go:587: BTCWALLET: chain.NotifyReceived completed successfully for address: tb1qy84s4sf7y0eetkst3eaah849ky60jdjra09ptk
2025-09-16 11:19:35.974 [INF] BTWL btcwallet.go:589: BTCWALLET: Successfully set up notification for address: tb1qy84s4sf7y0eetkst3eaah849ky60jdjra09ptk
2025-09-16 11:19:35.974 [INF] BTWL btcwallet.go:564: BTCWALLET: Setting up notification for address: tb1q84gk7xt5mkcd5d0kn2pj26gep8zdp8esy5jst5
2025-09-16 11:19:35.974 [INF] BTWL btcwallet.go:577: BTCWALLET: Calling chain.NotifyReceived for address: tb1q84gk7xt5mkcd5d0kn2pj26gep8zdp8esy5jst5
ELECTRUM: NotifyReceived called with 1 addresses
2025/09/16 11:19:36 ELECTRUM: Got current height 4665698 from headers subscription
2025/09/16 11:19:36 ELECTRUM: Returning hash 000000000003183d123888a0aa1bc01859a6f4c7434b2f402e867e311b82fe8b for height 4665698 (from headers subscription)
2025/09/16 11:19:36 ELECTRUM: Got current height 4665699 from headers subscription
2025/09/16 11:19:36 ELECTRUM: Returning hash 00000000000091ec815f57af9453278dddec087f2eab48ef2f48ca5a8ceff3f7 for height 4665699 (from headers subscription)
2025/09/16 11:19:36 ELECTRUM: Sending initial block notification for height 4665699
2025/09/16 11:19:36 ELECTRUM: Sending block connected notification for height 4665699
2025/09/16 11:19:36 ELECTRUM: Block notification sent successfully for height 4665699
2025/09/16 11:19:36 ELECTRUM: GetBestBlock called
2025/09/16 11:19:36 ELECTRUM: Subscribing to headers to get current height
ELECTRUM: Starting fetchAddressHistory for address: tb1q84gk7xt5mkcd5d0kn2pj26gep8zdp8esy5jst5
ELECTRUM: Fetching transaction history for address: tb1q84gk7xt5mkcd5d0kn2pj26gep8zdp8esy5jst5
ELECTRUM: Calling GetHistory for address: tb1q84gk7xt5mkcd5d0kn2pj26gep8zdp8esy5jst5, scriptHash: 0ef136938f4e6ec14f5b140956aa93ab312107d6eed8cc07ab19f19ecfb78117
2025-09-16 11:19:36.211 [INF] BTWL btcwallet.go:587: BTCWALLET: chain.NotifyReceived completed successfully for address: tb1q84gk7xt5mkcd5d0kn2pj26gep8zdp8esy5jst5
2025-09-16 11:19:36.211 [INF] BTWL btcwallet.go:589: BTCWALLET: Successfully set up notification for address: tb1q84gk7xt5mkcd5d0kn2pj26gep8zdp8esy5jst5
2025-09-16 11:19:36.211 [INF] BTWL btcwallet.go:564: BTCWALLET: Setting up notification for address: tb1qf07tpug9zz6vffhhm3amvqtujhldkcv2j2wycf
2025-09-16 11:19:36.211 [INF] BTWL btcwallet.go:577: BTCWALLET: Calling chain.NotifyReceived for address: tb1qf07tpug9zz6vffhhm3amvqtujhldkcv2j2wycf
ELECTRUM: NotifyReceived called with 1 addresses
2025-09-16 11:19:36.257 [DBG] LTND lnd.go:727: Syncing to block chain rev=4d1c86 best_block_time="2025-09-16 11:19:35 -0400 EDT" is_synced=false
2025/09/16 11:19:36 ELECTRUM: Got current height 4665699 from headers subscription
2025/09/16 11:19:36 ELECTRUM: Returning hash 00000000000091ec815f57af9453278dddec087f2eab48ef2f48ca5a8ceff3f7 for height 4665699 (from headers subscription)
2025/09/16 11:19:36 ELECTRUM: Sending initial block notification for height 4665699
2025/09/16 11:19:36 ELECTRUM: Sending block connected notification for height 4665699
2025/09/16 11:19:36 ELECTRUM: Block notification sent successfully for height 4665699
ELECTRUM: Starting fetchAddressHistory for address: tb1qf07tpug9zz6vffhhm3amvqtujhldkcv2j2wycf
2025-09-16 11:19:36.449 [INF] BTWL btcwallet.go:587: BTCWALLET: chain.NotifyReceived completed successfully for address: tb1qf07tpug9zz6vffhhm3amvqtujhldkcv2j2wycf
ELECTRUM: Fetching transaction history for address: tb1qf07tpug9zz6vffhhm3amvqtujhldkcv2j2wycf
2025-09-16 11:19:36.449 [INF] BTWL btcwallet.go:589: BTCWALLET: Successfully set up notification for address: tb1qf07tpug9zz6vffhhm3amvqtujhldkcv2j2wycf
ELECTRUM: Calling GetHistory for address: tb1qf07tpug9zz6vffhhm3amvqtujhldkcv2j2wycf, scriptHash: fb61782f1e6f1393af564ec097b0ea9834062d5649138e20295f647f97a5361c
2025-09-16 11:19:36.449 [INF] BTWL btcwallet.go:564: BTCWALLET: Setting up notification for address: tb1pv6wu2k2pls6eclghkyv4rehmv8pf93kj5x7pejzak3gzd3a9778shsgnq0
2025-09-16 11:19:36.449 [INF] BTWL btcwallet.go:577: BTCWALLET: Calling chain.NotifyReceived for address: tb1pv6wu2k2pls6eclghkyv4rehmv8pf93kj5x7pejzak3gzd3a9778shsgnq0
ELECTRUM: NotifyReceived called with 1 addresses
ELECTRUM: Starting fetchAddressHistory for address: tb1pv6wu2k2pls6eclghkyv4rehmv8pf93kj5x7pejzak3gzd3a9778shsgnq0
ELECTRUM: Fetching transaction history for address: tb1pv6wu2k2pls6eclghkyv4rehmv8pf93kj5x7pejzak3gzd3a9778shsgnq0
ELECTRUM: Calling GetHistory for address: tb1pv6wu2k2pls6eclghkyv4rehmv8pf93kj5x7pejzak3gzd3a9778shsgnq0, scriptHash: 8578ba4feebf5378a3775363d531f253b8fbf9b00df139d1346ef1cbb8d17245
2025-09-16 11:19:36.689 [INF] BTWL btcwallet.go:587: BTCWALLET: chain.NotifyReceived completed successfully for address: tb1pv6wu2k2pls6eclghkyv4rehmv8pf93kj5x7pejzak3gzd3a9778shsgnq0
2025-09-16 11:19:36.689 [INF] BTWL btcwallet.go:589: BTCWALLET: Successfully set up notification for address: tb1pv6wu2k2pls6eclghkyv4rehmv8pf93kj5x7pejzak3gzd3a9778shsgnq0
2025-09-16 11:19:36.689 [INF] BTWL btcwallet.go:564: BTCWALLET: Setting up notification for address: tb1pqxhwj0c5z7jkz6pcur2lryehylrl4yzh0fvgphnpf769578k2qwqq8pvqd
2025-09-16 11:19:36.689 [INF] BTWL btcwallet.go:577: BTCWALLET: Calling chain.NotifyReceived for address: tb1pqxhwj0c5z7jkz6pcur2lryehylrl4yzh0fvgphnpf769578k2qwqq8pvqd
ELECTRUM: NotifyReceived called with 1 addresses
ELECTRUM: Processing transaction 0 for address tb1pv6wu2k2pls6eclghkyv4rehmv8pf93kj5x7pejzak3gzd3a9778shsgnq0
ELECTRUM: Calling buildTransactionDetail for entry 0
ELECTRUM: buildTransactionDetail called with entry type: *electrum.GetMempoolResult
ELECTRUM: Starting fetchAddressHistory for address: tb1pqxhwj0c5z7jkz6pcur2lryehylrl4yzh0fvgphnpf769578k2qwqq8pvqd
ELECTRUM: buildTransactionDetail: Transaction 53c28422f27e5b7d71977dfbc73a0c85480a9d618c75b05b4cbaf178747f914b has height: 4660782
ELECTRUM: buildTransactionDetail: About to call GetTransaction for 53c28422f27e5b7d71977dfbc73a0c85480a9d618c75b05b4cbaf178747f914b
ELECTRUM: buildTransactionDetail: Getting transaction details for 53c28422f27e5b7d71977dfbc73a0c85480a9d618c75b05b4cbaf178747f914b
2025-09-16 11:19:37.043 [INF] BTWL btcwallet.go:587: BTCWALLET: chain.NotifyReceived completed successfully for address: tb1pqxhwj0c5z7jkz6pcur2lryehylrl4yzh0fvgphnpf769578k2qwqq8pvqd
ELECTRUM: Fetching transaction history for address: tb1pqxhwj0c5z7jkz6pcur2lryehylrl4yzh0fvgphnpf769578k2qwqq8pvqd
2025-09-16 11:19:37.043 [INF] BTWL btcwallet.go:589: BTCWALLET: Successfully set up notification for address: tb1pqxhwj0c5z7jkz6pcur2lryehylrl4yzh0fvgphnpf769578k2qwqq8pvqd
ELECTRUM: Calling GetHistory for address: tb1pqxhwj0c5z7jkz6pcur2lryehylrl4yzh0fvgphnpf769578k2qwqq8pvqd, scriptHash: b4b1be16fa88724c29732edb1ff71e5ab276106ae5fc1021dbec298966da0b83
2025-09-16 11:19:37.043 [INF] BTWL btcwallet.go:564: BTCWALLET: Setting up notification for address: tb1pyts089s2l3zpfhculluw6lxzwfsary8cj9m26edtrqxss7p7qydqat9hw2
2025-09-16 11:19:37.043 [INF] BTWL btcwallet.go:577: BTCWALLET: Calling chain.NotifyReceived for address: tb1pyts089s2l3zpfhculluw6lxzwfsary8cj9m26edtrqxss7p7qydqat9hw2
ELECTRUM: NotifyReceived called with 1 addresses
2025/09/16 11:19:37 ELECTRUM: GetBestBlock called
2025/09/16 11:19:37 ELECTRUM: Subscribing to headers to get current height
ELECTRUM: Starting fetchAddressHistory for address: tb1pyts089s2l3zpfhculluw6lxzwfsary8cj9m26edtrqxss7p7qydqat9hw2
ELECTRUM: Fetching transaction history for address: tb1pyts089s2l3zpfhculluw6lxzwfsary8cj9m26edtrqxss7p7qydqat9hw2
ELECTRUM: Calling GetHistory for address: tb1pyts089s2l3zpfhculluw6lxzwfsary8cj9m26edtrqxss7p7qydqat9hw2, scriptHash: f67a34ebd66063c1a926b52c9a5e00f290e890e3b2a8b3acf99e6ca0840e2c69
2025-09-16 11:19:37.282 [INF] BTWL btcwallet.go:587: BTCWALLET: chain.NotifyReceived completed successfully for address: tb1pyts089s2l3zpfhculluw6lxzwfsary8cj9m26edtrqxss7p7qydqat9hw2
2025-09-16 11:19:37.283 [INF] BTWL btcwallet.go:589: BTCWALLET: Successfully set up notification for address: tb1pyts089s2l3zpfhculluw6lxzwfsary8cj9m26edtrqxss7p7qydqat9hw2
2025-09-16 11:19:37.283 [INF] BTWL btcwallet.go:564: BTCWALLET: Setting up notification for address: tb1py0jfpc0ft4zsfhg7p3peze4q6wdl9l2gfwzf8ar64skxkhz9v9lsuhm2g4
2025-09-16 11:19:37.283 [INF] BTWL btcwallet.go:577: BTCWALLET: Calling chain.NotifyReceived for address: tb1py0jfpc0ft4zsfhg7p3peze4q6wdl9l2gfwzf8ar64skxkhz9v9lsuhm2g4
ELECTRUM: NotifyReceived called with 1 addresses
ELECTRUM: buildTransactionDetail: Successfully got transaction 53c28422f27e5b7d71977dfbc73a0c85480a9d618c75b05b4cbaf178747f914b
ELECTRUM: buildTransactionDetail: GetTransaction succeeded for 53c28422f27e5b7d71977dfbc73a0c85480a9d618c75b05b4cbaf178747f914b, processing result
ELECTRUM: buildTransactionDetail: Processing transaction result for 53c28422f27e5b7d71977dfbc73a0c85480a9d618c75b05b4cbaf178747f914b
ELECTRUM: buildTransactionDetail: Transaction result is not nil for 53c28422f27e5b7d71977dfbc73a0c85480a9d618c75b05b4cbaf178747f914b
ELECTRUM: buildTransactionDetail: Attempting to get actual value for transaction 53c28422f27e5b7d71977dfbc73a0c85480a9d618c75b05b4cbaf178747f914b
2025/09/16 11:19:37 ELECTRUM: Got current height 4665699 from headers subscription
2025/09/16 11:19:37 ELECTRUM: Returning hash 00000000000091ec815f57af9453278dddec087f2eab48ef2f48ca5a8ceff3f7 for height 4665699 (from headers subscription)
2025/09/16 11:19:37 ELECTRUM: GetBlockHeader called for hash: 00000000000091ec815f57af9453278dddec087f2eab48ef2f48ca5a8ceff3f7
2025/09/16 11:19:37 ELECTRUM: GetBestBlock called
2025/09/16 11:19:37 ELECTRUM: Subscribing to headers to get current height
ELECTRUM: Processing transaction 0 for address tb1pyts089s2l3zpfhculluw6lxzwfsary8cj9m26edtrqxss7p7qydqat9hw2
ELECTRUM: Calling buildTransactionDetail for entry 0
ELECTRUM: buildTransactionDetail called with entry type: *electrum.GetMempoolResult
ELECTRUM: buildTransactionDetail: Transaction 51abc2a15b01e008362af0075a3616d445af203deaea3abcad4d94f607dbafab has height: 4661302
ELECTRUM: buildTransactionDetail: About to call GetTransaction for 51abc2a15b01e008362af0075a3616d445af203deaea3abcad4d94f607dbafab
ELECTRUM: buildTransactionDetail: Getting transaction details for 51abc2a15b01e008362af0075a3616d445af203deaea3abcad4d94f607dbafab
ELECTRUM: Starting fetchAddressHistory for address: tb1py0jfpc0ft4zsfhg7p3peze4q6wdl9l2gfwzf8ar64skxkhz9v9lsuhm2g4
ELECTRUM: getTransactionValue: Transaction result type: *electrum.GetTransactionResult, fields: 12
ELECTRUM: getTransactionValue: Field 0: Blockhash = 0000000000000042e460b9fad2e9532cf1cc3f4170a53d9d26ab6e78ff236847 (type: string)
ELECTRUM: getTransactionValue: Field 1: Blocktime = 1757981159 (type: uint64)
ELECTRUM: getTransactionValue: Field 2: Confirmations = 4918 (type: int32)
ELECTRUM: getTransactionValue: Field 3: Hash = 15c263df20efdbc1e9a831e492e4448bfae81a419aebddaf1cdaa9581e5886ec (type: string)
ELECTRUM: getTransactionValue: Field 4: Hex = 01000000000101e1a363336ff7bf5c9cfe66dd6f03620ebcf0a6c9a8500fcd9ad509606e08c27f0000000000ffffffff026198a300000000002251201edf63902042b3252443e16248200720e90b315f7e4512f05583cc0e49e6c07dd721000000000000225120669dc55941fc359c7d17b11951e6fb61c292c6d2a1bc1cc85db45026c7a5f78f0140a7bf98f7dbc055da2864c132b6e28616cee30297c3b4432b31f725f1f3eac4f52fa39ab8a351aa1c2a07848c8657f223f648ba92739e8ca06bd8acf140ecacbb00000000 (type: string)
ELECTRUM: getTransactionValue: Field 5: Locktime = 0 (type: uint32)
ELECTRUM: getTransactionValue: Field 6: Size = 205 (type: uint32)
ELECTRUM: Fetching transaction history for address: tb1py0jfpc0ft4zsfhg7p3peze4q6wdl9l2gfwzf8ar64skxkhz9v9lsuhm2g4
ELECTRUM: Calling GetHistory for address: tb1py0jfpc0ft4zsfhg7p3peze4q6wdl9l2gfwzf8ar64skxkhz9v9lsuhm2g4, scriptHash: 1f1546aea3cb0bbe6272bb05f049b1d43ea9cd69a421402946f1e21b67d24a7f
ELECTRUM: getTransactionValue: Field 7: Time = 1757981159 (type: uint64)
ELECTRUM: getTransactionValue: Field 8: Version = 1 (type: uint32)
ELECTRUM: getTransactionValue: Field 9: Vin = [{ 0x140004c1de0 4294967295 7fc2086e6009d59acd0f50a8c9a6f0bc0e62036fdd66fe9c5cbff76f3363a3e1 0}] (type: []electrum.Vin)
ELECTRUM: getTransactionValue: Field 10: Vout = [{0 {[] 1 1edf63902042b3252443e16248200720e90b315f7e4512f05583cc0e49e6c07d 51201edf63902042b3252443e16248200720e90b315f7e4512f05583cc0e49e6c07d 0 witness_v1_taproot} 0.10721377} {1 {[] 1 669dc55941fc359c7d17b11951e6fb61c292c6d2a1bc1cc85db45026c7a5f78f 5120669dc55941fc359c7d17b11951e6fb61c292c6d2a1bc1cc85db45026c7a5f78f 0 witness_v1_taproot} 8.663e-05}] (type: []electrum.Vout)
ELECTRUM: getTransactionValue: Field 11: Merkle = {[] 0 0} (type: electrum.GetMerkleProofResult)
2025-09-16 11:19:37.521 [INF] BTWL btcwallet.go:587: BTCWALLET: chain.NotifyReceived completed successfully for address: tb1py0jfpc0ft4zsfhg7p3peze4q6wdl9l2gfwzf8ar64skxkhz9v9lsuhm2g4
ELECTRUM: getTransactionValue: Processing 2 Vout entries for transaction 53c28422f27e5b7d71977dfbc73a0c85480a9d618c75b05b4cbaf178747f914b
ELECTRUM: getTransactionValue: Processing Vout entry 0 for transaction 53c28422f27e5b7d71977dfbc73a0c85480a9d618c75b05b4cbaf178747f914b
ELECTRUM: getTransactionValue: Vout[0] Field 0: N = 0 (type: uint32)
2025-09-16 11:19:37.521 [INF] BTWL btcwallet.go:589: BTCWALLET: Successfully set up notification for address: tb1py0jfpc0ft4zsfhg7p3peze4q6wdl9l2gfwzf8ar64skxkhz9v9lsuhm2g4
ELECTRUM: getTransactionValue: Vout[0] Field 1: ScriptPubkey = {[] 1 1edf63902042b3252443e16248200720e90b315f7e4512f05583cc0e49e6c07d 51201edf63902042b3252443e16248200720e90b315f7e4512f05583cc0e49e6c07d 0 witness_v1_taproot} (type: electrum.ScriptPubkey)
ELECTRUM: getTransactionValue: Vout[0] Field 2: Value = 0.10721377 (type: float64)
ELECTRUM: getTransactionValue: Vout[0] has value 0.107214 BTC (10721377 satoshis)
ELECTRUM: getTransactionValue: Vout[0] ScriptPubkey type: electrum.ScriptPubkey
ELECTRUM: getTransactionValue: Vout[0] ScriptPubkey has 5 fields
ELECTRUM: getTransactionValue: Vout[0] ScriptPubkey Field 0: Addresses = [] (type: []string)
ELECTRUM: getTransactionValue: Vout[0] ScriptPubkey Field 1: Asm = 1 1edf63902042b3252443e16248200720e90b315f7e4512f05583cc0e49e6c07d (type: string)
ELECTRUM: getTransactionValue: Vout[0] ScriptPubkey Field 2: Hex = 51201edf63902042b3252443e16248200720e90b315f7e4512f05583cc0e49e6c07d (type: string)
ELECTRUM: getTransactionValue: Vout[0] ScriptPubkey Field 3: ReqSigs = 0 (type: uint32)
ELECTRUM: getTransactionValue: Vout[0] ScriptPubkey Field 4: Type = witness_v1_taproot (type: string)
ELECTRUM: getTransactionValue: Vout[0] extracted script hex from Hex field: 51201edf63902042b3252443e16248200720e90b315f7e4512f05583cc0e49e6c07d
ELECTRUM: getTransactionValue: Vout[0] calculated script hash: ecafa67b1773168b4fb6c72f570956f426e9587530e4e08c911f95c5e7bf21ea, target: 8578ba4feebf5378a3775363d531f253b8fbf9b00df139d1346ef1cbb8d17245
ELECTRUM: getTransactionValue: Vout[0] does not match our script hash, skipping
ELECTRUM: getTransactionValue: Processing Vout entry 1 for transaction 53c28422f27e5b7d71977dfbc73a0c85480a9d618c75b05b4cbaf178747f914b
ELECTRUM: getTransactionValue: Vout[1] Field 0: N = 1 (type: uint32)
ELECTRUM: getTransactionValue: Vout[1] Field 1: ScriptPubkey = {[] 1 669dc55941fc359c7d17b11951e6fb61c292c6d2a1bc1cc85db45026c7a5f78f 5120669dc55941fc359c7d17b11951e6fb61c292c6d2a1bc1cc85db45026c7a5f78f 0 witness_v1_taproot} (type: electrum.ScriptPubkey)
2025-09-16 11:19:37.521 [INF] BTWL btcwallet.go:564: BTCWALLET: Setting up notification for address: tb1putvlls3ekqm74khy2ls7hdadxn4ldxsuh9v2thg7hyht9ysjlvsqqwjnw6
ELECTRUM: getTransactionValue: Vout[1] Field 2: Value = 8.663e-05 (type: float64)
ELECTRUM: getTransactionValue: Vout[1] has value 0.000087 BTC (8663 satoshis)
ELECTRUM: getTransactionValue: Vout[1] ScriptPubkey type: electrum.ScriptPubkey
ELECTRUM: getTransactionValue: Vout[1] ScriptPubkey has 5 fields
ELECTRUM: getTransactionValue: Vout[1] ScriptPubkey Field 0: Addresses = [] (type: []string)
ELECTRUM: getTransactionValue: Vout[1] ScriptPubkey Field 1: Asm = 1 669dc55941fc359c7d17b11951e6fb61c292c6d2a1bc1cc85db45026c7a5f78f (type: string)
2025-09-16 11:19:37.521 [INF] BTWL btcwallet.go:577: BTCWALLET: Calling chain.NotifyReceived for address: tb1putvlls3ekqm74khy2ls7hdadxn4ldxsuh9v2thg7hyht9ysjlvsqqwjnw6
ELECTRUM: getTransactionValue: Vout[1] ScriptPubkey Field 2: Hex = 5120669dc55941fc359c7d17b11951e6fb61c292c6d2a1bc1cc85db45026c7a5f78f (type: string)
ELECTRUM: getTransactionValue: Vout[1] ScriptPubkey Field 3: ReqSigs = 0 (type: uint32)
ELECTRUM: getTransactionValue: Vout[1] ScriptPubkey Field 4: Type = witness_v1_taproot (type: string)
ELECTRUM: getTransactionValue: Vout[1] extracted script hex from Hex field: 5120669dc55941fc359c7d17b11951e6fb61c292c6d2a1bc1cc85db45026c7a5f78f
ELECTRUM: NotifyReceived called with 1 addresses
ELECTRUM: getTransactionValue: Vout[1] calculated script hash: 8578ba4feebf5378a3775363d531f253b8fbf9b00df139d1346ef1cbb8d17245, target: 8578ba4feebf5378a3775363d531f253b8fbf9b00df139d1346ef1cbb8d17245
ELECTRUM: getTransactionValue: Vout[1] matches our script hash, adding 8663 satoshis
ELECTRUM: buildTransactionDetail: Transaction 53c28422f27e5b7d71977dfbc73a0c85480a9d618c75b05b4cbaf178747f914b has actual value 8663 satoshis
2025/09/16 11:19:37 ELECTRUM: GetBlockHash called for height: 4660782
2025/09/16 11:19:37 ELECTRUM: Got current height 4665699 from headers subscription
2025/09/16 11:19:37 ELECTRUM: Returning hash 00000000000091ec815f57af9453278dddec087f2eab48ef2f48ca5a8ceff3f7 for height 4665699 (from headers subscription)
ELECTRUM: Starting fetchAddressHistory for address: tb1putvlls3ekqm74khy2ls7hdadxn4ldxsuh9v2thg7hyht9ysjlvsqqwjnw6
2025-09-16 11:19:37.760 [INF] BTWL btcwallet.go:485: BTCWALLET: Received transaction callback - txHash: 53c28422f27e5b7d71977dfbc73a0c85480a9d618c75b05b4cbaf178747f914b, address: tb1pv6wu2k2pls6eclghkyv4rehmv8pf93kj5x7pejzak3gzd3a9778shsgnq0, value: 8663, confirmations: 4918
ELECTRUM: Processing transaction 0 for address tb1py0jfpc0ft4zsfhg7p3peze4q6wdl9l2gfwzf8ar64skxkhz9v9lsuhm2g4
ELECTRUM: Calling buildTransactionDetail for entry 0
ELECTRUM: buildTransactionDetail called with entry type: *electrum.GetMempoolResult
ELECTRUM: buildTransactionDetail: Transaction 480e83a34f676e6fcff1d82c4b2f7b2132407fd27b73878de31f52da6305fd94 has height: 4661802
ELECTRUM: buildTransactionDetail: About to call GetTransaction for 480e83a34f676e6fcff1d82c4b2f7b2132407fd27b73878de31f52da6305fd94
ELECTRUM: buildTransactionDetail: Getting transaction details for 480e83a34f676e6fcff1d82c4b2f7b2132407fd27b73878de31f52da6305fd94
ELECTRUM: Fetching transaction history for address: tb1putvlls3ekqm74khy2ls7hdadxn4ldxsuh9v2thg7hyht9ysjlvsqqwjnw6
ELECTRUM: Calling GetHistory for address: tb1putvlls3ekqm74khy2ls7hdadxn4ldxsuh9v2thg7hyht9ysjlvsqqwjnw6, scriptHash: 772c610aa6b1b17496234e4d5e817a7bb5a9bedae737ff88e3f62109756fbe0f
ELECTRUM: buildTransactionDetail: Successfully got transaction 51abc2a15b01e008362af0075a3616d445af203deaea3abcad4d94f607dbafab
ELECTRUM: buildTransactionDetail: GetTransaction succeeded for 51abc2a15b01e008362af0075a3616d445af203deaea3abcad4d94f607dbafab, processing result
ELECTRUM: buildTransactionDetail: Processing transaction result for 51abc2a15b01e008362af0075a3616d445af203deaea3abcad4d94f607dbafab
ELECTRUM: buildTransactionDetail: Transaction result is not nil for 51abc2a15b01e008362af0075a3616d445af203deaea3abcad4d94f607dbafab
ELECTRUM: buildTransactionDetail: Attempting to get actual value for transaction 51abc2a15b01e008362af0075a3616d445af203deaea3abcad4d94f607dbafab
2025-09-16 11:19:37.760 [INF] BTWL btcwallet.go:587: BTCWALLET: chain.NotifyReceived completed successfully for address: tb1putvlls3ekqm74khy2ls7hdadxn4ldxsuh9v2thg7hyht9ysjlvsqqwjnw6
2025-09-16 11:19:37.760 [INF] BTWL btcwallet.go:509: BTCWALLET: Integrating discovered transaction 53c28422f27e5b7d71977dfbc73a0c85480a9d618c75b05b4cbaf178747f914b for address tb1pv6wu2k2pls6eclghkyv4rehmv8pf93kj5x7pejzak3gzd3a9778shsgnq0 (value: 8663, confirmations: 4918)
2025-09-16 11:19:37.761 [INF] BTWL btcwallet.go:589: BTCWALLET: Successfully set up notification for address: tb1putvlls3ekqm74khy2ls7hdadxn4ldxsuh9v2thg7hyht9ysjlvsqqwjnw6
2025-09-16 11:19:37.761 [INF] BTWL btcwallet.go:545: BTCWALLET: Successfully integrated transaction 53c28422f27e5b7d71977dfbc73a0c85480a9d618c75b05b4cbaf178747f914b (value: 8663 satoshis, confirmations: 4918)
2025-09-16 11:19:37.761 [INF] BTWL btcwallet.go:564: BTCWALLET: Setting up notification for address: tb1pm2zwfrhd04ue5dqlwt8nvg9vdd8kcp75nsh3lmnat2mqmelg2vks5vkvfj
2025-09-16 11:19:37.761 [INF] BTWL btcwallet.go:493: BTCWALLET: Successfully integrated discovered transaction 53c28422f27e5b7d71977dfbc73a0c85480a9d618c75b05b4cbaf178747f914b
2025-09-16 11:19:37.761 [INF] BTWL btcwallet.go:577: BTCWALLET: Calling chain.NotifyReceived for address: tb1pm2zwfrhd04ue5dqlwt8nvg9vdd8kcp75nsh3lmnat2mqmelg2vks5vkvfj
ELECTRUM: NotifyReceived called with 1 addresses
2025-09-16 11:19:37.987 [DBG] LTND lnd.go:727: Syncing to block chain rev=4d1c86 best_block_time="2025-09-16 11:19:34 -0400 EDT" is_synced=false
ELECTRUM: Starting fetchAddressHistory for address: tb1pm2zwfrhd04ue5dqlwt8nvg9vdd8kcp75nsh3lmnat2mqmelg2vks5vkvfj
ELECTRUM: Fetching transaction history for address: tb1pm2zwfrhd04ue5dqlwt8nvg9vdd8kcp75nsh3lmnat2mqmelg2vks5vkvfj
ELECTRUM: Calling GetHistory for address: tb1pm2zwfrhd04ue5dqlwt8nvg9vdd8kcp75nsh3lmnat2mqmelg2vks5vkvfj, scriptHash: c5c501974b54b604a07b751557f5492a62e0024f3b6de9e8a3c970fe9f4e8f65
2025-09-16 11:19:37.998 [INF] BTWL btcwallet.go:587: BTCWALLET: chain.NotifyReceived completed successfully for address: tb1pm2zwfrhd04ue5dqlwt8nvg9vdd8kcp75nsh3lmnat2mqmelg2vks5vkvfj
2025-09-16 11:19:37.998 [INF] BTWL btcwallet.go:589: BTCWALLET: Successfully set up notification for address: tb1pm2zwfrhd04ue5dqlwt8nvg9vdd8kcp75nsh3lmnat2mqmelg2vks5vkvfj
2025-09-16 11:19:37.998 [INF] BTWL btcwallet.go:564: BTCWALLET: Setting up notification for address: tb1pvhkycu546rfek5tpkmns0dwxc7v74ul3dlad7as8gflywg3plsvqy8mc4j
2025-09-16 11:19:37.998 [INF] BTWL btcwallet.go:577: BTCWALLET: Calling chain.NotifyReceived for address: tb1pvhkycu546rfek5tpkmns0dwxc7v74ul3dlad7as8gflywg3plsvqy8mc4j
ELECTRUM: NotifyReceived called with 1 addresses
ELECTRUM: getTransactionValue: Transaction result type: *electrum.GetTransactionResult, fields: 12
ELECTRUM: buildTransactionDetail: Successfully got transaction 480e83a34f676e6fcff1d82c4b2f7b2132407fd27b73878de31f52da6305fd94
ELECTRUM: buildTransactionDetail: GetTransaction succeeded for 480e83a34f676e6fcff1d82c4b2f7b2132407fd27b73878de31f52da6305fd94, processing result
ELECTRUM: buildTransactionDetail: Processing transaction result for 480e83a34f676e6fcff1d82c4b2f7b2132407fd27b73878de31f52da6305fd94
ELECTRUM: getTransactionValue: Field 0: Blockhash = 000000000000d9d0b2232466509b2064dc52a17e0281d0a41cb22b82b056a939 (type: string)
ELECTRUM: getTransactionValue: Field 1: Blocktime = 1758029049 (type: uint64)
ELECTRUM: getTransactionValue: Field 2: Confirmations = 4399 (type: int32)
ELECTRUM: getTransactionValue: Field 3: Hash = 2a00084f427029c04184dd7c2a7f005a307033bcca717762d460c4c25fc51494 (type: string)
ELECTRUM: getTransactionValue: Field 4: Hex = 01000000000101637952d19b0f724cc4e7b8c675eb1ab36de90eb2e6a0b6752b0e04955c59cd250100000000ffffffff02b14300000000000022512022e0f3960afc4414df1cfff8ed7cc27261d190f89176ad65ab180d08783e011aa631a30000000000225120f61348d82e1f34ff3a16071de3e7d484a48937fb50cbc50bfc2d17d28182118d014083a3432f882b81365a92edaad1db40f4fa714d1f5b41e4c45adc2a6aacc6f1acef118c51f7129536122f54509d26775587379935aaeeacd730922806abecb83100000000 (type: string)
ELECTRUM: buildTransactionDetail: Transaction result is not nil for 480e83a34f676e6fcff1d82c4b2f7b2132407fd27b73878de31f52da6305fd94
ELECTRUM: buildTransactionDetail: Attempting to get actual value for transaction 480e83a34f676e6fcff1d82c4b2f7b2132407fd27b73878de31f52da6305fd94
ELECTRUM: getTransactionValue: Field 5: Locktime = 0 (type: uint32)
ELECTRUM: getTransactionValue: Field 6: Size = 205 (type: uint32)
ELECTRUM: getTransactionValue: Field 7: Time = 1758029049 (type: uint64)
ELECTRUM: getTransactionValue: Field 8: Version = 1 (type: uint32)
ELECTRUM: getTransactionValue: Field 9: Vin = [{ 0x140004afea0 4294967295 25cd595c95040e2b75b6a0e6b20ee96db31aeb75c6b8e7c44c720f9bd1527963 1}] (type: []electrum.Vin)
ELECTRUM: getTransactionValue: Field 10: Vout = [{0 {[] 1 22e0f3960afc4414df1cfff8ed7cc27261d190f89176ad65ab180d08783e011a 512022e0f3960afc4414df1cfff8ed7cc27261d190f89176ad65ab180d08783e011a 0 witness_v1_taproot} 0.00017329} {1 {[] 1 f61348d82e1f34ff3a16071de3e7d484a48937fb50cbc50bfc2d17d28182118d 5120f61348d82e1f34ff3a16071de3e7d484a48937fb50cbc50bfc2d17d28182118d 0 witness_v1_taproot} 0.10695078}] (type: []electrum.Vout)
ELECTRUM: getTransactionValue: Field 11: Merkle = {[] 0 0} (type: electrum.GetMerkleProofResult)
ELECTRUM: getTransactionValue: Processing 2 Vout entries for transaction 51abc2a15b01e008362af0075a3616d445af203deaea3abcad4d94f607dbafab
ELECTRUM: getTransactionValue: Processing Vout entry 0 for transaction 51abc2a15b01e008362af0075a3616d445af203deaea3abcad4d94f607dbafab
ELECTRUM: getTransactionValue: Vout[0] Field 0: N = 0 (type: uint32)
ELECTRUM: getTransactionValue: Vout[0] Field 1: ScriptPubkey = {[] 1 22e0f3960afc4414df1cfff8ed7cc27261d190f89176ad65ab180d08783e011a 512022e0f3960afc4414df1cfff8ed7cc27261d190f89176ad65ab180d08783e011a 0 witness_v1_taproot} (type: electrum.ScriptPubkey)
ELECTRUM: getTransactionValue: Vout[0] Field 2: Value = 0.00017329 (type: float64)
ELECTRUM: getTransactionValue: Vout[0] has value 0.000173 BTC (17329 satoshis)
ELECTRUM: getTransactionValue: Vout[0] ScriptPubkey type: electrum.ScriptPubkey
ELECTRUM: getTransactionValue: Vout[0] ScriptPubkey has 5 fields
ELECTRUM: getTransactionValue: Vout[0] ScriptPubkey Field 0: Addresses = [] (type: []string)
ELECTRUM: getTransactionValue: Vout[0] ScriptPubkey Field 1: Asm = 1 22e0f3960afc4414df1cfff8ed7cc27261d190f89176ad65ab180d08783e011a (type: string)
ELECTRUM: getTransactionValue: Vout[0] ScriptPubkey Field 2: Hex = 512022e0f3960afc4414df1cfff8ed7cc27261d190f89176ad65ab180d08783e011a (type: string)
ELECTRUM: getTransactionValue: Vout[0] ScriptPubkey Field 3: ReqSigs = 0 (type: uint32)
ELECTRUM: getTransactionValue: Vout[0] ScriptPubkey Field 4: Type = witness_v1_taproot (type: string)
ELECTRUM: getTransactionValue: Vout[0] extracted script hex from Hex field: 512022e0f3960afc4414df1cfff8ed7cc27261d190f89176ad65ab180d08783e011a
ELECTRUM: getTransactionValue: Vout[0] calculated script hash: f67a34ebd66063c1a926b52c9a5e00f290e890e3b2a8b3acf99e6ca0840e2c69, target: f67a34ebd66063c1a926b52c9a5e00f290e890e3b2a8b3acf99e6ca0840e2c69
ELECTRUM: getTransactionValue: Vout[0] matches our script hash, adding 17329 satoshis
ELECTRUM: getTransactionValue: Processing Vout entry 1 for transaction 51abc2a15b01e008362af0075a3616d445af203deaea3abcad4d94f607dbafab
ELECTRUM: getTransactionValue: Vout[1] Field 0: N = 1 (type: uint32)
ELECTRUM: getTransactionValue: Vout[1] Field 1: ScriptPubkey = {[] 1 f61348d82e1f34ff3a16071de3e7d484a48937fb50cbc50bfc2d17d28182118d 5120f61348d82e1f34ff3a16071de3e7d484a48937fb50cbc50bfc2d17d28182118d 0 witness_v1_taproot} (type: electrum.ScriptPubkey)
ELECTRUM: getTransactionValue: Vout[1] Field 2: Value = 0.10695078 (type: float64)
ELECTRUM: getTransactionValue: Vout[1] has value 0.106951 BTC (10695078 satoshis)
ELECTRUM: getTransactionValue: Vout[1] ScriptPubkey type: electrum.ScriptPubkey
ELECTRUM: getTransactionValue: Vout[1] ScriptPubkey has 5 fields
ELECTRUM: getTransactionValue: Vout[1] ScriptPubkey Field 0: Addresses = [] (type: []string)
ELECTRUM: getTransactionValue: Vout[1] ScriptPubkey Field 1: Asm = 1 f61348d82e1f34ff3a16071de3e7d484a48937fb50cbc50bfc2d17d28182118d (type: string)
ELECTRUM: getTransactionValue: Vout[1] ScriptPubkey Field 2: Hex = 5120f61348d82e1f34ff3a16071de3e7d484a48937fb50cbc50bfc2d17d28182118d (type: string)
ELECTRUM: getTransactionValue: Vout[1] ScriptPubkey Field 3: ReqSigs = 0 (type: uint32)
ELECTRUM: getTransactionValue: Vout[1] ScriptPubkey Field 4: Type = witness_v1_taproot (type: string)
ELECTRUM: getTransactionValue: Vout[1] extracted script hex from Hex field: 5120f61348d82e1f34ff3a16071de3e7d484a48937fb50cbc50bfc2d17d28182118d
ELECTRUM: getTransactionValue: Vout[1] calculated script hash: 5644f9b92bed87105e1519ba555fe45a4956697de6b7c3ec8ed25ba31e2e215b, target: f67a34ebd66063c1a926b52c9a5e00f290e890e3b2a8b3acf99e6ca0840e2c69
ELECTRUM: getTransactionValue: Vout[1] does not match our script hash, skipping
ELECTRUM: buildTransactionDetail: Transaction 51abc2a15b01e008362af0075a3616d445af203deaea3abcad4d94f607dbafab has actual value 17329 satoshis
2025/09/16 11:19:38 ELECTRUM: GetBlockHash called for height: 4661302
ELECTRUM: Starting fetchAddressHistory for address: tb1pvhkycu546rfek5tpkmns0dwxc7v74ul3dlad7as8gflywg3plsvqy8mc4j
2025-09-16 11:19:38.261 [INF] BTWL btcwallet.go:485: BTCWALLET: Received transaction callback - txHash: 51abc2a15b01e008362af0075a3616d445af203deaea3abcad4d94f607dbafab, address: tb1pyts089s2l3zpfhculluw6lxzwfsary8cj9m26edtrqxss7p7qydqat9hw2, value: 17329, confirmations: 4398
ELECTRUM: Fetching transaction history for address: tb1pvhkycu546rfek5tpkmns0dwxc7v74ul3dlad7as8gflywg3plsvqy8mc4j
ELECTRUM: Calling GetHistory for address: tb1pvhkycu546rfek5tpkmns0dwxc7v74ul3dlad7as8gflywg3plsvqy8mc4j, scriptHash: 8c695d50cc3c9b971f716464bca5a0adcd8d5334c79d76ffe4776646c0a2228f
2025-09-16 11:19:38.261 [INF] BTWL btcwallet.go:587: BTCWALLET: chain.NotifyReceived completed successfully for address: tb1pvhkycu546rfek5tpkmns0dwxc7v74ul3dlad7as8gflywg3plsvqy8mc4j
ELECTRUM: getTransactionValue: Transaction result type: *electrum.GetTransactionResult, fields: 12
ELECTRUM: getTransactionValue: Field 0: Blockhash = 000000000000184ff2bbae51760a4abbd4744106a6b30f6ddb96fe9fb4c9fb27 (type: string)
ELECTRUM: getTransactionValue: Field 1: Blocktime = 1758029275 (type: uint64)
ELECTRUM: getTransactionValue: Field 2: Confirmations = 3899 (type: int32)
2025-09-16 11:19:38.261 [INF] BTWL btcwallet.go:509: BTCWALLET: Integrating discovered transaction 51abc2a15b01e008362af0075a3616d445af203deaea3abcad4d94f607dbafab for address tb1pyts089s2l3zpfhculluw6lxzwfsary8cj9m26edtrqxss7p7qydqat9hw2 (value: 17329, confirmations: 4398)
ELECTRUM: getTransactionValue: Field 3: Hash = bd86ffd16fd7cc0c80eb6e714382a0b2317922fb5a6cd70b23893f7d6ef4f814 (type: string)
ELECTRUM: getTransactionValue: Field 4: Hex = 010000000001013b44bf73f50dafd919f0a4897eb7745582b9c2dc6042420045f5f001a3e5d7570000000000ffffffff02eb1000000000000022512023e490e1e95d4504dd1e0c439166a0d39bf2fd484b8493f47aac2c6b5c45617ffe0da30000000000225120a93a8cba6673228ea32811dfac43d127bd8caf5d31562a3f8013812d98b9be19014042a93481889251b8a32e77dcffde5e58a2412ca94203e41a508f8089da0127d2f42861578088109ed8145b35f54ce495f09a77a6f4a4de4aca30e40ee062d2ba00000000 (type: string)
ELECTRUM: getTransactionValue: Field 5: Locktime = 0 (type: uint32)
ELECTRUM: getTransactionValue: Field 6: Size = 205 (type: uint32)
ELECTRUM: getTransactionValue: Field 7: Time = 1758029275 (type: uint64)
ELECTRUM: getTransactionValue: Field 8: Version = 1 (type: uint32)
ELECTRUM: getTransactionValue: Field 9: Vin = [{ 0x14000696980 4294967295 57d7e5a301f0f54500424260dcc2b9825574b77e89a4f019d9af0df573bf443b 0}] (type: []electrum.Vin)
2025-09-16 11:19:38.261 [INF] BTWL btcwallet.go:545: BTCWALLET: Successfully integrated transaction 51abc2a15b01e008362af0075a3616d445af203deaea3abcad4d94f607dbafab (value: 17329 satoshis, confirmations: 4398)
ELECTRUM: getTransactionValue: Field 10: Vout = [{0 {[] 1 23e490e1e95d4504dd1e0c439166a0d39bf2fd484b8493f47aac2c6b5c45617f 512023e490e1e95d4504dd1e0c439166a0d39bf2fd484b8493f47aac2c6b5c45617f 0 witness_v1_taproot} 4.331e-05} {1 {[] 1 a93a8cba6673228ea32811dfac43d127bd8caf5d31562a3f8013812d98b9be19 5120a93a8cba6673228ea32811dfac43d127bd8caf5d31562a3f8013812d98b9be19 0 witness_v1_taproot} 0.1068595}] (type: []electrum.Vout)
ELECTRUM: getTransactionValue: Field 11: Merkle = {[] 0 0} (type: electrum.GetMerkleProofResult)
ELECTRUM: getTransactionValue: Processing 2 Vout entries for transaction 480e83a34f676e6fcff1d82c4b2f7b2132407fd27b73878de31f52da6305fd94
ELECTRUM: getTransactionValue: Processing Vout entry 0 for transaction 480e83a34f676e6fcff1d82c4b2f7b2132407fd27b73878de31f52da6305fd94
ELECTRUM: getTransactionValue: Vout[0] Field 0: N = 0 (type: uint32)
ELECTRUM: getTransactionValue: Vout[0] Field 1: ScriptPubkey = {[] 1 23e490e1e95d4504dd1e0c439166a0d39bf2fd484b8493f47aac2c6b5c45617f 512023e490e1e95d4504dd1e0c439166a0d39bf2fd484b8493f47aac2c6b5c45617f 0 witness_v1_taproot} (type: electrum.ScriptPubkey)
ELECTRUM: getTransactionValue: Vout[0] Field 2: Value = 4.331e-05 (type: float64)
ELECTRUM: getTransactionValue: Vout[0] has value 0.000043 BTC (4331 satoshis)
ELECTRUM: getTransactionValue: Vout[0] ScriptPubkey type: electrum.ScriptPubkey
ELECTRUM: getTransactionValue: Vout[0] ScriptPubkey has 5 fields
ELECTRUM: getTransactionValue: Vout[0] ScriptPubkey Field 0: Addresses = [] (type: []string)
ELECTRUM: getTransactionValue: Vout[0] ScriptPubkey Field 1: Asm = 1 23e490e1e95d4504dd1e0c439166a0d39bf2fd484b8493f47aac2c6b5c45617f (type: string)
ELECTRUM: getTransactionValue: Vout[0] ScriptPubkey Field 2: Hex = 512023e490e1e95d4504dd1e0c439166a0d39bf2fd484b8493f47aac2c6b5c45617f (type: string)
ELECTRUM: getTransactionValue: Vout[0] ScriptPubkey Field 3: ReqSigs = 0 (type: uint32)
ELECTRUM: getTransactionValue: Vout[0] ScriptPubkey Field 4: Type = witness_v1_taproot (type: string)
ELECTRUM: getTransactionValue: Vout[0] extracted script hex from Hex field: 512023e490e1e95d4504dd1e0c439166a0d39bf2fd484b8493f47aac2c6b5c45617f
ELECTRUM: getTransactionValue: Vout[0] calculated script hash: 1f1546aea3cb0bbe6272bb05f049b1d43ea9cd69a421402946f1e21b67d24a7f, target: 1f1546aea3cb0bbe6272bb05f049b1d43ea9cd69a421402946f1e21b67d24a7f
ELECTRUM: getTransactionValue: Vout[0] matches our script hash, adding 4331 satoshis
ELECTRUM: getTransactionValue: Processing Vout entry 1 for transaction 480e83a34f676e6fcff1d82c4b2f7b2132407fd27b73878de31f52da6305fd94
ELECTRUM: getTransactionValue: Vout[1] Field 0: N = 1 (type: uint32)
ELECTRUM: getTransactionValue: Vout[1] Field 1: ScriptPubkey = {[] 1 a93a8cba6673228ea32811dfac43d127bd8caf5d31562a3f8013812d98b9be19 5120a93a8cba6673228ea32811dfac43d127bd8caf5d31562a3f8013812d98b9be19 0 witness_v1_taproot} (type: electrum.ScriptPubkey)
ELECTRUM: getTransactionValue: Vout[1] Field 2: Value = 0.1068595 (type: float64)
ELECTRUM: getTransactionValue: Vout[1] has value 0.106859 BTC (10685950 satoshis)
2025-09-16 11:19:38.262 [INF] BTWL btcwallet.go:493: BTCWALLET: Successfully integrated discovered transaction 51abc2a15b01e008362af0075a3616d445af203deaea3abcad4d94f607dbafab
ELECTRUM: getTransactionValue: Vout[1] ScriptPubkey type: electrum.ScriptPubkey
ELECTRUM: getTransactionValue: Vout[1] ScriptPubkey has 5 fields
ELECTRUM: getTransactionValue: Vout[1] ScriptPubkey Field 0: Addresses = [] (type: []string)
ELECTRUM: getTransactionValue: Vout[1] ScriptPubkey Field 1: Asm = 1 a93a8cba6673228ea32811dfac43d127bd8caf5d31562a3f8013812d98b9be19 (type: string)
ELECTRUM: getTransactionValue: Vout[1] ScriptPubkey Field 2: Hex = 5120a93a8cba6673228ea32811dfac43d127bd8caf5d31562a3f8013812d98b9be19 (type: string)
ELECTRUM: getTransactionValue: Vout[1] ScriptPubkey Field 3: ReqSigs = 0 (type: uint32)
ELECTRUM: getTransactionValue: Vout[1] ScriptPubkey Field 4: Type = witness_v1_taproot (type: string)
ELECTRUM: getTransactionValue: Vout[1] extracted script hex from Hex field: 5120a93a8cba6673228ea32811dfac43d127bd8caf5d31562a3f8013812d98b9be19
ELECTRUM: getTransactionValue: Vout[1] calculated script hash: a1330b9529e9351c100a2383420588cf78c0dce0e68cfa538fbb5335a1eea6dc, target: 1f1546aea3cb0bbe6272bb05f049b1d43ea9cd69a421402946f1e21b67d24a7f
ELECTRUM: getTransactionValue: Vout[1] does not match our script hash, skipping
ELECTRUM: buildTransactionDetail: Transaction 480e83a34f676e6fcff1d82c4b2f7b2132407fd27b73878de31f52da6305fd94 has actual value 4331 satoshis
2025/09/16 11:19:38 ELECTRUM: GetBlockHash called for height: 4661802
2025-09-16 11:19:38.261 [INF] BTWL btcwallet.go:589: BTCWALLET: Successfully set up notification for address: tb1pvhkycu546rfek5tpkmns0dwxc7v74ul3dlad7as8gflywg3plsvqy8mc4j
2025-09-16 11:19:38.262 [INF] BTWL btcwallet.go:564: BTCWALLET: Setting up notification for address: tb1p0gzw3zejyhpcnhel6fk44utj2wdvt6qeqm98nqxu6j56fcwme4psvdhc46
2025-09-16 11:19:38.263 [INF] BTWL btcwallet.go:577: BTCWALLET: Calling chain.NotifyReceived for address: tb1p0gzw3zejyhpcnhel6fk44utj2wdvt6qeqm98nqxu6j56fcwme4psvdhc46
ELECTRUM: NotifyReceived called with 1 addresses
ELECTRUM: Starting fetchAddressHistory for address: tb1p0gzw3zejyhpcnhel6fk44utj2wdvt6qeqm98nqxu6j56fcwme4psvdhc46
2025-09-16 11:19:38.501 [INF] BTWL btcwallet.go:485: BTCWALLET: Received transaction callback - txHash: 480e83a34f676e6fcff1d82c4b2f7b2132407fd27b73878de31f52da6305fd94, address: tb1py0jfpc0ft4zsfhg7p3peze4q6wdl9l2gfwzf8ar64skxkhz9v9lsuhm2g4, value: 4331, confirmations: 3898
ELECTRUM: Processing transaction 0 for address tb1pvhkycu546rfek5tpkmns0dwxc7v74ul3dlad7as8gflywg3plsvqy8mc4j
ELECTRUM: Calling buildTransactionDetail for entry 0
ELECTRUM: buildTransactionDetail called with entry type: *electrum.GetMempoolResult
ELECTRUM: buildTransactionDetail: Transaction 57d7e5a301f0f54500424260dcc2b9825574b77e89a4f019d9af0df573bf443b has height: 4661549
ELECTRUM: buildTransactionDetail: About to call GetTransaction for 57d7e5a301f0f54500424260dcc2b9825574b77e89a4f019d9af0df573bf443b
ELECTRUM: buildTransactionDetail: Getting transaction details for 57d7e5a301f0f54500424260dcc2b9825574b77e89a4f019d9af0df573bf443b
2025-09-16 11:19:38.502 [INF] BTWL btcwallet.go:587: BTCWALLET: chain.NotifyReceived completed successfully for address: tb1p0gzw3zejyhpcnhel6fk44utj2wdvt6qeqm98nqxu6j56fcwme4psvdhc46
ELECTRUM: Fetching transaction history for address: tb1p0gzw3zejyhpcnhel6fk44utj2wdvt6qeqm98nqxu6j56fcwme4psvdhc46
ELECTRUM: Calling GetHistory for address: tb1p0gzw3zejyhpcnhel6fk44utj2wdvt6qeqm98nqxu6j56fcwme4psvdhc46, scriptHash: e5d8548e6042aa54fcbebb2539efa284c89350ce19c9141286a2f910de14df05
2025-09-16 11:19:38.502 [INF] BTWL btcwallet.go:509: BTCWALLET: Integrating discovered transaction 480e83a34f676e6fcff1d82c4b2f7b2132407fd27b73878de31f52da6305fd94 for address tb1py0jfpc0ft4zsfhg7p3peze4q6wdl9l2gfwzf8ar64skxkhz9v9lsuhm2g4 (value: 4331, confirmations: 3898)
2025-09-16 11:19:38.502 [INF] BTWL btcwallet.go:589: BTCWALLET: Successfully set up notification for address: tb1p0gzw3zejyhpcnhel6fk44utj2wdvt6qeqm98nqxu6j56fcwme4psvdhc46
2025-09-16 11:19:38.502 [INF] BTWL btcwallet.go:545: BTCWALLET: Successfully integrated transaction 480e83a34f676e6fcff1d82c4b2f7b2132407fd27b73878de31f52da6305fd94 (value: 4331 satoshis, confirmations: 3898)
2025-09-16 11:19:38.502 [INF] BTWL btcwallet.go:493: BTCWALLET: Successfully integrated discovered transaction 480e83a34f676e6fcff1d82c4b2f7b2132407fd27b73878de31f52da6305fd94
2025-09-16 11:19:38.502 [INF] BTWL btcwallet.go:564: BTCWALLET: Setting up notification for address: tb1pdt36eq5eqqfmretmf5fttd08w0xvwvz6xlyzy85mn7ae4fxag0gs84m89j
2025-09-16 11:19:38.502 [INF] BTWL btcwallet.go:577: BTCWALLET: Calling chain.NotifyReceived for address: tb1pdt36eq5eqqfmretmf5fttd08w0xvwvz6xlyzy85mn7ae4fxag0gs84m89j
ELECTRUM: NotifyReceived called with 1 addresses
ELECTRUM: buildTransactionDetail: Successfully got transaction 57d7e5a301f0f54500424260dcc2b9825574b77e89a4f019d9af0df573bf443b
ELECTRUM: buildTransactionDetail: GetTransaction succeeded for 57d7e5a301f0f54500424260dcc2b9825574b77e89a4f019d9af0df573bf443b, processing result
ELECTRUM: buildTransactionDetail: Processing transaction result for 57d7e5a301f0f54500424260dcc2b9825574b77e89a4f019d9af0df573bf443b
ELECTRUM: buildTransactionDetail: Transaction result is not nil for 57d7e5a301f0f54500424260dcc2b9825574b77e89a4f019d9af0df573bf443b
ELECTRUM: buildTransactionDetail: Attempting to get actual value for transaction 57d7e5a301f0f54500424260dcc2b9825574b77e89a4f019d9af0df573bf443b
ELECTRUM: Starting fetchAddressHistory for address: tb1pdt36eq5eqqfmretmf5fttd08w0xvwvz6xlyzy85mn7ae4fxag0gs84m89j
2025-09-16 11:19:38.740 [INF] BTWL btcwallet.go:587: BTCWALLET: chain.NotifyReceived completed successfully for address: tb1pdt36eq5eqqfmretmf5fttd08w0xvwvz6xlyzy85mn7ae4fxag0gs84m89j
ELECTRUM: Fetching transaction history for address: tb1pdt36eq5eqqfmretmf5fttd08w0xvwvz6xlyzy85mn7ae4fxag0gs84m89j
ELECTRUM: Calling GetHistory for address: tb1pdt36eq5eqqfmretmf5fttd08w0xvwvz6xlyzy85mn7ae4fxag0gs84m89j, scriptHash: a316d302121d1b62c9b4ec3de415b72930916c9b2fecde6d85dcb59e82024e3d
2025-09-16 11:19:38.741 [INF] BTWL btcwallet.go:589: BTCWALLET: Successfully set up notification for address: tb1pdt36eq5eqqfmretmf5fttd08w0xvwvz6xlyzy85mn7ae4fxag0gs84m89j
2025-09-16 11:19:38.741 [INF] BTWL btcwallet.go:557: BTCWALLET: Address tb1q35l5pfwv0wj2x0w6dvfr6rdv43mrdavey28800 already processed, skipping duplicate setup
2025-09-16 11:19:38.741 [INF] BTWL btcwallet.go:557: BTCWALLET: Address tb1q3wmfzpnluglv5auudgl2zzsne33auzpmr3vguv already processed, skipping duplicate setup
2025-09-16 11:19:38.741 [INF] BTWL btcwallet.go:557: BTCWALLET: Address tb1qnf9a6cdf8c93ca97767cvted4y9a8lrjr9rctd already processed, skipping duplicate setup
2025-09-16 11:19:38.741 [INF] BTWL btcwallet.go:557: BTCWALLET: Address tb1qudd8v6rz3m294gdmmmys29xugkl2f6qzgk3str already processed, skipping duplicate setup
2025-09-16 11:19:38.741 [INF] BTWL btcwallet.go:557: BTCWALLET: Address tb1qzja2zr3jt2tn5j4emss49745hwdxagaqvru8d4 already processed, skipping duplicate setup
2025-09-16 11:19:38.741 [INF] BTWL btcwallet.go:557: BTCWALLET: Address tb1q25xq62ad6s9pymemadk7sf08alk3k6q7l4m5pj already processed, skipping duplicate setup
2025-09-16 11:19:38.741 [INF] BTWL btcwallet.go:557: BTCWALLET: Address tb1qu4ug4mres4yx49ts998805u2ale66jeah6dvxq already processed, skipping duplicate setup
2025-09-16 11:19:38.741 [INF] BTWL btcwallet.go:557: BTCWALLET: Address tb1qs6nvlnyhs604adlsulc3p0c4fa0g80uutdukx9 already processed, skipping duplicate setup
2025-09-16 11:19:38.741 [INF] BTWL btcwallet.go:557: BTCWALLET: Address tb1q8chvehh7ptzcfylzsgysk08cm3ppt8fvleeggz already processed, skipping duplicate setup
2025-09-16 11:19:38.741 [INF] BTWL btcwallet.go:557: BTCWALLET: Address tb1q2xgdnhrez9r46a65g4jacpynkjmnfe6f6a7rv9 already processed, skipping duplicate setup
2025-09-16 11:19:38.741 [INF] BTWL btcwallet.go:557: BTCWALLET: Address tb1qjka5z9xsg53v4925jn28umwwz3u5tyh302wg30 already processed, skipping duplicate setup
2025-09-16 11:19:38.741 [INF] BTWL btcwallet.go:557: BTCWALLET: Address tb1qy84s4sf7y0eetkst3eaah849ky60jdjra09ptk already processed, skipping duplicate setup
2025-09-16 11:19:38.741 [INF] BTWL btcwallet.go:557: BTCWALLET: Address tb1q84gk7xt5mkcd5d0kn2pj26gep8zdp8esy5jst5 already processed, skipping duplicate setup
2025-09-16 11:19:38.741 [INF] BTWL btcwallet.go:557: BTCWALLET: Address tb1qf07tpug9zz6vffhhm3amvqtujhldkcv2j2wycf already processed, skipping duplicate setup
2025-09-16 11:19:38.741 [INF] BTWL btcwallet.go:557: BTCWALLET: Address tb1pv6wu2k2pls6eclghkyv4rehmv8pf93kj5x7pejzak3gzd3a9778shsgnq0 already processed, skipping duplicate setup
2025-09-16 11:19:38.741 [INF] BTWL btcwallet.go:557: BTCWALLET: Address tb1pqxhwj0c5z7jkz6pcur2lryehylrl4yzh0fvgphnpf769578k2qwqq8pvqd already processed, skipping duplicate setup
2025-09-16 11:19:38.741 [INF] BTWL btcwallet.go:557: BTCWALLET: Address tb1pyts089s2l3zpfhculluw6lxzwfsary8cj9m26edtrqxss7p7qydqat9hw2 already processed, skipping duplicate setup
2025-09-16 11:19:38.741 [INF] BTWL btcwallet.go:557: BTCWALLET: Address tb1py0jfpc0ft4zsfhg7p3peze4q6wdl9l2gfwzf8ar64skxkhz9v9lsuhm2g4 already processed, skipping duplicate setup
2025-09-16 11:19:38.741 [INF] BTWL btcwallet.go:557: BTCWALLET: Address tb1putvlls3ekqm74khy2ls7hdadxn4ldxsuh9v2thg7hyht9ysjlvsqqwjnw6 already processed, skipping duplicate setup
2025-09-16 11:19:38.741 [INF] BTWL btcwallet.go:557: BTCWALLET: Address tb1pm2zwfrhd04ue5dqlwt8nvg9vdd8kcp75nsh3lmnat2mqmelg2vks5vkvfj already processed, skipping duplicate setup
2025-09-16 11:19:38.741 [INF] BTWL btcwallet.go:557: BTCWALLET: Address tb1pvhkycu546rfek5tpkmns0dwxc7v74ul3dlad7as8gflywg3plsvqy8mc4j already processed, skipping duplicate setup
2025-09-16 11:19:38.741 [INF] BTWL btcwallet.go:557: BTCWALLET: Address tb1p0gzw3zejyhpcnhel6fk44utj2wdvt6qeqm98nqxu6j56fcwme4psvdhc46 already processed, skipping duplicate setup
2025-09-16 11:19:38.741 [INF] BTWL btcwallet.go:557: BTCWALLET: Address tb1pdt36eq5eqqfmretmf5fttd08w0xvwvz6xlyzy85mn7ae4fxag0gs84m89j already processed, skipping duplicate setup
2025-09-16 11:19:38.741 [INF] BTWL btcwallet.go:468: BTCWALLET: Completed setting up notifications for 46 addresses
2025-09-16 11:19:38.741 [INF] BTWL btcwallet.go:420: BTCWALLET: Electrum address notifications set up successfully
2025/09/16 11:19:38 ELECTRUM: GetBestBlock called
2025/09/16 11:19:38 ELECTRUM: Subscribing to headers to get current height
ELECTRUM: getTransactionValue: Transaction result type: *electrum.GetTransactionResult, fields: 12
ELECTRUM: getTransactionValue: Field 0: Blockhash = 000000000001e10a952d521ee1dd4fea2b58e4e4e38f36c973ebfc92e90fb7d6 (type: string)
ELECTRUM: getTransactionValue: Field 1: Blocktime = 1758029154 (type: uint64)
ELECTRUM: getTransactionValue: Field 2: Confirmations = 4152 (type: int32)
ELECTRUM: getTransactionValue: Field 3: Hash = 79257b4fbbb8885b6bbc2efecff4e9dfdb799a8871e223780cb54ac1ca15cb15 (type: string)
ELECTRUM: getTransactionValue: Field 4: Hex = 01000000000101abafdb07f6944dadbc3aeaea3d20af45d416365a07f02a3608e0015ba1c2ab510100000000ffffffff021f20a30000000000225120bcae08581d1e0f6c335d62afd89bfc1a4f70f2f3191847866e3d07ea86104f9beb1000000000000022512065ec4c7295d0d39b5161b6e707b5c6c799eaf3f16ffadf7607427e472221fc180140ee89d845610998471bac8849ed2b2273b8d0d3a8bab6f2f3403a904ea66a613d3d68645e2931e79f8f78dc5f46b75e56072a8822e873dee9f6b2b4094de36cd600000000 (type: string)
ELECTRUM: getTransactionValue: Field 5: Locktime = 0 (type: uint32)
ELECTRUM: getTransactionValue: Field 6: Size = 205 (type: uint32)
ELECTRUM: getTransactionValue: Field 7: Time = 1758029154 (type: uint64)
ELECTRUM: getTransactionValue: Field 8: Version = 1 (type: uint32)
ELECTRUM: getTransactionValue: Field 9: Vin = [{ 0x140001137a0 4294967295 51abc2a15b01e008362af0075a3616d445af203deaea3abcad4d94f607dbafab 1}] (type: []electrum.Vin)
ELECTRUM: getTransactionValue: Field 10: Vout = [{0 {[] 1 bcae08581d1e0f6c335d62afd89bfc1a4f70f2f3191847866e3d07ea86104f9b 5120bcae08581d1e0f6c335d62afd89bfc1a4f70f2f3191847866e3d07ea86104f9b 0 witness_v1_taproot} 0.10690591} {1 {[] 1 65ec4c7295d0d39b5161b6e707b5c6c799eaf3f16ffadf7607427e472221fc18 512065ec4c7295d0d39b5161b6e707b5c6c799eaf3f16ffadf7607427e472221fc18 0 witness_v1_taproot} 4.331e-05}] (type: []electrum.Vout)
ELECTRUM: getTransactionValue: Field 11: Merkle = {[] 0 0} (type: electrum.GetMerkleProofResult)
ELECTRUM: getTransactionValue: Processing 2 Vout entries for transaction 57d7e5a301f0f54500424260dcc2b9825574b77e89a4f019d9af0df573bf443b
ELECTRUM: getTransactionValue: Processing Vout entry 0 for transaction 57d7e5a301f0f54500424260dcc2b9825574b77e89a4f019d9af0df573bf443b
ELECTRUM: getTransactionValue: Vout[0] Field 0: N = 0 (type: uint32)
ELECTRUM: getTransactionValue: Vout[0] Field 1: ScriptPubkey = {[] 1 bcae08581d1e0f6c335d62afd89bfc1a4f70f2f3191847866e3d07ea86104f9b 5120bcae08581d1e0f6c335d62afd89bfc1a4f70f2f3191847866e3d07ea86104f9b 0 witness_v1_taproot} (type: electrum.ScriptPubkey)
ELECTRUM: getTransactionValue: Vout[0] Field 2: Value = 0.10690591 (type: float64)
ELECTRUM: getTransactionValue: Vout[0] has value 0.106906 BTC (10690591 satoshis)
ELECTRUM: getTransactionValue: Vout[0] ScriptPubkey type: electrum.ScriptPubkey
ELECTRUM: getTransactionValue: Vout[0] ScriptPubkey has 5 fields
ELECTRUM: getTransactionValue: Vout[0] ScriptPubkey Field 0: Addresses = [] (type: []string)
ELECTRUM: getTransactionValue: Vout[0] ScriptPubkey Field 1: Asm = 1 bcae08581d1e0f6c335d62afd89bfc1a4f70f2f3191847866e3d07ea86104f9b (type: string)
ELECTRUM: getTransactionValue: Vout[0] ScriptPubkey Field 2: Hex = 5120bcae08581d1e0f6c335d62afd89bfc1a4f70f2f3191847866e3d07ea86104f9b (type: string)
ELECTRUM: getTransactionValue: Vout[0] ScriptPubkey Field 3: ReqSigs = 0 (type: uint32)
ELECTRUM: getTransactionValue: Vout[0] ScriptPubkey Field 4: Type = witness_v1_taproot (type: string)
ELECTRUM: getTransactionValue: Vout[0] extracted script hex from Hex field: 5120bcae08581d1e0f6c335d62afd89bfc1a4f70f2f3191847866e3d07ea86104f9b
ELECTRUM: getTransactionValue: Vout[0] calculated script hash: 3e1ff1200029e270b283707ae71fbc8812fb6e7c3bd2e19d5e45251eec1480de, target: 8c695d50cc3c9b971f716464bca5a0adcd8d5334c79d76ffe4776646c0a2228f
ELECTRUM: getTransactionValue: Vout[0] does not match our script hash, skipping
ELECTRUM: getTransactionValue: Processing Vout entry 1 for transaction 57d7e5a301f0f54500424260dcc2b9825574b77e89a4f019d9af0df573bf443b
ELECTRUM: getTransactionValue: Vout[1] Field 0: N = 1 (type: uint32)
ELECTRUM: getTransactionValue: Vout[1] Field 1: ScriptPubkey = {[] 1 65ec4c7295d0d39b5161b6e707b5c6c799eaf3f16ffadf7607427e472221fc18 512065ec4c7295d0d39b5161b6e707b5c6c799eaf3f16ffadf7607427e472221fc18 0 witness_v1_taproot} (type: electrum.ScriptPubkey)
ELECTRUM: getTransactionValue: Vout[1] Field 2: Value = 4.331e-05 (type: float64)
ELECTRUM: getTransactionValue: Vout[1] has value 0.000043 BTC (4331 satoshis)
ELECTRUM: getTransactionValue: Vout[1] ScriptPubkey type: electrum.ScriptPubkey
ELECTRUM: getTransactionValue: Vout[1] ScriptPubkey has 5 fields
ELECTRUM: getTransactionValue: Vout[1] ScriptPubkey Field 0: Addresses = [] (type: []string)
ELECTRUM: getTransactionValue: Vout[1] ScriptPubkey Field 1: Asm = 1 65ec4c7295d0d39b5161b6e707b5c6c799eaf3f16ffadf7607427e472221fc18 (type: string)
ELECTRUM: getTransactionValue: Vout[1] ScriptPubkey Field 2: Hex = 512065ec4c7295d0d39b5161b6e707b5c6c799eaf3f16ffadf7607427e472221fc18 (type: string)
ELECTRUM: getTransactionValue: Vout[1] ScriptPubkey Field 3: ReqSigs = 0 (type: uint32)
ELECTRUM: getTransactionValue: Vout[1] ScriptPubkey Field 4: Type = witness_v1_taproot (type: string)
ELECTRUM: getTransactionValue: Vout[1] extracted script hex from Hex field: 512065ec4c7295d0d39b5161b6e707b5c6c799eaf3f16ffadf7607427e472221fc18
ELECTRUM: getTransactionValue: Vout[1] calculated script hash: 8c695d50cc3c9b971f716464bca5a0adcd8d5334c79d76ffe4776646c0a2228f, target: 8c695d50cc3c9b971f716464bca5a0adcd8d5334c79d76ffe4776646c0a2228f
ELECTRUM: getTransactionValue: Vout[1] matches our script hash, adding 4331 satoshis
ELECTRUM: buildTransactionDetail: Transaction 57d7e5a301f0f54500424260dcc2b9825574b77e89a4f019d9af0df573bf443b has actual value 4331 satoshis
2025/09/16 11:19:38 ELECTRUM: GetBlockHash called for height: 4661549
2025/09/16 11:19:39 ELECTRUM: Got current height 4665700 from headers subscription
2025/09/16 11:19:39 ELECTRUM: Returning hash 00000000000013100bbb57fbd5a6743399a8c55a3b92d8e22f5aa95030ce484b for height 4665700 (from headers subscription)
2025/09/16 11:19:39 ELECTRUM: GetBlockHeader called for hash: 00000000000013100bbb57fbd5a6743399a8c55a3b92d8e22f5aa95030ce484b
2025/09/16 11:19:39 ELECTRUM: GetBestBlock called
2025/09/16 11:19:39 ELECTRUM: Subscribing to headers to get current height
2025-09-16 11:19:39.242 [INF] BTWL btcwallet.go:485: BTCWALLET: Received transaction callback - txHash: 57d7e5a301f0f54500424260dcc2b9825574b77e89a4f019d9af0df573bf443b, address: tb1pvhkycu546rfek5tpkmns0dwxc7v74ul3dlad7as8gflywg3plsvqy8mc4j, value: 4331, confirmations: 4151
2025-09-16 11:19:39.242 [INF] BTWL btcwallet.go:509: BTCWALLET: Integrating discovered transaction 57d7e5a301f0f54500424260dcc2b9825574b77e89a4f019d9af0df573bf443b for address tb1pvhkycu546rfek5tpkmns0dwxc7v74ul3dlad7as8gflywg3plsvqy8mc4j (value: 4331, confirmations: 4151)
2025-09-16 11:19:39.242 [INF] BTWL btcwallet.go:545: BTCWALLET: Successfully integrated transaction 57d7e5a301f0f54500424260dcc2b9825574b77e89a4f019d9af0df573bf443b (value: 4331 satoshis, confirmations: 4151)
2025-09-16 11:19:39.242 [INF] BTWL btcwallet.go:493: BTCWALLET: Successfully integrated discovered transaction 57d7e5a301f0f54500424260dcc2b9825574b77e89a4f019d9af0df573bf443b
2025/09/16 11:19:39 ELECTRUM: Got current height 4665701 from headers subscription
2025/09/16 11:19:39 ELECTRUM: Returning hash 00000000000017d08b52e4a897aa8833a46bb0abe2e5d3335349a841e64ef9b6 for height 4665701 (from headers subscription)
2025-09-16 11:19:57.957 [DBG] RPCS interceptor.go:775: [/lnrpc.Lightning/WalletBalance] requested
2025-09-16 11:19:58.654 [INF] BTWL btcwallet.go:807: BTCWALLET: ConfirmedBalance called with confs=0, accountFilter=default
2025-09-16 11:19:58.654 [INF] BTWL btcwallet.go:1525: BTCWALLET: Adding 5 discovered Electrum transactions to witness outputs
2025-09-16 11:19:58.654 [INF] BTWL btcwallet.go:807: BTCWALLET: ConfirmedBalance called with confs=1, accountFilter=default
2025-09-16 11:19:58.654 [INF] BTWL btcwallet.go:1525: BTCWALLET: Adding 5 discovered Electrum transactions to witness outputs
2025-09-16 11:19:58.654 [DBG] RPCS rpcserver.go:3746: [walletbalance] Total balance=0.00043324 BTC (confirmed=0.00043324 BTC, unconfirmed=0 BTC, locked=0 BTC)
2025/09/16 11:20:04 ELECTRUM: GetBestBlock called
2025/09/16 11:20:04 ELECTRUM: Subscribing to headers to get current height
2025/09/16 11:20:05 ELECTRUM: Got current height 4665713 from headers subscription
2025/09/16 11:20:05 ELECTRUM: Returning hash 0000000000007440c7a277417ac287d649ba02a30d51cf5355c2482aafdf3ee0 for height 4665713 (from headers subscription)
2025/09/16 11:20:05 ELECTRUM: Checking for new blocks - current: 4665713, last known: 4665697
2025/09/16 11:20:05 ELECTRUM: New block detected! Height: 4665713 (was 4665697)
2025/09/16 11:20:05 ELECTRUM: Sending block connected notification for height 4665713
2025/09/16 11:20:05 ELECTRUM: Block notification sent successfully for height 4665713
2025-09-16 11:20:05.230 [DBG] LTND lnd.go:727: Syncing to block chain rev=4d1c86 best_block_time="2025-09-16 11:19:35 -0400 EDT" is_synced=false
2025/09/16 11:20:06 ELECTRUM: GetBestBlock called
2025/09/16 11:20:06 ELECTRUM: Subscribing to headers to get current height
2025/09/16 11:20:06 ELECTRUM: GetBestBlock called
2025/09/16 11:20:06 ELECTRUM: Subscribing to headers to get current height
2025/09/16 11:20:06 ELECTRUM: Got current height 4665713 from headers subscription
2025/09/16 11:20:06 ELECTRUM: Returning hash 0000000000007440c7a277417ac287d649ba02a30d51cf5355c2482aafdf3ee0 for height 4665713 (from headers subscription)
2025/09/16 11:20:06 ELECTRUM: Checking for new blocks - current: 4665713, last known: 4665699
2025/09/16 11:20:06 ELECTRUM: New block detected! Height: 4665713 (was 4665699)
2025/09/16 11:20:06 ELECTRUM: Sending block connected notification for height 4665713
2025/09/16 11:20:06 ELECTRUM: Block notification sent successfully for height 4665713
2025/09/16 11:20:06 ELECTRUM: GetBestBlock called
2025/09/16 11:20:06 ELECTRUM: Subscribing to headers to get current height
2025/09/16 11:20:06 ELECTRUM: Got current height 4665714 from headers subscription
2025/09/16 11:20:06 ELECTRUM: Returning hash 0000000000003187c1c05a26f3f2cba13adc45de23053ac48c71582a45a5ce7b for height 4665714 (from headers subscription)
2025/09/16 11:20:06 ELECTRUM: GetBlockHeader called for hash: 0000000000003187c1c05a26f3f2cba13adc45de23053ac48c71582a45a5ce7b
2025/09/16 11:20:06 ELECTRUM: GetBestBlock called
2025/09/16 11:20:06 ELECTRUM: Subscribing to headers to get current height
2025/09/16 11:20:06 ELECTRUM: Got current height 4665714 from headers subscription
2025/09/16 11:20:06 ELECTRUM: Returning hash 0000000000003187c1c05a26f3f2cba13adc45de23053ac48c71582a45a5ce7b for height 4665714 (from headers subscription)
2025/09/16 11:20:06 ELECTRUM: Checking for new blocks - current: 4665714, last known: 4665699
2025/09/16 11:20:06 ELECTRUM: New block detected! Height: 4665714 (was 4665699)
2025/09/16 11:20:06 ELECTRUM: Sending block connected notification for height 4665714
2025/09/16 11:20:06 ELECTRUM: Block notification sent successfully for height 4665714
2025/09/16 11:20:06 ELECTRUM: Got current height 4665714 from headers subscription
2025/09/16 11:20:06 ELECTRUM: Returning hash 0000000000003187c1c05a26f3f2cba13adc45de23053ac48c71582a45a5ce7b for height 4665714 (from headers subscription)
2025-09-16 11:20:07.036 [DBG] LTND lnd.go:727: Syncing to block chain rev=4d1c86 best_block_time="2025-09-16 11:20:14 -0400 EDT" is_synced=false
2025/09/16 11:20:08 ELECTRUM: GetBestBlock called
2025/09/16 11:20:08 ELECTRUM: Subscribing to headers to get current height
2025/09/16 11:20:08 ELECTRUM: Got current height 4665715 from headers subscription
2025/09/16 11:20:08 ELECTRUM: Returning hash 0000000000003a0338b5954e28e60dc0b7b7763aa094639c0f0d44827e00fc89 for height 4665715 (from headers subscription)
2025/09/16 11:20:08 ELECTRUM: GetBlockHeader called for hash: 0000000000003a0338b5954e28e60dc0b7b7763aa094639c0f0d44827e00fc89
2025/09/16 11:20:08 ELECTRUM: GetBestBlock called
2025/09/16 11:20:08 ELECTRUM: Subscribing to headers to get current height
2025/09/16 11:20:08 ELECTRUM: Got current height 4665715 from headers subscription
2025/09/16 11:20:08 ELECTRUM: Returning hash 0000000000003a0338b5954e28e60dc0b7b7763aa094639c0f0d44827e00fc89 for height 4665715 (from headers subscription)
2025-09-16 11:20:08.751 [DBG] LTND lnd.go:727: Syncing to block chain rev=4d1c86 best_block_time="2025-09-16 11:20:10 -0400 EDT" is_synced=false
2025/09/16 11:20:09 ELECTRUM: GetBestBlock called
2025/09/16 11:20:09 ELECTRUM: Subscribing to headers to get current height
2025/09/16 11:20:09 ELECTRUM: Got current height 4665715 from headers subscription
2025/09/16 11:20:09 ELECTRUM: Returning hash 0000000000003a0338b5954e28e60dc0b7b7763aa094639c0f0d44827e00fc89 for height 4665715 (from headers subscription)
2025/09/16 11:20:09 ELECTRUM: GetBlockHeader called for hash: 0000000000003a0338b5954e28e60dc0b7b7763aa094639c0f0d44827e00fc89
2025/09/16 11:20:09 ELECTRUM: GetBestBlock called
2025/09/16 11:20:09 ELECTRUM: Subscribing to headers to get current height
2025/09/16 11:20:10 ELECTRUM: Got current height 4665715 from headers subscription
2025/09/16 11:20:10 ELECTRUM: Returning hash 0000000000003a0338b5954e28e60dc0b7b7763aa094639c0f0d44827e00fc89 for height 4665715 (from headers subscription)
2025-09-16 11:20:10.461 [DBG] LTND lnd.go:727: Syncing to block chain rev=4d1c86 best_block_time="2025-09-16 11:20:10 -0400 EDT" is_synced=false
2025/09/16 11:20:11 ELECTRUM: GetBestBlock called
2025/09/16 11:20:11 ELECTRUM: Subscribing to headers to get current height
2025/09/16 11:20:11 ELECTRUM: Got current height 4665716 from headers subscription
2025/09/16 11:20:11 ELECTRUM: Returning hash 00000000000368146246c2baa88626a8a415f02f6f91a38e5580a9daee27568a for height 4665716 (from headers subscription)
2025/09/16 11:20:11 ELECTRUM: GetBlockHeader called for hash: 00000000000368146246c2baa88626a8a415f02f6f91a38e5580a9daee27568a
2025/09/16 11:20:11 ELECTRUM: GetBestBlock called
2025/09/16 11:20:11 ELECTRUM: Subscribing to headers to get current height
2025/09/16 11:20:11 ELECTRUM: Got current height 4665716 from headers subscription
2025/09/16 11:20:11 ELECTRUM: Returning hash 00000000000368146246c2baa88626a8a415f02f6f91a38e5580a9daee27568a for height 4665716 (from headers subscription)
2025-09-16 11:20:12.174 [DBG] LTND lnd.go:727: Syncing to block chain rev=4d1c86 best_block_time="2025-09-16 11:20:07 -0400 EDT" is_synced=false
2025/09/16 11:20:13 ELECTRUM: GetBestBlock called
2025/09/16 11:20:13 ELECTRUM: Subscribing to headers to get current height
2025/09/16 11:20:13 ELECTRUM: Got current height 4665716 from headers subscription
2025/09/16 11:20:13 ELECTRUM: Returning hash 00000000000368146246c2baa88626a8a415f02f6f91a38e5580a9daee27568a for height 4665716 (from headers subscription)
2025/09/16 11:20:13 ELECTRUM: GetBlockHeader called for hash: 00000000000368146246c2baa88626a8a415f02f6f91a38e5580a9daee27568a
2025/09/16 11:20:13 ELECTRUM: GetBestBlock called
2025/09/16 11:20:13 ELECTRUM: Subscribing to headers to get current height
2025/09/16 11:20:13 ELECTRUM: Got current height 4665716 from headers subscription
2025/09/16 11:20:13 ELECTRUM: Returning hash 00000000000368146246c2baa88626a8a415f02f6f91a38e5580a9daee27568a for height 4665716 (from headers subscription)
2025-09-16 11:20:13.885 [DBG] LTND lnd.go:727: Syncing to block chain rev=4d1c86 best_block_time="2025-09-16 11:20:07 -0400 EDT" is_synced=false
2025/09/16 11:20:14 ELECTRUM: GetBestBlock called
2025/09/16 11:20:14 ELECTRUM: Subscribing to headers to get current height
2025/09/16 11:20:15 ELECTRUM: Got current height 4665717 from headers subscription
2025/09/16 11:20:15 ELECTRUM: Returning hash 0000000000023586a33cce4bb0810ec8f48aeba016f0eb8ebdbcb0778a43a745 for height 4665717 (from headers subscription)
2025/09/16 11:20:15 ELECTRUM: GetBlockHeader called for hash: 0000000000023586a33cce4bb0810ec8f48aeba016f0eb8ebdbcb0778a43a745
2025/09/16 11:20:15 ELECTRUM: GetBestBlock called
2025/09/16 11:20:15 ELECTRUM: Subscribing to headers to get current height
2025/09/16 11:20:15 ELECTRUM: Got current height 4665717 from headers subscription
2025/09/16 11:20:15 ELECTRUM: Returning hash 0000000000023586a33cce4bb0810ec8f48aeba016f0eb8ebdbcb0778a43a745 for height 4665717 (from headers subscription)
2025-09-16 11:20:15.637 [DBG] LTND lnd.go:727: Syncing to block chain rev=4d1c86 best_block_time="2025-09-16 11:20:11 -0400 EDT" is_synced=false
2025/09/16 11:20:16 ELECTRUM: GetBestBlock called
2025/09/16 11:20:16 ELECTRUM: Subscribing to headers to get current height
2025/09/16 11:20:16 ELECTRUM: Got current height 4665718 from headers subscription
2025/09/16 11:20:16 ELECTRUM: Returning hash 000000000000444beb137c8e84d521e5180cff9cec584c1c1046a4ad91bd4525 for height 4665718 (from headers subscription)
2025/09/16 11:20:16 ELECTRUM: GetBlockHeader called for hash: 000000000000444beb137c8e84d521e5180cff9cec584c1c1046a4ad91bd4525
2025/09/16 11:20:16 ELECTRUM: GetBestBlock called
2025/09/16 11:20:16 ELECTRUM: Subscribing to headers to get current height
2025/09/16 11:20:17 ELECTRUM: Got current height 4665718 from headers subscription
2025/09/16 11:20:17 ELECTRUM: Returning hash 000000000000444beb137c8e84d521e5180cff9cec584c1c1046a4ad91bd4525 for height 4665718 (from headers subscription)
2025-09-16 11:20:17.356 [DBG] LTND lnd.go:727: Syncing to block chain rev=4d1c86 best_block_time="2025-09-16 11:20:20 -0400 EDT" is_synced=false
2025/09/16 11:20:18 ELECTRUM: GetBestBlock called
2025/09/16 11:20:18 ELECTRUM: Subscribing to headers to get current height
2025/09/16 11:20:18 ELECTRUM: Got current height 4665719 from headers subscription
2025/09/16 11:20:18 ELECTRUM: Returning hash 0000000000019790ec3ae9e8d9729c0b0a4c21bb1173e628cca3e5284b180b0c for height 4665719 (from headers subscription)
2025/09/16 11:20:18 ELECTRUM: GetBlockHeader called for hash: 0000000000019790ec3ae9e8d9729c0b0a4c21bb1173e628cca3e5284b180b0c
2025/09/16 11:20:18 ELECTRUM: GetBestBlock called
2025/09/16 11:20:18 ELECTRUM: Subscribing to headers to get current height
2025/09/16 11:20:18 ELECTRUM: Got current height 4665719 from headers subscription
2025/09/16 11:20:18 ELECTRUM: Returning hash 0000000000019790ec3ae9e8d9729c0b0a4c21bb1173e628cca3e5284b180b0c for height 4665719 (from headers subscription)
2025-09-16 11:20:19.081 [DBG] LTND lnd.go:727: Syncing to block chain rev=4d1c86 best_block_time="2025-09-16 11:20:25 -0400 EDT" is_synced=false
2025/09/16 11:20:20 ELECTRUM: GetBestBlock called
2025/09/16 11:20:20 ELECTRUM: Subscribing to headers to get current height
2025/09/16 11:20:20 ELECTRUM: Got current height 4665719 from headers subscription
2025/09/16 11:20:20 ELECTRUM: Returning hash 0000000000019790ec3ae9e8d9729c0b0a4c21bb1173e628cca3e5284b180b0c for height 4665719 (from headers subscription)
2025/09/16 11:20:20 ELECTRUM: GetBlockHeader called for hash: 0000000000019790ec3ae9e8d9729c0b0a4c21bb1173e628cca3e5284b180b0c
2025/09/16 11:20:20 ELECTRUM: GetBestBlock called
2025/09/16 11:20:20 ELECTRUM: Subscribing to headers to get current height
2025/09/16 11:20:20 ELECTRUM: Got current height 4665719 from headers subscription
2025/09/16 11:20:20 ELECTRUM: Returning hash 0000000000019790ec3ae9e8d9729c0b0a4c21bb1173e628cca3e5284b180b0c for height 4665719 (from headers subscription)
2025-09-16 11:20:20.928 [DBG] LTND lnd.go:727: Syncing to block chain rev=4d1c86 best_block_time="2025-09-16 11:20:25 -0400 EDT" is_synced=false
2025/09/16 11:20:21 ELECTRUM: GetBestBlock called
2025/09/16 11:20:21 ELECTRUM: Subscribing to headers to get current height
2025/09/16 11:20:22 ELECTRUM: Got current height 4665719 from headers subscription
2025/09/16 11:20:22 ELECTRUM: Returning hash 0000000000019790ec3ae9e8d9729c0b0a4c21bb1173e628cca3e5284b180b0c for height 4665719 (from headers subscription)
2025/09/16 11:20:22 ELECTRUM: GetBlockHeader called for hash: 0000000000019790ec3ae9e8d9729c0b0a4c21bb1173e628cca3e5284b180b0c
2025/09/16 11:20:22 ELECTRUM: GetBestBlock called
2025/09/16 11:20:22 ELECTRUM: Subscribing to headers to get current height
2025/09/16 11:20:22 ELECTRUM: Got current height 4665720 from headers subscription
2025/09/16 11:20:22 ELECTRUM: Returning hash 00000000000116b2b1f4e81e6d6e6c561ea1426c93de8b89aa431df878a08b09 for height 4665720 (from headers subscription)
2025-09-16 11:20:33.003 [DBG] RPCS interceptor.go:775: [/lnrpc.Lightning/WalletBalance] requested
2025-09-16 11:20:33.004 [INF] BTWL btcwallet.go:807: BTCWALLET: ConfirmedBalance called with confs=0, accountFilter=default
2025-09-16 11:20:33.005 [INF] BTWL btcwallet.go:1525: BTCWALLET: Adding 5 discovered Electrum transactions to witness outputs
2025-09-16 11:20:33.005 [INF] BTWL btcwallet.go:807: BTCWALLET: ConfirmedBalance called with confs=1, accountFilter=default
2025-09-16 11:20:33.005 [INF] BTWL btcwallet.go:1525: BTCWALLET: Adding 5 discovered Electrum transactions to witness outputs
2025-09-16 11:20:33.005 [DBG] RPCS rpcserver.go:3746: [walletbalance] Total balance=0.00043324 BTC (confirmed=0.00043324 BTC, unconfirmed=0 BTC, locked=0 BTC)
2025-09-16 11:20:33.722 [DBG] RPCS interceptor.go:775: [/lnrpc.Lightning/WalletBalance] requested
2025-09-16 11:20:33.724 [INF] BTWL btcwallet.go:807: BTCWALLET: ConfirmedBalance called with confs=0, accountFilter=default
2025-09-16 11:20:33.724 [INF] BTWL btcwallet.go:1525: BTCWALLET: Adding 5 discovered Electrum transactions to witness outputs
2025-09-16 11:20:33.724 [INF] BTWL btcwallet.go:807: BTCWALLET: ConfirmedBalance called with confs=1, accountFilter=default
2025-09-16 11:20:33.724 [INF] BTWL btcwallet.go:1525: BTCWALLET: Adding 5 discovered Electrum transactions to witness outputs
2025-09-16 11:20:33.725 [DBG] RPCS rpcserver.go:3746: [walletbalance] Total balance=0.00043324 BTC (confirmed=0.00043324 BTC, unconfirmed=0 BTC, locked=0 BTC)
2025-09-16 11:20:34.315 [DBG] RPCS interceptor.go:775: [/lnrpc.Lightning/WalletBalance] requested
2025-09-16 11:20:34.316 [INF] BTWL btcwallet.go:807: BTCWALLET: ConfirmedBalance called with confs=0, accountFilter=default
2025-09-16 11:20:34.316 [INF] BTWL btcwallet.go:1525: BTCWALLET: Adding 5 discovered Electrum transactions to witness outputs
2025-09-16 11:20:34.316 [INF] BTWL btcwallet.go:807: BTCWALLET: ConfirmedBalance called with confs=1, accountFilter=default
2025-09-16 11:20:34.316 [INF] BTWL btcwallet.go:1525: BTCWALLET: Adding 5 discovered Electrum transactions to witness outputs
2025-09-16 11:20:34.316 [DBG] RPCS rpcserver.go:3746: [walletbalance] Total balance=0.00043324 BTC (confirmed=0.00043324 BTC, unconfirmed=0 BTC, locked=0 BTC)
2025-09-16 11:20:34.726 [DBG] RPCS interceptor.go:775: [/lnrpc.Lightning/WalletBalance] requested
2025-09-16 11:20:34.727 [INF] BTWL btcwallet.go:807: BTCWALLET: ConfirmedBalance called with confs=0, accountFilter=default
2025-09-16 11:20:34.727 [INF] BTWL btcwallet.go:1525: BTCWALLET: Adding 5 discovered Electrum transactions to witness outputs
2025-09-16 11:20:34.727 [INF] BTWL btcwallet.go:807: BTCWALLET: ConfirmedBalance called with confs=1, accountFilter=default
2025-09-16 11:20:34.727 [INF] BTWL btcwallet.go:1525: BTCWALLET: Adding 5 discovered Electrum transactions to witness outputs
2025-09-16 11:20:34.728 [DBG] RPCS rpcserver.go:3746: [walletbalance] Total balance=0.00043324 BTC (confirmed=0.00043324 BTC, unconfirmed=0 BTC, locked=0 BTC)
2025/09/16 11:20:34 ELECTRUM: GetBestBlock called
2025/09/16 11:20:34 ELECTRUM: Subscribing to headers to get current height
2025/09/16 11:20:35 ELECTRUM: Got current height 4665727 from headers subscription
2025/09/16 11:20:35 ELECTRUM: Returning hash 0000000000004a6023933678dd938c25529ae5395cc4486f28e103336a209eb3 for height 4665727 (from headers subscription)
2025/09/16 11:20:35 ELECTRUM: Checking for new blocks - current: 4665727, last known: 4665713
2025/09/16 11:20:35 ELECTRUM: New block detected! Height: 4665727 (was 4665713)
2025/09/16 11:20:35 ELECTRUM: Sending block connected notification for height 4665727
2025/09/16 11:20:35 ELECTRUM: Block notification sent successfully for height 4665727
2025/09/16 11:20:36 ELECTRUM: GetBestBlock called
2025/09/16 11:20:36 ELECTRUM: Subscribing to headers to get current height
2025/09/16 11:20:36 ELECTRUM: Got current height 4665728 from headers subscription
2025/09/16 11:20:36 ELECTRUM: Returning hash 00000000000012e603a88316e2378f097f9ebf81ee2783c9610982de53e41773 for height 4665728 (from headers subscription)
2025/09/16 11:20:36 ELECTRUM: Checking for new blocks - current: 4665728, last known: 4665713
2025/09/16 11:20:36 ELECTRUM: New block detected! Height: 4665728 (was 4665713)
2025/09/16 11:20:36 ELECTRUM: Sending block connected notification for height 4665728
2025/09/16 11:20:36 ELECTRUM: Block notification sent successfully for height 4665728
2025/09/16 11:20:36 ELECTRUM: GetBestBlock called
2025/09/16 11:20:36 ELECTRUM: Subscribing to headers to get current height
2025/09/16 11:20:36 ELECTRUM: Got current height 4665728 from headers subscription
2025/09/16 11:20:36 ELECTRUM: Returning hash 00000000000012e603a88316e2378f097f9ebf81ee2783c9610982de53e41773 for height 4665728 (from headers subscription)
2025/09/16 11:20:36 ELECTRUM: Checking for new blocks - current: 4665728, last known: 4665714
2025/09/16 11:20:36 ELECTRUM: New block detected! Height: 4665728 (was 4665714)
2025/09/16 11:20:36 ELECTRUM: Sending block connected notification for height 4665728
2025/09/16 11:20:36 ELECTRUM: Block notification sent successfully for height 4665728
2025-09-16 11:20:50.762 [DBG] LTND lnd.go:727: Syncing to block chain rev=4d1c86 best_block_time="2025-09-16 11:20:25 -0400 EDT" is_synced=false
2025/09/16 11:20:51 ELECTRUM: GetBestBlock called
2025/09/16 11:20:51 ELECTRUM: Subscribing to headers to get current height
2025/09/16 11:20:52 ELECTRUM: Got current height 4665734 from headers subscription
2025/09/16 11:20:52 ELECTRUM: Returning hash 000000000002b94cc6284b0da97dc3b1fe155b7bfa9b36f31780116853af340f for height 4665734 (from headers subscription)
2025/09/16 11:20:52 ELECTRUM: GetBlockHeader called for hash: 000000000002b94cc6284b0da97dc3b1fe155b7bfa9b36f31780116853af340f
2025/09/16 11:20:52 ELECTRUM: GetBestBlock called
2025/09/16 11:20:52 ELECTRUM: Subscribing to headers to get current height
2025/09/16 11:20:52 ELECTRUM: Got current height 4665734 from headers subscription
2025/09/16 11:20:52 ELECTRUM: Returning hash 000000000002b94cc6284b0da97dc3b1fe155b7bfa9b36f31780116853af340f for height 4665734 (from headers subscription)
2025-09-16 11:20:52.610 [DBG] LTND lnd.go:727: Syncing to block chain rev=4d1c86 best_block_time="2025-09-16 11:20:49 -0400 EDT" is_synced=false
2025/09/16 11:20:53 ELECTRUM: GetBestBlock called
2025/09/16 11:20:53 ELECTRUM: Subscribing to headers to get current height
2025/09/16 11:20:53 ELECTRUM: Got current height 4665735 from headers subscription
2025/09/16 11:20:53 ELECTRUM: Returning hash 000000000000014382b5146656e75d7219caee1c19599862eaae822c4d133a5b for height 4665735 (from headers subscription)
2025/09/16 11:20:53 ELECTRUM: GetBlockHeader called for hash: 000000000000014382b5146656e75d7219caee1c19599862eaae822c4d133a5b
2025/09/16 11:20:53 ELECTRUM: GetBestBlock called
2025/09/16 11:20:53 ELECTRUM: Subscribing to headers to get current height
2025/09/16 11:20:54 ELECTRUM: Got current height 4665735 from headers subscription
2025/09/16 11:20:54 ELECTRUM: Returning hash 000000000000014382b5146656e75d7219caee1c19599862eaae822c4d133a5b for height 4665735 (from headers subscription)
2025-09-16 11:20:54.447 [DBG] LTND lnd.go:727: Syncing to block chain rev=4d1c86 best_block_time="2025-09-16 11:20:51 -0400 EDT" is_synced=false
2025/09/16 11:20:55 ELECTRUM: GetBestBlock called
2025/09/16 11:20:55 ELECTRUM: Subscribing to headers to get current height
2025/09/16 11:20:55 ELECTRUM: Got current height 4665735 from headers subscription
2025/09/16 11:20:55 ELECTRUM: Returning hash 000000000000014382b5146656e75d7219caee1c19599862eaae822c4d133a5b for height 4665735 (from headers subscription)
2025/09/16 11:20:55 ELECTRUM: GetBlockHeader called for hash: 000000000000014382b5146656e75d7219caee1c19599862eaae822c4d133a5b
2025/09/16 11:20:55 ELECTRUM: GetBestBlock called
2025/09/16 11:20:55 ELECTRUM: Subscribing to headers to get current height
2025/09/16 11:20:56 ELECTRUM: Got current height 4665735 from headers subscription
2025/09/16 11:20:56 ELECTRUM: Returning hash 000000000000014382b5146656e75d7219caee1c19599862eaae822c4d133a5b for height 4665735 (from headers subscription)
2025-09-16 11:20:56.329 [DBG] LTND lnd.go:727: Syncing to block chain rev=4d1c86 best_block_time="2025-09-16 11:20:51 -0400 EDT" is_synced=false
