2025-09-16 11:06:45.316 [INF] LTND lnd.go:186: Version Info rev=4d1c86 version=0.19.99-beta commit=sqldb/v1.0.10-645-g4d1c86bd6-dirty debuglevel=development logging=debug
2025-09-16 11:06:45.316 [INF] LTND lnd.go:213: Network Info rev=4d1c86 active_chain=Bitcoin network=testnet
2025-09-16 11:06:45.317 [DBG] DRPC dev_server.go:137: DEV RPC server successfully registered with root the gRPC server
2025-09-16 11:06:45.317 [DBG] IRPC invoices_server.go:190: Invoices RPC server successfully registered with root gRPC server
2025-09-16 11:06:45.317 [DBG] RRPC router_server.go:301: Router RPC server successfully registered with root gRPC server
2025-09-16 11:06:45.318 [DBG] SGNR signer_server.go:216: Signer RPC server successfully registered with root gRPC server
2025-09-16 11:06:45.318 [DBG] NTFR chain_server.go:210: ChainNotifier RPC server successfully registered with root gRPC server
2025-09-16 11:06:45.318 [DBG] NTFR chain_server.go:214: ChainKit RPC server successfully registered with root gRPC server
2025-09-16 11:06:45.318 [DBG] PRPC peers_server.go:119: Peers RPC server successfully registered with root gRPC server
2025-09-16 11:06:45.318 [DBG] VRPC server.go:66: Versioner RPC server successfully registered with root gRPC server
2025-09-16 11:06:45.318 [DBG] WLKT walletkit_server.go:344: WalletKit RPC server successfully registered with root gRPC server
2025-09-16 11:06:45.318 [INF] RPCS lnd.go:925: RPC server listening on 127.0.0.1:10009
2025-09-16 11:06:45.319 [DBG] DRPC dev_server.go:160: DEV REST server successfully registered with the root REST server
2025-09-16 11:06:45.319 [DBG] IRPC invoices_server.go:213: Invoices REST server successfully registered with root REST server
2025-09-16 11:06:45.319 [DBG] RRPC router_server.go:324: Router REST server successfully registered with root REST server
2025-09-16 11:06:45.320 [DBG] SGNR signer_server.go:239: Signer REST server successfully registered with root REST server
2025-09-16 11:06:45.320 [DBG] NTFR chain_server.go:237: ChainNotifier REST server successfully registered with root REST server
2025-09-16 11:06:45.320 [DBG] NTFR chain_server.go:248: ChainKit REST server successfully registered with root REST server
2025-09-16 11:06:45.321 [DBG] PRPC peers_server.go:142: Peers REST server successfully registered with root REST server
2025-09-16 11:06:45.321 [DBG] VRPC server.go:89: Versioner REST server successfully registered with root REST server
2025-09-16 11:06:45.321 [DBG] WLKT walletkit_server.go:367: WalletKit REST server successfully registered with root REST server
2025-09-16 11:06:45.321 [INF] RPCS lnd.go:1046: gRPC proxy started at 127.0.0.1:8080
2025-09-16 11:06:45.321 [INF] LTND config_builder.go:1009: Opening the main database, this might take a few minutes...
2025-09-16 11:06:45.321 [INF] LTND config_builder.go:1014: Opening bbolt database, sync_freelist=false, auto_compact=false
2025-09-16 11:06:45.323 [INF] LTND config_builder.go:1057: Creating local graph and channel state DB instances
2025-09-16 11:06:45.337 [INF] CHDB db.go:1687: Checking for schema update: latest_version=33, db_version=33
2025-09-16 11:06:45.337 [INF] CHDB db.go:1781: Applying 2 optional migrations
2025-09-16 11:06:45.337 [INF] CHDB db.go:1785: Checking for optional update: name=prune_revocation_log
2025-09-16 11:06:45.337 [DBG] CHDB db.go:1789: Skipping optional migration: name=prune_revocation_log as it is not specified in the config
2025-09-16 11:06:45.337 [INF] CHDB db.go:1785: Checking for optional update: name=gc_decayed_log
2025-09-16 11:06:45.337 [DBG] CHDB db.go:1799: Skipping optional migration: name=gc_decayed_log as it has already been applied
2025-09-16 11:06:45.354 [INF] LTND config_builder.go:1289: Database(s) now open (time_to_open=32.20875ms)!
2025-09-16 11:06:45.354 [INF] LTND signal.go:45: We're not running within systemd or the service type is not 'notify'
2025-09-16 11:06:45.354 [INF] LTND config_builder.go:1302: Waiting for wallet encryption password. Use `lncli create` to create a wallet, `lncli unlock` to unlock an existing wallet, or `lncli changepassword` to change the password of an existing wallet and unlock it.
2025-09-16 11:06:58.288 [DBG] RPCS interceptor.go:775: [/lnrpc.WalletUnlocker/UnlockWallet] requested
2025-09-16 11:06:59.324 [INF] BTWL wallet.go:4340: Opened wallet
2025-09-16 11:06:59.324 [INF] BTWL history.go:28: Dropping btcwallet transaction history
2025-09-16 11:06:59.324 [WRN] BTWL history.go:67: Wallet does not have a birthday block set, falling back to rescan from genesis
2025-09-16 11:07:00.362 [INF] BTWL wallet.go:4340: Opened wallet
2025-09-16 11:07:00.362 [WRN] LTND config_builder.go:1432: Dropped all transaction history from on-chain wallet. Remember to disable reset-wallet-transactions flag for next start of lnd
2025-09-16 11:07:00.476 [INF] CHRE chainregistry.go:694: Initializing electrum backend
2025-09-16 11:07:00.476 [INF] CHRE chainregistry.go:695: ElectrumMode config: &{ServerAddr:testnet.aranguren.org:51002 UseTLS:true ValidateServerCertificate:false ConnectTimeout:30s RequestTimeout:30s PersistTxHistory:false}
2025-09-16 11:07:00.476 [INF] CHRE chainregistry.go:699: ElectrumMode server: testnet.aranguren.org:51002
2025/09/16 11:07:00 ELECTRUM: Config - ServerAddr: testnet.aranguren.org:51002, UseTLS: true, ValidateServerCertificate: false
2025/09/16 11:07:00 ELECTRUM: Creating TLS client for server: testnet.aranguren.org:51002
2025/09/16 11:07:00 ELECTRUM: Successfully created TLS client
2025/09/16 11:07:00 ELECTRUM: Initializing best block during startup
2025/09/16 11:07:00 ELECTRUM: GetBestBlock called
2025/09/16 11:07:00 ELECTRUM: Subscribing to headers to get current height
2025/09/16 11:07:01 ELECTRUM: Got current height 4665343 from headers subscription
2025/09/16 11:07:01 ELECTRUM: Returning hash 00000000000319d14517df315fad0df5a289dba7ed379041cfad1e5f7ffd6b89 for height 4665343 (from headers subscription)
2025/09/16 11:07:01 ELECTRUM: Successfully initialized best block
2025-09-16 11:07:01.200 [INF] LTND lnd.go:496: About to call BuildChainControl
2025/09/16 11:07:01 ELECTRUM: Starting continuous block notification loop
2025-09-16 11:07:01.200 [INF] LTND config_builder.go:769: BuildChainControl called - starting wallet controller creation
2025-09-16 11:07:01.201 [INF] LTND config_builder.go:772: About to call btcwallet.New
2025-09-16 11:07:01.201 [INF] LTND config_builder.go:776: btcwallet.New completed
2025-09-16 11:07:01.201 [INF] LTND config_builder.go:789: Setting WalletController type: *btcwallet.BtcWallet
2025-09-16 11:07:02.188 [INF] BTWL wallet.go:1430: The wallet has been unlocked without a time limit
2025/09/16 11:07:02 ELECTRUM: Initializing best block during startup
2025/09/16 11:07:02 ELECTRUM: GetBestBlock called
2025/09/16 11:07:02 ELECTRUM: Subscribing to headers to get current height
2025/09/16 11:07:02 ELECTRUM: Got current height 4665345 from headers subscription
2025/09/16 11:07:02 ELECTRUM: Returning hash 0000000000034db50d5791ddc063083d7f4d600871d90a13e265a51e02370d61 for height 4665345 (from headers subscription)
2025/09/16 11:07:02 ELECTRUM: Successfully initialized best block
2025-09-16 11:07:02.510 [INF] BTWL btcwallet.go:405: BTCWALLET: Setting up Electrum address notifications during wallet initialization
2025/09/16 11:07:02 ELECTRUM: Starting continuous block notification loop
2025-09-16 11:07:02.510 [INF] BTWL btcwallet.go:469: BTCWALLET: Setting up Electrum transaction callback
2025-09-16 11:07:02.510 [INF] BTWL btcwallet.go:476: BTCWALLET: Found SetTransactionCallback method, setting up callback
2025-09-16 11:07:02.510 [INF] BTWL btcwallet.go:496: BTCWALLET: Successfully set up Electrum transaction callback
2025-09-16 11:07:02.510 [INF] CHRE chainregistry.go:845: LightningWallet opened
2025-09-16 11:07:02.510 [INF] LTND lnd.go:500: BuildChainControl completed
2025-09-16 11:07:02.510 [INF] BTWL btcwallet.go:443: BTCWALLET: Setting up Electrum address notifications
2025-09-16 11:07:02.510 [INF] BTWL btcwallet.go:668: BTCWALLET: Getting all wallet addresses dynamically
2025/09/16 11:07:02 ELECTRUM: Sending current best block to client 1 - Hash: 0000000000034db50d5791ddc063083d7f4d600871d90a13e265a51e02370d61, Height: 4665345, BlockHeader: true
2025/09/16 11:07:02 ELECTRUM: Successfully sent block epoch to client 1
2025-09-16 11:07:02.510 [INF] BTCN broadcaster.go:131: Broadcaster now active
2025/09/16 11:07:02 ELECTRUM: Initializing best block during startup
2025/09/16 11:07:02 ELECTRUM: GetBestBlock called
2025/09/16 11:07:02 ELECTRUM: Subscribing to headers to get current height
2025-09-16 11:07:02.609 [INF] BTWL btcwallet.go:710: BTCWALLET: Found 46 total addresses to check dynamically
2025-09-16 11:07:02.609 [INF] BTWL btcwallet.go:452: BTCWALLET: Found 46 existing addresses to set up notifications for
2025-09-16 11:07:02.609 [INF] BTWL btcwallet.go:548: BTCWALLET: Setting up notification for address: tb1q35l5pfwv0wj2x0w6dvfr6rdv43mrdavey28800
2025-09-16 11:07:02.609 [INF] BTWL btcwallet.go:557: BTCWALLET: Calling chain.NotifyReceived for address: tb1q35l5pfwv0wj2x0w6dvfr6rdv43mrdavey28800
ELECTRUM: NotifyReceived called with 1 addresses
2025/09/16 11:07:02 ELECTRUM: Got current height 4665345 from headers subscription
2025/09/16 11:07:02 ELECTRUM: Returning hash 0000000000034db50d5791ddc063083d7f4d600871d90a13e265a51e02370d61 for height 4665345 (from headers subscription)
2025/09/16 11:07:02 ELECTRUM: Successfully initialized best block
2025/09/16 11:07:02 ELECTRUM: GetBestBlock called
2025/09/16 11:07:02 ELECTRUM: Subscribing to headers to get current height
2025/09/16 11:07:02 ELECTRUM: Starting continuous block notification loop
ELECTRUM: Starting fetchAddressHistory for address: tb1q35l5pfwv0wj2x0w6dvfr6rdv43mrdavey28800
2025-09-16 11:07:02.846 [INF] BTWL btcwallet.go:563: BTCWALLET: chain.NotifyReceived completed successfully for address: tb1q35l5pfwv0wj2x0w6dvfr6rdv43mrdavey28800
ELECTRUM: Fetching transaction history for address: tb1q35l5pfwv0wj2x0w6dvfr6rdv43mrdavey28800
ELECTRUM: Calling GetHistory for address: tb1q35l5pfwv0wj2x0w6dvfr6rdv43mrdavey28800, scriptHash: 5402d6c137487f5e00d46c16a85ec56d25ab29f8636995d4bf586bc08bbce31e
2025-09-16 11:07:02.846 [INF] BTWL btcwallet.go:565: BTCWALLET: Successfully set up notification for address: tb1q35l5pfwv0wj2x0w6dvfr6rdv43mrdavey28800
2025-09-16 11:07:02.846 [INF] BTWL btcwallet.go:548: BTCWALLET: Setting up notification for address: tb1q3wmfzpnluglv5auudgl2zzsne33auzpmr3vguv
2025-09-16 11:07:02.846 [INF] BTWL btcwallet.go:557: BTCWALLET: Calling chain.NotifyReceived for address: tb1q3wmfzpnluglv5auudgl2zzsne33auzpmr3vguv
ELECTRUM: NotifyReceived called with 1 addresses
2025/09/16 11:07:03 ELECTRUM: Got current height 4665345 from headers subscription
2025/09/16 11:07:03 ELECTRUM: Returning hash 0000000000034db50d5791ddc063083d7f4d600871d90a13e265a51e02370d61 for height 4665345 (from headers subscription)
2025-09-16 11:07:03.082 [INF] HSWC circuit_map.go:280: Cleaning circuits from disk for closed channels
2025-09-16 11:07:03.082 [DBG] HSWC circuit_map.go:324: Found 0 closed channels
2025-09-16 11:07:03.082 [INF] HSWC circuit_map.go:328: Finished cleaning: no closed channels found, no actions taken.
2025-09-16 11:07:03.082 [INF] HSWC circuit_map.go:497: Restoring in-memory circuit state from disk
ELECTRUM: Starting fetchAddressHistory for address: tb1q3wmfzpnluglv5auudgl2zzsne33auzpmr3vguv
2025-09-16 11:07:03.088 [INF] BTWL btcwallet.go:563: BTCWALLET: chain.NotifyReceived completed successfully for address: tb1q3wmfzpnluglv5auudgl2zzsne33auzpmr3vguv
ELECTRUM: Fetching transaction history for address: tb1q3wmfzpnluglv5auudgl2zzsne33auzpmr3vguv
2025-09-16 11:07:03.088 [INF] BTWL btcwallet.go:565: BTCWALLET: Successfully set up notification for address: tb1q3wmfzpnluglv5auudgl2zzsne33auzpmr3vguv
ELECTRUM: Calling GetHistory for address: tb1q3wmfzpnluglv5auudgl2zzsne33auzpmr3vguv, scriptHash: b66131e80f4d50ca98ca6c1a4944746699c609136ce4aa4b4f162dd9de3dfe6d
2025-09-16 11:07:03.088 [INF] BTWL btcwallet.go:548: BTCWALLET: Setting up notification for address: tb1qnf9a6cdf8c93ca97767cvted4y9a8lrjr9rctd
2025-09-16 11:07:03.088 [INF] BTWL btcwallet.go:557: BTCWALLET: Calling chain.NotifyReceived for address: tb1qnf9a6cdf8c93ca97767cvted4y9a8lrjr9rctd
ELECTRUM: NotifyReceived called with 1 addresses
2025-09-16 11:07:03.093 [INF] HSWC circuit_map.go:602: Payment circuits loaded: num_pending=0, num_open=0
2025-09-16 11:07:03.113 [DBG] CRTR missioncontrol.go:307: Instantiating mission control with config: maximum history: 1000, minimum failure relax interval: 1m0s, estimator type: apriori, penalty halflife time: 1h0m0s, apriori hop probability: 0.6, apriori weight: 0.5, previous success probability: 0.95, capacity fraction: 0.9999
2025-09-16 11:07:03.124 [INF] CRTR missioncontrol_store.go:107: Loaded 0 mission control entries
2025-09-16 11:07:03.124 [DBG] CRTR missioncontrol.go:455: [default]: Mission control state reconstruction started
2025-09-16 11:07:03.124 [DBG] CRTR missioncontrol.go:471: [default]: Mission control state reconstruction finished: n=0, time=6.25µs
2025-09-16 11:07:03.124 [DBG] SRVR server.go:1111: Instantiating payment session source with config: AttemptCost=100 + 0.1%, MinRouteProbability=0.01
2025-09-16 11:07:03.135 [INF] ACSM accessman.go:79: Access Manager initialized
2025-09-16 11:07:03.147 [INF] LTND channel_notifier.go:39: Channel backup proxy channel notifier starting
2025-09-16 11:07:03.147 [INF] CHIO dispatcher.go:92: Registered queue=1 with 3 blockbeat consumers
2025-09-16 11:07:03.148 [DBG] CHIO dispatcher.go:96: Consumer [ChainArbitrator] registered in queue 1
2025-09-16 11:07:03.148 [DBG] CHIO dispatcher.go:96: Consumer [UtxoSweeper] registered in queue 1
2025-09-16 11:07:03.148 [DBG] CHIO dispatcher.go:96: Consumer [TxPublisher] registered in queue 1
2025-09-16 11:07:03.148 [INF] ATPL pilot.go:143: Instantiating autopilot with active=false, max_channels=5, allocation=0.600000, min_chan_size=20000, max_chan_size=16777215, private=false, min_confs=1, conf_target=3
2025-09-16 11:07:03.148 [DBG] LTND subrpcserver_config.go:145: Populating dependencies for sub RPC server: SignRPC
2025-09-16 11:07:03.148 [DBG] LTND subrpcserver_config.go:145: Populating dependencies for sub RPC server: WalletKitRPC
2025-09-16 11:07:03.148 [DBG] LTND subrpcserver_config.go:145: Populating dependencies for sub RPC server: AutopilotRPC
2025-09-16 11:07:03.148 [DBG] LTND subrpcserver_config.go:145: Populating dependencies for sub RPC server: ChainRPC
2025-09-16 11:07:03.148 [DBG] LTND subrpcserver_config.go:145: Populating dependencies for sub RPC server: InvoicesRPC
2025-09-16 11:07:03.148 [DBG] LTND subrpcserver_config.go:145: Populating dependencies for sub RPC server: PeersRPC
2025-09-16 11:07:03.148 [DBG] LTND subrpcserver_config.go:145: Populating dependencies for sub RPC server: NeutrinoKitRPC
2025-09-16 11:07:03.148 [DBG] LTND subrpcserver_config.go:145: Populating dependencies for sub RPC server: RouterRPC
2025-09-16 11:07:03.148 [DBG] LTND subrpcserver_config.go:145: Populating dependencies for sub RPC server: WatchtowerRPC
2025-09-16 11:07:03.148 [DBG] LTND subrpcserver_config.go:145: Populating dependencies for sub RPC server: WatchtowerClientRPC
2025-09-16 11:07:03.148 [DBG] LTND subrpcserver_config.go:145: Populating dependencies for sub RPC server: DevRPC
2025-09-16 11:07:03.148 [DBG] RPCS rpcserver.go:963: Starting sub RPC server: DevRPC
2025-09-16 11:07:03.148 [DBG] RPCS rpcserver.go:963: Starting sub RPC server: InvoicesRPC
2025-09-16 11:07:03.148 [DBG] RPCS rpcserver.go:963: Starting sub RPC server: RouterRPC
2025-09-16 11:07:03.148 [DBG] RPCS rpcserver.go:963: Starting sub RPC server: SignRPC
2025-09-16 11:07:03.148 [DBG] RPCS rpcserver.go:963: Starting sub RPC server: ChainRPC
2025-09-16 11:07:03.148 [DBG] RPCS rpcserver.go:963: Starting sub RPC server: PeersRPC
2025-09-16 11:07:03.148 [DBG] RPCS rpcserver.go:963: Starting sub RPC server: VersionRPC
2025-09-16 11:07:03.148 [DBG] RPCS rpcserver.go:963: Starting sub RPC server: WalletKitRPC
2025-09-16 11:07:03.148 [DBG] RPCS rpcserver.go:963: Starting sub RPC server: WatchtowerClientRPC
2025-09-16 11:07:03.149 [INF] LTND signal.go:45: We're not running within systemd or the service type is not 'notify'
2025/09/16 11:07:03 ELECTRUM: GetBestBlock called
2025/09/16 11:07:03 ELECTRUM: Subscribing to headers to get current height
ELECTRUM: Starting fetchAddressHistory for address: tb1qnf9a6cdf8c93ca97767cvted4y9a8lrjr9rctd
2025-09-16 11:07:03.329 [INF] BTWL btcwallet.go:563: BTCWALLET: chain.NotifyReceived completed successfully for address: tb1qnf9a6cdf8c93ca97767cvted4y9a8lrjr9rctd
ELECTRUM: Fetching transaction history for address: tb1qnf9a6cdf8c93ca97767cvted4y9a8lrjr9rctd
ELECTRUM: Calling GetHistory for address: tb1qnf9a6cdf8c93ca97767cvted4y9a8lrjr9rctd, scriptHash: 6fc32843e990f987cd411ceb807c95b202cec6c3971e9cb4e6caa2b607feb8f5
2025-09-16 11:07:03.329 [INF] BTWL btcwallet.go:565: BTCWALLET: Successfully set up notification for address: tb1qnf9a6cdf8c93ca97767cvted4y9a8lrjr9rctd
2025-09-16 11:07:03.330 [INF] BTWL btcwallet.go:548: BTCWALLET: Setting up notification for address: tb1qudd8v6rz3m294gdmmmys29xugkl2f6qzgk3str
2025-09-16 11:07:03.330 [INF] BTWL btcwallet.go:557: BTCWALLET: Calling chain.NotifyReceived for address: tb1qudd8v6rz3m294gdmmmys29xugkl2f6qzgk3str
ELECTRUM: NotifyReceived called with 1 addresses
2025/09/16 11:07:03 ELECTRUM: Got current height 4665346 from headers subscription
2025/09/16 11:07:03 ELECTRUM: Returning hash 0000000000011eb6542546a05e0fa1417a0782851bb9f25781cbf085bcd40ff8 for height 4665346 (from headers subscription)
2025-09-16 11:07:03.400 [INF] LTND lnd.go:696: Waiting for chain backend to finish sync rev=4d1c86 start_height=4665346
2025/09/16 11:07:03 ELECTRUM: GetBestBlock called
2025/09/16 11:07:03 ELECTRUM: Subscribing to headers to get current height
ELECTRUM: Starting fetchAddressHistory for address: tb1qudd8v6rz3m294gdmmmys29xugkl2f6qzgk3str
2025-09-16 11:07:03.571 [INF] BTWL btcwallet.go:563: BTCWALLET: chain.NotifyReceived completed successfully for address: tb1qudd8v6rz3m294gdmmmys29xugkl2f6qzgk3str
ELECTRUM: Fetching transaction history for address: tb1qudd8v6rz3m294gdmmmys29xugkl2f6qzgk3str
2025-09-16 11:07:03.571 [INF] BTWL btcwallet.go:565: BTCWALLET: Successfully set up notification for address: tb1qudd8v6rz3m294gdmmmys29xugkl2f6qzgk3str
ELECTRUM: Calling GetHistory for address: tb1qudd8v6rz3m294gdmmmys29xugkl2f6qzgk3str, scriptHash: 28292b8697bd25f1db778ae58cac1627a8e4b8e7a4a5a427ff50d42bafd07e52
2025-09-16 11:07:03.571 [INF] BTWL btcwallet.go:548: BTCWALLET: Setting up notification for address: tb1qzja2zr3jt2tn5j4emss49745hwdxagaqvru8d4
2025-09-16 11:07:03.571 [INF] BTWL btcwallet.go:557: BTCWALLET: Calling chain.NotifyReceived for address: tb1qzja2zr3jt2tn5j4emss49745hwdxagaqvru8d4
ELECTRUM: NotifyReceived called with 1 addresses
2025/09/16 11:07:03 ELECTRUM: Got current height 4665346 from headers subscription
2025/09/16 11:07:03 ELECTRUM: Returning hash 0000000000011eb6542546a05e0fa1417a0782851bb9f25781cbf085bcd40ff8 for height 4665346 (from headers subscription)
2025/09/16 11:07:03 ELECTRUM: GetBlockHeader called for hash: 0000000000011eb6542546a05e0fa1417a0782851bb9f25781cbf085bcd40ff8
2025/09/16 11:07:03 ELECTRUM: GetBestBlock called
2025/09/16 11:07:03 ELECTRUM: Subscribing to headers to get current height
ELECTRUM: Starting fetchAddressHistory for address: tb1qzja2zr3jt2tn5j4emss49745hwdxagaqvru8d4
2025-09-16 11:07:03.809 [INF] BTWL btcwallet.go:563: BTCWALLET: chain.NotifyReceived completed successfully for address: tb1qzja2zr3jt2tn5j4emss49745hwdxagaqvru8d4
ELECTRUM: Fetching transaction history for address: tb1qzja2zr3jt2tn5j4emss49745hwdxagaqvru8d4
ELECTRUM: Calling GetHistory for address: tb1qzja2zr3jt2tn5j4emss49745hwdxagaqvru8d4, scriptHash: 6bf1890b216a5372d5a81a5ca9791137d77c1853dd628b5d3aa34d8ec00604a5
2025-09-16 11:07:03.809 [INF] BTWL btcwallet.go:565: BTCWALLET: Successfully set up notification for address: tb1qzja2zr3jt2tn5j4emss49745hwdxagaqvru8d4
2025-09-16 11:07:03.810 [INF] BTWL btcwallet.go:548: BTCWALLET: Setting up notification for address: tb1q25xq62ad6s9pymemadk7sf08alk3k6q7l4m5pj
2025-09-16 11:07:03.810 [INF] BTWL btcwallet.go:557: BTCWALLET: Calling chain.NotifyReceived for address: tb1q25xq62ad6s9pymemadk7sf08alk3k6q7l4m5pj
ELECTRUM: NotifyReceived called with 1 addresses
2025/09/16 11:07:03 ELECTRUM: Got current height 4665346 from headers subscription
2025/09/16 11:07:03 ELECTRUM: Returning hash 0000000000011eb6542546a05e0fa1417a0782851bb9f25781cbf085bcd40ff8 for height 4665346 (from headers subscription)
ELECTRUM: Starting fetchAddressHistory for address: tb1q25xq62ad6s9pymemadk7sf08alk3k6q7l4m5pj
ELECTRUM: Fetching transaction history for address: tb1q25xq62ad6s9pymemadk7sf08alk3k6q7l4m5pj
ELECTRUM: Calling GetHistory for address: tb1q25xq62ad6s9pymemadk7sf08alk3k6q7l4m5pj, scriptHash: c4c6d9d832fdbfd4a966340001ce4a928adc558ad3cff548e1a78f0962aa141a
2025-09-16 11:07:04.047 [INF] BTWL btcwallet.go:563: BTCWALLET: chain.NotifyReceived completed successfully for address: tb1q25xq62ad6s9pymemadk7sf08alk3k6q7l4m5pj
2025-09-16 11:07:04.047 [INF] BTWL btcwallet.go:565: BTCWALLET: Successfully set up notification for address: tb1q25xq62ad6s9pymemadk7sf08alk3k6q7l4m5pj
2025-09-16 11:07:04.048 [INF] BTWL btcwallet.go:548: BTCWALLET: Setting up notification for address: tb1qu4ug4mres4yx49ts998805u2ale66jeah6dvxq
2025-09-16 11:07:04.048 [INF] BTWL btcwallet.go:557: BTCWALLET: Calling chain.NotifyReceived for address: tb1qu4ug4mres4yx49ts998805u2ale66jeah6dvxq
ELECTRUM: NotifyReceived called with 1 addresses
ELECTRUM: Processing transaction 0 for address tb1qzja2zr3jt2tn5j4emss49745hwdxagaqvru8d4
ELECTRUM: Calling buildTransactionDetail for entry 0
ELECTRUM: buildTransactionDetail called with entry type: *electrum.GetMempoolResult
ELECTRUM: buildTransactionDetail: Transaction 25cd595c95040e2b75b6a0e6b20ee96db31aeb75c6b8e7c44c720f9bd1527963 has height: 4660785
ELECTRUM: buildTransactionDetail: About to call GetTransaction for 25cd595c95040e2b75b6a0e6b20ee96db31aeb75c6b8e7c44c720f9bd1527963
ELECTRUM: buildTransactionDetail: Getting transaction details for 25cd595c95040e2b75b6a0e6b20ee96db31aeb75c6b8e7c44c720f9bd1527963
2025-09-16 11:07:04.120 [DBG] LTND lnd.go:727: Syncing to block chain rev=4d1c86 best_block_time="2025-09-16 11:07:02 -0400 EDT" is_synced=false
2025/09/16 11:07:04 ELECTRUM: GetBestBlock called
2025/09/16 11:07:04 ELECTRUM: Subscribing to headers to get current height
ELECTRUM: Starting fetchAddressHistory for address: tb1qu4ug4mres4yx49ts998805u2ale66jeah6dvxq
2025-09-16 11:07:04.287 [INF] BTWL btcwallet.go:563: BTCWALLET: chain.NotifyReceived completed successfully for address: tb1qu4ug4mres4yx49ts998805u2ale66jeah6dvxq
2025-09-16 11:07:04.287 [INF] BTWL btcwallet.go:565: BTCWALLET: Successfully set up notification for address: tb1qu4ug4mres4yx49ts998805u2ale66jeah6dvxq
2025-09-16 11:07:04.288 [INF] BTWL btcwallet.go:548: BTCWALLET: Setting up notification for address: tb1qs6nvlnyhs604adlsulc3p0c4fa0g80uutdukx9
2025-09-16 11:07:04.288 [INF] BTWL btcwallet.go:557: BTCWALLET: Calling chain.NotifyReceived for address: tb1qs6nvlnyhs604adlsulc3p0c4fa0g80uutdukx9
ELECTRUM: NotifyReceived called with 1 addresses
ELECTRUM: Fetching transaction history for address: tb1qu4ug4mres4yx49ts998805u2ale66jeah6dvxq
ELECTRUM: Calling GetHistory for address: tb1qu4ug4mres4yx49ts998805u2ale66jeah6dvxq, scriptHash: ca676392dcbc659e23aa827453de1938add752fb16394cdd5252328fe3faa89e
ELECTRUM: buildTransactionDetail: Successfully got transaction 25cd595c95040e2b75b6a0e6b20ee96db31aeb75c6b8e7c44c720f9bd1527963
ELECTRUM: buildTransactionDetail: GetTransaction succeeded for 25cd595c95040e2b75b6a0e6b20ee96db31aeb75c6b8e7c44c720f9bd1527963, processing result
ELECTRUM: buildTransactionDetail: Processing transaction result for 25cd595c95040e2b75b6a0e6b20ee96db31aeb75c6b8e7c44c720f9bd1527963
ELECTRUM: buildTransactionDetail: Transaction result is not nil for 25cd595c95040e2b75b6a0e6b20ee96db31aeb75c6b8e7c44c720f9bd1527963
ELECTRUM: buildTransactionDetail: Attempting to get actual value for transaction 25cd595c95040e2b75b6a0e6b20ee96db31aeb75c6b8e7c44c720f9bd1527963
2025/09/16 11:07:04 ELECTRUM: Got current height 4665346 from headers subscription
2025/09/16 11:07:04 ELECTRUM: Returning hash 0000000000011eb6542546a05e0fa1417a0782851bb9f25781cbf085bcd40ff8 for height 4665346 (from headers subscription)
2025/09/16 11:07:04 ELECTRUM: Sending initial block notification for height 4665346
2025/09/16 11:07:04 ELECTRUM: Sending block connected notification for height 4665346
2025/09/16 11:07:04 ELECTRUM: Block notification sent successfully for height 4665346
ELECTRUM: Starting fetchAddressHistory for address: tb1qs6nvlnyhs604adlsulc3p0c4fa0g80uutdukx9
ELECTRUM: Fetching transaction history for address: tb1qs6nvlnyhs604adlsulc3p0c4fa0g80uutdukx9
ELECTRUM: Calling GetHistory for address: tb1qs6nvlnyhs604adlsulc3p0c4fa0g80uutdukx9, scriptHash: 86be3f5bd32e85596af35440487dae22a79e6fb2679998d38f51fc323189b022
2025-09-16 11:07:04.539 [INF] BTWL btcwallet.go:563: BTCWALLET: chain.NotifyReceived completed successfully for address: tb1qs6nvlnyhs604adlsulc3p0c4fa0g80uutdukx9
2025-09-16 11:07:04.539 [INF] BTWL btcwallet.go:565: BTCWALLET: Successfully set up notification for address: tb1qs6nvlnyhs604adlsulc3p0c4fa0g80uutdukx9
2025-09-16 11:07:04.539 [INF] BTWL btcwallet.go:548: BTCWALLET: Setting up notification for address: tb1q8chvehh7ptzcfylzsgysk08cm3ppt8fvleeggz
2025-09-16 11:07:04.539 [INF] BTWL btcwallet.go:557: BTCWALLET: Calling chain.NotifyReceived for address: tb1q8chvehh7ptzcfylzsgysk08cm3ppt8fvleeggz
ELECTRUM: NotifyReceived called with 1 addresses
ELECTRUM: getTransactionValue: Transaction result type: *electrum.GetTransactionResult, fields: 12
ELECTRUM: getTransactionValue: Field 0: Blockhash = 00000000000000673a2cc7418fcfc9ace5b5884689f671dbb7eeab05b8090e88 (type: string)
ELECTRUM: getTransactionValue: Field 1: Blocktime = 1757981635 (type: uint64)
ELECTRUM: getTransactionValue: Field 2: Confirmations = 4562 (type: int32)
ELECTRUM: getTransactionValue: Field 3: Hash = d8a7630f7dd4ed9c3bc6884807f1c0692b556e3ccb83a37f24f9797fa4c8361f (type: string)
ELECTRUM: getTransactionValue: Field 4: Hex = 010000000001014b917f7478f1ba4c5bb0758c619d0a48850c3ac7fb7d97717d5b7ef22284c2530000000000ffffffff02de2100000000000016001414baa10e325a973a4ab9dc2152fab4bb9a6ea3a0f375a3000000000022512005090923a2d5a8f95f8f50c0e191462e7692094a9307747b0c5580ea43073ea30140202840e6f21166743530d5fbd6eb0a8e2d19ed7be743cc3cc62b24a813ca14627cbb02faf49a90e1c525213516d03bfe986377a51e858356c48dad5efbcdf95a00000000 (type: string)
ELECTRUM: getTransactionValue: Field 5: Locktime = 0 (type: uint32)
ELECTRUM: getTransactionValue: Field 6: Size = 193 (type: uint32)
ELECTRUM: getTransactionValue: Field 7: Time = 1757981635 (type: uint64)
ELECTRUM: getTransactionValue: Field 8: Version = 1 (type: uint32)
ELECTRUM: getTransactionValue: Field 9: Vin = [{ 0x1400025c4c0 4294967295 53c28422f27e5b7d71977dfbc73a0c85480a9d618c75b05b4cbaf178747f914b 0}] (type: []electrum.Vin)
ELECTRUM: getTransactionValue: Field 10: Vout = [{0 {[] 0 14baa10e325a973a4ab9dc2152fab4bb9a6ea3a0 001414baa10e325a973a4ab9dc2152fab4bb9a6ea3a0 0 witness_v0_keyhash} 8.67e-05} {1 {[] 1 05090923a2d5a8f95f8f50c0e191462e7692094a9307747b0c5580ea43073ea3 512005090923a2d5a8f95f8f50c0e191462e7692094a9307747b0c5580ea43073ea3 0 witness_v1_taproot} 0.10712563}] (type: []electrum.Vout)
ELECTRUM: getTransactionValue: Field 11: Merkle = {[] 0 0} (type: electrum.GetMerkleProofResult)
ELECTRUM: getTransactionValue: Processing 2 Vout entries for transaction 25cd595c95040e2b75b6a0e6b20ee96db31aeb75c6b8e7c44c720f9bd1527963
ELECTRUM: getTransactionValue: Processing Vout entry 0 for transaction 25cd595c95040e2b75b6a0e6b20ee96db31aeb75c6b8e7c44c720f9bd1527963
ELECTRUM: getTransactionValue: Vout[0] Field 0: N = 0 (type: uint32)
ELECTRUM: getTransactionValue: Vout[0] Field 1: ScriptPubkey = {[] 0 14baa10e325a973a4ab9dc2152fab4bb9a6ea3a0 001414baa10e325a973a4ab9dc2152fab4bb9a6ea3a0 0 witness_v0_keyhash} (type: electrum.ScriptPubkey)
ELECTRUM: getTransactionValue: Vout[0] Field 2: Value = 8.67e-05 (type: float64)
ELECTRUM: getTransactionValue: Vout[0] has value 0.000087 BTC (8670 satoshis)
ELECTRUM: getTransactionValue: Vout[0] ScriptPubkey type: electrum.ScriptPubkey
ELECTRUM: getTransactionValue: Vout[0] ScriptPubkey has 5 fields
ELECTRUM: getTransactionValue: Vout[0] ScriptPubkey Field 0: Addresses = [] (type: []string)
ELECTRUM: getTransactionValue: Vout[0] ScriptPubkey Field 1: Asm = 0 14baa10e325a973a4ab9dc2152fab4bb9a6ea3a0 (type: string)
ELECTRUM: getTransactionValue: Vout[0] ScriptPubkey Field 2: Hex = 001414baa10e325a973a4ab9dc2152fab4bb9a6ea3a0 (type: string)
ELECTRUM: getTransactionValue: Vout[0] ScriptPubkey Field 3: ReqSigs = 0 (type: uint32)
ELECTRUM: getTransactionValue: Vout[0] ScriptPubkey Field 4: Type = witness_v0_keyhash (type: string)
ELECTRUM: getTransactionValue: Vout[0] extracted script hex from Hex field: 001414baa10e325a973a4ab9dc2152fab4bb9a6ea3a0
ELECTRUM: getTransactionValue: Vout[0] calculated script hash: 6bf1890b216a5372d5a81a5ca9791137d77c1853dd628b5d3aa34d8ec00604a5, target: 6bf1890b216a5372d5a81a5ca9791137d77c1853dd628b5d3aa34d8ec00604a5
ELECTRUM: getTransactionValue: Vout[0] matches our script hash, adding 8670 satoshis
ELECTRUM: getTransactionValue: Processing Vout entry 1 for transaction 25cd595c95040e2b75b6a0e6b20ee96db31aeb75c6b8e7c44c720f9bd1527963
ELECTRUM: getTransactionValue: Vout[1] Field 0: N = 1 (type: uint32)
ELECTRUM: getTransactionValue: Vout[1] Field 1: ScriptPubkey = {[] 1 05090923a2d5a8f95f8f50c0e191462e7692094a9307747b0c5580ea43073ea3 512005090923a2d5a8f95f8f50c0e191462e7692094a9307747b0c5580ea43073ea3 0 witness_v1_taproot} (type: electrum.ScriptPubkey)
ELECTRUM: getTransactionValue: Vout[1] Field 2: Value = 0.10712563 (type: float64)
ELECTRUM: getTransactionValue: Vout[1] has value 0.107126 BTC (10712563 satoshis)
ELECTRUM: getTransactionValue: Vout[1] ScriptPubkey type: electrum.ScriptPubkey
ELECTRUM: getTransactionValue: Vout[1] ScriptPubkey has 5 fields
ELECTRUM: getTransactionValue: Vout[1] ScriptPubkey Field 0: Addresses = [] (type: []string)
ELECTRUM: getTransactionValue: Vout[1] ScriptPubkey Field 1: Asm = 1 05090923a2d5a8f95f8f50c0e191462e7692094a9307747b0c5580ea43073ea3 (type: string)
ELECTRUM: getTransactionValue: Vout[1] ScriptPubkey Field 2: Hex = 512005090923a2d5a8f95f8f50c0e191462e7692094a9307747b0c5580ea43073ea3 (type: string)
ELECTRUM: getTransactionValue: Vout[1] ScriptPubkey Field 3: ReqSigs = 0 (type: uint32)
ELECTRUM: getTransactionValue: Vout[1] ScriptPubkey Field 4: Type = witness_v1_taproot (type: string)
ELECTRUM: getTransactionValue: Vout[1] extracted script hex from Hex field: 512005090923a2d5a8f95f8f50c0e191462e7692094a9307747b0c5580ea43073ea3
ELECTRUM: getTransactionValue: Vout[1] calculated script hash: 222baf51ae983e703d9ecb39f410510ac4514da35620ee9986494c88e20a46a1, target: 6bf1890b216a5372d5a81a5ca9791137d77c1853dd628b5d3aa34d8ec00604a5
ELECTRUM: getTransactionValue: Vout[1] does not match our script hash, skipping
ELECTRUM: buildTransactionDetail: Transaction 25cd595c95040e2b75b6a0e6b20ee96db31aeb75c6b8e7c44c720f9bd1527963 has actual value 8670 satoshis
2025/09/16 11:07:04 ELECTRUM: GetBlockHash called for height: 4660785
ELECTRUM: Starting fetchAddressHistory for address: tb1q8chvehh7ptzcfylzsgysk08cm3ppt8fvleeggz
2025-09-16 11:07:04.782 [INF] BTWL btcwallet.go:480: BTCWALLET: Received transaction callback - txHash: 25cd595c95040e2b75b6a0e6b20ee96db31aeb75c6b8e7c44c720f9bd1527963, address: tb1qzja2zr3jt2tn5j4emss49745hwdxagaqvru8d4, value: 8670, confirmations: 4562
ELECTRUM: Fetching transaction history for address: tb1q8chvehh7ptzcfylzsgysk08cm3ppt8fvleeggz
ELECTRUM: Calling GetHistory for address: tb1q8chvehh7ptzcfylzsgysk08cm3ppt8fvleeggz, scriptHash: 8b874fe06c0a029126d30048dd68ce279f86ab73018e41fbce4e5db15bbd4d68
2025-09-16 11:07:04.782 [INF] BTWL btcwallet.go:563: BTCWALLET: chain.NotifyReceived completed successfully for address: tb1q8chvehh7ptzcfylzsgysk08cm3ppt8fvleeggz
2025-09-16 11:07:04.782 [INF] BTWL btcwallet.go:504: BTCWALLET: Integrating discovered transaction 25cd595c95040e2b75b6a0e6b20ee96db31aeb75c6b8e7c44c720f9bd1527963 for address tb1qzja2zr3jt2tn5j4emss49745hwdxagaqvru8d4 (value: 8670, confirmations: 4562)
2025-09-16 11:07:04.782 [INF] BTWL btcwallet.go:565: BTCWALLET: Successfully set up notification for address: tb1q8chvehh7ptzcfylzsgysk08cm3ppt8fvleeggz
2025-09-16 11:07:04.782 [INF] BTWL btcwallet.go:540: BTCWALLET: Successfully integrated transaction 25cd595c95040e2b75b6a0e6b20ee96db31aeb75c6b8e7c44c720f9bd1527963 (value: 8670 satoshis, confirmations: 4562)
2025-09-16 11:07:04.782 [INF] BTWL btcwallet.go:488: BTCWALLET: Successfully integrated discovered transaction 25cd595c95040e2b75b6a0e6b20ee96db31aeb75c6b8e7c44c720f9bd1527963
2025-09-16 11:07:04.782 [INF] BTWL btcwallet.go:548: BTCWALLET: Setting up notification for address: tb1q2xgdnhrez9r46a65g4jacpynkjmnfe6f6a7rv9
2025-09-16 11:07:04.782 [INF] BTWL btcwallet.go:557: BTCWALLET: Calling chain.NotifyReceived for address: tb1q2xgdnhrez9r46a65g4jacpynkjmnfe6f6a7rv9
ELECTRUM: NotifyReceived called with 1 addresses
ELECTRUM: Starting fetchAddressHistory for address: tb1q2xgdnhrez9r46a65g4jacpynkjmnfe6f6a7rv9
ELECTRUM: Fetching transaction history for address: tb1q2xgdnhrez9r46a65g4jacpynkjmnfe6f6a7rv9
ELECTRUM: Calling GetHistory for address: tb1q2xgdnhrez9r46a65g4jacpynkjmnfe6f6a7rv9, scriptHash: 8ffe8589aabc0270d07eb3d7eb59003aea385db49b2f2cda6a405ba17ae25436
2025-09-16 11:07:05.070 [INF] BTWL btcwallet.go:563: BTCWALLET: chain.NotifyReceived completed successfully for address: tb1q2xgdnhrez9r46a65g4jacpynkjmnfe6f6a7rv9
2025-09-16 11:07:05.070 [INF] BTWL btcwallet.go:565: BTCWALLET: Successfully set up notification for address: tb1q2xgdnhrez9r46a65g4jacpynkjmnfe6f6a7rv9
2025-09-16 11:07:05.070 [INF] BTWL btcwallet.go:548: BTCWALLET: Setting up notification for address: tb1qjka5z9xsg53v4925jn28umwwz3u5tyh302wg30
2025-09-16 11:07:05.070 [INF] BTWL btcwallet.go:557: BTCWALLET: Calling chain.NotifyReceived for address: tb1qjka5z9xsg53v4925jn28umwwz3u5tyh302wg30
ELECTRUM: NotifyReceived called with 1 addresses
2025/09/16 11:07:05 ELECTRUM: GetBestBlock called
2025/09/16 11:07:05 ELECTRUM: Subscribing to headers to get current height
ELECTRUM: Starting fetchAddressHistory for address: tb1qjka5z9xsg53v4925jn28umwwz3u5tyh302wg30
2025/09/16 11:07:05 ELECTRUM: Got current height 4665346 from headers subscription
2025-09-16 11:07:05.374 [INF] BTWL btcwallet.go:563: BTCWALLET: chain.NotifyReceived completed successfully for address: tb1qjka5z9xsg53v4925jn28umwwz3u5tyh302wg30
2025/09/16 11:07:05 ELECTRUM: Returning hash 0000000000011eb6542546a05e0fa1417a0782851bb9f25781cbf085bcd40ff8 for height 4665346 (from headers subscription)
2025/09/16 11:07:05 ELECTRUM: GetBlockHeader called for hash: 0000000000011eb6542546a05e0fa1417a0782851bb9f25781cbf085bcd40ff8
ELECTRUM: Fetching transaction history for address: tb1qjka5z9xsg53v4925jn28umwwz3u5tyh302wg30
2025/09/16 11:07:05 ELECTRUM: GetBestBlock called
2025/09/16 11:07:05 ELECTRUM: Subscribing to headers to get current height
ELECTRUM: Calling GetHistory for address: tb1qjka5z9xsg53v4925jn28umwwz3u5tyh302wg30, scriptHash: 30311d2d2edd9aabdf8d1684192145260c6f30c8c843ae927758b737aac07235
2025-09-16 11:07:05.374 [INF] BTWL btcwallet.go:565: BTCWALLET: Successfully set up notification for address: tb1qjka5z9xsg53v4925jn28umwwz3u5tyh302wg30
2025-09-16 11:07:05.374 [INF] BTWL btcwallet.go:548: BTCWALLET: Setting up notification for address: tb1qy84s4sf7y0eetkst3eaah849ky60jdjra09ptk
2025-09-16 11:07:05.374 [INF] BTWL btcwallet.go:557: BTCWALLET: Calling chain.NotifyReceived for address: tb1qy84s4sf7y0eetkst3eaah849ky60jdjra09ptk
ELECTRUM: NotifyReceived called with 1 addresses
2025/09/16 11:07:05 ELECTRUM: GetBestBlock called
2025/09/16 11:07:05 ELECTRUM: Subscribing to headers to get current height
2025/09/16 11:07:05 ELECTRUM: Got current height 4665346 from headers subscription
2025/09/16 11:07:05 ELECTRUM: Returning hash 0000000000011eb6542546a05e0fa1417a0782851bb9f25781cbf085bcd40ff8 for height 4665346 (from headers subscription)
ELECTRUM: Starting fetchAddressHistory for address: tb1qy84s4sf7y0eetkst3eaah849ky60jdjra09ptk
2025-09-16 11:07:05.615 [INF] BTWL btcwallet.go:563: BTCWALLET: chain.NotifyReceived completed successfully for address: tb1qy84s4sf7y0eetkst3eaah849ky60jdjra09ptk
ELECTRUM: Fetching transaction history for address: tb1qy84s4sf7y0eetkst3eaah849ky60jdjra09ptk
ELECTRUM: Calling GetHistory for address: tb1qy84s4sf7y0eetkst3eaah849ky60jdjra09ptk, scriptHash: e49ffa552cb23af49332713f9fedd2efce14dc2902c11597fda6ea1fb83468cc
2025-09-16 11:07:05.615 [INF] BTWL btcwallet.go:565: BTCWALLET: Successfully set up notification for address: tb1qy84s4sf7y0eetkst3eaah849ky60jdjra09ptk
2025-09-16 11:07:05.615 [INF] BTWL btcwallet.go:548: BTCWALLET: Setting up notification for address: tb1q84gk7xt5mkcd5d0kn2pj26gep8zdp8esy5jst5
2025-09-16 11:07:05.615 [INF] BTWL btcwallet.go:557: BTCWALLET: Calling chain.NotifyReceived for address: tb1q84gk7xt5mkcd5d0kn2pj26gep8zdp8esy5jst5
ELECTRUM: NotifyReceived called with 1 addresses
2025/09/16 11:07:05 ELECTRUM: Got current height 4665346 from headers subscription
2025/09/16 11:07:05 ELECTRUM: Returning hash 0000000000011eb6542546a05e0fa1417a0782851bb9f25781cbf085bcd40ff8 for height 4665346 (from headers subscription)
2025/09/16 11:07:05 ELECTRUM: Sending initial block notification for height 4665346
2025/09/16 11:07:05 ELECTRUM: Sending block connected notification for height 4665346
2025/09/16 11:07:05 ELECTRUM: Block notification sent successfully for height 4665346
2025/09/16 11:07:05 ELECTRUM: GetBestBlock called
2025/09/16 11:07:05 ELECTRUM: Subscribing to headers to get current height
ELECTRUM: Starting fetchAddressHistory for address: tb1q84gk7xt5mkcd5d0kn2pj26gep8zdp8esy5jst5
2025-09-16 11:07:05.853 [DBG] LTND lnd.go:727: Syncing to block chain rev=4d1c86 best_block_time="2025-09-16 11:07:02 -0400 EDT" is_synced=false
2025-09-16 11:07:05.853 [INF] BTWL btcwallet.go:563: BTCWALLET: chain.NotifyReceived completed successfully for address: tb1q84gk7xt5mkcd5d0kn2pj26gep8zdp8esy5jst5
ELECTRUM: Fetching transaction history for address: tb1q84gk7xt5mkcd5d0kn2pj26gep8zdp8esy5jst5
ELECTRUM: Calling GetHistory for address: tb1q84gk7xt5mkcd5d0kn2pj26gep8zdp8esy5jst5, scriptHash: 0ef136938f4e6ec14f5b140956aa93ab312107d6eed8cc07ab19f19ecfb78117
2025-09-16 11:07:05.853 [INF] BTWL btcwallet.go:565: BTCWALLET: Successfully set up notification for address: tb1q84gk7xt5mkcd5d0kn2pj26gep8zdp8esy5jst5
2025-09-16 11:07:05.853 [INF] BTWL btcwallet.go:548: BTCWALLET: Setting up notification for address: tb1qf07tpug9zz6vffhhm3amvqtujhldkcv2j2wycf
2025-09-16 11:07:05.853 [INF] BTWL btcwallet.go:557: BTCWALLET: Calling chain.NotifyReceived for address: tb1qf07tpug9zz6vffhhm3amvqtujhldkcv2j2wycf
ELECTRUM: NotifyReceived called with 1 addresses
2025/09/16 11:07:06 ELECTRUM: Got current height 4665346 from headers subscription
2025/09/16 11:07:06 ELECTRUM: Returning hash 0000000000011eb6542546a05e0fa1417a0782851bb9f25781cbf085bcd40ff8 for height 4665346 (from headers subscription)
2025/09/16 11:07:06 ELECTRUM: Sending initial block notification for height 4665346
2025/09/16 11:07:06 ELECTRUM: Sending block connected notification for height 4665346
2025/09/16 11:07:06 ELECTRUM: Block notification sent successfully for height 4665346
ELECTRUM: Starting fetchAddressHistory for address: tb1qf07tpug9zz6vffhhm3amvqtujhldkcv2j2wycf
2025-09-16 11:07:06.092 [INF] BTWL btcwallet.go:563: BTCWALLET: chain.NotifyReceived completed successfully for address: tb1qf07tpug9zz6vffhhm3amvqtujhldkcv2j2wycf
ELECTRUM: Fetching transaction history for address: tb1qf07tpug9zz6vffhhm3amvqtujhldkcv2j2wycf
ELECTRUM: Calling GetHistory for address: tb1qf07tpug9zz6vffhhm3amvqtujhldkcv2j2wycf, scriptHash: fb61782f1e6f1393af564ec097b0ea9834062d5649138e20295f647f97a5361c
2025-09-16 11:07:06.092 [INF] BTWL btcwallet.go:565: BTCWALLET: Successfully set up notification for address: tb1qf07tpug9zz6vffhhm3amvqtujhldkcv2j2wycf
2025-09-16 11:07:06.092 [INF] BTWL btcwallet.go:548: BTCWALLET: Setting up notification for address: tb1pv6wu2k2pls6eclghkyv4rehmv8pf93kj5x7pejzak3gzd3a9778shsgnq0
2025-09-16 11:07:06.092 [INF] BTWL btcwallet.go:557: BTCWALLET: Calling chain.NotifyReceived for address: tb1pv6wu2k2pls6eclghkyv4rehmv8pf93kj5x7pejzak3gzd3a9778shsgnq0
ELECTRUM: NotifyReceived called with 1 addresses
ELECTRUM: Starting fetchAddressHistory for address: tb1pv6wu2k2pls6eclghkyv4rehmv8pf93kj5x7pejzak3gzd3a9778shsgnq0
2025-09-16 11:07:06.334 [INF] BTWL btcwallet.go:563: BTCWALLET: chain.NotifyReceived completed successfully for address: tb1pv6wu2k2pls6eclghkyv4rehmv8pf93kj5x7pejzak3gzd3a9778shsgnq0
ELECTRUM: Fetching transaction history for address: tb1pv6wu2k2pls6eclghkyv4rehmv8pf93kj5x7pejzak3gzd3a9778shsgnq0
ELECTRUM: Calling GetHistory for address: tb1pv6wu2k2pls6eclghkyv4rehmv8pf93kj5x7pejzak3gzd3a9778shsgnq0, scriptHash: 8578ba4feebf5378a3775363d531f253b8fbf9b00df139d1346ef1cbb8d17245
2025-09-16 11:07:06.334 [INF] BTWL btcwallet.go:565: BTCWALLET: Successfully set up notification for address: tb1pv6wu2k2pls6eclghkyv4rehmv8pf93kj5x7pejzak3gzd3a9778shsgnq0
2025-09-16 11:07:06.334 [INF] BTWL btcwallet.go:548: BTCWALLET: Setting up notification for address: tb1pqxhwj0c5z7jkz6pcur2lryehylrl4yzh0fvgphnpf769578k2qwqq8pvqd
2025-09-16 11:07:06.334 [INF] BTWL btcwallet.go:557: BTCWALLET: Calling chain.NotifyReceived for address: tb1pqxhwj0c5z7jkz6pcur2lryehylrl4yzh0fvgphnpf769578k2qwqq8pvqd
ELECTRUM: NotifyReceived called with 1 addresses
ELECTRUM: Starting fetchAddressHistory for address: tb1pqxhwj0c5z7jkz6pcur2lryehylrl4yzh0fvgphnpf769578k2qwqq8pvqd
ELECTRUM: Processing transaction 0 for address tb1pv6wu2k2pls6eclghkyv4rehmv8pf93kj5x7pejzak3gzd3a9778shsgnq0
ELECTRUM: Calling buildTransactionDetail for entry 0
ELECTRUM: buildTransactionDetail called with entry type: *electrum.GetMempoolResult
ELECTRUM: buildTransactionDetail: Transaction 53c28422f27e5b7d71977dfbc73a0c85480a9d618c75b05b4cbaf178747f914b has height: 4660782
ELECTRUM: buildTransactionDetail: About to call GetTransaction for 53c28422f27e5b7d71977dfbc73a0c85480a9d618c75b05b4cbaf178747f914b
ELECTRUM: buildTransactionDetail: Getting transaction details for 53c28422f27e5b7d71977dfbc73a0c85480a9d618c75b05b4cbaf178747f914b
ELECTRUM: Fetching transaction history for address: tb1pqxhwj0c5z7jkz6pcur2lryehylrl4yzh0fvgphnpf769578k2qwqq8pvqd
ELECTRUM: Calling GetHistory for address: tb1pqxhwj0c5z7jkz6pcur2lryehylrl4yzh0fvgphnpf769578k2qwqq8pvqd, scriptHash: b4b1be16fa88724c29732edb1ff71e5ab276106ae5fc1021dbec298966da0b83
2025-09-16 11:07:06.572 [INF] BTWL btcwallet.go:563: BTCWALLET: chain.NotifyReceived completed successfully for address: tb1pqxhwj0c5z7jkz6pcur2lryehylrl4yzh0fvgphnpf769578k2qwqq8pvqd
2025-09-16 11:07:06.572 [INF] BTWL btcwallet.go:565: BTCWALLET: Successfully set up notification for address: tb1pqxhwj0c5z7jkz6pcur2lryehylrl4yzh0fvgphnpf769578k2qwqq8pvqd
2025-09-16 11:07:06.572 [INF] BTWL btcwallet.go:548: BTCWALLET: Setting up notification for address: tb1pyts089s2l3zpfhculluw6lxzwfsary8cj9m26edtrqxss7p7qydqat9hw2
2025-09-16 11:07:06.572 [INF] BTWL btcwallet.go:557: BTCWALLET: Calling chain.NotifyReceived for address: tb1pyts089s2l3zpfhculluw6lxzwfsary8cj9m26edtrqxss7p7qydqat9hw2
ELECTRUM: NotifyReceived called with 1 addresses
2025/09/16 11:07:06 ELECTRUM: GetBestBlock called
2025/09/16 11:07:06 ELECTRUM: Subscribing to headers to get current height
ELECTRUM: Starting fetchAddressHistory for address: tb1pyts089s2l3zpfhculluw6lxzwfsary8cj9m26edtrqxss7p7qydqat9hw2
ELECTRUM: buildTransactionDetail: Successfully got transaction 53c28422f27e5b7d71977dfbc73a0c85480a9d618c75b05b4cbaf178747f914b
ELECTRUM: buildTransactionDetail: GetTransaction succeeded for 53c28422f27e5b7d71977dfbc73a0c85480a9d618c75b05b4cbaf178747f914b, processing result
ELECTRUM: buildTransactionDetail: Processing transaction result for 53c28422f27e5b7d71977dfbc73a0c85480a9d618c75b05b4cbaf178747f914b
ELECTRUM: buildTransactionDetail: Transaction result is not nil for 53c28422f27e5b7d71977dfbc73a0c85480a9d618c75b05b4cbaf178747f914b
ELECTRUM: buildTransactionDetail: Attempting to get actual value for transaction 53c28422f27e5b7d71977dfbc73a0c85480a9d618c75b05b4cbaf178747f914b
ELECTRUM: Fetching transaction history for address: tb1pyts089s2l3zpfhculluw6lxzwfsary8cj9m26edtrqxss7p7qydqat9hw2
ELECTRUM: Calling GetHistory for address: tb1pyts089s2l3zpfhculluw6lxzwfsary8cj9m26edtrqxss7p7qydqat9hw2, scriptHash: f67a34ebd66063c1a926b52c9a5e00f290e890e3b2a8b3acf99e6ca0840e2c69
2025-09-16 11:07:06.869 [INF] BTWL btcwallet.go:563: BTCWALLET: chain.NotifyReceived completed successfully for address: tb1pyts089s2l3zpfhculluw6lxzwfsary8cj9m26edtrqxss7p7qydqat9hw2
2025-09-16 11:07:06.870 [INF] BTWL btcwallet.go:565: BTCWALLET: Successfully set up notification for address: tb1pyts089s2l3zpfhculluw6lxzwfsary8cj9m26edtrqxss7p7qydqat9hw2
2025-09-16 11:07:06.870 [INF] BTWL btcwallet.go:548: BTCWALLET: Setting up notification for address: tb1py0jfpc0ft4zsfhg7p3peze4q6wdl9l2gfwzf8ar64skxkhz9v9lsuhm2g4
2025-09-16 11:07:06.870 [INF] BTWL btcwallet.go:557: BTCWALLET: Calling chain.NotifyReceived for address: tb1py0jfpc0ft4zsfhg7p3peze4q6wdl9l2gfwzf8ar64skxkhz9v9lsuhm2g4
ELECTRUM: NotifyReceived called with 1 addresses
2025/09/16 11:07:07 ELECTRUM: Got current height 4665347 from headers subscription
2025/09/16 11:07:07 ELECTRUM: Returning hash 0000000000000bf350aa32a3577917e3156f61589cc20a4cd5cfdbd336443bc5 for height 4665347 (from headers subscription)
ELECTRUM: Starting fetchAddressHistory for address: tb1py0jfpc0ft4zsfhg7p3peze4q6wdl9l2gfwzf8ar64skxkhz9v9lsuhm2g4
2025/09/16 11:07:07 ELECTRUM: GetBlockHeader called for hash: 0000000000000bf350aa32a3577917e3156f61589cc20a4cd5cfdbd336443bc5
2025/09/16 11:07:07 ELECTRUM: GetBestBlock called
2025/09/16 11:07:07 ELECTRUM: Subscribing to headers to get current height
ELECTRUM: Processing transaction 0 for address tb1pyts089s2l3zpfhculluw6lxzwfsary8cj9m26edtrqxss7p7qydqat9hw2
ELECTRUM: Calling buildTransactionDetail for entry 0
ELECTRUM: getTransactionValue: Transaction result type: *electrum.GetTransactionResult, fields: 12
ELECTRUM: getTransactionValue: Field 0: Blockhash = 0000000000000042e460b9fad2e9532cf1cc3f4170a53d9d26ab6e78ff236847 (type: string)
ELECTRUM: getTransactionValue: Field 1: Blocktime = 1757981159 (type: uint64)
ELECTRUM: getTransactionValue: Field 2: Confirmations = 4566 (type: int32)
ELECTRUM: getTransactionValue: Field 3: Hash = 15c263df20efdbc1e9a831e492e4448bfae81a419aebddaf1cdaa9581e5886ec (type: string)
ELECTRUM: getTransactionValue: Field 4: Hex = 01000000000101e1a363336ff7bf5c9cfe66dd6f03620ebcf0a6c9a8500fcd9ad509606e08c27f0000000000ffffffff026198a300000000002251201edf63902042b3252443e16248200720e90b315f7e4512f05583cc0e49e6c07dd721000000000000225120669dc55941fc359c7d17b11951e6fb61c292c6d2a1bc1cc85db45026c7a5f78f0140a7bf98f7dbc055da2864c132b6e28616cee30297c3b4432b31f725f1f3eac4f52fa39ab8a351aa1c2a07848c8657f223f648ba92739e8ca06bd8acf140ecacbb00000000 (type: string)
ELECTRUM: getTransactionValue: Field 5: Locktime = 0 (type: uint32)
ELECTRUM: getTransactionValue: Field 6: Size = 205 (type: uint32)
ELECTRUM: getTransactionValue: Field 7: Time = 1757981159 (type: uint64)
ELECTRUM: getTransactionValue: Field 8: Version = 1 (type: uint32)
ELECTRUM: getTransactionValue: Field 9: Vin = [{ 0x1400057d600 4294967295 7fc2086e6009d59acd0f50a8c9a6f0bc0e62036fdd66fe9c5cbff76f3363a3e1 0}] (type: []electrum.Vin)
ELECTRUM: Fetching transaction history for address: tb1py0jfpc0ft4zsfhg7p3peze4q6wdl9l2gfwzf8ar64skxkhz9v9lsuhm2g4
ELECTRUM: Calling GetHistory for address: tb1py0jfpc0ft4zsfhg7p3peze4q6wdl9l2gfwzf8ar64skxkhz9v9lsuhm2g4, scriptHash: 1f1546aea3cb0bbe6272bb05f049b1d43ea9cd69a421402946f1e21b67d24a7f
ELECTRUM: getTransactionValue: Field 10: Vout = [{0 {[] 1 1edf63902042b3252443e16248200720e90b315f7e4512f05583cc0e49e6c07d 51201edf63902042b3252443e16248200720e90b315f7e4512f05583cc0e49e6c07d 0 witness_v1_taproot} 0.10721377} {1 {[] 1 669dc55941fc359c7d17b11951e6fb61c292c6d2a1bc1cc85db45026c7a5f78f 5120669dc55941fc359c7d17b11951e6fb61c292c6d2a1bc1cc85db45026c7a5f78f 0 witness_v1_taproot} 8.663e-05}] (type: []electrum.Vout)
ELECTRUM: getTransactionValue: Field 11: Merkle = {[] 0 0} (type: electrum.GetMerkleProofResult)
ELECTRUM: getTransactionValue: Processing 2 Vout entries for transaction 53c28422f27e5b7d71977dfbc73a0c85480a9d618c75b05b4cbaf178747f914b
ELECTRUM: getTransactionValue: Processing Vout entry 0 for transaction 53c28422f27e5b7d71977dfbc73a0c85480a9d618c75b05b4cbaf178747f914b
ELECTRUM: getTransactionValue: Vout[0] Field 0: N = 0 (type: uint32)
ELECTRUM: getTransactionValue: Vout[0] Field 1: ScriptPubkey = {[] 1 1edf63902042b3252443e16248200720e90b315f7e4512f05583cc0e49e6c07d 51201edf63902042b3252443e16248200720e90b315f7e4512f05583cc0e49e6c07d 0 witness_v1_taproot} (type: electrum.ScriptPubkey)
ELECTRUM: getTransactionValue: Vout[0] Field 2: Value = 0.10721377 (type: float64)
ELECTRUM: getTransactionValue: Vout[0] has value 0.107214 BTC (10721377 satoshis)
ELECTRUM: getTransactionValue: Vout[0] ScriptPubkey type: electrum.ScriptPubkey
ELECTRUM: getTransactionValue: Vout[0] ScriptPubkey has 5 fields
2025-09-16 11:07:07.117 [INF] BTWL btcwallet.go:563: BTCWALLET: chain.NotifyReceived completed successfully for address: tb1py0jfpc0ft4zsfhg7p3peze4q6wdl9l2gfwzf8ar64skxkhz9v9lsuhm2g4
2025-09-16 11:07:07.118 [INF] BTWL btcwallet.go:565: BTCWALLET: Successfully set up notification for address: tb1py0jfpc0ft4zsfhg7p3peze4q6wdl9l2gfwzf8ar64skxkhz9v9lsuhm2g4
ELECTRUM: getTransactionValue: Vout[0] ScriptPubkey Field 0: Addresses = [] (type: []string)
ELECTRUM: getTransactionValue: Vout[0] ScriptPubkey Field 1: Asm = 1 1edf63902042b3252443e16248200720e90b315f7e4512f05583cc0e49e6c07d (type: string)
2025-09-16 11:07:07.118 [INF] BTWL btcwallet.go:548: BTCWALLET: Setting up notification for address: tb1putvlls3ekqm74khy2ls7hdadxn4ldxsuh9v2thg7hyht9ysjlvsqqwjnw6
ELECTRUM: getTransactionValue: Vout[0] ScriptPubkey Field 2: Hex = 51201edf63902042b3252443e16248200720e90b315f7e4512f05583cc0e49e6c07d (type: string)
ELECTRUM: getTransactionValue: Vout[0] ScriptPubkey Field 3: ReqSigs = 0 (type: uint32)
2025-09-16 11:07:07.118 [INF] BTWL btcwallet.go:557: BTCWALLET: Calling chain.NotifyReceived for address: tb1putvlls3ekqm74khy2ls7hdadxn4ldxsuh9v2thg7hyht9ysjlvsqqwjnw6
ELECTRUM: NotifyReceived called with 1 addresses
ELECTRUM: buildTransactionDetail called with entry type: *electrum.GetMempoolResult
ELECTRUM: buildTransactionDetail: Transaction 51abc2a15b01e008362af0075a3616d445af203deaea3abcad4d94f607dbafab has height: 4661302
ELECTRUM: buildTransactionDetail: About to call GetTransaction for 51abc2a15b01e008362af0075a3616d445af203deaea3abcad4d94f607dbafab
ELECTRUM: buildTransactionDetail: Getting transaction details for 51abc2a15b01e008362af0075a3616d445af203deaea3abcad4d94f607dbafab
ELECTRUM: getTransactionValue: Vout[0] ScriptPubkey Field 4: Type = witness_v1_taproot (type: string)
ELECTRUM: getTransactionValue: Vout[0] extracted script hex from Hex field: 51201edf63902042b3252443e16248200720e90b315f7e4512f05583cc0e49e6c07d
ELECTRUM: getTransactionValue: Vout[0] calculated script hash: ecafa67b1773168b4fb6c72f570956f426e9587530e4e08c911f95c5e7bf21ea, target: 8578ba4feebf5378a3775363d531f253b8fbf9b00df139d1346ef1cbb8d17245
ELECTRUM: getTransactionValue: Vout[0] does not match our script hash, skipping
ELECTRUM: getTransactionValue: Processing Vout entry 1 for transaction 53c28422f27e5b7d71977dfbc73a0c85480a9d618c75b05b4cbaf178747f914b
ELECTRUM: getTransactionValue: Vout[1] Field 0: N = 1 (type: uint32)
ELECTRUM: getTransactionValue: Vout[1] Field 1: ScriptPubkey = {[] 1 669dc55941fc359c7d17b11951e6fb61c292c6d2a1bc1cc85db45026c7a5f78f 5120669dc55941fc359c7d17b11951e6fb61c292c6d2a1bc1cc85db45026c7a5f78f 0 witness_v1_taproot} (type: electrum.ScriptPubkey)
ELECTRUM: getTransactionValue: Vout[1] Field 2: Value = 8.663e-05 (type: float64)
ELECTRUM: getTransactionValue: Vout[1] has value 0.000087 BTC (8663 satoshis)
ELECTRUM: getTransactionValue: Vout[1] ScriptPubkey type: electrum.ScriptPubkey
ELECTRUM: getTransactionValue: Vout[1] ScriptPubkey has 5 fields
ELECTRUM: getTransactionValue: Vout[1] ScriptPubkey Field 0: Addresses = [] (type: []string)
ELECTRUM: getTransactionValue: Vout[1] ScriptPubkey Field 1: Asm = 1 669dc55941fc359c7d17b11951e6fb61c292c6d2a1bc1cc85db45026c7a5f78f (type: string)
ELECTRUM: getTransactionValue: Vout[1] ScriptPubkey Field 2: Hex = 5120669dc55941fc359c7d17b11951e6fb61c292c6d2a1bc1cc85db45026c7a5f78f (type: string)
ELECTRUM: getTransactionValue: Vout[1] ScriptPubkey Field 3: ReqSigs = 0 (type: uint32)
ELECTRUM: getTransactionValue: Vout[1] ScriptPubkey Field 4: Type = witness_v1_taproot (type: string)
ELECTRUM: getTransactionValue: Vout[1] extracted script hex from Hex field: 5120669dc55941fc359c7d17b11951e6fb61c292c6d2a1bc1cc85db45026c7a5f78f
ELECTRUM: getTransactionValue: Vout[1] calculated script hash: 8578ba4feebf5378a3775363d531f253b8fbf9b00df139d1346ef1cbb8d17245, target: 8578ba4feebf5378a3775363d531f253b8fbf9b00df139d1346ef1cbb8d17245
ELECTRUM: getTransactionValue: Vout[1] matches our script hash, adding 8663 satoshis
ELECTRUM: buildTransactionDetail: Transaction 53c28422f27e5b7d71977dfbc73a0c85480a9d618c75b05b4cbaf178747f914b has actual value 8663 satoshis
2025/09/16 11:07:07 ELECTRUM: GetBlockHash called for height: 4660782
ELECTRUM: Starting fetchAddressHistory for address: tb1putvlls3ekqm74khy2ls7hdadxn4ldxsuh9v2thg7hyht9ysjlvsqqwjnw6
2025/09/16 11:07:07 ELECTRUM: Got current height 4665347 from headers subscription
2025-09-16 11:07:07.425 [INF] BTWL btcwallet.go:480: BTCWALLET: Received transaction callback - txHash: 53c28422f27e5b7d71977dfbc73a0c85480a9d618c75b05b4cbaf178747f914b, address: tb1pv6wu2k2pls6eclghkyv4rehmv8pf93kj5x7pejzak3gzd3a9778shsgnq0, value: 8663, confirmations: 4566
2025/09/16 11:07:07 ELECTRUM: Returning hash 0000000000000bf350aa32a3577917e3156f61589cc20a4cd5cfdbd336443bc5 for height 4665347 (from headers subscription)
ELECTRUM: Processing transaction 0 for address tb1py0jfpc0ft4zsfhg7p3peze4q6wdl9l2gfwzf8ar64skxkhz9v9lsuhm2g4
ELECTRUM: Calling buildTransactionDetail for entry 0
ELECTRUM: buildTransactionDetail called with entry type: *electrum.GetMempoolResult
ELECTRUM: buildTransactionDetail: Transaction 480e83a34f676e6fcff1d82c4b2f7b2132407fd27b73878de31f52da6305fd94 has height: 4661802
ELECTRUM: buildTransactionDetail: About to call GetTransaction for 480e83a34f676e6fcff1d82c4b2f7b2132407fd27b73878de31f52da6305fd94
ELECTRUM: buildTransactionDetail: Getting transaction details for 480e83a34f676e6fcff1d82c4b2f7b2132407fd27b73878de31f52da6305fd94
2025-09-16 11:07:07.425 [INF] BTWL btcwallet.go:563: BTCWALLET: chain.NotifyReceived completed successfully for address: tb1putvlls3ekqm74khy2ls7hdadxn4ldxsuh9v2thg7hyht9ysjlvsqqwjnw6
2025-09-16 11:07:07.425 [INF] BTWL btcwallet.go:504: BTCWALLET: Integrating discovered transaction 53c28422f27e5b7d71977dfbc73a0c85480a9d618c75b05b4cbaf178747f914b for address tb1pv6wu2k2pls6eclghkyv4rehmv8pf93kj5x7pejzak3gzd3a9778shsgnq0 (value: 8663, confirmations: 4566)
2025-09-16 11:07:07.425 [INF] BTWL btcwallet.go:565: BTCWALLET: Successfully set up notification for address: tb1putvlls3ekqm74khy2ls7hdadxn4ldxsuh9v2thg7hyht9ysjlvsqqwjnw6
ELECTRUM: Fetching transaction history for address: tb1putvlls3ekqm74khy2ls7hdadxn4ldxsuh9v2thg7hyht9ysjlvsqqwjnw6
ELECTRUM: Calling GetHistory for address: tb1putvlls3ekqm74khy2ls7hdadxn4ldxsuh9v2thg7hyht9ysjlvsqqwjnw6, scriptHash: 772c610aa6b1b17496234e4d5e817a7bb5a9bedae737ff88e3f62109756fbe0f
2025-09-16 11:07:07.425 [INF] BTWL btcwallet.go:540: BTCWALLET: Successfully integrated transaction 53c28422f27e5b7d71977dfbc73a0c85480a9d618c75b05b4cbaf178747f914b (value: 8663 satoshis, confirmations: 4566)
ELECTRUM: buildTransactionDetail: Successfully got transaction 51abc2a15b01e008362af0075a3616d445af203deaea3abcad4d94f607dbafab
ELECTRUM: buildTransactionDetail: GetTransaction succeeded for 51abc2a15b01e008362af0075a3616d445af203deaea3abcad4d94f607dbafab, processing result
ELECTRUM: buildTransactionDetail: Processing transaction result for 51abc2a15b01e008362af0075a3616d445af203deaea3abcad4d94f607dbafab
ELECTRUM: buildTransactionDetail: Transaction result is not nil for 51abc2a15b01e008362af0075a3616d445af203deaea3abcad4d94f607dbafab
ELECTRUM: buildTransactionDetail: Attempting to get actual value for transaction 51abc2a15b01e008362af0075a3616d445af203deaea3abcad4d94f607dbafab
2025-09-16 11:07:07.425 [INF] BTWL btcwallet.go:488: BTCWALLET: Successfully integrated discovered transaction 53c28422f27e5b7d71977dfbc73a0c85480a9d618c75b05b4cbaf178747f914b
2025-09-16 11:07:07.425 [INF] BTWL btcwallet.go:548: BTCWALLET: Setting up notification for address: tb1pm2zwfrhd04ue5dqlwt8nvg9vdd8kcp75nsh3lmnat2mqmelg2vks5vkvfj
2025-09-16 11:07:07.426 [INF] BTWL btcwallet.go:557: BTCWALLET: Calling chain.NotifyReceived for address: tb1pm2zwfrhd04ue5dqlwt8nvg9vdd8kcp75nsh3lmnat2mqmelg2vks5vkvfj
ELECTRUM: NotifyReceived called with 1 addresses
ELECTRUM: buildTransactionDetail: Successfully got transaction 480e83a34f676e6fcff1d82c4b2f7b2132407fd27b73878de31f52da6305fd94
ELECTRUM: buildTransactionDetail: GetTransaction succeeded for 480e83a34f676e6fcff1d82c4b2f7b2132407fd27b73878de31f52da6305fd94, processing result
ELECTRUM: buildTransactionDetail: Processing transaction result for 480e83a34f676e6fcff1d82c4b2f7b2132407fd27b73878de31f52da6305fd94
ELECTRUM: buildTransactionDetail: Transaction result is not nil for 480e83a34f676e6fcff1d82c4b2f7b2132407fd27b73878de31f52da6305fd94
ELECTRUM: buildTransactionDetail: Attempting to get actual value for transaction 480e83a34f676e6fcff1d82c4b2f7b2132407fd27b73878de31f52da6305fd94
ELECTRUM: getTransactionValue: Transaction result type: *electrum.GetTransactionResult, fields: 12
ELECTRUM: getTransactionValue: Field 0: Blockhash = 000000000000d9d0b2232466509b2064dc52a17e0281d0a41cb22b82b056a939 (type: string)
ELECTRUM: getTransactionValue: Field 1: Blocktime = 1758029049 (type: uint64)
ELECTRUM: getTransactionValue: Field 2: Confirmations = 4046 (type: int32)
ELECTRUM: getTransactionValue: Field 3: Hash = 2a00084f427029c04184dd7c2a7f005a307033bcca717762d460c4c25fc51494 (type: string)
ELECTRUM: getTransactionValue: Field 4: Hex = 01000000000101637952d19b0f724cc4e7b8c675eb1ab36de90eb2e6a0b6752b0e04955c59cd250100000000ffffffff02b14300000000000022512022e0f3960afc4414df1cfff8ed7cc27261d190f89176ad65ab180d08783e011aa631a30000000000225120f61348d82e1f34ff3a16071de3e7d484a48937fb50cbc50bfc2d17d28182118d014083a3432f882b81365a92edaad1db40f4fa714d1f5b41e4c45adc2a6aacc6f1acef118c51f7129536122f54509d26775587379935aaeeacd730922806abecb83100000000 (type: string)
ELECTRUM: Starting fetchAddressHistory for address: tb1pm2zwfrhd04ue5dqlwt8nvg9vdd8kcp75nsh3lmnat2mqmelg2vks5vkvfj
ELECTRUM: getTransactionValue: Field 5: Locktime = 0 (type: uint32)
ELECTRUM: getTransactionValue: Field 6: Size = 205 (type: uint32)
ELECTRUM: getTransactionValue: Field 7: Time = 1758029049 (type: uint64)
2025-09-16 11:07:07.734 [INF] BTWL btcwallet.go:563: BTCWALLET: chain.NotifyReceived completed successfully for address: tb1pm2zwfrhd04ue5dqlwt8nvg9vdd8kcp75nsh3lmnat2mqmelg2vks5vkvfj
ELECTRUM: getTransactionValue: Field 8: Version = 1 (type: uint32)
2025-09-16 11:07:07.733 [DBG] LTND lnd.go:727: Syncing to block chain rev=4d1c86 best_block_time="2025-09-16 11:07:02 -0400 EDT" is_synced=false
ELECTRUM: Fetching transaction history for address: tb1pm2zwfrhd04ue5dqlwt8nvg9vdd8kcp75nsh3lmnat2mqmelg2vks5vkvfj
ELECTRUM: Calling GetHistory for address: tb1pm2zwfrhd04ue5dqlwt8nvg9vdd8kcp75nsh3lmnat2mqmelg2vks5vkvfj, scriptHash: c5c501974b54b604a07b751557f5492a62e0024f3b6de9e8a3c970fe9f4e8f65
2025-09-16 11:07:07.735 [INF] BTWL btcwallet.go:565: BTCWALLET: Successfully set up notification for address: tb1pm2zwfrhd04ue5dqlwt8nvg9vdd8kcp75nsh3lmnat2mqmelg2vks5vkvfj
ELECTRUM: getTransactionValue: Field 9: Vin = [{ 0x14000260b40 4294967295 25cd595c95040e2b75b6a0e6b20ee96db31aeb75c6b8e7c44c720f9bd1527963 1}] (type: []electrum.Vin)
2025-09-16 11:07:07.735 [INF] BTWL btcwallet.go:548: BTCWALLET: Setting up notification for address: tb1pvhkycu546rfek5tpkmns0dwxc7v74ul3dlad7as8gflywg3plsvqy8mc4j
ELECTRUM: getTransactionValue: Field 10: Vout = [{0 {[] 1 22e0f3960afc4414df1cfff8ed7cc27261d190f89176ad65ab180d08783e011a 512022e0f3960afc4414df1cfff8ed7cc27261d190f89176ad65ab180d08783e011a 0 witness_v1_taproot} 0.00017329} {1 {[] 1 f61348d82e1f34ff3a16071de3e7d484a48937fb50cbc50bfc2d17d28182118d 5120f61348d82e1f34ff3a16071de3e7d484a48937fb50cbc50bfc2d17d28182118d 0 witness_v1_taproot} 0.10695078}] (type: []electrum.Vout)
ELECTRUM: getTransactionValue: Field 11: Merkle = {[] 0 0} (type: electrum.GetMerkleProofResult)
ELECTRUM: getTransactionValue: Processing 2 Vout entries for transaction 51abc2a15b01e008362af0075a3616d445af203deaea3abcad4d94f607dbafab
ELECTRUM: getTransactionValue: Processing Vout entry 0 for transaction 51abc2a15b01e008362af0075a3616d445af203deaea3abcad4d94f607dbafab
ELECTRUM: getTransactionValue: Vout[0] Field 0: N = 0 (type: uint32)
ELECTRUM: getTransactionValue: Vout[0] Field 1: ScriptPubkey = {[] 1 22e0f3960afc4414df1cfff8ed7cc27261d190f89176ad65ab180d08783e011a 512022e0f3960afc4414df1cfff8ed7cc27261d190f89176ad65ab180d08783e011a 0 witness_v1_taproot} (type: electrum.ScriptPubkey)
ELECTRUM: getTransactionValue: Vout[0] Field 2: Value = 0.00017329 (type: float64)
2025-09-16 11:07:07.735 [INF] BTWL btcwallet.go:557: BTCWALLET: Calling chain.NotifyReceived for address: tb1pvhkycu546rfek5tpkmns0dwxc7v74ul3dlad7as8gflywg3plsvqy8mc4j
ELECTRUM: getTransactionValue: Vout[0] has value 0.000173 BTC (17329 satoshis)
ELECTRUM: getTransactionValue: Vout[0] ScriptPubkey type: electrum.ScriptPubkey
ELECTRUM: getTransactionValue: Vout[0] ScriptPubkey has 5 fields
ELECTRUM: getTransactionValue: Vout[0] ScriptPubkey Field 0: Addresses = [] (type: []string)
ELECTRUM: NotifyReceived called with 1 addresses
ELECTRUM: getTransactionValue: Vout[0] ScriptPubkey Field 1: Asm = 1 22e0f3960afc4414df1cfff8ed7cc27261d190f89176ad65ab180d08783e011a (type: string)
ELECTRUM: getTransactionValue: Vout[0] ScriptPubkey Field 2: Hex = 512022e0f3960afc4414df1cfff8ed7cc27261d190f89176ad65ab180d08783e011a (type: string)
ELECTRUM: getTransactionValue: Vout[0] ScriptPubkey Field 3: ReqSigs = 0 (type: uint32)
ELECTRUM: getTransactionValue: Vout[0] ScriptPubkey Field 4: Type = witness_v1_taproot (type: string)
ELECTRUM: getTransactionValue: Vout[0] extracted script hex from Hex field: 512022e0f3960afc4414df1cfff8ed7cc27261d190f89176ad65ab180d08783e011a
ELECTRUM: getTransactionValue: Vout[0] calculated script hash: f67a34ebd66063c1a926b52c9a5e00f290e890e3b2a8b3acf99e6ca0840e2c69, target: f67a34ebd66063c1a926b52c9a5e00f290e890e3b2a8b3acf99e6ca0840e2c69
ELECTRUM: getTransactionValue: Vout[0] matches our script hash, adding 17329 satoshis
ELECTRUM: getTransactionValue: Processing Vout entry 1 for transaction 51abc2a15b01e008362af0075a3616d445af203deaea3abcad4d94f607dbafab
ELECTRUM: getTransactionValue: Vout[1] Field 0: N = 1 (type: uint32)
ELECTRUM: getTransactionValue: Vout[1] Field 1: ScriptPubkey = {[] 1 f61348d82e1f34ff3a16071de3e7d484a48937fb50cbc50bfc2d17d28182118d 5120f61348d82e1f34ff3a16071de3e7d484a48937fb50cbc50bfc2d17d28182118d 0 witness_v1_taproot} (type: electrum.ScriptPubkey)
ELECTRUM: getTransactionValue: Vout[1] Field 2: Value = 0.10695078 (type: float64)
ELECTRUM: getTransactionValue: Vout[1] has value 0.106951 BTC (10695078 satoshis)
ELECTRUM: getTransactionValue: Vout[1] ScriptPubkey type: electrum.ScriptPubkey
ELECTRUM: getTransactionValue: Vout[1] ScriptPubkey has 5 fields
ELECTRUM: getTransactionValue: Vout[1] ScriptPubkey Field 0: Addresses = [] (type: []string)
ELECTRUM: getTransactionValue: Vout[1] ScriptPubkey Field 1: Asm = 1 f61348d82e1f34ff3a16071de3e7d484a48937fb50cbc50bfc2d17d28182118d (type: string)
ELECTRUM: getTransactionValue: Vout[1] ScriptPubkey Field 2: Hex = 5120f61348d82e1f34ff3a16071de3e7d484a48937fb50cbc50bfc2d17d28182118d (type: string)
ELECTRUM: getTransactionValue: Vout[1] ScriptPubkey Field 3: ReqSigs = 0 (type: uint32)
ELECTRUM: getTransactionValue: Vout[1] ScriptPubkey Field 4: Type = witness_v1_taproot (type: string)
ELECTRUM: getTransactionValue: Vout[1] extracted script hex from Hex field: 5120f61348d82e1f34ff3a16071de3e7d484a48937fb50cbc50bfc2d17d28182118d
ELECTRUM: getTransactionValue: Vout[1] calculated script hash: 5644f9b92bed87105e1519ba555fe45a4956697de6b7c3ec8ed25ba31e2e215b, target: f67a34ebd66063c1a926b52c9a5e00f290e890e3b2a8b3acf99e6ca0840e2c69
ELECTRUM: getTransactionValue: Vout[1] does not match our script hash, skipping
ELECTRUM: buildTransactionDetail: Transaction 51abc2a15b01e008362af0075a3616d445af203deaea3abcad4d94f607dbafab has actual value 17329 satoshis
2025/09/16 11:07:07 ELECTRUM: GetBlockHash called for height: 4661302
ELECTRUM: Starting fetchAddressHistory for address: tb1pvhkycu546rfek5tpkmns0dwxc7v74ul3dlad7as8gflywg3plsvqy8mc4j
2025-09-16 11:07:07.987 [INF] BTWL btcwallet.go:480: BTCWALLET: Received transaction callback - txHash: 51abc2a15b01e008362af0075a3616d445af203deaea3abcad4d94f607dbafab, address: tb1pyts089s2l3zpfhculluw6lxzwfsary8cj9m26edtrqxss7p7qydqat9hw2, value: 17329, confirmations: 4046
ELECTRUM: Fetching transaction history for address: tb1pvhkycu546rfek5tpkmns0dwxc7v74ul3dlad7as8gflywg3plsvqy8mc4j
ELECTRUM: Calling GetHistory for address: tb1pvhkycu546rfek5tpkmns0dwxc7v74ul3dlad7as8gflywg3plsvqy8mc4j, scriptHash: 8c695d50cc3c9b971f716464bca5a0adcd8d5334c79d76ffe4776646c0a2228f
2025-09-16 11:07:07.987 [INF] BTWL btcwallet.go:504: BTCWALLET: Integrating discovered transaction 51abc2a15b01e008362af0075a3616d445af203deaea3abcad4d94f607dbafab for address tb1pyts089s2l3zpfhculluw6lxzwfsary8cj9m26edtrqxss7p7qydqat9hw2 (value: 17329, confirmations: 4046)
ELECTRUM: getTransactionValue: Transaction result type: *electrum.GetTransactionResult, fields: 12
ELECTRUM: getTransactionValue: Field 0: Blockhash = 000000000000184ff2bbae51760a4abbd4744106a6b30f6ddb96fe9fb4c9fb27 (type: string)
ELECTRUM: getTransactionValue: Field 1: Blocktime = 1758029275 (type: uint64)
ELECTRUM: getTransactionValue: Field 2: Confirmations = 3546 (type: int32)
ELECTRUM: getTransactionValue: Field 3: Hash = bd86ffd16fd7cc0c80eb6e714382a0b2317922fb5a6cd70b23893f7d6ef4f814 (type: string)
2025-09-16 11:07:07.987 [INF] BTWL btcwallet.go:563: BTCWALLET: chain.NotifyReceived completed successfully for address: tb1pvhkycu546rfek5tpkmns0dwxc7v74ul3dlad7as8gflywg3plsvqy8mc4j
ELECTRUM: getTransactionValue: Field 4: Hex = 010000000001013b44bf73f50dafd919f0a4897eb7745582b9c2dc6042420045f5f001a3e5d7570000000000ffffffff02eb1000000000000022512023e490e1e95d4504dd1e0c439166a0d39bf2fd484b8493f47aac2c6b5c45617ffe0da30000000000225120a93a8cba6673228ea32811dfac43d127bd8caf5d31562a3f8013812d98b9be19014042a93481889251b8a32e77dcffde5e58a2412ca94203e41a508f8089da0127d2f42861578088109ed8145b35f54ce495f09a77a6f4a4de4aca30e40ee062d2ba00000000 (type: string)
ELECTRUM: getTransactionValue: Field 5: Locktime = 0 (type: uint32)
ELECTRUM: getTransactionValue: Field 6: Size = 205 (type: uint32)
2025-09-16 11:07:07.987 [INF] BTWL btcwallet.go:565: BTCWALLET: Successfully set up notification for address: tb1pvhkycu546rfek5tpkmns0dwxc7v74ul3dlad7as8gflywg3plsvqy8mc4j
ELECTRUM: getTransactionValue: Field 7: Time = 1758029275 (type: uint64)
ELECTRUM: getTransactionValue: Field 8: Version = 1 (type: uint32)
2025-09-16 11:07:07.987 [INF] BTWL btcwallet.go:548: BTCWALLET: Setting up notification for address: tb1p0gzw3zejyhpcnhel6fk44utj2wdvt6qeqm98nqxu6j56fcwme4psvdhc46
ELECTRUM: getTransactionValue: Field 9: Vin = [{ 0x14000260c00 4294967295 57d7e5a301f0f54500424260dcc2b9825574b77e89a4f019d9af0df573bf443b 0}] (type: []electrum.Vin)
2025-09-16 11:07:07.987 [INF] BTWL btcwallet.go:557: BTCWALLET: Calling chain.NotifyReceived for address: tb1p0gzw3zejyhpcnhel6fk44utj2wdvt6qeqm98nqxu6j56fcwme4psvdhc46
ELECTRUM: getTransactionValue: Field 10: Vout = [{0 {[] 1 23e490e1e95d4504dd1e0c439166a0d39bf2fd484b8493f47aac2c6b5c45617f 512023e490e1e95d4504dd1e0c439166a0d39bf2fd484b8493f47aac2c6b5c45617f 0 witness_v1_taproot} 4.331e-05} {1 {[] 1 a93a8cba6673228ea32811dfac43d127bd8caf5d31562a3f8013812d98b9be19 5120a93a8cba6673228ea32811dfac43d127bd8caf5d31562a3f8013812d98b9be19 0 witness_v1_taproot} 0.1068595}] (type: []electrum.Vout)
ELECTRUM: getTransactionValue: Field 11: Merkle = {[] 0 0} (type: electrum.GetMerkleProofResult)
ELECTRUM: getTransactionValue: Processing 2 Vout entries for transaction 480e83a34f676e6fcff1d82c4b2f7b2132407fd27b73878de31f52da6305fd94
ELECTRUM: getTransactionValue: Processing Vout entry 0 for transaction 480e83a34f676e6fcff1d82c4b2f7b2132407fd27b73878de31f52da6305fd94
ELECTRUM: getTransactionValue: Vout[0] Field 0: N = 0 (type: uint32)
ELECTRUM: getTransactionValue: Vout[0] Field 1: ScriptPubkey = {[] 1 23e490e1e95d4504dd1e0c439166a0d39bf2fd484b8493f47aac2c6b5c45617f 512023e490e1e95d4504dd1e0c439166a0d39bf2fd484b8493f47aac2c6b5c45617f 0 witness_v1_taproot} (type: electrum.ScriptPubkey)
ELECTRUM: getTransactionValue: Vout[0] Field 2: Value = 4.331e-05 (type: float64)
ELECTRUM: getTransactionValue: Vout[0] has value 0.000043 BTC (4331 satoshis)
ELECTRUM: getTransactionValue: Vout[0] ScriptPubkey type: electrum.ScriptPubkey
ELECTRUM: getTransactionValue: Vout[0] ScriptPubkey has 5 fields
ELECTRUM: getTransactionValue: Vout[0] ScriptPubkey Field 0: Addresses = [] (type: []string)
ELECTRUM: getTransactionValue: Vout[0] ScriptPubkey Field 1: Asm = 1 23e490e1e95d4504dd1e0c439166a0d39bf2fd484b8493f47aac2c6b5c45617f (type: string)
ELECTRUM: getTransactionValue: Vout[0] ScriptPubkey Field 2: Hex = 512023e490e1e95d4504dd1e0c439166a0d39bf2fd484b8493f47aac2c6b5c45617f (type: string)
ELECTRUM: getTransactionValue: Vout[0] ScriptPubkey Field 3: ReqSigs = 0 (type: uint32)
ELECTRUM: getTransactionValue: Vout[0] ScriptPubkey Field 4: Type = witness_v1_taproot (type: string)
ELECTRUM: NotifyReceived called with 1 addresses
ELECTRUM: getTransactionValue: Vout[0] extracted script hex from Hex field: 512023e490e1e95d4504dd1e0c439166a0d39bf2fd484b8493f47aac2c6b5c45617f
ELECTRUM: getTransactionValue: Vout[0] calculated script hash: 1f1546aea3cb0bbe6272bb05f049b1d43ea9cd69a421402946f1e21b67d24a7f, target: 1f1546aea3cb0bbe6272bb05f049b1d43ea9cd69a421402946f1e21b67d24a7f
ELECTRUM: getTransactionValue: Vout[0] matches our script hash, adding 4331 satoshis
ELECTRUM: getTransactionValue: Processing Vout entry 1 for transaction 480e83a34f676e6fcff1d82c4b2f7b2132407fd27b73878de31f52da6305fd94
ELECTRUM: getTransactionValue: Vout[1] Field 0: N = 1 (type: uint32)
2025-09-16 11:07:07.987 [INF] BTWL btcwallet.go:540: BTCWALLET: Successfully integrated transaction 51abc2a15b01e008362af0075a3616d445af203deaea3abcad4d94f607dbafab (value: 17329 satoshis, confirmations: 4046)
ELECTRUM: getTransactionValue: Vout[1] Field 1: ScriptPubkey = {[] 1 a93a8cba6673228ea32811dfac43d127bd8caf5d31562a3f8013812d98b9be19 5120a93a8cba6673228ea32811dfac43d127bd8caf5d31562a3f8013812d98b9be19 0 witness_v1_taproot} (type: electrum.ScriptPubkey)
ELECTRUM: getTransactionValue: Vout[1] Field 2: Value = 0.1068595 (type: float64)
2025-09-16 11:07:07.988 [INF] BTWL btcwallet.go:488: BTCWALLET: Successfully integrated discovered transaction 51abc2a15b01e008362af0075a3616d445af203deaea3abcad4d94f607dbafab
ELECTRUM: getTransactionValue: Vout[1] has value 0.106859 BTC (10685950 satoshis)
ELECTRUM: getTransactionValue: Vout[1] ScriptPubkey type: electrum.ScriptPubkey
ELECTRUM: getTransactionValue: Vout[1] ScriptPubkey has 5 fields
ELECTRUM: getTransactionValue: Vout[1] ScriptPubkey Field 0: Addresses = [] (type: []string)
ELECTRUM: getTransactionValue: Vout[1] ScriptPubkey Field 1: Asm = 1 a93a8cba6673228ea32811dfac43d127bd8caf5d31562a3f8013812d98b9be19 (type: string)
ELECTRUM: getTransactionValue: Vout[1] ScriptPubkey Field 2: Hex = 5120a93a8cba6673228ea32811dfac43d127bd8caf5d31562a3f8013812d98b9be19 (type: string)
ELECTRUM: getTransactionValue: Vout[1] ScriptPubkey Field 3: ReqSigs = 0 (type: uint32)
ELECTRUM: getTransactionValue: Vout[1] ScriptPubkey Field 4: Type = witness_v1_taproot (type: string)
ELECTRUM: getTransactionValue: Vout[1] extracted script hex from Hex field: 5120a93a8cba6673228ea32811dfac43d127bd8caf5d31562a3f8013812d98b9be19
ELECTRUM: getTransactionValue: Vout[1] calculated script hash: a1330b9529e9351c100a2383420588cf78c0dce0e68cfa538fbb5335a1eea6dc, target: 1f1546aea3cb0bbe6272bb05f049b1d43ea9cd69a421402946f1e21b67d24a7f
ELECTRUM: getTransactionValue: Vout[1] does not match our script hash, skipping
ELECTRUM: buildTransactionDetail: Transaction 480e83a34f676e6fcff1d82c4b2f7b2132407fd27b73878de31f52da6305fd94 has actual value 4331 satoshis
2025/09/16 11:07:07 ELECTRUM: GetBlockHash called for height: 4661802
ELECTRUM: Starting fetchAddressHistory for address: tb1p0gzw3zejyhpcnhel6fk44utj2wdvt6qeqm98nqxu6j56fcwme4psvdhc46
ELECTRUM: Processing transaction 0 for address tb1pvhkycu546rfek5tpkmns0dwxc7v74ul3dlad7as8gflywg3plsvqy8mc4j
ELECTRUM: Fetching transaction history for address: tb1p0gzw3zejyhpcnhel6fk44utj2wdvt6qeqm98nqxu6j56fcwme4psvdhc46
ELECTRUM: Calling buildTransactionDetail for entry 0
ELECTRUM: buildTransactionDetail called with entry type: *electrum.GetMempoolResult
ELECTRUM: buildTransactionDetail: Transaction 57d7e5a301f0f54500424260dcc2b9825574b77e89a4f019d9af0df573bf443b has height: 4661549
ELECTRUM: buildTransactionDetail: About to call GetTransaction for 57d7e5a301f0f54500424260dcc2b9825574b77e89a4f019d9af0df573bf443b
ELECTRUM: buildTransactionDetail: Getting transaction details for 57d7e5a301f0f54500424260dcc2b9825574b77e89a4f019d9af0df573bf443b
ELECTRUM: Calling GetHistory for address: tb1p0gzw3zejyhpcnhel6fk44utj2wdvt6qeqm98nqxu6j56fcwme4psvdhc46, scriptHash: e5d8548e6042aa54fcbebb2539efa284c89350ce19c9141286a2f910de14df05
2025-09-16 11:07:08.228 [INF] BTWL btcwallet.go:563: BTCWALLET: chain.NotifyReceived completed successfully for address: tb1p0gzw3zejyhpcnhel6fk44utj2wdvt6qeqm98nqxu6j56fcwme4psvdhc46
2025-09-16 11:07:08.229 [INF] BTWL btcwallet.go:565: BTCWALLET: Successfully set up notification for address: tb1p0gzw3zejyhpcnhel6fk44utj2wdvt6qeqm98nqxu6j56fcwme4psvdhc46
2025-09-16 11:07:08.229 [INF] BTWL btcwallet.go:548: BTCWALLET: Setting up notification for address: tb1pdt36eq5eqqfmretmf5fttd08w0xvwvz6xlyzy85mn7ae4fxag0gs84m89j
2025-09-16 11:07:08.229 [INF] BTWL btcwallet.go:557: BTCWALLET: Calling chain.NotifyReceived for address: tb1pdt36eq5eqqfmretmf5fttd08w0xvwvz6xlyzy85mn7ae4fxag0gs84m89j
ELECTRUM: NotifyReceived called with 1 addresses
2025-09-16 11:07:08.231 [INF] BTWL btcwallet.go:480: BTCWALLET: Received transaction callback - txHash: 480e83a34f676e6fcff1d82c4b2f7b2132407fd27b73878de31f52da6305fd94, address: tb1py0jfpc0ft4zsfhg7p3peze4q6wdl9l2gfwzf8ar64skxkhz9v9lsuhm2g4, value: 4331, confirmations: 3546
2025-09-16 11:07:08.231 [INF] BTWL btcwallet.go:504: BTCWALLET: Integrating discovered transaction 480e83a34f676e6fcff1d82c4b2f7b2132407fd27b73878de31f52da6305fd94 for address tb1py0jfpc0ft4zsfhg7p3peze4q6wdl9l2gfwzf8ar64skxkhz9v9lsuhm2g4 (value: 4331, confirmations: 3546)
2025-09-16 11:07:08.231 [INF] BTWL btcwallet.go:540: BTCWALLET: Successfully integrated transaction 480e83a34f676e6fcff1d82c4b2f7b2132407fd27b73878de31f52da6305fd94 (value: 4331 satoshis, confirmations: 3546)
2025-09-16 11:07:08.231 [INF] BTWL btcwallet.go:488: BTCWALLET: Successfully integrated discovered transaction 480e83a34f676e6fcff1d82c4b2f7b2132407fd27b73878de31f52da6305fd94
ELECTRUM: Starting fetchAddressHistory for address: tb1pdt36eq5eqqfmretmf5fttd08w0xvwvz6xlyzy85mn7ae4fxag0gs84m89j
ELECTRUM: buildTransactionDetail: Successfully got transaction 57d7e5a301f0f54500424260dcc2b9825574b77e89a4f019d9af0df573bf443b
ELECTRUM: Fetching transaction history for address: tb1pdt36eq5eqqfmretmf5fttd08w0xvwvz6xlyzy85mn7ae4fxag0gs84m89j
ELECTRUM: Calling GetHistory for address: tb1pdt36eq5eqqfmretmf5fttd08w0xvwvz6xlyzy85mn7ae4fxag0gs84m89j, scriptHash: a316d302121d1b62c9b4ec3de415b72930916c9b2fecde6d85dcb59e82024e3d
2025-09-16 11:07:08.552 [INF] BTWL btcwallet.go:563: BTCWALLET: chain.NotifyReceived completed successfully for address: tb1pdt36eq5eqqfmretmf5fttd08w0xvwvz6xlyzy85mn7ae4fxag0gs84m89j
ELECTRUM: buildTransactionDetail: GetTransaction succeeded for 57d7e5a301f0f54500424260dcc2b9825574b77e89a4f019d9af0df573bf443b, processing result
ELECTRUM: buildTransactionDetail: Processing transaction result for 57d7e5a301f0f54500424260dcc2b9825574b77e89a4f019d9af0df573bf443b
ELECTRUM: buildTransactionDetail: Transaction result is not nil for 57d7e5a301f0f54500424260dcc2b9825574b77e89a4f019d9af0df573bf443b
ELECTRUM: buildTransactionDetail: Attempting to get actual value for transaction 57d7e5a301f0f54500424260dcc2b9825574b77e89a4f019d9af0df573bf443b
2025-09-16 11:07:08.553 [INF] BTWL btcwallet.go:565: BTCWALLET: Successfully set up notification for address: tb1pdt36eq5eqqfmretmf5fttd08w0xvwvz6xlyzy85mn7ae4fxag0gs84m89j
2025-09-16 11:07:08.553 [INF] BTWL btcwallet.go:548: BTCWALLET: Setting up notification for address: tb1q35l5pfwv0wj2x0w6dvfr6rdv43mrdavey28800
2025-09-16 11:07:08.553 [INF] BTWL btcwallet.go:557: BTCWALLET: Calling chain.NotifyReceived for address: tb1q35l5pfwv0wj2x0w6dvfr6rdv43mrdavey28800
ELECTRUM: NotifyReceived called with 1 addresses
ELECTRUM: Starting fetchAddressHistory for address: tb1q35l5pfwv0wj2x0w6dvfr6rdv43mrdavey28800
2025-09-16 11:07:08.553 [INF] BTWL btcwallet.go:563: BTCWALLET: chain.NotifyReceived completed successfully for address: tb1q35l5pfwv0wj2x0w6dvfr6rdv43mrdavey28800
ELECTRUM: Fetching transaction history for address: tb1q35l5pfwv0wj2x0w6dvfr6rdv43mrdavey28800
ELECTRUM: Calling GetHistory for address: tb1q35l5pfwv0wj2x0w6dvfr6rdv43mrdavey28800, scriptHash: 5402d6c137487f5e00d46c16a85ec56d25ab29f8636995d4bf586bc08bbce31e
2025-09-16 11:07:08.553 [INF] BTWL btcwallet.go:565: BTCWALLET: Successfully set up notification for address: tb1q35l5pfwv0wj2x0w6dvfr6rdv43mrdavey28800
2025-09-16 11:07:08.553 [INF] BTWL btcwallet.go:548: BTCWALLET: Setting up notification for address: tb1q3wmfzpnluglv5auudgl2zzsne33auzpmr3vguv
2025-09-16 11:07:08.553 [INF] BTWL btcwallet.go:557: BTCWALLET: Calling chain.NotifyReceived for address: tb1q3wmfzpnluglv5auudgl2zzsne33auzpmr3vguv
ELECTRUM: NotifyReceived called with 1 addresses
ELECTRUM: Starting fetchAddressHistory for address: tb1q3wmfzpnluglv5auudgl2zzsne33auzpmr3vguv
2025-09-16 11:07:08.553 [INF] BTWL btcwallet.go:563: BTCWALLET: chain.NotifyReceived completed successfully for address: tb1q3wmfzpnluglv5auudgl2zzsne33auzpmr3vguv
ELECTRUM: Fetching transaction history for address: tb1q3wmfzpnluglv5auudgl2zzsne33auzpmr3vguv
ELECTRUM: Calling GetHistory for address: tb1q3wmfzpnluglv5auudgl2zzsne33auzpmr3vguv, scriptHash: b66131e80f4d50ca98ca6c1a4944746699c609136ce4aa4b4f162dd9de3dfe6d
2025-09-16 11:07:08.553 [INF] BTWL btcwallet.go:565: BTCWALLET: Successfully set up notification for address: tb1q3wmfzpnluglv5auudgl2zzsne33auzpmr3vguv
2025-09-16 11:07:08.553 [INF] BTWL btcwallet.go:548: BTCWALLET: Setting up notification for address: tb1qnf9a6cdf8c93ca97767cvted4y9a8lrjr9rctd
2025-09-16 11:07:08.553 [INF] BTWL btcwallet.go:557: BTCWALLET: Calling chain.NotifyReceived for address: tb1qnf9a6cdf8c93ca97767cvted4y9a8lrjr9rctd
ELECTRUM: NotifyReceived called with 1 addresses
ELECTRUM: Starting fetchAddressHistory for address: tb1qnf9a6cdf8c93ca97767cvted4y9a8lrjr9rctd
2025-09-16 11:07:08.553 [INF] BTWL btcwallet.go:563: BTCWALLET: chain.NotifyReceived completed successfully for address: tb1qnf9a6cdf8c93ca97767cvted4y9a8lrjr9rctd
ELECTRUM: Fetching transaction history for address: tb1qnf9a6cdf8c93ca97767cvted4y9a8lrjr9rctd
ELECTRUM: Calling GetHistory for address: tb1qnf9a6cdf8c93ca97767cvted4y9a8lrjr9rctd, scriptHash: 6fc32843e990f987cd411ceb807c95b202cec6c3971e9cb4e6caa2b607feb8f5
2025-09-16 11:07:08.553 [INF] BTWL btcwallet.go:565: BTCWALLET: Successfully set up notification for address: tb1qnf9a6cdf8c93ca97767cvted4y9a8lrjr9rctd
2025-09-16 11:07:08.553 [INF] BTWL btcwallet.go:548: BTCWALLET: Setting up notification for address: tb1qudd8v6rz3m294gdmmmys29xugkl2f6qzgk3str
2025-09-16 11:07:08.553 [INF] BTWL btcwallet.go:557: BTCWALLET: Calling chain.NotifyReceived for address: tb1qudd8v6rz3m294gdmmmys29xugkl2f6qzgk3str
ELECTRUM: NotifyReceived called with 1 addresses
ELECTRUM: Starting fetchAddressHistory for address: tb1qudd8v6rz3m294gdmmmys29xugkl2f6qzgk3str
2025-09-16 11:07:08.554 [INF] BTWL btcwallet.go:563: BTCWALLET: chain.NotifyReceived completed successfully for address: tb1qudd8v6rz3m294gdmmmys29xugkl2f6qzgk3str
ELECTRUM: Fetching transaction history for address: tb1qudd8v6rz3m294gdmmmys29xugkl2f6qzgk3str
ELECTRUM: Calling GetHistory for address: tb1qudd8v6rz3m294gdmmmys29xugkl2f6qzgk3str, scriptHash: 28292b8697bd25f1db778ae58cac1627a8e4b8e7a4a5a427ff50d42bafd07e52
2025-09-16 11:07:08.554 [INF] BTWL btcwallet.go:565: BTCWALLET: Successfully set up notification for address: tb1qudd8v6rz3m294gdmmmys29xugkl2f6qzgk3str
2025-09-16 11:07:08.554 [INF] BTWL btcwallet.go:548: BTCWALLET: Setting up notification for address: tb1qzja2zr3jt2tn5j4emss49745hwdxagaqvru8d4
2025-09-16 11:07:08.554 [INF] BTWL btcwallet.go:557: BTCWALLET: Calling chain.NotifyReceived for address: tb1qzja2zr3jt2tn5j4emss49745hwdxagaqvru8d4
ELECTRUM: NotifyReceived called with 1 addresses
ELECTRUM: Starting fetchAddressHistory for address: tb1qzja2zr3jt2tn5j4emss49745hwdxagaqvru8d4
2025-09-16 11:07:08.554 [INF] BTWL btcwallet.go:563: BTCWALLET: chain.NotifyReceived completed successfully for address: tb1qzja2zr3jt2tn5j4emss49745hwdxagaqvru8d4
ELECTRUM: Fetching transaction history for address: tb1qzja2zr3jt2tn5j4emss49745hwdxagaqvru8d4
2025-09-16 11:07:08.554 [INF] BTWL btcwallet.go:565: BTCWALLET: Successfully set up notification for address: tb1qzja2zr3jt2tn5j4emss49745hwdxagaqvru8d4
2025-09-16 11:07:08.554 [INF] BTWL btcwallet.go:548: BTCWALLET: Setting up notification for address: tb1q25xq62ad6s9pymemadk7sf08alk3k6q7l4m5pj
ELECTRUM: Calling GetHistory for address: tb1qzja2zr3jt2tn5j4emss49745hwdxagaqvru8d4, scriptHash: 6bf1890b216a5372d5a81a5ca9791137d77c1853dd628b5d3aa34d8ec00604a5
2025-09-16 11:07:08.554 [INF] BTWL btcwallet.go:557: BTCWALLET: Calling chain.NotifyReceived for address: tb1q25xq62ad6s9pymemadk7sf08alk3k6q7l4m5pj
ELECTRUM: NotifyReceived called with 1 addresses
ELECTRUM: Starting fetchAddressHistory for address: tb1q25xq62ad6s9pymemadk7sf08alk3k6q7l4m5pj
2025-09-16 11:07:08.554 [INF] BTWL btcwallet.go:563: BTCWALLET: chain.NotifyReceived completed successfully for address: tb1q25xq62ad6s9pymemadk7sf08alk3k6q7l4m5pj
ELECTRUM: Fetching transaction history for address: tb1q25xq62ad6s9pymemadk7sf08alk3k6q7l4m5pj
ELECTRUM: Calling GetHistory for address: tb1q25xq62ad6s9pymemadk7sf08alk3k6q7l4m5pj, scriptHash: c4c6d9d832fdbfd4a966340001ce4a928adc558ad3cff548e1a78f0962aa141a
2025-09-16 11:07:08.554 [INF] BTWL btcwallet.go:565: BTCWALLET: Successfully set up notification for address: tb1q25xq62ad6s9pymemadk7sf08alk3k6q7l4m5pj
2025-09-16 11:07:08.554 [INF] BTWL btcwallet.go:548: BTCWALLET: Setting up notification for address: tb1qu4ug4mres4yx49ts998805u2ale66jeah6dvxq
2025-09-16 11:07:08.554 [INF] BTWL btcwallet.go:557: BTCWALLET: Calling chain.NotifyReceived for address: tb1qu4ug4mres4yx49ts998805u2ale66jeah6dvxq
ELECTRUM: NotifyReceived called with 1 addresses
ELECTRUM: Starting fetchAddressHistory for address: tb1qu4ug4mres4yx49ts998805u2ale66jeah6dvxq
2025-09-16 11:07:08.554 [INF] BTWL btcwallet.go:563: BTCWALLET: chain.NotifyReceived completed successfully for address: tb1qu4ug4mres4yx49ts998805u2ale66jeah6dvxq
ELECTRUM: Fetching transaction history for address: tb1qu4ug4mres4yx49ts998805u2ale66jeah6dvxq
ELECTRUM: Calling GetHistory for address: tb1qu4ug4mres4yx49ts998805u2ale66jeah6dvxq, scriptHash: ca676392dcbc659e23aa827453de1938add752fb16394cdd5252328fe3faa89e
2025-09-16 11:07:08.554 [INF] BTWL btcwallet.go:565: BTCWALLET: Successfully set up notification for address: tb1qu4ug4mres4yx49ts998805u2ale66jeah6dvxq
2025-09-16 11:07:08.554 [INF] BTWL btcwallet.go:548: BTCWALLET: Setting up notification for address: tb1qs6nvlnyhs604adlsulc3p0c4fa0g80uutdukx9
2025-09-16 11:07:08.554 [INF] BTWL btcwallet.go:557: BTCWALLET: Calling chain.NotifyReceived for address: tb1qs6nvlnyhs604adlsulc3p0c4fa0g80uutdukx9
ELECTRUM: NotifyReceived called with 1 addresses
ELECTRUM: Starting fetchAddressHistory for address: tb1qs6nvlnyhs604adlsulc3p0c4fa0g80uutdukx9
2025-09-16 11:07:08.555 [INF] BTWL btcwallet.go:563: BTCWALLET: chain.NotifyReceived completed successfully for address: tb1qs6nvlnyhs604adlsulc3p0c4fa0g80uutdukx9
ELECTRUM: Fetching transaction history for address: tb1qs6nvlnyhs604adlsulc3p0c4fa0g80uutdukx9
ELECTRUM: Calling GetHistory for address: tb1qs6nvlnyhs604adlsulc3p0c4fa0g80uutdukx9, scriptHash: 86be3f5bd32e85596af35440487dae22a79e6fb2679998d38f51fc323189b022
2025-09-16 11:07:08.555 [INF] BTWL btcwallet.go:565: BTCWALLET: Successfully set up notification for address: tb1qs6nvlnyhs604adlsulc3p0c4fa0g80uutdukx9
2025-09-16 11:07:08.555 [INF] BTWL btcwallet.go:548: BTCWALLET: Setting up notification for address: tb1q8chvehh7ptzcfylzsgysk08cm3ppt8fvleeggz
2025-09-16 11:07:08.555 [INF] BTWL btcwallet.go:557: BTCWALLET: Calling chain.NotifyReceived for address: tb1q8chvehh7ptzcfylzsgysk08cm3ppt8fvleeggz
ELECTRUM: NotifyReceived called with 1 addresses
ELECTRUM: Starting fetchAddressHistory for address: tb1q8chvehh7ptzcfylzsgysk08cm3ppt8fvleeggz
2025-09-16 11:07:08.555 [INF] BTWL btcwallet.go:563: BTCWALLET: chain.NotifyReceived completed successfully for address: tb1q8chvehh7ptzcfylzsgysk08cm3ppt8fvleeggz
ELECTRUM: Fetching transaction history for address: tb1q8chvehh7ptzcfylzsgysk08cm3ppt8fvleeggz
ELECTRUM: Calling GetHistory for address: tb1q8chvehh7ptzcfylzsgysk08cm3ppt8fvleeggz, scriptHash: 8b874fe06c0a029126d30048dd68ce279f86ab73018e41fbce4e5db15bbd4d68
2025-09-16 11:07:08.555 [INF] BTWL btcwallet.go:565: BTCWALLET: Successfully set up notification for address: tb1q8chvehh7ptzcfylzsgysk08cm3ppt8fvleeggz
2025-09-16 11:07:08.555 [INF] BTWL btcwallet.go:548: BTCWALLET: Setting up notification for address: tb1q2xgdnhrez9r46a65g4jacpynkjmnfe6f6a7rv9
2025-09-16 11:07:08.555 [INF] BTWL btcwallet.go:557: BTCWALLET: Calling chain.NotifyReceived for address: tb1q2xgdnhrez9r46a65g4jacpynkjmnfe6f6a7rv9
ELECTRUM: NotifyReceived called with 1 addresses
ELECTRUM: Starting fetchAddressHistory for address: tb1q2xgdnhrez9r46a65g4jacpynkjmnfe6f6a7rv9
2025-09-16 11:07:08.555 [INF] BTWL btcwallet.go:563: BTCWALLET: chain.NotifyReceived completed successfully for address: tb1q2xgdnhrez9r46a65g4jacpynkjmnfe6f6a7rv9
ELECTRUM: Fetching transaction history for address: tb1q2xgdnhrez9r46a65g4jacpynkjmnfe6f6a7rv9
ELECTRUM: Calling GetHistory for address: tb1q2xgdnhrez9r46a65g4jacpynkjmnfe6f6a7rv9, scriptHash: 8ffe8589aabc0270d07eb3d7eb59003aea385db49b2f2cda6a405ba17ae25436
2025-09-16 11:07:08.555 [INF] BTWL btcwallet.go:565: BTCWALLET: Successfully set up notification for address: tb1q2xgdnhrez9r46a65g4jacpynkjmnfe6f6a7rv9
2025-09-16 11:07:08.555 [INF] BTWL btcwallet.go:548: BTCWALLET: Setting up notification for address: tb1qjka5z9xsg53v4925jn28umwwz3u5tyh302wg30
2025-09-16 11:07:08.555 [INF] BTWL btcwallet.go:557: BTCWALLET: Calling chain.NotifyReceived for address: tb1qjka5z9xsg53v4925jn28umwwz3u5tyh302wg30
ELECTRUM: NotifyReceived called with 1 addresses
ELECTRUM: Starting fetchAddressHistory for address: tb1qjka5z9xsg53v4925jn28umwwz3u5tyh302wg30
2025-09-16 11:07:08.555 [INF] BTWL btcwallet.go:563: BTCWALLET: chain.NotifyReceived completed successfully for address: tb1qjka5z9xsg53v4925jn28umwwz3u5tyh302wg30
ELECTRUM: Fetching transaction history for address: tb1qjka5z9xsg53v4925jn28umwwz3u5tyh302wg30
ELECTRUM: Calling GetHistory for address: tb1qjka5z9xsg53v4925jn28umwwz3u5tyh302wg30, scriptHash: 30311d2d2edd9aabdf8d1684192145260c6f30c8c843ae927758b737aac07235
2025-09-16 11:07:08.555 [INF] BTWL btcwallet.go:565: BTCWALLET: Successfully set up notification for address: tb1qjka5z9xsg53v4925jn28umwwz3u5tyh302wg30
2025-09-16 11:07:08.555 [INF] BTWL btcwallet.go:548: BTCWALLET: Setting up notification for address: tb1qy84s4sf7y0eetkst3eaah849ky60jdjra09ptk
2025-09-16 11:07:08.555 [INF] BTWL btcwallet.go:557: BTCWALLET: Calling chain.NotifyReceived for address: tb1qy84s4sf7y0eetkst3eaah849ky60jdjra09ptk
ELECTRUM: NotifyReceived called with 1 addresses
ELECTRUM: Starting fetchAddressHistory for address: tb1qy84s4sf7y0eetkst3eaah849ky60jdjra09ptk
2025-09-16 11:07:08.555 [INF] BTWL btcwallet.go:563: BTCWALLET: chain.NotifyReceived completed successfully for address: tb1qy84s4sf7y0eetkst3eaah849ky60jdjra09ptk
ELECTRUM: Fetching transaction history for address: tb1qy84s4sf7y0eetkst3eaah849ky60jdjra09ptk
ELECTRUM: Calling GetHistory for address: tb1qy84s4sf7y0eetkst3eaah849ky60jdjra09ptk, scriptHash: e49ffa552cb23af49332713f9fedd2efce14dc2902c11597fda6ea1fb83468cc
2025-09-16 11:07:08.555 [INF] BTWL btcwallet.go:565: BTCWALLET: Successfully set up notification for address: tb1qy84s4sf7y0eetkst3eaah849ky60jdjra09ptk
2025-09-16 11:07:08.556 [INF] BTWL btcwallet.go:548: BTCWALLET: Setting up notification for address: tb1q84gk7xt5mkcd5d0kn2pj26gep8zdp8esy5jst5
2025-09-16 11:07:08.556 [INF] BTWL btcwallet.go:557: BTCWALLET: Calling chain.NotifyReceived for address: tb1q84gk7xt5mkcd5d0kn2pj26gep8zdp8esy5jst5
ELECTRUM: NotifyReceived called with 1 addresses
ELECTRUM: Starting fetchAddressHistory for address: tb1q84gk7xt5mkcd5d0kn2pj26gep8zdp8esy5jst5
2025-09-16 11:07:08.556 [INF] BTWL btcwallet.go:563: BTCWALLET: chain.NotifyReceived completed successfully for address: tb1q84gk7xt5mkcd5d0kn2pj26gep8zdp8esy5jst5
ELECTRUM: Fetching transaction history for address: tb1q84gk7xt5mkcd5d0kn2pj26gep8zdp8esy5jst5
ELECTRUM: Calling GetHistory for address: tb1q84gk7xt5mkcd5d0kn2pj26gep8zdp8esy5jst5, scriptHash: 0ef136938f4e6ec14f5b140956aa93ab312107d6eed8cc07ab19f19ecfb78117
2025-09-16 11:07:08.556 [INF] BTWL btcwallet.go:565: BTCWALLET: Successfully set up notification for address: tb1q84gk7xt5mkcd5d0kn2pj26gep8zdp8esy5jst5
2025-09-16 11:07:08.556 [INF] BTWL btcwallet.go:548: BTCWALLET: Setting up notification for address: tb1qf07tpug9zz6vffhhm3amvqtujhldkcv2j2wycf
2025-09-16 11:07:08.556 [INF] BTWL btcwallet.go:557: BTCWALLET: Calling chain.NotifyReceived for address: tb1qf07tpug9zz6vffhhm3amvqtujhldkcv2j2wycf
ELECTRUM: NotifyReceived called with 1 addresses
ELECTRUM: Starting fetchAddressHistory for address: tb1qf07tpug9zz6vffhhm3amvqtujhldkcv2j2wycf
2025-09-16 11:07:08.556 [INF] BTWL btcwallet.go:563: BTCWALLET: chain.NotifyReceived completed successfully for address: tb1qf07tpug9zz6vffhhm3amvqtujhldkcv2j2wycf
ELECTRUM: Fetching transaction history for address: tb1qf07tpug9zz6vffhhm3amvqtujhldkcv2j2wycf
ELECTRUM: Calling GetHistory for address: tb1qf07tpug9zz6vffhhm3amvqtujhldkcv2j2wycf, scriptHash: fb61782f1e6f1393af564ec097b0ea9834062d5649138e20295f647f97a5361c
2025-09-16 11:07:08.556 [INF] BTWL btcwallet.go:565: BTCWALLET: Successfully set up notification for address: tb1qf07tpug9zz6vffhhm3amvqtujhldkcv2j2wycf
2025-09-16 11:07:08.556 [INF] BTWL btcwallet.go:548: BTCWALLET: Setting up notification for address: tb1pv6wu2k2pls6eclghkyv4rehmv8pf93kj5x7pejzak3gzd3a9778shsgnq0
2025-09-16 11:07:08.556 [INF] BTWL btcwallet.go:557: BTCWALLET: Calling chain.NotifyReceived for address: tb1pv6wu2k2pls6eclghkyv4rehmv8pf93kj5x7pejzak3gzd3a9778shsgnq0
ELECTRUM: NotifyReceived called with 1 addresses
ELECTRUM: Starting fetchAddressHistory for address: tb1pv6wu2k2pls6eclghkyv4rehmv8pf93kj5x7pejzak3gzd3a9778shsgnq0
2025-09-16 11:07:08.556 [INF] BTWL btcwallet.go:563: BTCWALLET: chain.NotifyReceived completed successfully for address: tb1pv6wu2k2pls6eclghkyv4rehmv8pf93kj5x7pejzak3gzd3a9778shsgnq0
ELECTRUM: Fetching transaction history for address: tb1pv6wu2k2pls6eclghkyv4rehmv8pf93kj5x7pejzak3gzd3a9778shsgnq0
ELECTRUM: Calling GetHistory for address: tb1pv6wu2k2pls6eclghkyv4rehmv8pf93kj5x7pejzak3gzd3a9778shsgnq0, scriptHash: 8578ba4feebf5378a3775363d531f253b8fbf9b00df139d1346ef1cbb8d17245
2025-09-16 11:07:08.556 [INF] BTWL btcwallet.go:565: BTCWALLET: Successfully set up notification for address: tb1pv6wu2k2pls6eclghkyv4rehmv8pf93kj5x7pejzak3gzd3a9778shsgnq0
2025-09-16 11:07:08.556 [INF] BTWL btcwallet.go:548: BTCWALLET: Setting up notification for address: tb1pqxhwj0c5z7jkz6pcur2lryehylrl4yzh0fvgphnpf769578k2qwqq8pvqd
2025-09-16 11:07:08.556 [INF] BTWL btcwallet.go:557: BTCWALLET: Calling chain.NotifyReceived for address: tb1pqxhwj0c5z7jkz6pcur2lryehylrl4yzh0fvgphnpf769578k2qwqq8pvqd
ELECTRUM: NotifyReceived called with 1 addresses
ELECTRUM: Starting fetchAddressHistory for address: tb1pqxhwj0c5z7jkz6pcur2lryehylrl4yzh0fvgphnpf769578k2qwqq8pvqd
2025-09-16 11:07:08.556 [INF] BTWL btcwallet.go:563: BTCWALLET: chain.NotifyReceived completed successfully for address: tb1pqxhwj0c5z7jkz6pcur2lryehylrl4yzh0fvgphnpf769578k2qwqq8pvqd
ELECTRUM: Fetching transaction history for address: tb1pqxhwj0c5z7jkz6pcur2lryehylrl4yzh0fvgphnpf769578k2qwqq8pvqd
ELECTRUM: Calling GetHistory for address: tb1pqxhwj0c5z7jkz6pcur2lryehylrl4yzh0fvgphnpf769578k2qwqq8pvqd, scriptHash: b4b1be16fa88724c29732edb1ff71e5ab276106ae5fc1021dbec298966da0b83
2025-09-16 11:07:08.556 [INF] BTWL btcwallet.go:565: BTCWALLET: Successfully set up notification for address: tb1pqxhwj0c5z7jkz6pcur2lryehylrl4yzh0fvgphnpf769578k2qwqq8pvqd
2025-09-16 11:07:08.556 [INF] BTWL btcwallet.go:548: BTCWALLET: Setting up notification for address: tb1pyts089s2l3zpfhculluw6lxzwfsary8cj9m26edtrqxss7p7qydqat9hw2
2025-09-16 11:07:08.556 [INF] BTWL btcwallet.go:557: BTCWALLET: Calling chain.NotifyReceived for address: tb1pyts089s2l3zpfhculluw6lxzwfsary8cj9m26edtrqxss7p7qydqat9hw2
ELECTRUM: NotifyReceived called with 1 addresses
ELECTRUM: Starting fetchAddressHistory for address: tb1pyts089s2l3zpfhculluw6lxzwfsary8cj9m26edtrqxss7p7qydqat9hw2
2025-09-16 11:07:08.557 [INF] BTWL btcwallet.go:563: BTCWALLET: chain.NotifyReceived completed successfully for address: tb1pyts089s2l3zpfhculluw6lxzwfsary8cj9m26edtrqxss7p7qydqat9hw2
ELECTRUM: Fetching transaction history for address: tb1pyts089s2l3zpfhculluw6lxzwfsary8cj9m26edtrqxss7p7qydqat9hw2
ELECTRUM: Calling GetHistory for address: tb1pyts089s2l3zpfhculluw6lxzwfsary8cj9m26edtrqxss7p7qydqat9hw2, scriptHash: f67a34ebd66063c1a926b52c9a5e00f290e890e3b2a8b3acf99e6ca0840e2c69
2025-09-16 11:07:08.557 [INF] BTWL btcwallet.go:565: BTCWALLET: Successfully set up notification for address: tb1pyts089s2l3zpfhculluw6lxzwfsary8cj9m26edtrqxss7p7qydqat9hw2
2025-09-16 11:07:08.557 [INF] BTWL btcwallet.go:548: BTCWALLET: Setting up notification for address: tb1py0jfpc0ft4zsfhg7p3peze4q6wdl9l2gfwzf8ar64skxkhz9v9lsuhm2g4
2025-09-16 11:07:08.557 [INF] BTWL btcwallet.go:557: BTCWALLET: Calling chain.NotifyReceived for address: tb1py0jfpc0ft4zsfhg7p3peze4q6wdl9l2gfwzf8ar64skxkhz9v9lsuhm2g4
ELECTRUM: NotifyReceived called with 1 addresses
ELECTRUM: Starting fetchAddressHistory for address: tb1py0jfpc0ft4zsfhg7p3peze4q6wdl9l2gfwzf8ar64skxkhz9v9lsuhm2g4
2025-09-16 11:07:08.557 [INF] BTWL btcwallet.go:563: BTCWALLET: chain.NotifyReceived completed successfully for address: tb1py0jfpc0ft4zsfhg7p3peze4q6wdl9l2gfwzf8ar64skxkhz9v9lsuhm2g4
ELECTRUM: Fetching transaction history for address: tb1py0jfpc0ft4zsfhg7p3peze4q6wdl9l2gfwzf8ar64skxkhz9v9lsuhm2g4
ELECTRUM: Calling GetHistory for address: tb1py0jfpc0ft4zsfhg7p3peze4q6wdl9l2gfwzf8ar64skxkhz9v9lsuhm2g4, scriptHash: 1f1546aea3cb0bbe6272bb05f049b1d43ea9cd69a421402946f1e21b67d24a7f
2025-09-16 11:07:08.557 [INF] BTWL btcwallet.go:565: BTCWALLET: Successfully set up notification for address: tb1py0jfpc0ft4zsfhg7p3peze4q6wdl9l2gfwzf8ar64skxkhz9v9lsuhm2g4
2025-09-16 11:07:08.557 [INF] BTWL btcwallet.go:548: BTCWALLET: Setting up notification for address: tb1putvlls3ekqm74khy2ls7hdadxn4ldxsuh9v2thg7hyht9ysjlvsqqwjnw6
2025-09-16 11:07:08.557 [INF] BTWL btcwallet.go:557: BTCWALLET: Calling chain.NotifyReceived for address: tb1putvlls3ekqm74khy2ls7hdadxn4ldxsuh9v2thg7hyht9ysjlvsqqwjnw6
ELECTRUM: NotifyReceived called with 1 addresses
ELECTRUM: Starting fetchAddressHistory for address: tb1putvlls3ekqm74khy2ls7hdadxn4ldxsuh9v2thg7hyht9ysjlvsqqwjnw6
2025-09-16 11:07:08.557 [INF] BTWL btcwallet.go:563: BTCWALLET: chain.NotifyReceived completed successfully for address: tb1putvlls3ekqm74khy2ls7hdadxn4ldxsuh9v2thg7hyht9ysjlvsqqwjnw6
ELECTRUM: Fetching transaction history for address: tb1putvlls3ekqm74khy2ls7hdadxn4ldxsuh9v2thg7hyht9ysjlvsqqwjnw6
ELECTRUM: Calling GetHistory for address: tb1putvlls3ekqm74khy2ls7hdadxn4ldxsuh9v2thg7hyht9ysjlvsqqwjnw6, scriptHash: 772c610aa6b1b17496234e4d5e817a7bb5a9bedae737ff88e3f62109756fbe0f
2025-09-16 11:07:08.557 [INF] BTWL btcwallet.go:565: BTCWALLET: Successfully set up notification for address: tb1putvlls3ekqm74khy2ls7hdadxn4ldxsuh9v2thg7hyht9ysjlvsqqwjnw6
2025-09-16 11:07:08.557 [INF] BTWL btcwallet.go:548: BTCWALLET: Setting up notification for address: tb1pm2zwfrhd04ue5dqlwt8nvg9vdd8kcp75nsh3lmnat2mqmelg2vks5vkvfj
2025-09-16 11:07:08.557 [INF] BTWL btcwallet.go:557: BTCWALLET: Calling chain.NotifyReceived for address: tb1pm2zwfrhd04ue5dqlwt8nvg9vdd8kcp75nsh3lmnat2mqmelg2vks5vkvfj
ELECTRUM: NotifyReceived called with 1 addresses
ELECTRUM: Starting fetchAddressHistory for address: tb1pm2zwfrhd04ue5dqlwt8nvg9vdd8kcp75nsh3lmnat2mqmelg2vks5vkvfj
2025-09-16 11:07:08.557 [INF] BTWL btcwallet.go:563: BTCWALLET: chain.NotifyReceived completed successfully for address: tb1pm2zwfrhd04ue5dqlwt8nvg9vdd8kcp75nsh3lmnat2mqmelg2vks5vkvfj
ELECTRUM: Fetching transaction history for address: tb1pm2zwfrhd04ue5dqlwt8nvg9vdd8kcp75nsh3lmnat2mqmelg2vks5vkvfj
ELECTRUM: Calling GetHistory for address: tb1pm2zwfrhd04ue5dqlwt8nvg9vdd8kcp75nsh3lmnat2mqmelg2vks5vkvfj, scriptHash: c5c501974b54b604a07b751557f5492a62e0024f3b6de9e8a3c970fe9f4e8f65
2025-09-16 11:07:08.557 [INF] BTWL btcwallet.go:565: BTCWALLET: Successfully set up notification for address: tb1pm2zwfrhd04ue5dqlwt8nvg9vdd8kcp75nsh3lmnat2mqmelg2vks5vkvfj
2025-09-16 11:07:08.558 [INF] BTWL btcwallet.go:548: BTCWALLET: Setting up notification for address: tb1pvhkycu546rfek5tpkmns0dwxc7v74ul3dlad7as8gflywg3plsvqy8mc4j
2025-09-16 11:07:08.558 [INF] BTWL btcwallet.go:557: BTCWALLET: Calling chain.NotifyReceived for address: tb1pvhkycu546rfek5tpkmns0dwxc7v74ul3dlad7as8gflywg3plsvqy8mc4j
ELECTRUM: NotifyReceived called with 1 addresses
ELECTRUM: Starting fetchAddressHistory for address: tb1pvhkycu546rfek5tpkmns0dwxc7v74ul3dlad7as8gflywg3plsvqy8mc4j
2025-09-16 11:07:08.558 [INF] BTWL btcwallet.go:563: BTCWALLET: chain.NotifyReceived completed successfully for address: tb1pvhkycu546rfek5tpkmns0dwxc7v74ul3dlad7as8gflywg3plsvqy8mc4j
ELECTRUM: Fetching transaction history for address: tb1pvhkycu546rfek5tpkmns0dwxc7v74ul3dlad7as8gflywg3plsvqy8mc4j
ELECTRUM: Calling GetHistory for address: tb1pvhkycu546rfek5tpkmns0dwxc7v74ul3dlad7as8gflywg3plsvqy8mc4j, scriptHash: 8c695d50cc3c9b971f716464bca5a0adcd8d5334c79d76ffe4776646c0a2228f
2025-09-16 11:07:08.558 [INF] BTWL btcwallet.go:565: BTCWALLET: Successfully set up notification for address: tb1pvhkycu546rfek5tpkmns0dwxc7v74ul3dlad7as8gflywg3plsvqy8mc4j
2025-09-16 11:07:08.558 [INF] BTWL btcwallet.go:548: BTCWALLET: Setting up notification for address: tb1p0gzw3zejyhpcnhel6fk44utj2wdvt6qeqm98nqxu6j56fcwme4psvdhc46
2025-09-16 11:07:08.558 [INF] BTWL btcwallet.go:557: BTCWALLET: Calling chain.NotifyReceived for address: tb1p0gzw3zejyhpcnhel6fk44utj2wdvt6qeqm98nqxu6j56fcwme4psvdhc46
ELECTRUM: NotifyReceived called with 1 addresses
ELECTRUM: Starting fetchAddressHistory for address: tb1p0gzw3zejyhpcnhel6fk44utj2wdvt6qeqm98nqxu6j56fcwme4psvdhc46
2025-09-16 11:07:08.558 [INF] BTWL btcwallet.go:563: BTCWALLET: chain.NotifyReceived completed successfully for address: tb1p0gzw3zejyhpcnhel6fk44utj2wdvt6qeqm98nqxu6j56fcwme4psvdhc46
ELECTRUM: Fetching transaction history for address: tb1p0gzw3zejyhpcnhel6fk44utj2wdvt6qeqm98nqxu6j56fcwme4psvdhc46
ELECTRUM: Calling GetHistory for address: tb1p0gzw3zejyhpcnhel6fk44utj2wdvt6qeqm98nqxu6j56fcwme4psvdhc46, scriptHash: e5d8548e6042aa54fcbebb2539efa284c89350ce19c9141286a2f910de14df05
2025-09-16 11:07:08.558 [INF] BTWL btcwallet.go:565: BTCWALLET: Successfully set up notification for address: tb1p0gzw3zejyhpcnhel6fk44utj2wdvt6qeqm98nqxu6j56fcwme4psvdhc46
2025-09-16 11:07:08.558 [INF] BTWL btcwallet.go:548: BTCWALLET: Setting up notification for address: tb1pdt36eq5eqqfmretmf5fttd08w0xvwvz6xlyzy85mn7ae4fxag0gs84m89j
2025-09-16 11:07:08.558 [INF] BTWL btcwallet.go:557: BTCWALLET: Calling chain.NotifyReceived for address: tb1pdt36eq5eqqfmretmf5fttd08w0xvwvz6xlyzy85mn7ae4fxag0gs84m89j
ELECTRUM: NotifyReceived called with 1 addresses
ELECTRUM: Starting fetchAddressHistory for address: tb1pdt36eq5eqqfmretmf5fttd08w0xvwvz6xlyzy85mn7ae4fxag0gs84m89j
2025-09-16 11:07:08.558 [INF] BTWL btcwallet.go:563: BTCWALLET: chain.NotifyReceived completed successfully for address: tb1pdt36eq5eqqfmretmf5fttd08w0xvwvz6xlyzy85mn7ae4fxag0gs84m89j
ELECTRUM: Fetching transaction history for address: tb1pdt36eq5eqqfmretmf5fttd08w0xvwvz6xlyzy85mn7ae4fxag0gs84m89j
ELECTRUM: Calling GetHistory for address: tb1pdt36eq5eqqfmretmf5fttd08w0xvwvz6xlyzy85mn7ae4fxag0gs84m89j, scriptHash: a316d302121d1b62c9b4ec3de415b72930916c9b2fecde6d85dcb59e82024e3d
2025-09-16 11:07:08.558 [INF] BTWL btcwallet.go:565: BTCWALLET: Successfully set up notification for address: tb1pdt36eq5eqqfmretmf5fttd08w0xvwvz6xlyzy85mn7ae4fxag0gs84m89j
2025-09-16 11:07:08.558 [INF] BTWL btcwallet.go:463: BTCWALLET: Completed setting up notifications for 46 addresses
2025-09-16 11:07:08.558 [INF] BTWL btcwallet.go:415: BTCWALLET: Electrum address notifications set up successfully
2025/09/16 11:07:08 ELECTRUM: GetBestBlock called
2025/09/16 11:07:08 ELECTRUM: Subscribing to headers to get current height
ELECTRUM: getTransactionValue: Transaction result type: *electrum.GetTransactionResult, fields: 12
ELECTRUM: getTransactionValue: Field 0: Blockhash = 000000000001e10a952d521ee1dd4fea2b58e4e4e38f36c973ebfc92e90fb7d6 (type: string)
ELECTRUM: getTransactionValue: Field 1: Blocktime = 1758029154 (type: uint64)
ELECTRUM: getTransactionValue: Field 2: Confirmations = 3800 (type: int32)
ELECTRUM: getTransactionValue: Field 3: Hash = 79257b4fbbb8885b6bbc2efecff4e9dfdb799a8871e223780cb54ac1ca15cb15 (type: string)
ELECTRUM: getTransactionValue: Field 4: Hex = 01000000000101abafdb07f6944dadbc3aeaea3d20af45d416365a07f02a3608e0015ba1c2ab510100000000ffffffff021f20a30000000000225120bcae08581d1e0f6c335d62afd89bfc1a4f70f2f3191847866e3d07ea86104f9beb1000000000000022512065ec4c7295d0d39b5161b6e707b5c6c799eaf3f16ffadf7607427e472221fc180140ee89d845610998471bac8849ed2b2273b8d0d3a8bab6f2f3403a904ea66a613d3d68645e2931e79f8f78dc5f46b75e56072a8822e873dee9f6b2b4094de36cd600000000 (type: string)
ELECTRUM: getTransactionValue: Field 5: Locktime = 0 (type: uint32)
ELECTRUM: getTransactionValue: Field 6: Size = 205 (type: uint32)
ELECTRUM: getTransactionValue: Field 7: Time = 1758029154 (type: uint64)
ELECTRUM: getTransactionValue: Field 8: Version = 1 (type: uint32)
ELECTRUM: getTransactionValue: Field 9: Vin = [{ 0x14000115680 4294967295 51abc2a15b01e008362af0075a3616d445af203deaea3abcad4d94f607dbafab 1}] (type: []electrum.Vin)
ELECTRUM: getTransactionValue: Field 10: Vout = [{0 {[] 1 bcae08581d1e0f6c335d62afd89bfc1a4f70f2f3191847866e3d07ea86104f9b 5120bcae08581d1e0f6c335d62afd89bfc1a4f70f2f3191847866e3d07ea86104f9b 0 witness_v1_taproot} 0.10690591} {1 {[] 1 65ec4c7295d0d39b5161b6e707b5c6c799eaf3f16ffadf7607427e472221fc18 512065ec4c7295d0d39b5161b6e707b5c6c799eaf3f16ffadf7607427e472221fc18 0 witness_v1_taproot} 4.331e-05}] (type: []electrum.Vout)
ELECTRUM: getTransactionValue: Field 11: Merkle = {[] 0 0} (type: electrum.GetMerkleProofResult)
ELECTRUM: getTransactionValue: Processing 2 Vout entries for transaction 57d7e5a301f0f54500424260dcc2b9825574b77e89a4f019d9af0df573bf443b
ELECTRUM: getTransactionValue: Processing Vout entry 0 for transaction 57d7e5a301f0f54500424260dcc2b9825574b77e89a4f019d9af0df573bf443b
ELECTRUM: getTransactionValue: Vout[0] Field 0: N = 0 (type: uint32)
ELECTRUM: getTransactionValue: Vout[0] Field 1: ScriptPubkey = {[] 1 bcae08581d1e0f6c335d62afd89bfc1a4f70f2f3191847866e3d07ea86104f9b 5120bcae08581d1e0f6c335d62afd89bfc1a4f70f2f3191847866e3d07ea86104f9b 0 witness_v1_taproot} (type: electrum.ScriptPubkey)
ELECTRUM: getTransactionValue: Vout[0] Field 2: Value = 0.10690591 (type: float64)
ELECTRUM: getTransactionValue: Vout[0] has value 0.106906 BTC (10690591 satoshis)
ELECTRUM: getTransactionValue: Vout[0] ScriptPubkey type: electrum.ScriptPubkey
ELECTRUM: getTransactionValue: Vout[0] ScriptPubkey has 5 fields
ELECTRUM: getTransactionValue: Vout[0] ScriptPubkey Field 0: Addresses = [] (type: []string)
ELECTRUM: getTransactionValue: Vout[0] ScriptPubkey Field 1: Asm = 1 bcae08581d1e0f6c335d62afd89bfc1a4f70f2f3191847866e3d07ea86104f9b (type: string)
ELECTRUM: getTransactionValue: Vout[0] ScriptPubkey Field 2: Hex = 5120bcae08581d1e0f6c335d62afd89bfc1a4f70f2f3191847866e3d07ea86104f9b (type: string)
ELECTRUM: getTransactionValue: Vout[0] ScriptPubkey Field 3: ReqSigs = 0 (type: uint32)
ELECTRUM: getTransactionValue: Vout[0] ScriptPubkey Field 4: Type = witness_v1_taproot (type: string)
ELECTRUM: getTransactionValue: Vout[0] extracted script hex from Hex field: 5120bcae08581d1e0f6c335d62afd89bfc1a4f70f2f3191847866e3d07ea86104f9b
ELECTRUM: getTransactionValue: Vout[0] calculated script hash: 3e1ff1200029e270b283707ae71fbc8812fb6e7c3bd2e19d5e45251eec1480de, target: 8c695d50cc3c9b971f716464bca5a0adcd8d5334c79d76ffe4776646c0a2228f
ELECTRUM: getTransactionValue: Vout[0] does not match our script hash, skipping
ELECTRUM: getTransactionValue: Processing Vout entry 1 for transaction 57d7e5a301f0f54500424260dcc2b9825574b77e89a4f019d9af0df573bf443b
ELECTRUM: getTransactionValue: Vout[1] Field 0: N = 1 (type: uint32)
ELECTRUM: getTransactionValue: Vout[1] Field 1: ScriptPubkey = {[] 1 65ec4c7295d0d39b5161b6e707b5c6c799eaf3f16ffadf7607427e472221fc18 512065ec4c7295d0d39b5161b6e707b5c6c799eaf3f16ffadf7607427e472221fc18 0 witness_v1_taproot} (type: electrum.ScriptPubkey)
ELECTRUM: getTransactionValue: Vout[1] Field 2: Value = 4.331e-05 (type: float64)
ELECTRUM: getTransactionValue: Vout[1] has value 0.000043 BTC (4331 satoshis)
ELECTRUM: getTransactionValue: Vout[1] ScriptPubkey type: electrum.ScriptPubkey
ELECTRUM: getTransactionValue: Vout[1] ScriptPubkey has 5 fields
ELECTRUM: getTransactionValue: Vout[1] ScriptPubkey Field 0: Addresses = [] (type: []string)
ELECTRUM: getTransactionValue: Vout[1] ScriptPubkey Field 1: Asm = 1 65ec4c7295d0d39b5161b6e707b5c6c799eaf3f16ffadf7607427e472221fc18 (type: string)
ELECTRUM: getTransactionValue: Vout[1] ScriptPubkey Field 2: Hex = 512065ec4c7295d0d39b5161b6e707b5c6c799eaf3f16ffadf7607427e472221fc18 (type: string)
ELECTRUM: getTransactionValue: Vout[1] ScriptPubkey Field 3: ReqSigs = 0 (type: uint32)
ELECTRUM: getTransactionValue: Vout[1] ScriptPubkey Field 4: Type = witness_v1_taproot (type: string)
ELECTRUM: getTransactionValue: Vout[1] extracted script hex from Hex field: 512065ec4c7295d0d39b5161b6e707b5c6c799eaf3f16ffadf7607427e472221fc18
ELECTRUM: getTransactionValue: Vout[1] calculated script hash: 8c695d50cc3c9b971f716464bca5a0adcd8d5334c79d76ffe4776646c0a2228f, target: 8c695d50cc3c9b971f716464bca5a0adcd8d5334c79d76ffe4776646c0a2228f
ELECTRUM: getTransactionValue: Vout[1] matches our script hash, adding 4331 satoshis
ELECTRUM: buildTransactionDetail: Transaction 57d7e5a301f0f54500424260dcc2b9825574b77e89a4f019d9af0df573bf443b has actual value 4331 satoshis
2025/09/16 11:07:08 ELECTRUM: GetBlockHash called for height: 4661549
ELECTRUM: Processing transaction 0 for address tb1qzja2zr3jt2tn5j4emss49745hwdxagaqvru8d4
ELECTRUM: Calling buildTransactionDetail for entry 0
ELECTRUM: buildTransactionDetail called with entry type: *electrum.GetMempoolResult
ELECTRUM: buildTransactionDetail: Transaction 25cd595c95040e2b75b6a0e6b20ee96db31aeb75c6b8e7c44c720f9bd1527963 has height: 4660785
ELECTRUM: buildTransactionDetail: About to call GetTransaction for 25cd595c95040e2b75b6a0e6b20ee96db31aeb75c6b8e7c44c720f9bd1527963
ELECTRUM: buildTransactionDetail: Getting transaction details for 25cd595c95040e2b75b6a0e6b20ee96db31aeb75c6b8e7c44c720f9bd1527963
ELECTRUM: Processing transaction 0 for address tb1pv6wu2k2pls6eclghkyv4rehmv8pf93kj5x7pejzak3gzd3a9778shsgnq0
ELECTRUM: Calling buildTransactionDetail for entry 0
ELECTRUM: buildTransactionDetail called with entry type: *electrum.GetMempoolResult
ELECTRUM: Processing transaction 0 for address tb1py0jfpc0ft4zsfhg7p3peze4q6wdl9l2gfwzf8ar64skxkhz9v9lsuhm2g4
ELECTRUM: Calling buildTransactionDetail for entry 0
ELECTRUM: buildTransactionDetail called with entry type: *electrum.GetMempoolResult
ELECTRUM: buildTransactionDetail: Transaction 480e83a34f676e6fcff1d82c4b2f7b2132407fd27b73878de31f52da6305fd94 has height: 4661802
ELECTRUM: Processing transaction 0 for address tb1pvhkycu546rfek5tpkmns0dwxc7v74ul3dlad7as8gflywg3plsvqy8mc4j
ELECTRUM: Calling buildTransactionDetail for entry 0
ELECTRUM: buildTransactionDetail called with entry type: *electrum.GetMempoolResult
ELECTRUM: Processing transaction 0 for address tb1pyts089s2l3zpfhculluw6lxzwfsary8cj9m26edtrqxss7p7qydqat9hw2
ELECTRUM: Calling buildTransactionDetail for entry 0
ELECTRUM: buildTransactionDetail called with entry type: *electrum.GetMempoolResult
ELECTRUM: buildTransactionDetail: About to call GetTransaction for 480e83a34f676e6fcff1d82c4b2f7b2132407fd27b73878de31f52da6305fd94
ELECTRUM: buildTransactionDetail: Getting transaction details for 480e83a34f676e6fcff1d82c4b2f7b2132407fd27b73878de31f52da6305fd94
ELECTRUM: buildTransactionDetail: Transaction 51abc2a15b01e008362af0075a3616d445af203deaea3abcad4d94f607dbafab has height: 4661302
ELECTRUM: buildTransactionDetail: About to call GetTransaction for 51abc2a15b01e008362af0075a3616d445af203deaea3abcad4d94f607dbafab
ELECTRUM: buildTransactionDetail: Getting transaction details for 51abc2a15b01e008362af0075a3616d445af203deaea3abcad4d94f607dbafab
ELECTRUM: buildTransactionDetail: Transaction 53c28422f27e5b7d71977dfbc73a0c85480a9d618c75b05b4cbaf178747f914b has height: 4660782
ELECTRUM: buildTransactionDetail: About to call GetTransaction for 53c28422f27e5b7d71977dfbc73a0c85480a9d618c75b05b4cbaf178747f914b
ELECTRUM: buildTransactionDetail: Getting transaction details for 53c28422f27e5b7d71977dfbc73a0c85480a9d618c75b05b4cbaf178747f914b
ELECTRUM: buildTransactionDetail: Transaction 57d7e5a301f0f54500424260dcc2b9825574b77e89a4f019d9af0df573bf443b has height: 4661549
ELECTRUM: buildTransactionDetail: About to call GetTransaction for 57d7e5a301f0f54500424260dcc2b9825574b77e89a4f019d9af0df573bf443b
ELECTRUM: buildTransactionDetail: Getting transaction details for 57d7e5a301f0f54500424260dcc2b9825574b77e89a4f019d9af0df573bf443b
2025/09/16 11:07:08 ELECTRUM: Got current height 4665348 from headers subscription
2025/09/16 11:07:08 ELECTRUM: Returning hash 0000000000003c87f859eb9e389dc19bafd8d033d4d45e3495a20dcea2320526 for height 4665348 (from headers subscription)
2025/09/16 11:07:08 ELECTRUM: GetBlockHeader called for hash: 0000000000003c87f859eb9e389dc19bafd8d033d4d45e3495a20dcea2320526
2025/09/16 11:07:08 ELECTRUM: GetBestBlock called
2025/09/16 11:07:08 ELECTRUM: Subscribing to headers to get current height
2025-09-16 11:07:09.037 [INF] BTWL btcwallet.go:480: BTCWALLET: Received transaction callback - txHash: 57d7e5a301f0f54500424260dcc2b9825574b77e89a4f019d9af0df573bf443b, address: tb1pvhkycu546rfek5tpkmns0dwxc7v74ul3dlad7as8gflywg3plsvqy8mc4j, value: 4331, confirmations: 3799
2025-09-16 11:07:09.038 [INF] BTWL btcwallet.go:504: BTCWALLET: Integrating discovered transaction 57d7e5a301f0f54500424260dcc2b9825574b77e89a4f019d9af0df573bf443b for address tb1pvhkycu546rfek5tpkmns0dwxc7v74ul3dlad7as8gflywg3plsvqy8mc4j (value: 4331, confirmations: 3799)
2025-09-16 11:07:09.038 [INF] BTWL btcwallet.go:540: BTCWALLET: Successfully integrated transaction 57d7e5a301f0f54500424260dcc2b9825574b77e89a4f019d9af0df573bf443b (value: 4331 satoshis, confirmations: 3799)
2025-09-16 11:07:09.038 [INF] BTWL btcwallet.go:488: BTCWALLET: Successfully integrated discovered transaction 57d7e5a301f0f54500424260dcc2b9825574b77e89a4f019d9af0df573bf443b
ELECTRUM: buildTransactionDetail: Successfully got transaction 51abc2a15b01e008362af0075a3616d445af203deaea3abcad4d94f607dbafab
ELECTRUM: buildTransactionDetail: GetTransaction succeeded for 51abc2a15b01e008362af0075a3616d445af203deaea3abcad4d94f607dbafab, processing result
ELECTRUM: buildTransactionDetail: Processing transaction result for 51abc2a15b01e008362af0075a3616d445af203deaea3abcad4d94f607dbafab
ELECTRUM: buildTransactionDetail: Transaction result is not nil for 51abc2a15b01e008362af0075a3616d445af203deaea3abcad4d94f607dbafab
ELECTRUM: buildTransactionDetail: Attempting to get actual value for transaction 51abc2a15b01e008362af0075a3616d445af203deaea3abcad4d94f607dbafab
ELECTRUM: buildTransactionDetail: Successfully got transaction 25cd595c95040e2b75b6a0e6b20ee96db31aeb75c6b8e7c44c720f9bd1527963
ELECTRUM: buildTransactionDetail: GetTransaction succeeded for 25cd595c95040e2b75b6a0e6b20ee96db31aeb75c6b8e7c44c720f9bd1527963, processing result
ELECTRUM: buildTransactionDetail: Successfully got transaction 480e83a34f676e6fcff1d82c4b2f7b2132407fd27b73878de31f52da6305fd94
ELECTRUM: buildTransactionDetail: GetTransaction succeeded for 480e83a34f676e6fcff1d82c4b2f7b2132407fd27b73878de31f52da6305fd94, processing result
ELECTRUM: buildTransactionDetail: Processing transaction result for 480e83a34f676e6fcff1d82c4b2f7b2132407fd27b73878de31f52da6305fd94
ELECTRUM: buildTransactionDetail: Transaction result is not nil for 480e83a34f676e6fcff1d82c4b2f7b2132407fd27b73878de31f52da6305fd94
ELECTRUM: buildTransactionDetail: Attempting to get actual value for transaction 480e83a34f676e6fcff1d82c4b2f7b2132407fd27b73878de31f52da6305fd94
ELECTRUM: buildTransactionDetail: Processing transaction result for 25cd595c95040e2b75b6a0e6b20ee96db31aeb75c6b8e7c44c720f9bd1527963
ELECTRUM: buildTransactionDetail: Transaction result is not nil for 25cd595c95040e2b75b6a0e6b20ee96db31aeb75c6b8e7c44c720f9bd1527963
ELECTRUM: buildTransactionDetail: Attempting to get actual value for transaction 25cd595c95040e2b75b6a0e6b20ee96db31aeb75c6b8e7c44c720f9bd1527963
ELECTRUM: buildTransactionDetail: Successfully got transaction 57d7e5a301f0f54500424260dcc2b9825574b77e89a4f019d9af0df573bf443b
ELECTRUM: buildTransactionDetail: GetTransaction succeeded for 57d7e5a301f0f54500424260dcc2b9825574b77e89a4f019d9af0df573bf443b, processing result
ELECTRUM: buildTransactionDetail: Processing transaction result for 57d7e5a301f0f54500424260dcc2b9825574b77e89a4f019d9af0df573bf443b
ELECTRUM: buildTransactionDetail: Transaction result is not nil for 57d7e5a301f0f54500424260dcc2b9825574b77e89a4f019d9af0df573bf443b
ELECTRUM: buildTransactionDetail: Attempting to get actual value for transaction 57d7e5a301f0f54500424260dcc2b9825574b77e89a4f019d9af0df573bf443b
ELECTRUM: buildTransactionDetail: Successfully got transaction 53c28422f27e5b7d71977dfbc73a0c85480a9d618c75b05b4cbaf178747f914b
ELECTRUM: buildTransactionDetail: GetTransaction succeeded for 53c28422f27e5b7d71977dfbc73a0c85480a9d618c75b05b4cbaf178747f914b, processing result
ELECTRUM: buildTransactionDetail: Processing transaction result for 53c28422f27e5b7d71977dfbc73a0c85480a9d618c75b05b4cbaf178747f914b
ELECTRUM: buildTransactionDetail: Transaction result is not nil for 53c28422f27e5b7d71977dfbc73a0c85480a9d618c75b05b4cbaf178747f914b
ELECTRUM: buildTransactionDetail: Attempting to get actual value for transaction 53c28422f27e5b7d71977dfbc73a0c85480a9d618c75b05b4cbaf178747f914b
2025/09/16 11:07:09 ELECTRUM: Got current height 4665348 from headers subscription
2025/09/16 11:07:09 ELECTRUM: Returning hash 0000000000003c87f859eb9e389dc19bafd8d033d4d45e3495a20dcea2320526 for height 4665348 (from headers subscription)
ELECTRUM: getTransactionValue: Transaction result type: *electrum.GetTransactionResult, fields: 12
ELECTRUM: getTransactionValue: Transaction result type: *electrum.GetTransactionResult, fields: 12
ELECTRUM: getTransactionValue: Field 0: Blockhash = 00000000000000673a2cc7418fcfc9ace5b5884689f671dbb7eeab05b8090e88 (type: string)
ELECTRUM: getTransactionValue: Field 0: Blockhash = 000000000000d9d0b2232466509b2064dc52a17e0281d0a41cb22b82b056a939 (type: string)
ELECTRUM: getTransactionValue: Field 1: Blocktime = 1758029049 (type: uint64)
ELECTRUM: getTransactionValue: Field 2: Confirmations = 4047 (type: int32)
ELECTRUM: getTransactionValue: Field 3: Hash = 2a00084f427029c04184dd7c2a7f005a307033bcca717762d460c4c25fc51494 (type: string)
ELECTRUM: getTransactionValue: Transaction result type: *electrum.GetTransactionResult, fields: 12
ELECTRUM: getTransactionValue: Transaction result type: *electrum.GetTransactionResult, fields: 12
ELECTRUM: getTransactionValue: Field 0: Blockhash = 0000000000000042e460b9fad2e9532cf1cc3f4170a53d9d26ab6e78ff236847 (type: string)
ELECTRUM: getTransactionValue: Field 1: Blocktime = 1757981159 (type: uint64)
ELECTRUM: getTransactionValue: Field 2: Confirmations = 4567 (type: int32)
ELECTRUM: getTransactionValue: Field 3: Hash = 15c263df20efdbc1e9a831e492e4448bfae81a419aebddaf1cdaa9581e5886ec (type: string)
ELECTRUM: getTransactionValue: Field 4: Hex = 01000000000101e1a363336ff7bf5c9cfe66dd6f03620ebcf0a6c9a8500fcd9ad509606e08c27f0000000000ffffffff026198a300000000002251201edf63902042b3252443e16248200720e90b315f7e4512f05583cc0e49e6c07dd721000000000000225120669dc55941fc359c7d17b11951e6fb61c292c6d2a1bc1cc85db45026c7a5f78f0140a7bf98f7dbc055da2864c132b6e28616cee30297c3b4432b31f725f1f3eac4f52fa39ab8a351aa1c2a07848c8657f223f648ba92739e8ca06bd8acf140ecacbb00000000 (type: string)
ELECTRUM: getTransactionValue: Field 5: Locktime = 0 (type: uint32)
ELECTRUM: getTransactionValue: Field 6: Size = 205 (type: uint32)
ELECTRUM: getTransactionValue: Field 7: Time = 1757981159 (type: uint64)
ELECTRUM: getTransactionValue: Field 4: Hex = 01000000000101637952d19b0f724cc4e7b8c675eb1ab36de90eb2e6a0b6752b0e04955c59cd250100000000ffffffff02b14300000000000022512022e0f3960afc4414df1cfff8ed7cc27261d190f89176ad65ab180d08783e011aa631a30000000000225120f61348d82e1f34ff3a16071de3e7d484a48937fb50cbc50bfc2d17d28182118d014083a3432f882b81365a92edaad1db40f4fa714d1f5b41e4c45adc2a6aacc6f1acef118c51f7129536122f54509d26775587379935aaeeacd730922806abecb83100000000 (type: string)
ELECTRUM: getTransactionValue: Field 5: Locktime = 0 (type: uint32)
ELECTRUM: getTransactionValue: Field 6: Size = 205 (type: uint32)
ELECTRUM: getTransactionValue: Field 7: Time = 1758029049 (type: uint64)
ELECTRUM: getTransactionValue: Field 8: Version = 1 (type: uint32)
ELECTRUM: getTransactionValue: Field 9: Vin = [{ 0x1400069b7a0 4294967295 25cd595c95040e2b75b6a0e6b20ee96db31aeb75c6b8e7c44c720f9bd1527963 1}] (type: []electrum.Vin)
ELECTRUM: getTransactionValue: Field 1: Blocktime = 1757981635 (type: uint64)
ELECTRUM: getTransactionValue: Field 2: Confirmations = 4564 (type: int32)
ELECTRUM: getTransactionValue: Field 3: Hash = d8a7630f7dd4ed9c3bc6884807f1c0692b556e3ccb83a37f24f9797fa4c8361f (type: string)
ELECTRUM: getTransactionValue: Field 4: Hex = 010000000001014b917f7478f1ba4c5bb0758c619d0a48850c3ac7fb7d97717d5b7ef22284c2530000000000ffffffff02de2100000000000016001414baa10e325a973a4ab9dc2152fab4bb9a6ea3a0f375a3000000000022512005090923a2d5a8f95f8f50c0e191462e7692094a9307747b0c5580ea43073ea30140202840e6f21166743530d5fbd6eb0a8e2d19ed7be743cc3cc62b24a813ca14627cbb02faf49a90e1c525213516d03bfe986377a51e858356c48dad5efbcdf95a00000000 (type: string)
ELECTRUM: getTransactionValue: Field 5: Locktime = 0 (type: uint32)
ELECTRUM: getTransactionValue: Field 10: Vout = [{0 {[] 1 22e0f3960afc4414df1cfff8ed7cc27261d190f89176ad65ab180d08783e011a 512022e0f3960afc4414df1cfff8ed7cc27261d190f89176ad65ab180d08783e011a 0 witness_v1_taproot} 0.00017329} {1 {[] 1 f61348d82e1f34ff3a16071de3e7d484a48937fb50cbc50bfc2d17d28182118d 5120f61348d82e1f34ff3a16071de3e7d484a48937fb50cbc50bfc2d17d28182118d 0 witness_v1_taproot} 0.10695078}] (type: []electrum.Vout)
ELECTRUM: getTransactionValue: Transaction result type: *electrum.GetTransactionResult, fields: 12
ELECTRUM: getTransactionValue: Field 0: Blockhash = 000000000000184ff2bbae51760a4abbd4744106a6b30f6ddb96fe9fb4c9fb27 (type: string)
ELECTRUM: getTransactionValue: Field 1: Blocktime = 1758029275 (type: uint64)
ELECTRUM: getTransactionValue: Field 2: Confirmations = 3547 (type: int32)
ELECTRUM: getTransactionValue: Field 3: Hash = bd86ffd16fd7cc0c80eb6e714382a0b2317922fb5a6cd70b23893f7d6ef4f814 (type: string)
ELECTRUM: getTransactionValue: Field 4: Hex = 010000000001013b44bf73f50dafd919f0a4897eb7745582b9c2dc6042420045f5f001a3e5d7570000000000ffffffff02eb1000000000000022512023e490e1e95d4504dd1e0c439166a0d39bf2fd484b8493f47aac2c6b5c45617ffe0da30000000000225120a93a8cba6673228ea32811dfac43d127bd8caf5d31562a3f8013812d98b9be19014042a93481889251b8a32e77dcffde5e58a2412ca94203e41a508f8089da0127d2f42861578088109ed8145b35f54ce495f09a77a6f4a4de4aca30e40ee062d2ba00000000 (type: string)
ELECTRUM: getTransactionValue: Field 5: Locktime = 0 (type: uint32)
ELECTRUM: getTransactionValue: Field 6: Size = 205 (type: uint32)
ELECTRUM: getTransactionValue: Field 7: Time = 1758029275 (type: uint64)
ELECTRUM: getTransactionValue: Field 8: Version = 1 (type: uint32)
ELECTRUM: getTransactionValue: Field 9: Vin = [{ 0x1400026e340 4294967295 57d7e5a301f0f54500424260dcc2b9825574b77e89a4f019d9af0df573bf443b 0}] (type: []electrum.Vin)
ELECTRUM: getTransactionValue: Field 8: Version = 1 (type: uint32)
ELECTRUM: getTransactionValue: Field 9: Vin = [{ 0x14000261260 4294967295 7fc2086e6009d59acd0f50a8c9a6f0bc0e62036fdd66fe9c5cbff76f3363a3e1 0}] (type: []electrum.Vin)
ELECTRUM: getTransactionValue: Field 11: Merkle = {[] 0 0} (type: electrum.GetMerkleProofResult)
ELECTRUM: getTransactionValue: Processing 2 Vout entries for transaction 51abc2a15b01e008362af0075a3616d445af203deaea3abcad4d94f607dbafab
ELECTRUM: getTransactionValue: Field 6: Size = 193 (type: uint32)
ELECTRUM: getTransactionValue: Field 7: Time = 1757981635 (type: uint64)
ELECTRUM: getTransactionValue: Field 8: Version = 1 (type: uint32)
ELECTRUM: getTransactionValue: Field 0: Blockhash = 000000000001e10a952d521ee1dd4fea2b58e4e4e38f36c973ebfc92e90fb7d6 (type: string)
ELECTRUM: getTransactionValue: Field 1: Blocktime = 1758029154 (type: uint64)
ELECTRUM: getTransactionValue: Field 10: Vout = [{0 {[] 1 23e490e1e95d4504dd1e0c439166a0d39bf2fd484b8493f47aac2c6b5c45617f 512023e490e1e95d4504dd1e0c439166a0d39bf2fd484b8493f47aac2c6b5c45617f 0 witness_v1_taproot} 4.331e-05} {1 {[] 1 a93a8cba6673228ea32811dfac43d127bd8caf5d31562a3f8013812d98b9be19 5120a93a8cba6673228ea32811dfac43d127bd8caf5d31562a3f8013812d98b9be19 0 witness_v1_taproot} 0.1068595}] (type: []electrum.Vout)
ELECTRUM: getTransactionValue: Field 11: Merkle = {[] 0 0} (type: electrum.GetMerkleProofResult)
ELECTRUM: getTransactionValue: Processing 2 Vout entries for transaction 480e83a34f676e6fcff1d82c4b2f7b2132407fd27b73878de31f52da6305fd94
ELECTRUM: getTransactionValue: Processing Vout entry 0 for transaction 51abc2a15b01e008362af0075a3616d445af203deaea3abcad4d94f607dbafab
ELECTRUM: getTransactionValue: Vout[0] Field 0: N = 0 (type: uint32)
ELECTRUM: getTransactionValue: Field 10: Vout = [{0 {[] 1 1edf63902042b3252443e16248200720e90b315f7e4512f05583cc0e49e6c07d 51201edf63902042b3252443e16248200720e90b315f7e4512f05583cc0e49e6c07d 0 witness_v1_taproot} 0.10721377} {1 {[] 1 669dc55941fc359c7d17b11951e6fb61c292c6d2a1bc1cc85db45026c7a5f78f 5120669dc55941fc359c7d17b11951e6fb61c292c6d2a1bc1cc85db45026c7a5f78f 0 witness_v1_taproot} 8.663e-05}] (type: []electrum.Vout)
ELECTRUM: getTransactionValue: Field 11: Merkle = {[] 0 0} (type: electrum.GetMerkleProofResult)
ELECTRUM: getTransactionValue: Processing Vout entry 0 for transaction 480e83a34f676e6fcff1d82c4b2f7b2132407fd27b73878de31f52da6305fd94
ELECTRUM: getTransactionValue: Vout[0] Field 0: N = 0 (type: uint32)
ELECTRUM: getTransactionValue: Vout[0] Field 1: ScriptPubkey = {[] 1 23e490e1e95d4504dd1e0c439166a0d39bf2fd484b8493f47aac2c6b5c45617f 512023e490e1e95d4504dd1e0c439166a0d39bf2fd484b8493f47aac2c6b5c45617f 0 witness_v1_taproot} (type: electrum.ScriptPubkey)
ELECTRUM: getTransactionValue: Field 9: Vin = [{ 0x1400026e440 4294967295 53c28422f27e5b7d71977dfbc73a0c85480a9d618c75b05b4cbaf178747f914b 0}] (type: []electrum.Vin)
ELECTRUM: getTransactionValue: Field 10: Vout = [{0 {[] 0 14baa10e325a973a4ab9dc2152fab4bb9a6ea3a0 001414baa10e325a973a4ab9dc2152fab4bb9a6ea3a0 0 witness_v0_keyhash} 8.67e-05} {1 {[] 1 05090923a2d5a8f95f8f50c0e191462e7692094a9307747b0c5580ea43073ea3 512005090923a2d5a8f95f8f50c0e191462e7692094a9307747b0c5580ea43073ea3 0 witness_v1_taproot} 0.10712563}] (type: []electrum.Vout)
ELECTRUM: getTransactionValue: Field 11: Merkle = {[] 0 0} (type: electrum.GetMerkleProofResult)
ELECTRUM: getTransactionValue: Processing 2 Vout entries for transaction 25cd595c95040e2b75b6a0e6b20ee96db31aeb75c6b8e7c44c720f9bd1527963
ELECTRUM: getTransactionValue: Processing Vout entry 0 for transaction 25cd595c95040e2b75b6a0e6b20ee96db31aeb75c6b8e7c44c720f9bd1527963
ELECTRUM: getTransactionValue: Vout[0] Field 0: N = 0 (type: uint32)
ELECTRUM: getTransactionValue: Vout[0] Field 1: ScriptPubkey = {[] 0 14baa10e325a973a4ab9dc2152fab4bb9a6ea3a0 001414baa10e325a973a4ab9dc2152fab4bb9a6ea3a0 0 witness_v0_keyhash} (type: electrum.ScriptPubkey)
ELECTRUM: getTransactionValue: Vout[0] Field 2: Value = 8.67e-05 (type: float64)
ELECTRUM: getTransactionValue: Vout[0] has value 0.000087 BTC (8670 satoshis)
ELECTRUM: getTransactionValue: Vout[0] ScriptPubkey type: electrum.ScriptPubkey
ELECTRUM: getTransactionValue: Vout[0] ScriptPubkey has 5 fields
ELECTRUM: getTransactionValue: Vout[0] ScriptPubkey Field 0: Addresses = [] (type: []string)
ELECTRUM: getTransactionValue: Vout[0] Field 1: ScriptPubkey = {[] 1 22e0f3960afc4414df1cfff8ed7cc27261d190f89176ad65ab180d08783e011a 512022e0f3960afc4414df1cfff8ed7cc27261d190f89176ad65ab180d08783e011a 0 witness_v1_taproot} (type: electrum.ScriptPubkey)
ELECTRUM: getTransactionValue: Vout[0] Field 2: Value = 0.00017329 (type: float64)
ELECTRUM: getTransactionValue: Field 2: Confirmations = 3800 (type: int32)
ELECTRUM: getTransactionValue: Field 3: Hash = 79257b4fbbb8885b6bbc2efecff4e9dfdb799a8871e223780cb54ac1ca15cb15 (type: string)
ELECTRUM: getTransactionValue: Field 4: Hex = 01000000000101abafdb07f6944dadbc3aeaea3d20af45d416365a07f02a3608e0015ba1c2ab510100000000ffffffff021f20a30000000000225120bcae08581d1e0f6c335d62afd89bfc1a4f70f2f3191847866e3d07ea86104f9beb1000000000000022512065ec4c7295d0d39b5161b6e707b5c6c799eaf3f16ffadf7607427e472221fc180140ee89d845610998471bac8849ed2b2273b8d0d3a8bab6f2f3403a904ea66a613d3d68645e2931e79f8f78dc5f46b75e56072a8822e873dee9f6b2b4094de36cd600000000 (type: string)
ELECTRUM: getTransactionValue: Field 5: Locktime = 0 (type: uint32)
ELECTRUM: getTransactionValue: Vout[0] has value 0.000173 BTC (17329 satoshis)
ELECTRUM: getTransactionValue: Vout[0] ScriptPubkey type: electrum.ScriptPubkey
ELECTRUM: getTransactionValue: Vout[0] ScriptPubkey has 5 fields
ELECTRUM: getTransactionValue: Vout[0] ScriptPubkey Field 0: Addresses = [] (type: []string)
ELECTRUM: getTransactionValue: Vout[0] ScriptPubkey Field 1: Asm = 1 22e0f3960afc4414df1cfff8ed7cc27261d190f89176ad65ab180d08783e011a (type: string)
ELECTRUM: getTransactionValue: Vout[0] ScriptPubkey Field 2: Hex = 512022e0f3960afc4414df1cfff8ed7cc27261d190f89176ad65ab180d08783e011a (type: string)
ELECTRUM: getTransactionValue: Vout[0] ScriptPubkey Field 3: ReqSigs = 0 (type: uint32)
ELECTRUM: getTransactionValue: Vout[0] ScriptPubkey Field 4: Type = witness_v1_taproot (type: string)
ELECTRUM: getTransactionValue: Vout[0] extracted script hex from Hex field: 512022e0f3960afc4414df1cfff8ed7cc27261d190f89176ad65ab180d08783e011a
ELECTRUM: getTransactionValue: Vout[0] ScriptPubkey Field 1: Asm = 0 14baa10e325a973a4ab9dc2152fab4bb9a6ea3a0 (type: string)
ELECTRUM: getTransactionValue: Vout[0] ScriptPubkey Field 2: Hex = 001414baa10e325a973a4ab9dc2152fab4bb9a6ea3a0 (type: string)
ELECTRUM: getTransactionValue: Vout[0] ScriptPubkey Field 3: ReqSigs = 0 (type: uint32)
ELECTRUM: getTransactionValue: Vout[0] ScriptPubkey Field 4: Type = witness_v0_keyhash (type: string)
ELECTRUM: getTransactionValue: Vout[0] extracted script hex from Hex field: 001414baa10e325a973a4ab9dc2152fab4bb9a6ea3a0
ELECTRUM: getTransactionValue: Vout[0] calculated script hash: 6bf1890b216a5372d5a81a5ca9791137d77c1853dd628b5d3aa34d8ec00604a5, target: 6bf1890b216a5372d5a81a5ca9791137d77c1853dd628b5d3aa34d8ec00604a5
ELECTRUM: getTransactionValue: Vout[0] matches our script hash, adding 8670 satoshis
ELECTRUM: getTransactionValue: Processing Vout entry 1 for transaction 25cd595c95040e2b75b6a0e6b20ee96db31aeb75c6b8e7c44c720f9bd1527963
ELECTRUM: getTransactionValue: Vout[1] Field 0: N = 1 (type: uint32)
ELECTRUM: getTransactionValue: Vout[1] Field 1: ScriptPubkey = {[] 1 05090923a2d5a8f95f8f50c0e191462e7692094a9307747b0c5580ea43073ea3 512005090923a2d5a8f95f8f50c0e191462e7692094a9307747b0c5580ea43073ea3 0 witness_v1_taproot} (type: electrum.ScriptPubkey)
ELECTRUM: getTransactionValue: Vout[1] Field 2: Value = 0.10712563 (type: float64)
ELECTRUM: getTransactionValue: Vout[1] has value 0.107126 BTC (10712563 satoshis)
ELECTRUM: getTransactionValue: Vout[0] calculated script hash: f67a34ebd66063c1a926b52c9a5e00f290e890e3b2a8b3acf99e6ca0840e2c69, target: f67a34ebd66063c1a926b52c9a5e00f290e890e3b2a8b3acf99e6ca0840e2c69
ELECTRUM: getTransactionValue: Vout[0] matches our script hash, adding 17329 satoshis
ELECTRUM: getTransactionValue: Processing Vout entry 1 for transaction 51abc2a15b01e008362af0075a3616d445af203deaea3abcad4d94f607dbafab
ELECTRUM: getTransactionValue: Vout[1] Field 0: N = 1 (type: uint32)
ELECTRUM: getTransactionValue: Vout[1] Field 1: ScriptPubkey = {[] 1 f61348d82e1f34ff3a16071de3e7d484a48937fb50cbc50bfc2d17d28182118d 5120f61348d82e1f34ff3a16071de3e7d484a48937fb50cbc50bfc2d17d28182118d 0 witness_v1_taproot} (type: electrum.ScriptPubkey)
ELECTRUM: getTransactionValue: Vout[1] Field 2: Value = 0.10695078 (type: float64)
ELECTRUM: getTransactionValue: Vout[0] Field 2: Value = 4.331e-05 (type: float64)
ELECTRUM: getTransactionValue: Vout[0] has value 0.000043 BTC (4331 satoshis)
ELECTRUM: getTransactionValue: Vout[0] ScriptPubkey type: electrum.ScriptPubkey
ELECTRUM: getTransactionValue: Vout[0] ScriptPubkey has 5 fields
ELECTRUM: getTransactionValue: Vout[0] ScriptPubkey Field 0: Addresses = [] (type: []string)
ELECTRUM: getTransactionValue: Vout[0] ScriptPubkey Field 1: Asm = 1 23e490e1e95d4504dd1e0c439166a0d39bf2fd484b8493f47aac2c6b5c45617f (type: string)
ELECTRUM: getTransactionValue: Field 6: Size = 205 (type: uint32)
ELECTRUM: getTransactionValue: Field 7: Time = 1758029154 (type: uint64)
ELECTRUM: getTransactionValue: Field 8: Version = 1 (type: uint32)
ELECTRUM: getTransactionValue: Field 9: Vin = [{ 0x140005213c0 4294967295 51abc2a15b01e008362af0075a3616d445af203deaea3abcad4d94f607dbafab 1}] (type: []electrum.Vin)
ELECTRUM: getTransactionValue: Vout[1] has value 0.106951 BTC (10695078 satoshis)
ELECTRUM: getTransactionValue: Vout[1] ScriptPubkey type: electrum.ScriptPubkey
ELECTRUM: getTransactionValue: Vout[1] ScriptPubkey has 5 fields
ELECTRUM: getTransactionValue: Vout[1] ScriptPubkey Field 0: Addresses = [] (type: []string)
ELECTRUM: getTransactionValue: Vout[1] ScriptPubkey Field 1: Asm = 1 f61348d82e1f34ff3a16071de3e7d484a48937fb50cbc50bfc2d17d28182118d (type: string)
ELECTRUM: getTransactionValue: Processing 2 Vout entries for transaction 53c28422f27e5b7d71977dfbc73a0c85480a9d618c75b05b4cbaf178747f914b
ELECTRUM: getTransactionValue: Processing Vout entry 0 for transaction 53c28422f27e5b7d71977dfbc73a0c85480a9d618c75b05b4cbaf178747f914b
ELECTRUM: getTransactionValue: Vout[1] ScriptPubkey type: electrum.ScriptPubkey
ELECTRUM: getTransactionValue: Vout[1] ScriptPubkey has 5 fields
ELECTRUM: getTransactionValue: Vout[1] ScriptPubkey Field 0: Addresses = [] (type: []string)
ELECTRUM: getTransactionValue: Vout[1] ScriptPubkey Field 1: Asm = 1 05090923a2d5a8f95f8f50c0e191462e7692094a9307747b0c5580ea43073ea3 (type: string)
ELECTRUM: getTransactionValue: Vout[1] ScriptPubkey Field 2: Hex = 512005090923a2d5a8f95f8f50c0e191462e7692094a9307747b0c5580ea43073ea3 (type: string)
ELECTRUM: getTransactionValue: Vout[1] ScriptPubkey Field 3: ReqSigs = 0 (type: uint32)
ELECTRUM: getTransactionValue: Vout[1] ScriptPubkey Field 4: Type = witness_v1_taproot (type: string)
ELECTRUM: getTransactionValue: Vout[1] extracted script hex from Hex field: 512005090923a2d5a8f95f8f50c0e191462e7692094a9307747b0c5580ea43073ea3
ELECTRUM: getTransactionValue: Vout[1] calculated script hash: 222baf51ae983e703d9ecb39f410510ac4514da35620ee9986494c88e20a46a1, target: 6bf1890b216a5372d5a81a5ca9791137d77c1853dd628b5d3aa34d8ec00604a5
ELECTRUM: getTransactionValue: Vout[1] does not match our script hash, skipping
ELECTRUM: buildTransactionDetail: Transaction 25cd595c95040e2b75b6a0e6b20ee96db31aeb75c6b8e7c44c720f9bd1527963 has actual value 8670 satoshis
ELECTRUM: getTransactionValue: Vout[0] Field 0: N = 0 (type: uint32)
ELECTRUM: getTransactionValue: Vout[0] Field 1: ScriptPubkey = {[] 1 1edf63902042b3252443e16248200720e90b315f7e4512f05583cc0e49e6c07d 51201edf63902042b3252443e16248200720e90b315f7e4512f05583cc0e49e6c07d 0 witness_v1_taproot} (type: electrum.ScriptPubkey)
ELECTRUM: getTransactionValue: Vout[0] Field 2: Value = 0.10721377 (type: float64)
2025/09/16 11:07:09 ELECTRUM: GetBlockHash called for height: 4660785
ELECTRUM: getTransactionValue: Vout[0] has value 0.107214 BTC (10721377 satoshis)
ELECTRUM: getTransactionValue: Vout[0] ScriptPubkey type: electrum.ScriptPubkey
ELECTRUM: getTransactionValue: Vout[0] ScriptPubkey has 5 fields
ELECTRUM: getTransactionValue: Vout[0] ScriptPubkey Field 0: Addresses = [] (type: []string)
ELECTRUM: getTransactionValue: Field 10: Vout = [{0 {[] 1 bcae08581d1e0f6c335d62afd89bfc1a4f70f2f3191847866e3d07ea86104f9b 5120bcae08581d1e0f6c335d62afd89bfc1a4f70f2f3191847866e3d07ea86104f9b 0 witness_v1_taproot} 0.10690591} {1 {[] 1 65ec4c7295d0d39b5161b6e707b5c6c799eaf3f16ffadf7607427e472221fc18 512065ec4c7295d0d39b5161b6e707b5c6c799eaf3f16ffadf7607427e472221fc18 0 witness_v1_taproot} 4.331e-05}] (type: []electrum.Vout)
ELECTRUM: getTransactionValue: Field 11: Merkle = {[] 0 0} (type: electrum.GetMerkleProofResult)
ELECTRUM: getTransactionValue: Vout[1] ScriptPubkey Field 2: Hex = 5120f61348d82e1f34ff3a16071de3e7d484a48937fb50cbc50bfc2d17d28182118d (type: string)
ELECTRUM: getTransactionValue: Vout[1] ScriptPubkey Field 3: ReqSigs = 0 (type: uint32)
ELECTRUM: getTransactionValue: Vout[1] ScriptPubkey Field 4: Type = witness_v1_taproot (type: string)
ELECTRUM: getTransactionValue: Vout[1] extracted script hex from Hex field: 5120f61348d82e1f34ff3a16071de3e7d484a48937fb50cbc50bfc2d17d28182118d
ELECTRUM: getTransactionValue: Vout[1] calculated script hash: 5644f9b92bed87105e1519ba555fe45a4956697de6b7c3ec8ed25ba31e2e215b, target: f67a34ebd66063c1a926b52c9a5e00f290e890e3b2a8b3acf99e6ca0840e2c69
ELECTRUM: getTransactionValue: Vout[1] does not match our script hash, skipping
ELECTRUM: buildTransactionDetail: Transaction 51abc2a15b01e008362af0075a3616d445af203deaea3abcad4d94f607dbafab has actual value 17329 satoshis
ELECTRUM: getTransactionValue: Processing 2 Vout entries for transaction 57d7e5a301f0f54500424260dcc2b9825574b77e89a4f019d9af0df573bf443b
2025/09/16 11:07:09 ELECTRUM: GetBlockHash called for height: 4661302
ELECTRUM: getTransactionValue: Processing Vout entry 0 for transaction 57d7e5a301f0f54500424260dcc2b9825574b77e89a4f019d9af0df573bf443b
ELECTRUM: getTransactionValue: Vout[0] Field 0: N = 0 (type: uint32)
ELECTRUM: getTransactionValue: Vout[0] ScriptPubkey Field 1: Asm = 1 1edf63902042b3252443e16248200720e90b315f7e4512f05583cc0e49e6c07d (type: string)
ELECTRUM: getTransactionValue: Vout[0] ScriptPubkey Field 2: Hex = 51201edf63902042b3252443e16248200720e90b315f7e4512f05583cc0e49e6c07d (type: string)
ELECTRUM: getTransactionValue: Vout[0] ScriptPubkey Field 3: ReqSigs = 0 (type: uint32)
ELECTRUM: getTransactionValue: Vout[0] ScriptPubkey Field 4: Type = witness_v1_taproot (type: string)
ELECTRUM: getTransactionValue: Vout[0] extracted script hex from Hex field: 51201edf63902042b3252443e16248200720e90b315f7e4512f05583cc0e49e6c07d
ELECTRUM: getTransactionValue: Vout[0] calculated script hash: ecafa67b1773168b4fb6c72f570956f426e9587530e4e08c911f95c5e7bf21ea, target: 8578ba4feebf5378a3775363d531f253b8fbf9b00df139d1346ef1cbb8d17245
ELECTRUM: getTransactionValue: Vout[0] does not match our script hash, skipping
ELECTRUM: getTransactionValue: Processing Vout entry 1 for transaction 53c28422f27e5b7d71977dfbc73a0c85480a9d618c75b05b4cbaf178747f914b
ELECTRUM: getTransactionValue: Vout[1] Field 0: N = 1 (type: uint32)
ELECTRUM: getTransactionValue: Vout[0] ScriptPubkey Field 2: Hex = 512023e490e1e95d4504dd1e0c439166a0d39bf2fd484b8493f47aac2c6b5c45617f (type: string)
ELECTRUM: getTransactionValue: Vout[0] ScriptPubkey Field 3: ReqSigs = 0 (type: uint32)
ELECTRUM: getTransactionValue: Vout[0] ScriptPubkey Field 4: Type = witness_v1_taproot (type: string)
ELECTRUM: getTransactionValue: Vout[0] extracted script hex from Hex field: 512023e490e1e95d4504dd1e0c439166a0d39bf2fd484b8493f47aac2c6b5c45617f
ELECTRUM: getTransactionValue: Vout[1] Field 1: ScriptPubkey = {[] 1 669dc55941fc359c7d17b11951e6fb61c292c6d2a1bc1cc85db45026c7a5f78f 5120669dc55941fc359c7d17b11951e6fb61c292c6d2a1bc1cc85db45026c7a5f78f 0 witness_v1_taproot} (type: electrum.ScriptPubkey)
ELECTRUM: getTransactionValue: Vout[1] Field 2: Value = 8.663e-05 (type: float64)
ELECTRUM: getTransactionValue: Vout[1] has value 0.000087 BTC (8663 satoshis)
ELECTRUM: getTransactionValue: Vout[1] ScriptPubkey type: electrum.ScriptPubkey
ELECTRUM: getTransactionValue: Vout[1] ScriptPubkey has 5 fields
ELECTRUM: getTransactionValue: Vout[1] ScriptPubkey Field 0: Addresses = [] (type: []string)
ELECTRUM: getTransactionValue: Vout[0] calculated script hash: 1f1546aea3cb0bbe6272bb05f049b1d43ea9cd69a421402946f1e21b67d24a7f, target: 1f1546aea3cb0bbe6272bb05f049b1d43ea9cd69a421402946f1e21b67d24a7f
ELECTRUM: getTransactionValue: Vout[0] matches our script hash, adding 4331 satoshis
ELECTRUM: getTransactionValue: Processing Vout entry 1 for transaction 480e83a34f676e6fcff1d82c4b2f7b2132407fd27b73878de31f52da6305fd94
ELECTRUM: getTransactionValue: Vout[1] Field 0: N = 1 (type: uint32)
ELECTRUM: getTransactionValue: Vout[1] Field 1: ScriptPubkey = {[] 1 a93a8cba6673228ea32811dfac43d127bd8caf5d31562a3f8013812d98b9be19 5120a93a8cba6673228ea32811dfac43d127bd8caf5d31562a3f8013812d98b9be19 0 witness_v1_taproot} (type: electrum.ScriptPubkey)
ELECTRUM: getTransactionValue: Vout[1] Field 2: Value = 0.1068595 (type: float64)
ELECTRUM: getTransactionValue: Vout[1] has value 0.106859 BTC (10685950 satoshis)
ELECTRUM: getTransactionValue: Vout[0] Field 1: ScriptPubkey = {[] 1 bcae08581d1e0f6c335d62afd89bfc1a4f70f2f3191847866e3d07ea86104f9b 5120bcae08581d1e0f6c335d62afd89bfc1a4f70f2f3191847866e3d07ea86104f9b 0 witness_v1_taproot} (type: electrum.ScriptPubkey)
ELECTRUM: getTransactionValue: Vout[0] Field 2: Value = 0.10690591 (type: float64)
ELECTRUM: getTransactionValue: Vout[0] has value 0.106906 BTC (10690591 satoshis)
ELECTRUM: getTransactionValue: Vout[0] ScriptPubkey type: electrum.ScriptPubkey
ELECTRUM: getTransactionValue: Vout[0] ScriptPubkey has 5 fields
ELECTRUM: getTransactionValue: Vout[0] ScriptPubkey Field 0: Addresses = [] (type: []string)
ELECTRUM: getTransactionValue: Vout[0] ScriptPubkey Field 1: Asm = 1 bcae08581d1e0f6c335d62afd89bfc1a4f70f2f3191847866e3d07ea86104f9b (type: string)
ELECTRUM: getTransactionValue: Vout[0] ScriptPubkey Field 2: Hex = 5120bcae08581d1e0f6c335d62afd89bfc1a4f70f2f3191847866e3d07ea86104f9b (type: string)
ELECTRUM: getTransactionValue: Vout[0] ScriptPubkey Field 3: ReqSigs = 0 (type: uint32)
ELECTRUM: getTransactionValue: Vout[0] ScriptPubkey Field 4: Type = witness_v1_taproot (type: string)
ELECTRUM: getTransactionValue: Vout[0] extracted script hex from Hex field: 5120bcae08581d1e0f6c335d62afd89bfc1a4f70f2f3191847866e3d07ea86104f9b
ELECTRUM: getTransactionValue: Vout[0] calculated script hash: 3e1ff1200029e270b283707ae71fbc8812fb6e7c3bd2e19d5e45251eec1480de, target: 8c695d50cc3c9b971f716464bca5a0adcd8d5334c79d76ffe4776646c0a2228f
ELECTRUM: getTransactionValue: Vout[1] ScriptPubkey Field 1: Asm = 1 669dc55941fc359c7d17b11951e6fb61c292c6d2a1bc1cc85db45026c7a5f78f (type: string)
ELECTRUM: getTransactionValue: Vout[1] ScriptPubkey Field 2: Hex = 5120669dc55941fc359c7d17b11951e6fb61c292c6d2a1bc1cc85db45026c7a5f78f (type: string)
ELECTRUM: getTransactionValue: Vout[1] ScriptPubkey Field 3: ReqSigs = 0 (type: uint32)
ELECTRUM: getTransactionValue: Vout[1] ScriptPubkey Field 4: Type = witness_v1_taproot (type: string)
ELECTRUM: getTransactionValue: Vout[0] does not match our script hash, skipping
ELECTRUM: getTransactionValue: Processing Vout entry 1 for transaction 57d7e5a301f0f54500424260dcc2b9825574b77e89a4f019d9af0df573bf443b
ELECTRUM: getTransactionValue: Vout[1] Field 0: N = 1 (type: uint32)
ELECTRUM: getTransactionValue: Vout[1] Field 1: ScriptPubkey = {[] 1 65ec4c7295d0d39b5161b6e707b5c6c799eaf3f16ffadf7607427e472221fc18 512065ec4c7295d0d39b5161b6e707b5c6c799eaf3f16ffadf7607427e472221fc18 0 witness_v1_taproot} (type: electrum.ScriptPubkey)
ELECTRUM: getTransactionValue: Vout[1] Field 2: Value = 4.331e-05 (type: float64)
ELECTRUM: getTransactionValue: Vout[1] has value 0.000043 BTC (4331 satoshis)
ELECTRUM: getTransactionValue: Vout[1] ScriptPubkey type: electrum.ScriptPubkey
ELECTRUM: getTransactionValue: Vout[1] ScriptPubkey has 5 fields
ELECTRUM: getTransactionValue: Vout[1] ScriptPubkey Field 0: Addresses = [] (type: []string)
ELECTRUM: getTransactionValue: Vout[1] ScriptPubkey Field 1: Asm = 1 65ec4c7295d0d39b5161b6e707b5c6c799eaf3f16ffadf7607427e472221fc18 (type: string)
ELECTRUM: getTransactionValue: Vout[1] ScriptPubkey Field 2: Hex = 512065ec4c7295d0d39b5161b6e707b5c6c799eaf3f16ffadf7607427e472221fc18 (type: string)
ELECTRUM: getTransactionValue: Vout[1] ScriptPubkey Field 3: ReqSigs = 0 (type: uint32)
ELECTRUM: getTransactionValue: Vout[1] ScriptPubkey Field 4: Type = witness_v1_taproot (type: string)
ELECTRUM: getTransactionValue: Vout[1] extracted script hex from Hex field: 512065ec4c7295d0d39b5161b6e707b5c6c799eaf3f16ffadf7607427e472221fc18
ELECTRUM: getTransactionValue: Vout[1] calculated script hash: 8c695d50cc3c9b971f716464bca5a0adcd8d5334c79d76ffe4776646c0a2228f, target: 8c695d50cc3c9b971f716464bca5a0adcd8d5334c79d76ffe4776646c0a2228f
ELECTRUM: getTransactionValue: Vout[1] extracted script hex from Hex field: 5120669dc55941fc359c7d17b11951e6fb61c292c6d2a1bc1cc85db45026c7a5f78f
ELECTRUM: getTransactionValue: Vout[1] calculated script hash: 8578ba4feebf5378a3775363d531f253b8fbf9b00df139d1346ef1cbb8d17245, target: 8578ba4feebf5378a3775363d531f253b8fbf9b00df139d1346ef1cbb8d17245
ELECTRUM: getTransactionValue: Vout[1] matches our script hash, adding 8663 satoshis
ELECTRUM: buildTransactionDetail: Transaction 53c28422f27e5b7d71977dfbc73a0c85480a9d618c75b05b4cbaf178747f914b has actual value 8663 satoshis
2025/09/16 11:07:09 ELECTRUM: GetBlockHash called for height: 4660782
ELECTRUM: getTransactionValue: Vout[1] ScriptPubkey type: electrum.ScriptPubkey
ELECTRUM: getTransactionValue: Vout[1] ScriptPubkey has 5 fields
ELECTRUM: getTransactionValue: Vout[1] ScriptPubkey Field 0: Addresses = [] (type: []string)
ELECTRUM: getTransactionValue: Vout[1] ScriptPubkey Field 1: Asm = 1 a93a8cba6673228ea32811dfac43d127bd8caf5d31562a3f8013812d98b9be19 (type: string)
ELECTRUM: getTransactionValue: Vout[1] ScriptPubkey Field 2: Hex = 5120a93a8cba6673228ea32811dfac43d127bd8caf5d31562a3f8013812d98b9be19 (type: string)
ELECTRUM: getTransactionValue: Vout[1] ScriptPubkey Field 3: ReqSigs = 0 (type: uint32)
ELECTRUM: getTransactionValue: Vout[1] ScriptPubkey Field 4: Type = witness_v1_taproot (type: string)
ELECTRUM: getTransactionValue: Vout[1] extracted script hex from Hex field: 5120a93a8cba6673228ea32811dfac43d127bd8caf5d31562a3f8013812d98b9be19
ELECTRUM: getTransactionValue: Vout[1] matches our script hash, adding 4331 satoshis
ELECTRUM: buildTransactionDetail: Transaction 57d7e5a301f0f54500424260dcc2b9825574b77e89a4f019d9af0df573bf443b has actual value 4331 satoshis
2025/09/16 11:07:09 ELECTRUM: GetBlockHash called for height: 4661549
ELECTRUM: getTransactionValue: Vout[1] calculated script hash: a1330b9529e9351c100a2383420588cf78c0dce0e68cfa538fbb5335a1eea6dc, target: 1f1546aea3cb0bbe6272bb05f049b1d43ea9cd69a421402946f1e21b67d24a7f
ELECTRUM: getTransactionValue: Vout[1] does not match our script hash, skipping
ELECTRUM: buildTransactionDetail: Transaction 480e83a34f676e6fcff1d82c4b2f7b2132407fd27b73878de31f52da6305fd94 has actual value 4331 satoshis
2025/09/16 11:07:09 ELECTRUM: GetBlockHash called for height: 4661802
2025-09-16 11:07:09.473 [DBG] LTND lnd.go:727: Syncing to block chain rev=4d1c86 best_block_time="2025-09-16 11:07:15 -0400 EDT" is_synced=false
2025-09-16 11:07:09.524 [INF] BTWL btcwallet.go:480: BTCWALLET: Received transaction callback - txHash: 25cd595c95040e2b75b6a0e6b20ee96db31aeb75c6b8e7c44c720f9bd1527963, address: tb1qzja2zr3jt2tn5j4emss49745hwdxagaqvru8d4, value: 8670, confirmations: 4564
2025-09-16 11:07:09.524 [INF] BTWL btcwallet.go:504: BTCWALLET: Integrating discovered transaction 25cd595c95040e2b75b6a0e6b20ee96db31aeb75c6b8e7c44c720f9bd1527963 for address tb1qzja2zr3jt2tn5j4emss49745hwdxagaqvru8d4 (value: 8670, confirmations: 4564)
2025-09-16 11:07:09.526 [INF] BTWL btcwallet.go:540: BTCWALLET: Successfully integrated transaction 25cd595c95040e2b75b6a0e6b20ee96db31aeb75c6b8e7c44c720f9bd1527963 (value: 8670 satoshis, confirmations: 4564)
2025-09-16 11:07:09.526 [INF] BTWL btcwallet.go:488: BTCWALLET: Successfully integrated discovered transaction 25cd595c95040e2b75b6a0e6b20ee96db31aeb75c6b8e7c44c720f9bd1527963
2025-09-16 11:07:09.527 [INF] BTWL btcwallet.go:480: BTCWALLET: Received transaction callback - txHash: 51abc2a15b01e008362af0075a3616d445af203deaea3abcad4d94f607dbafab, address: tb1pyts089s2l3zpfhculluw6lxzwfsary8cj9m26edtrqxss7p7qydqat9hw2, value: 17329, confirmations: 4047
2025-09-16 11:07:09.527 [INF] BTWL btcwallet.go:480: BTCWALLET: Received transaction callback - txHash: 57d7e5a301f0f54500424260dcc2b9825574b77e89a4f019d9af0df573bf443b, address: tb1pvhkycu546rfek5tpkmns0dwxc7v74ul3dlad7as8gflywg3plsvqy8mc4j, value: 4331, confirmations: 3800
2025-09-16 11:07:09.527 [INF] BTWL btcwallet.go:480: BTCWALLET: Received transaction callback - txHash: 53c28422f27e5b7d71977dfbc73a0c85480a9d618c75b05b4cbaf178747f914b, address: tb1pv6wu2k2pls6eclghkyv4rehmv8pf93kj5x7pejzak3gzd3a9778shsgnq0, value: 8663, confirmations: 4567
2025-09-16 11:07:09.527 [INF] BTWL btcwallet.go:480: BTCWALLET: Received transaction callback - txHash: 480e83a34f676e6fcff1d82c4b2f7b2132407fd27b73878de31f52da6305fd94, address: tb1py0jfpc0ft4zsfhg7p3peze4q6wdl9l2gfwzf8ar64skxkhz9v9lsuhm2g4, value: 4331, confirmations: 3547
2025-09-16 11:07:09.527 [INF] BTWL btcwallet.go:504: BTCWALLET: Integrating discovered transaction 51abc2a15b01e008362af0075a3616d445af203deaea3abcad4d94f607dbafab for address tb1pyts089s2l3zpfhculluw6lxzwfsary8cj9m26edtrqxss7p7qydqat9hw2 (value: 17329, confirmations: 4047)
2025-09-16 11:07:09.527 [INF] BTWL btcwallet.go:504: BTCWALLET: Integrating discovered transaction 57d7e5a301f0f54500424260dcc2b9825574b77e89a4f019d9af0df573bf443b for address tb1pvhkycu546rfek5tpkmns0dwxc7v74ul3dlad7as8gflywg3plsvqy8mc4j (value: 4331, confirmations: 3800)
2025-09-16 11:07:09.527 [INF] BTWL btcwallet.go:540: BTCWALLET: Successfully integrated transaction 51abc2a15b01e008362af0075a3616d445af203deaea3abcad4d94f607dbafab (value: 17329 satoshis, confirmations: 4047)
2025-09-16 11:07:09.527 [INF] BTWL btcwallet.go:504: BTCWALLET: Integrating discovered transaction 53c28422f27e5b7d71977dfbc73a0c85480a9d618c75b05b4cbaf178747f914b for address tb1pv6wu2k2pls6eclghkyv4rehmv8pf93kj5x7pejzak3gzd3a9778shsgnq0 (value: 8663, confirmations: 4567)
2025-09-16 11:07:09.527 [INF] BTWL btcwallet.go:540: BTCWALLET: Successfully integrated transaction 53c28422f27e5b7d71977dfbc73a0c85480a9d618c75b05b4cbaf178747f914b (value: 8663 satoshis, confirmations: 4567)
2025-09-16 11:07:09.527 [INF] BTWL btcwallet.go:504: BTCWALLET: Integrating discovered transaction 480e83a34f676e6fcff1d82c4b2f7b2132407fd27b73878de31f52da6305fd94 for address tb1py0jfpc0ft4zsfhg7p3peze4q6wdl9l2gfwzf8ar64skxkhz9v9lsuhm2g4 (value: 4331, confirmations: 3547)
2025-09-16 11:07:09.527 [INF] BTWL btcwallet.go:488: BTCWALLET: Successfully integrated discovered transaction 51abc2a15b01e008362af0075a3616d445af203deaea3abcad4d94f607dbafab
2025-09-16 11:07:09.528 [INF] BTWL btcwallet.go:540: BTCWALLET: Successfully integrated transaction 480e83a34f676e6fcff1d82c4b2f7b2132407fd27b73878de31f52da6305fd94 (value: 4331 satoshis, confirmations: 3547)
2025-09-16 11:07:09.527 [INF] BTWL btcwallet.go:540: BTCWALLET: Successfully integrated transaction 57d7e5a301f0f54500424260dcc2b9825574b77e89a4f019d9af0df573bf443b (value: 4331 satoshis, confirmations: 3800)
2025-09-16 11:07:09.528 [INF] BTWL btcwallet.go:488: BTCWALLET: Successfully integrated discovered transaction 53c28422f27e5b7d71977dfbc73a0c85480a9d618c75b05b4cbaf178747f914b
2025-09-16 11:07:09.528 [INF] BTWL btcwallet.go:488: BTCWALLET: Successfully integrated discovered transaction 480e83a34f676e6fcff1d82c4b2f7b2132407fd27b73878de31f52da6305fd94
2025-09-16 11:07:09.528 [INF] BTWL btcwallet.go:488: BTCWALLET: Successfully integrated discovered transaction 57d7e5a301f0f54500424260dcc2b9825574b77e89a4f019d9af0df573bf443b
2025/09/16 11:07:10 ELECTRUM: GetBestBlock called
2025/09/16 11:07:10 ELECTRUM: Subscribing to headers to get current height
2025/09/16 11:07:10 ELECTRUM: Got current height 4665349 from headers subscription
2025/09/16 11:07:10 ELECTRUM: Returning hash 000000000000115e1a8dbc6a7f74eb82018f8894d9ef3525d966ca9017b476b3 for height 4665349 (from headers subscription)
2025/09/16 11:07:10 ELECTRUM: GetBlockHeader called for hash: 000000000000115e1a8dbc6a7f74eb82018f8894d9ef3525d966ca9017b476b3
2025/09/16 11:07:10 ELECTRUM: GetBestBlock called
2025/09/16 11:07:10 ELECTRUM: Subscribing to headers to get current height
2025/09/16 11:07:10 ELECTRUM: Got current height 4665349 from headers subscription
2025/09/16 11:07:10 ELECTRUM: Returning hash 000000000000115e1a8dbc6a7f74eb82018f8894d9ef3525d966ca9017b476b3 for height 4665349 (from headers subscription)
2025-09-16 11:07:11.192 [DBG] LTND lnd.go:727: Syncing to block chain rev=4d1c86 best_block_time="2025-09-16 11:07:07 -0400 EDT" is_synced=false
2025/09/16 11:07:12 ELECTRUM: GetBestBlock called
2025/09/16 11:07:12 ELECTRUM: Subscribing to headers to get current height
2025/09/16 11:07:12 ELECTRUM: Got current height 4665349 from headers subscription
2025/09/16 11:07:12 ELECTRUM: Returning hash 000000000000115e1a8dbc6a7f74eb82018f8894d9ef3525d966ca9017b476b3 for height 4665349 (from headers subscription)
2025/09/16 11:07:12 ELECTRUM: GetBlockHeader called for hash: 000000000000115e1a8dbc6a7f74eb82018f8894d9ef3525d966ca9017b476b3
2025/09/16 11:07:12 ELECTRUM: GetBestBlock called
2025/09/16 11:07:12 ELECTRUM: Subscribing to headers to get current height
2025/09/16 11:07:12 ELECTRUM: Got current height 4665349 from headers subscription
2025/09/16 11:07:12 ELECTRUM: Returning hash 000000000000115e1a8dbc6a7f74eb82018f8894d9ef3525d966ca9017b476b3 for height 4665349 (from headers subscription)
2025-09-16 11:07:13.054 [DBG] LTND lnd.go:727: Syncing to block chain rev=4d1c86 best_block_time="2025-09-16 11:07:07 -0400 EDT" is_synced=false
2025/09/16 11:07:14 ELECTRUM: GetBestBlock called
2025/09/16 11:07:14 ELECTRUM: Subscribing to headers to get current height
2025/09/16 11:07:14 ELECTRUM: Got current height 4665350 from headers subscription
2025/09/16 11:07:14 ELECTRUM: Returning hash 000000002094b9d6aac9da30993221f0e13fbd703b8322217a23510bbf2c74f0 for height 4665350 (from headers subscription)
2025/09/16 11:07:14 ELECTRUM: GetBlockHeader called for hash: 000000002094b9d6aac9da30993221f0e13fbd703b8322217a23510bbf2c74f0
2025/09/16 11:07:14 ELECTRUM: GetBestBlock called
2025/09/16 11:07:14 ELECTRUM: Subscribing to headers to get current height
2025/09/16 11:07:14 ELECTRUM: Got current height 4665350 from headers subscription
2025/09/16 11:07:14 ELECTRUM: Returning hash 000000002094b9d6aac9da30993221f0e13fbd703b8322217a23510bbf2c74f0 for height 4665350 (from headers subscription)
2025-09-16 11:07:14.830 [DBG] LTND lnd.go:727: Syncing to block chain rev=4d1c86 best_block_time="2025-09-16 11:27:08 -0400 EDT" is_synced=false
2025/09/16 11:07:15 ELECTRUM: GetBestBlock called
2025/09/16 11:07:15 ELECTRUM: Subscribing to headers to get current height
2025/09/16 11:07:16 ELECTRUM: Got current height 4665351 from headers subscription
2025/09/16 11:07:16 ELECTRUM: Returning hash 00000000000040e29c23eab7d0d6d692491354ff363c2b2b572bb307e8c40eca for height 4665351 (from headers subscription)
2025/09/16 11:07:16 ELECTRUM: GetBlockHeader called for hash: 00000000000040e29c23eab7d0d6d692491354ff363c2b2b572bb307e8c40eca
2025/09/16 11:07:16 ELECTRUM: GetBestBlock called
2025/09/16 11:07:16 ELECTRUM: Subscribing to headers to get current height
2025/09/16 11:07:16 ELECTRUM: Got current height 4665351 from headers subscription
2025/09/16 11:07:16 ELECTRUM: Returning hash 00000000000040e29c23eab7d0d6d692491354ff363c2b2b572bb307e8c40eca for height 4665351 (from headers subscription)
2025-09-16 11:07:16.744 [DBG] LTND lnd.go:727: Syncing to block chain rev=4d1c86 best_block_time="2025-09-16 11:07:23 -0400 EDT" is_synced=false
2025/09/16 11:07:17 ELECTRUM: GetBestBlock called
2025/09/16 11:07:17 ELECTRUM: Subscribing to headers to get current height
2025/09/16 11:07:17 ELECTRUM: Got current height 4665351 from headers subscription
2025/09/16 11:07:17 ELECTRUM: Returning hash 00000000000040e29c23eab7d0d6d692491354ff363c2b2b572bb307e8c40eca for height 4665351 (from headers subscription)
2025/09/16 11:07:17 ELECTRUM: GetBlockHeader called for hash: 00000000000040e29c23eab7d0d6d692491354ff363c2b2b572bb307e8c40eca
2025/09/16 11:07:17 ELECTRUM: GetBestBlock called
2025/09/16 11:07:17 ELECTRUM: Subscribing to headers to get current height
2025/09/16 11:07:18 ELECTRUM: Got current height 4665351 from headers subscription
2025/09/16 11:07:18 ELECTRUM: Returning hash 00000000000040e29c23eab7d0d6d692491354ff363c2b2b572bb307e8c40eca for height 4665351 (from headers subscription)
2025-09-16 11:07:18.467 [DBG] LTND lnd.go:727: Syncing to block chain rev=4d1c86 best_block_time="2025-09-16 11:07:23 -0400 EDT" is_synced=false
2025/09/16 11:07:19 ELECTRUM: GetBestBlock called
2025/09/16 11:07:19 ELECTRUM: Subscribing to headers to get current height
2025/09/16 11:07:19 ELECTRUM: Got current height 4665352 from headers subscription
2025/09/16 11:07:19 ELECTRUM: Returning hash 00000000000013cfa0d7d2b17b2189f476c0d557117a559cbea9091d2117828a for height 4665352 (from headers subscription)
2025/09/16 11:07:19 ELECTRUM: GetBlockHeader called for hash: 00000000000013cfa0d7d2b17b2189f476c0d557117a559cbea9091d2117828a
2025/09/16 11:07:19 ELECTRUM: GetBestBlock called
2025/09/16 11:07:19 ELECTRUM: Subscribing to headers to get current height
2025/09/16 11:07:20 ELECTRUM: Got current height 4665352 from headers subscription
2025/09/16 11:07:20 ELECTRUM: Returning hash 00000000000013cfa0d7d2b17b2189f476c0d557117a559cbea9091d2117828a for height 4665352 (from headers subscription)
2025-09-16 11:07:20.326 [DBG] LTND lnd.go:727: Syncing to block chain rev=4d1c86 best_block_time="2025-09-16 11:07:23 -0400 EDT" is_synced=false
2025/09/16 11:07:21 ELECTRUM: GetBestBlock called
2025/09/16 11:07:21 ELECTRUM: Subscribing to headers to get current height
2025/09/16 11:07:21 ELECTRUM: Got current height 4665353 from headers subscription
2025/09/16 11:07:21 ELECTRUM: Returning hash 00000000000241a9d593dc42f1f38bf8da71e1e51796977f65398adf672c4e16 for height 4665353 (from headers subscription)
2025/09/16 11:07:21 ELECTRUM: GetBlockHeader called for hash: 00000000000241a9d593dc42f1f38bf8da71e1e51796977f65398adf672c4e16
2025/09/16 11:07:21 ELECTRUM: GetBestBlock called
2025/09/16 11:07:21 ELECTRUM: Subscribing to headers to get current height
2025/09/16 11:07:21 ELECTRUM: Got current height 4665353 from headers subscription
2025/09/16 11:07:21 ELECTRUM: Returning hash 00000000000241a9d593dc42f1f38bf8da71e1e51796977f65398adf672c4e16 for height 4665353 (from headers subscription)
2025-09-16 11:07:22.271 [DBG] LTND lnd.go:727: Syncing to block chain rev=4d1c86 best_block_time="2025-09-16 11:07:18 -0400 EDT" is_synced=false
2025/09/16 11:07:23 ELECTRUM: GetBestBlock called
2025/09/16 11:07:23 ELECTRUM: Subscribing to headers to get current height
2025/09/16 11:07:23 ELECTRUM: Got current height 4665354 from headers subscription
2025/09/16 11:07:23 ELECTRUM: Returning hash 0000000000002dcf09fbb24af3e6925a5b56377ea2955b7761b83bde2bef135d for height 4665354 (from headers subscription)
2025/09/16 11:07:23 ELECTRUM: GetBlockHeader called for hash: 0000000000002dcf09fbb24af3e6925a5b56377ea2955b7761b83bde2bef135d
2025/09/16 11:07:23 ELECTRUM: GetBestBlock called
2025/09/16 11:07:23 ELECTRUM: Subscribing to headers to get current height
2025/09/16 11:07:23 ELECTRUM: Got current height 4665354 from headers subscription
2025/09/16 11:07:23 ELECTRUM: Returning hash 0000000000002dcf09fbb24af3e6925a5b56377ea2955b7761b83bde2bef135d for height 4665354 (from headers subscription)
2025-09-16 11:07:23.998 [DBG] LTND lnd.go:727: Syncing to block chain rev=4d1c86 best_block_time="2025-09-16 11:07:25 -0400 EDT" is_synced=false
2025/09/16 11:07:24 ELECTRUM: GetBestBlock called
2025/09/16 11:07:24 ELECTRUM: Subscribing to headers to get current height
2025/09/16 11:07:25 ELECTRUM: Got current height 4665355 from headers subscription
2025/09/16 11:07:25 ELECTRUM: Returning hash 00000000000011cdb8436c81a35d564bfe47f8f27279492444de90d29b149d8f for height 4665355 (from headers subscription)
2025/09/16 11:07:25 ELECTRUM: GetBlockHeader called for hash: 00000000000011cdb8436c81a35d564bfe47f8f27279492444de90d29b149d8f
2025/09/16 11:07:25 ELECTRUM: GetBestBlock called
2025/09/16 11:07:25 ELECTRUM: Subscribing to headers to get current height
2025/09/16 11:07:25 ELECTRUM: Got current height 4665355 from headers subscription
2025/09/16 11:07:25 ELECTRUM: Returning hash 00000000000011cdb8436c81a35d564bfe47f8f27279492444de90d29b149d8f for height 4665355 (from headers subscription)
2025-09-16 11:07:25.729 [DBG] LTND lnd.go:727: Syncing to block chain rev=4d1c86 best_block_time="2025-09-16 11:07:29 -0400 EDT" is_synced=false
2025/09/16 11:07:26 ELECTRUM: GetBestBlock called
2025/09/16 11:07:26 ELECTRUM: Subscribing to headers to get current height
2025/09/16 11:07:26 ELECTRUM: Got current height 4665355 from headers subscription
2025/09/16 11:07:26 ELECTRUM: Returning hash 00000000000011cdb8436c81a35d564bfe47f8f27279492444de90d29b149d8f for height 4665355 (from headers subscription)
2025/09/16 11:07:26 ELECTRUM: GetBlockHeader called for hash: 00000000000011cdb8436c81a35d564bfe47f8f27279492444de90d29b149d8f
2025/09/16 11:07:26 ELECTRUM: GetBestBlock called
2025/09/16 11:07:26 ELECTRUM: Subscribing to headers to get current height
2025/09/16 11:07:27 ELECTRUM: Got current height 4665355 from headers subscription
2025/09/16 11:07:27 ELECTRUM: Returning hash 00000000000011cdb8436c81a35d564bfe47f8f27279492444de90d29b149d8f for height 4665355 (from headers subscription)
2025-09-16 11:07:27.458 [DBG] LTND lnd.go:727: Syncing to block chain rev=4d1c86 best_block_time="2025-09-16 11:07:29 -0400 EDT" is_synced=false
2025/09/16 11:07:28 ELECTRUM: GetBestBlock called
2025/09/16 11:07:28 ELECTRUM: Subscribing to headers to get current height
2025/09/16 11:07:28 ELECTRUM: Got current height 4665356 from headers subscription
2025/09/16 11:07:28 ELECTRUM: Returning hash 000000000001fb599fd7c32e38b69628e6f86e39b9144b5145d4d13f14cdd932 for height 4665356 (from headers subscription)
2025/09/16 11:07:28 ELECTRUM: GetBlockHeader called for hash: 000000000001fb599fd7c32e38b69628e6f86e39b9144b5145d4d13f14cdd932
2025/09/16 11:07:28 ELECTRUM: GetBestBlock called
2025/09/16 11:07:28 ELECTRUM: Subscribing to headers to get current height
2025/09/16 11:07:28 ELECTRUM: Got current height 4665356 from headers subscription
2025/09/16 11:07:28 ELECTRUM: Returning hash 000000000001fb599fd7c32e38b69628e6f86e39b9144b5145d4d13f14cdd932 for height 4665356 (from headers subscription)
2025-09-16 11:07:29.221 [DBG] LTND lnd.go:727: Syncing to block chain rev=4d1c86 best_block_time="2025-09-16 11:07:23 -0400 EDT" is_synced=false
2025/09/16 11:07:30 ELECTRUM: GetBestBlock called
2025/09/16 11:07:30 ELECTRUM: Subscribing to headers to get current height
2025/09/16 11:07:30 ELECTRUM: Got current height 4665356 from headers subscription
2025/09/16 11:07:30 ELECTRUM: Returning hash 000000000001fb599fd7c32e38b69628e6f86e39b9144b5145d4d13f14cdd932 for height 4665356 (from headers subscription)
2025/09/16 11:07:30 ELECTRUM: GetBlockHeader called for hash: 000000000001fb599fd7c32e38b69628e6f86e39b9144b5145d4d13f14cdd932
2025/09/16 11:07:30 ELECTRUM: GetBestBlock called
2025/09/16 11:07:30 ELECTRUM: Subscribing to headers to get current height
2025/09/16 11:07:30 ELECTRUM: Got current height 4665357 from headers subscription
2025/09/16 11:07:30 ELECTRUM: Returning hash 000000000000cb38c50ec445a99f5c14603842292f70411e1c2b9e299df8bc72 for height 4665357 (from headers subscription)
2025/09/16 11:07:34 ELECTRUM: GetBestBlock called
2025/09/16 11:07:34 ELECTRUM: Subscribing to headers to get current height
2025/09/16 11:07:34 ELECTRUM: Got current height 4665359 from headers subscription
2025/09/16 11:07:34 ELECTRUM: Returning hash 00000000000354e020548d4b8e323fc1b140e2e4db6a84f435adb0a24a9e6f04 for height 4665359 (from headers subscription)
2025/09/16 11:07:34 ELECTRUM: Checking for new blocks - current: 4665359, last known: 4665346
2025/09/16 11:07:34 ELECTRUM: New block detected! Height: 4665359 (was 4665346)
2025/09/16 11:07:34 ELECTRUM: Sending block connected notification for height 4665359
2025/09/16 11:07:34 ELECTRUM: Block notification sent successfully for height 4665359
2025/09/16 11:07:35 ELECTRUM: GetBestBlock called
2025/09/16 11:07:35 ELECTRUM: Subscribing to headers to get current height
2025/09/16 11:07:35 ELECTRUM: Got current height 4665360 from headers subscription
2025/09/16 11:07:35 ELECTRUM: Returning hash 00000000000094d38619edacebe141ae8149499b62ff61c83cd7cb25a5584cf4 for height 4665360 (from headers subscription)
2025/09/16 11:07:35 ELECTRUM: Checking for new blocks - current: 4665360, last known: 4665346
2025/09/16 11:07:35 ELECTRUM: New block detected! Height: 4665360 (was 4665346)
2025/09/16 11:07:35 ELECTRUM: Sending block connected notification for height 4665360
2025/09/16 11:07:35 ELECTRUM: Block notification sent successfully for height 4665360
2025/09/16 11:07:36 ELECTRUM: GetBestBlock called
2025/09/16 11:07:36 ELECTRUM: Subscribing to headers to get current height
2025/09/16 11:07:36 ELECTRUM: Got current height 4665360 from headers subscription
2025/09/16 11:07:36 ELECTRUM: Returning hash 00000000000094d38619edacebe141ae8149499b62ff61c83cd7cb25a5584cf4 for height 4665360 (from headers subscription)
2025/09/16 11:07:36 ELECTRUM: Checking for new blocks - current: 4665360, last known: 4665346
2025/09/16 11:07:36 ELECTRUM: New block detected! Height: 4665360 (was 4665346)
2025/09/16 11:07:36 ELECTRUM: Sending block connected notification for height 4665360
2025/09/16 11:07:36 ELECTRUM: Block notification sent successfully for height 4665360
2025-09-16 11:07:38.180 [DBG] RPCS interceptor.go:775: [/lnrpc.Lightning/WalletBalance] requested
2025-09-16 11:07:38.877 [INF] BTWL btcwallet.go:783: BTCWALLET: ConfirmedBalance called with confs=0, accountFilter=default
2025-09-16 11:07:38.878 [INF] BTWL btcwallet.go:1501: BTCWALLET: Adding 10 discovered Electrum transactions to witness outputs
2025-09-16 11:07:38.878 [INF] BTWL btcwallet.go:783: BTCWALLET: ConfirmedBalance called with confs=1, accountFilter=default
2025-09-16 11:07:38.878 [INF] BTWL btcwallet.go:1501: BTCWALLET: Adding 10 discovered Electrum transactions to witness outputs
2025-09-16 11:07:38.878 [DBG] RPCS rpcserver.go:3746: [walletbalance] Total balance=0.00086648 BTC (confirmed=0.00086648 BTC, unconfirmed=0 BTC, locked=0 BTC)
2025-09-16 11:07:56.613 [DBG] LTND lnd.go:727: Syncing to block chain rev=4d1c86 best_block_time="2025-09-16 11:07:23 -0400 EDT" is_synced=false
2025/09/16 11:07:57 ELECTRUM: GetBestBlock called
2025/09/16 11:07:57 ELECTRUM: Subscribing to headers to get current height
2025/09/16 11:07:57 ELECTRUM: Got current height 4665368 from headers subscription
2025/09/16 11:07:57 ELECTRUM: Returning hash 000000000000a6c0d0a8cbb4ca6a8fafd74ba41861360c376508c10c82663da1 for height 4665368 (from headers subscription)
2025/09/16 11:07:57 ELECTRUM: GetBlockHeader called for hash: 000000000000a6c0d0a8cbb4ca6a8fafd74ba41861360c376508c10c82663da1
2025/09/16 11:07:57 ELECTRUM: GetBestBlock called
2025/09/16 11:07:57 ELECTRUM: Subscribing to headers to get current height
2025/09/16 11:07:58 ELECTRUM: Got current height 4665368 from headers subscription
2025/09/16 11:07:58 ELECTRUM: Returning hash 000000000000a6c0d0a8cbb4ca6a8fafd74ba41861360c376508c10c82663da1 for height 4665368 (from headers subscription)
2025-09-16 11:07:58.452 [DBG] LTND lnd.go:727: Syncing to block chain rev=4d1c86 best_block_time="2025-09-16 11:07:51 -0400 EDT" is_synced=false
2025/09/16 11:07:59 ELECTRUM: GetBestBlock called
2025/09/16 11:07:59 ELECTRUM: Subscribing to headers to get current height
2025/09/16 11:07:59 ELECTRUM: Got current height 4665369 from headers subscription
2025/09/16 11:07:59 ELECTRUM: Returning hash 0000000000000a754692a6c00d5b08c45b049e52dea4eacac46b2c7a60558dee for height 4665369 (from headers subscription)
2025/09/16 11:07:59 ELECTRUM: GetBlockHeader called for hash: 0000000000000a754692a6c00d5b08c45b049e52dea4eacac46b2c7a60558dee
2025/09/16 11:07:59 ELECTRUM: GetBestBlock called
2025/09/16 11:07:59 ELECTRUM: Subscribing to headers to get current height
2025/09/16 11:07:59 ELECTRUM: Got current height 4665369 from headers subscription
2025/09/16 11:07:59 ELECTRUM: Returning hash 0000000000000a754692a6c00d5b08c45b049e52dea4eacac46b2c7a60558dee for height 4665369 (from headers subscription)
2025-09-16 11:08:00.198 [DBG] LTND lnd.go:727: Syncing to block chain rev=4d1c86 best_block_time="2025-09-16 11:07:55 -0400 EDT" is_synced=false
2025/09/16 11:08:01 ELECTRUM: GetBestBlock called
2025/09/16 11:08:01 ELECTRUM: Subscribing to headers to get current height
2025/09/16 11:08:01 ELECTRUM: Got current height 4665371 from headers subscription
2025/09/16 11:08:01 ELECTRUM: Returning hash 000000000000a9623fc67e00bb0642a2bede97ef79081354f35db95b69cd8947 for height 4665371 (from headers subscription)
2025/09/16 11:08:01 ELECTRUM: GetBlockHeader called for hash: 000000000000a9623fc67e00bb0642a2bede97ef79081354f35db95b69cd8947
2025/09/16 11:08:01 ELECTRUM: GetBestBlock called
2025/09/16 11:08:01 ELECTRUM: Subscribing to headers to get current height
2025/09/16 11:08:01 ELECTRUM: Got current height 4665371 from headers subscription
2025/09/16 11:08:01 ELECTRUM: Returning hash 000000000000a9623fc67e00bb0642a2bede97ef79081354f35db95b69cd8947 for height 4665371 (from headers subscription)
2025-09-16 11:08:01.935 [DBG] LTND lnd.go:727: Syncing to block chain rev=4d1c86 best_block_time="2025-09-16 11:07:59 -0400 EDT" is_synced=false
2025/09/16 11:08:02 ELECTRUM: GetBestBlock called
2025/09/16 11:08:02 ELECTRUM: Subscribing to headers to get current height
2025/09/16 11:08:03 ELECTRUM: Got current height 4665372 from headers subscription
2025/09/16 11:08:03 ELECTRUM: Returning hash 0000000000005d9f5c2162a7cbee69aba9c4a1b07fbdb1ae49bff9d22530e681 for height 4665372 (from headers subscription)
2025/09/16 11:08:03 ELECTRUM: GetBlockHeader called for hash: 0000000000005d9f5c2162a7cbee69aba9c4a1b07fbdb1ae49bff9d22530e681
2025/09/16 11:08:03 ELECTRUM: GetBestBlock called
2025/09/16 11:08:03 ELECTRUM: Subscribing to headers to get current height
2025/09/16 11:08:03 ELECTRUM: Got current height 4665372 from headers subscription
2025/09/16 11:08:03 ELECTRUM: Returning hash 0000000000005d9f5c2162a7cbee69aba9c4a1b07fbdb1ae49bff9d22530e681 for height 4665372 (from headers subscription)
2025-09-16 11:08:03.694 [DBG] LTND lnd.go:727: Syncing to block chain rev=4d1c86 best_block_time="2025-09-16 11:08:00 -0400 EDT" is_synced=false
2025/09/16 11:08:04 ELECTRUM: GetBestBlock called
2025/09/16 11:08:04 ELECTRUM: Subscribing to headers to get current height
2025/09/16 11:08:04 ELECTRUM: GetBestBlock called
2025/09/16 11:08:04 ELECTRUM: Subscribing to headers to get current height
2025/09/16 11:08:04 ELECTRUM: Got current height 4665373 from headers subscription
2025/09/16 11:08:04 ELECTRUM: Returning hash 000000000000027defd00c69bc3945417b5cbfadf14a959befce3376bb467514 for height 4665373 (from headers subscription)
2025/09/16 11:08:04 ELECTRUM: Checking for new blocks - current: 4665373, last known: 4665359
2025/09/16 11:08:04 ELECTRUM: New block detected! Height: 4665373 (was 4665359)
2025/09/16 11:08:04 ELECTRUM: Sending block connected notification for height 4665373
2025/09/16 11:08:04 ELECTRUM: Block notification sent successfully for height 4665373
2025/09/16 11:08:04 ELECTRUM: Got current height 4665373 from headers subscription
2025/09/16 11:08:04 ELECTRUM: Returning hash 000000000000027defd00c69bc3945417b5cbfadf14a959befce3376bb467514 for height 4665373 (from headers subscription)
2025/09/16 11:08:04 ELECTRUM: GetBlockHeader called for hash: 000000000000027defd00c69bc3945417b5cbfadf14a959befce3376bb467514
2025/09/16 11:08:04 ELECTRUM: GetBestBlock called
2025/09/16 11:08:04 ELECTRUM: Subscribing to headers to get current height
2025/09/16 11:08:05 ELECTRUM: Got current height 4665373 from headers subscription
2025/09/16 11:08:05 ELECTRUM: Returning hash 000000000000027defd00c69bc3945417b5cbfadf14a959befce3376bb467514 for height 4665373 (from headers subscription)
2025-09-16 11:08:05.589 [DBG] LTND lnd.go:727: Syncing to block chain rev=4d1c86 best_block_time="2025-09-16 11:08:01 -0400 EDT" is_synced=false
2025/09/16 11:08:05 ELECTRUM: GetBestBlock called
2025/09/16 11:08:05 ELECTRUM: Subscribing to headers to get current height
2025/09/16 11:08:06 ELECTRUM: GetBestBlock called
2025/09/16 11:08:06 ELECTRUM: Subscribing to headers to get current height
2025/09/16 11:08:06 ELECTRUM: Got current height 4665373 from headers subscription
2025/09/16 11:08:06 ELECTRUM: Returning hash 000000000000027defd00c69bc3945417b5cbfadf14a959befce3376bb467514 for height 4665373 (from headers subscription)
2025/09/16 11:08:06 ELECTRUM: Checking for new blocks - current: 4665373, last known: 4665360
2025/09/16 11:08:06 ELECTRUM: New block detected! Height: 4665373 (was 4665360)
2025/09/16 11:08:06 ELECTRUM: Sending block connected notification for height 4665373
2025/09/16 11:08:06 ELECTRUM: Block notification sent successfully for height 4665373
2025/09/16 11:08:06 ELECTRUM: Got current height 4665373 from headers subscription
2025/09/16 11:08:06 ELECTRUM: Returning hash 000000000000027defd00c69bc3945417b5cbfadf14a959befce3376bb467514 for height 4665373 (from headers subscription)
2025/09/16 11:08:06 ELECTRUM: Checking for new blocks - current: 4665373, last known: 4665360
2025/09/16 11:08:06 ELECTRUM: New block detected! Height: 4665373 (was 4665360)
2025/09/16 11:08:06 ELECTRUM: Sending block connected notification for height 4665373
2025/09/16 11:08:06 ELECTRUM: Block notification sent successfully for height 4665373
2025/09/16 11:08:06 ELECTRUM: GetBestBlock called
2025/09/16 11:08:06 ELECTRUM: Subscribing to headers to get current height
2025/09/16 11:08:06 ELECTRUM: Got current height 4665373 from headers subscription
2025/09/16 11:08:06 ELECTRUM: Returning hash 000000000000027defd00c69bc3945417b5cbfadf14a959befce3376bb467514 for height 4665373 (from headers subscription)
2025/09/16 11:08:06 ELECTRUM: GetBlockHeader called for hash: 000000000000027defd00c69bc3945417b5cbfadf14a959befce3376bb467514
2025/09/16 11:08:06 ELECTRUM: GetBestBlock called
2025/09/16 11:08:06 ELECTRUM: Subscribing to headers to get current height
2025/09/16 11:08:07 ELECTRUM: Got current height 4665373 from headers subscription
2025/09/16 11:08:07 ELECTRUM: Returning hash 000000000000027defd00c69bc3945417b5cbfadf14a959befce3376bb467514 for height 4665373 (from headers subscription)
2025-09-16 11:08:07.534 [DBG] LTND lnd.go:727: Syncing to block chain rev=4d1c86 best_block_time="2025-09-16 11:08:01 -0400 EDT" is_synced=false
2025/09/16 11:08:08 ELECTRUM: GetBestBlock called
2025/09/16 11:08:08 ELECTRUM: Subscribing to headers to get current height
2025/09/16 11:08:08 ELECTRUM: Got current height 4665374 from headers subscription
2025/09/16 11:08:08 ELECTRUM: Returning hash 000000000000240d520d9b760b3e36b0407749b7bcf01860c4555822acf96074 for height 4665374 (from headers subscription)
2025/09/16 11:08:08 ELECTRUM: GetBlockHeader called for hash: 000000000000240d520d9b760b3e36b0407749b7bcf01860c4555822acf96074
2025/09/16 11:08:08 ELECTRUM: GetBestBlock called
2025/09/16 11:08:08 ELECTRUM: Subscribing to headers to get current height
2025/09/16 11:08:09 ELECTRUM: Got current height 4665374 from headers subscription
2025/09/16 11:08:09 ELECTRUM: Returning hash 000000000000240d520d9b760b3e36b0407749b7bcf01860c4555822acf96074 for height 4665374 (from headers subscription)
2025-09-16 11:08:09.273 [DBG] LTND lnd.go:727: Syncing to block chain rev=4d1c86 best_block_time="2025-09-16 11:08:08 -0400 EDT" is_synced=false
2025/09/16 11:08:10 ELECTRUM: GetBestBlock called
2025/09/16 11:08:10 ELECTRUM: Subscribing to headers to get current height
2025/09/16 11:08:10 ELECTRUM: Got current height 4665375 from headers subscription
2025/09/16 11:08:10 ELECTRUM: Returning hash 00000000000031c4c584e558e2d0b68141d155b78ad547501f5f9c73d20acaab for height 4665375 (from headers subscription)
2025/09/16 11:08:10 ELECTRUM: GetBlockHeader called for hash: 00000000000031c4c584e558e2d0b68141d155b78ad547501f5f9c73d20acaab
2025/09/16 11:08:10 ELECTRUM: GetBestBlock called
2025/09/16 11:08:10 ELECTRUM: Subscribing to headers to get current height
2025/09/16 11:08:10 ELECTRUM: Got current height 4665375 from headers subscription
2025/09/16 11:08:10 ELECTRUM: Returning hash 00000000000031c4c584e558e2d0b68141d155b78ad547501f5f9c73d20acaab for height 4665375 (from headers subscription)
2025-09-16 11:08:11.158 [DBG] LTND lnd.go:727: Syncing to block chain rev=4d1c86 best_block_time="2025-09-16 11:08:19 -0400 EDT" is_synced=false
2025/09/16 11:08:12 ELECTRUM: GetBestBlock called
2025/09/16 11:08:12 ELECTRUM: Subscribing to headers to get current height
2025/09/16 11:08:12 ELECTRUM: Got current height 4665377 from headers subscription
2025/09/16 11:08:12 ELECTRUM: Returning hash 000000000003530f089e318808f93fec00b0bb2fd3fc55f8467e684f181652d4 for height 4665377 (from headers subscription)
2025/09/16 11:08:12 ELECTRUM: GetBlockHeader called for hash: 000000000003530f089e318808f93fec00b0bb2fd3fc55f8467e684f181652d4
2025/09/16 11:08:12 ELECTRUM: GetBestBlock called
2025/09/16 11:08:12 ELECTRUM: Subscribing to headers to get current height
2025/09/16 11:08:12 ELECTRUM: Got current height 4665377 from headers subscription
2025/09/16 11:08:12 ELECTRUM: Returning hash 000000000003530f089e318808f93fec00b0bb2fd3fc55f8467e684f181652d4 for height 4665377 (from headers subscription)
2025-09-16 11:08:13.068 [DBG] LTND lnd.go:727: Syncing to block chain rev=4d1c86 best_block_time="2025-09-16 11:08:10 -0400 EDT" is_synced=false
2025/09/16 11:08:14 ELECTRUM: GetBestBlock called
2025/09/16 11:08:14 ELECTRUM: Subscribing to headers to get current height
2025/09/16 11:08:14 ELECTRUM: Got current height 4665377 from headers subscription
2025/09/16 11:08:14 ELECTRUM: Returning hash 000000000003530f089e318808f93fec00b0bb2fd3fc55f8467e684f181652d4 for height 4665377 (from headers subscription)
2025/09/16 11:08:14 ELECTRUM: GetBlockHeader called for hash: 000000000003530f089e318808f93fec00b0bb2fd3fc55f8467e684f181652d4
2025/09/16 11:08:14 ELECTRUM: GetBestBlock called
2025/09/16 11:08:14 ELECTRUM: Subscribing to headers to get current height
2025/09/16 11:08:14 ELECTRUM: Got current height 4665377 from headers subscription
2025/09/16 11:08:14 ELECTRUM: Returning hash 000000000003530f089e318808f93fec00b0bb2fd3fc55f8467e684f181652d4 for height 4665377 (from headers subscription)
2025-09-16 11:08:14.943 [DBG] LTND lnd.go:727: Syncing to block chain rev=4d1c86 best_block_time="2025-09-16 11:08:10 -0400 EDT" is_synced=false
2025/09/16 11:08:15 ELECTRUM: GetBestBlock called
2025/09/16 11:08:15 ELECTRUM: Subscribing to headers to get current height
2025/09/16 11:08:16 ELECTRUM: Got current height 4665379 from headers subscription
2025/09/16 11:08:16 ELECTRUM: Returning hash 00000000fc650160aa8b43fbb8ad8ab8680b163200f843332d0295be579f8623 for height 4665379 (from headers subscription)
2025/09/16 11:08:16 ELECTRUM: GetBlockHeader called for hash: 00000000fc650160aa8b43fbb8ad8ab8680b163200f843332d0295be579f8623
2025/09/16 11:08:16 ELECTRUM: GetBestBlock called
2025/09/16 11:08:16 ELECTRUM: Subscribing to headers to get current height
2025/09/16 11:08:16 ELECTRUM: Got current height 4665379 from headers subscription
2025/09/16 11:08:16 ELECTRUM: Returning hash 00000000fc650160aa8b43fbb8ad8ab8680b163200f843332d0295be579f8623 for height 4665379 (from headers subscription)
2025-09-16 11:08:16.852 [DBG] LTND lnd.go:727: Syncing to block chain rev=4d1c86 best_block_time="2025-09-16 11:28:13 -0400 EDT" is_synced=false
2025/09/16 11:08:17 ELECTRUM: GetBestBlock called
2025/09/16 11:08:17 ELECTRUM: Subscribing to headers to get current height
2025/09/16 11:08:18 ELECTRUM: Got current height 4665379 from headers subscription
2025/09/16 11:08:18 ELECTRUM: Returning hash 000000000001f9c5077a3abdc89634f1642e70c4a3d9b803847f818a2b282c32 for height 4665379 (from headers subscription)
2025/09/16 11:08:18 ELECTRUM: GetBlockHeader called for hash: 000000000001f9c5077a3abdc89634f1642e70c4a3d9b803847f818a2b282c32
2025/09/16 11:08:18 ELECTRUM: GetBestBlock called
2025/09/16 11:08:18 ELECTRUM: Subscribing to headers to get current height
2025/09/16 11:08:18 ELECTRUM: Got current height 4665379 from headers subscription
2025/09/16 11:08:18 ELECTRUM: Returning hash 000000000001f9c5077a3abdc89634f1642e70c4a3d9b803847f818a2b282c32 for height 4665379 (from headers subscription)
2025-09-16 11:08:18.754 [DBG] LTND lnd.go:727: Syncing to block chain rev=4d1c86 best_block_time="2025-09-16 11:08:14 -0400 EDT" is_synced=false
2025/09/16 11:08:19 ELECTRUM: GetBestBlock called
2025/09/16 11:08:19 ELECTRUM: Subscribing to headers to get current height
2025/09/16 11:08:20 ELECTRUM: Got current height 4665380 from headers subscription
2025/09/16 11:08:20 ELECTRUM: Returning hash 000000000002ea8556670a62fa50b827e6491c4c487f0782f562b51829690251 for height 4665380 (from headers subscription)
2025/09/16 11:08:20 ELECTRUM: GetBlockHeader called for hash: 000000000002ea8556670a62fa50b827e6491c4c487f0782f562b51829690251
2025/09/16 11:08:20 ELECTRUM: GetBestBlock called
2025/09/16 11:08:20 ELECTRUM: Subscribing to headers to get current height
2025/09/16 11:08:20 ELECTRUM: Got current height 4665380 from headers subscription
2025/09/16 11:08:20 ELECTRUM: Returning hash 000000000002ea8556670a62fa50b827e6491c4c487f0782f562b51829690251 for height 4665380 (from headers subscription)
2025-09-16 11:08:20.642 [DBG] LTND lnd.go:727: Syncing to block chain rev=4d1c86 best_block_time="2025-09-16 11:08:20 -0400 EDT" is_synced=false
2025/09/16 11:08:21 ELECTRUM: GetBestBlock called
2025/09/16 11:08:21 ELECTRUM: Subscribing to headers to get current height
2025/09/16 11:08:21 ELECTRUM: Got current height 4665380 from headers subscription
2025/09/16 11:08:21 ELECTRUM: Returning hash 000000000002ea8556670a62fa50b827e6491c4c487f0782f562b51829690251 for height 4665380 (from headers subscription)
2025/09/16 11:08:21 ELECTRUM: GetBlockHeader called for hash: 000000000002ea8556670a62fa50b827e6491c4c487f0782f562b51829690251
2025/09/16 11:08:21 ELECTRUM: GetBestBlock called
2025/09/16 11:08:21 ELECTRUM: Subscribing to headers to get current height
2025/09/16 11:08:22 ELECTRUM: Got current height 4665380 from headers subscription
2025/09/16 11:08:22 ELECTRUM: Returning hash 000000000002ea8556670a62fa50b827e6491c4c487f0782f562b51829690251 for height 4665380 (from headers subscription)
2025-09-16 11:08:22.585 [DBG] LTND lnd.go:727: Syncing to block chain rev=4d1c86 best_block_time="2025-09-16 11:08:20 -0400 EDT" is_synced=false
2025/09/16 11:08:23 ELECTRUM: GetBestBlock called
2025/09/16 11:08:23 ELECTRUM: Subscribing to headers to get current height
2025/09/16 11:08:23 ELECTRUM: Got current height 4665381 from headers subscription
2025/09/16 11:08:23 ELECTRUM: Returning hash 0000000000034b897e73b3b84acd718147b00c289c07fa4b9efd8884c6d5d464 for height 4665381 (from headers subscription)
2025/09/16 11:08:23 ELECTRUM: GetBlockHeader called for hash: 0000000000034b897e73b3b84acd718147b00c289c07fa4b9efd8884c6d5d464
2025/09/16 11:08:23 ELECTRUM: GetBestBlock called
2025/09/16 11:08:23 ELECTRUM: Subscribing to headers to get current height
2025/09/16 11:08:24 ELECTRUM: Got current height 4665381 from headers subscription
2025/09/16 11:08:24 ELECTRUM: Returning hash 0000000000034b897e73b3b84acd718147b00c289c07fa4b9efd8884c6d5d464 for height 4665381 (from headers subscription)
2025-09-16 11:08:24.327 [DBG] LTND lnd.go:727: Syncing to block chain rev=4d1c86 best_block_time="2025-09-16 11:08:18 -0400 EDT" is_synced=false
2025/09/16 11:08:25 ELECTRUM: GetBestBlock called
2025/09/16 11:08:25 ELECTRUM: Subscribing to headers to get current height
2025/09/16 11:08:25 ELECTRUM: Got current height 4665381 from headers subscription
2025/09/16 11:08:25 ELECTRUM: Returning hash 0000000000034b897e73b3b84acd718147b00c289c07fa4b9efd8884c6d5d464 for height 4665381 (from headers subscription)
2025/09/16 11:08:25 ELECTRUM: GetBlockHeader called for hash: 0000000000034b897e73b3b84acd718147b00c289c07fa4b9efd8884c6d5d464
2025/09/16 11:08:25 ELECTRUM: GetBestBlock called
2025/09/16 11:08:25 ELECTRUM: Subscribing to headers to get current height
2025/09/16 11:08:25 ELECTRUM: Got current height 4665381 from headers subscription
2025/09/16 11:08:25 ELECTRUM: Returning hash 0000000000034b897e73b3b84acd718147b00c289c07fa4b9efd8884c6d5d464 for height 4665381 (from headers subscription)
2025-09-16 11:08:26.068 [DBG] LTND lnd.go:727: Syncing to block chain rev=4d1c86 best_block_time="2025-09-16 11:08:18 -0400 EDT" is_synced=false
2025/09/16 11:08:27 ELECTRUM: GetBestBlock called
2025/09/16 11:08:27 ELECTRUM: Subscribing to headers to get current height
2025/09/16 11:08:27 ELECTRUM: Got current height 4665383 from headers subscription
2025/09/16 11:08:27 ELECTRUM: Returning hash 000000000002ce74d456cc73cc8b7d2eb02df2d56dd9181cd0746633479a5a63 for height 4665383 (from headers subscription)
2025/09/16 11:08:27 ELECTRUM: GetBlockHeader called for hash: 000000000002ce74d456cc73cc8b7d2eb02df2d56dd9181cd0746633479a5a63
2025/09/16 11:08:27 ELECTRUM: GetBestBlock called
2025/09/16 11:08:27 ELECTRUM: Subscribing to headers to get current height
2025/09/16 11:08:27 ELECTRUM: Got current height 4665383 from headers subscription
2025/09/16 11:08:27 ELECTRUM: Returning hash 000000000002ce74d456cc73cc8b7d2eb02df2d56dd9181cd0746633479a5a63 for height 4665383 (from headers subscription)
2025-09-16 11:08:28.015 [DBG] LTND lnd.go:727: Syncing to block chain rev=4d1c86 best_block_time="2025-09-16 11:08:26 -0400 EDT" is_synced=false
2025/09/16 11:08:29 ELECTRUM: GetBestBlock called
2025/09/16 11:08:29 ELECTRUM: Subscribing to headers to get current height
2025/09/16 11:08:29 ELECTRUM: Got current height 4665383 from headers subscription
2025/09/16 11:08:29 ELECTRUM: Returning hash 000000000002ce74d456cc73cc8b7d2eb02df2d56dd9181cd0746633479a5a63 for height 4665383 (from headers subscription)
2025/09/16 11:08:29 ELECTRUM: GetBlockHeader called for hash: 000000000002ce74d456cc73cc8b7d2eb02df2d56dd9181cd0746633479a5a63
2025/09/16 11:08:29 ELECTRUM: GetBestBlock called
2025/09/16 11:08:29 ELECTRUM: Subscribing to headers to get current height
2025/09/16 11:08:29 ELECTRUM: Got current height 4665383 from headers subscription
2025/09/16 11:08:29 ELECTRUM: Returning hash 000000000002ce74d456cc73cc8b7d2eb02df2d56dd9181cd0746633479a5a63 for height 4665383 (from headers subscription)
2025-09-16 11:08:29.958 [DBG] LTND lnd.go:727: Syncing to block chain rev=4d1c86 best_block_time="2025-09-16 11:08:26 -0400 EDT" is_synced=false
2025/09/16 11:08:30 ELECTRUM: GetBestBlock called
2025/09/16 11:08:30 ELECTRUM: Subscribing to headers to get current height
2025/09/16 11:08:31 ELECTRUM: Got current height 4665383 from headers subscription
2025/09/16 11:08:31 ELECTRUM: Returning hash 000000000002ce74d456cc73cc8b7d2eb02df2d56dd9181cd0746633479a5a63 for height 4665383 (from headers subscription)
2025/09/16 11:08:31 ELECTRUM: GetBlockHeader called for hash: 000000000002ce74d456cc73cc8b7d2eb02df2d56dd9181cd0746633479a5a63
2025/09/16 11:08:31 ELECTRUM: GetBestBlock called
2025/09/16 11:08:31 ELECTRUM: Subscribing to headers to get current height
2025/09/16 11:08:31 ELECTRUM: Got current height 4665383 from headers subscription
2025/09/16 11:08:31 ELECTRUM: Returning hash 000000000002ce74d456cc73cc8b7d2eb02df2d56dd9181cd0746633479a5a63 for height 4665383 (from headers subscription)
2025-09-16 11:08:31.907 [DBG] LTND lnd.go:727: Syncing to block chain rev=4d1c86 best_block_time="2025-09-16 11:08:26 -0400 EDT" is_synced=false
2025/09/16 11:08:32 ELECTRUM: GetBestBlock called
2025/09/16 11:08:32 ELECTRUM: Subscribing to headers to get current height
2025/09/16 11:08:33 ELECTRUM: Got current height 4665383 from headers subscription
2025/09/16 11:08:33 ELECTRUM: Returning hash 000000000002ce74d456cc73cc8b7d2eb02df2d56dd9181cd0746633479a5a63 for height 4665383 (from headers subscription)
2025/09/16 11:08:33 ELECTRUM: GetBlockHeader called for hash: 000000000002ce74d456cc73cc8b7d2eb02df2d56dd9181cd0746633479a5a63
2025/09/16 11:08:33 ELECTRUM: GetBestBlock called
2025/09/16 11:08:33 ELECTRUM: Subscribing to headers to get current height
2025/09/16 11:08:33 ELECTRUM: Got current height 4665383 from headers subscription
2025/09/16 11:08:33 ELECTRUM: Returning hash 000000000002ce74d456cc73cc8b7d2eb02df2d56dd9181cd0746633479a5a63 for height 4665383 (from headers subscription)
2025-09-16 11:08:33.849 [DBG] LTND lnd.go:727: Syncing to block chain rev=4d1c86 best_block_time="2025-09-16 11:08:26 -0400 EDT" is_synced=false
2025/09/16 11:08:34 ELECTRUM: GetBestBlock called
2025/09/16 11:08:34 ELECTRUM: Subscribing to headers to get current height
2025/09/16 11:08:34 ELECTRUM: Got current height 4665383 from headers subscription
2025/09/16 11:08:34 ELECTRUM: Returning hash 000000000002ce74d456cc73cc8b7d2eb02df2d56dd9181cd0746633479a5a63 for height 4665383 (from headers subscription)
2025/09/16 11:08:34 ELECTRUM: Checking for new blocks - current: 4665383, last known: 4665373
2025/09/16 11:08:34 ELECTRUM: New block detected! Height: 4665383 (was 4665373)
2025/09/16 11:08:34 ELECTRUM: Sending block connected notification for height 4665383
2025/09/16 11:08:34 ELECTRUM: Block notification sent successfully for height 4665383
2025/09/16 11:08:34 ELECTRUM: GetBestBlock called
2025/09/16 11:08:34 ELECTRUM: Subscribing to headers to get current height
2025/09/16 11:08:35 ELECTRUM: Got current height 4665383 from headers subscription
2025/09/16 11:08:35 ELECTRUM: Returning hash 000000000002ce74d456cc73cc8b7d2eb02df2d56dd9181cd0746633479a5a63 for height 4665383 (from headers subscription)
2025/09/16 11:08:35 ELECTRUM: GetBlockHeader called for hash: 000000000002ce74d456cc73cc8b7d2eb02df2d56dd9181cd0746633479a5a63
2025/09/16 11:08:35 ELECTRUM: GetBestBlock called
2025/09/16 11:08:35 ELECTRUM: Subscribing to headers to get current height
2025/09/16 11:08:35 ELECTRUM: Got current height 4665383 from headers subscription
2025/09/16 11:08:35 ELECTRUM: Returning hash 000000000002ce74d456cc73cc8b7d2eb02df2d56dd9181cd0746633479a5a63 for height 4665383 (from headers subscription)
2025/09/16 11:08:35 ELECTRUM: GetBestBlock called
2025/09/16 11:08:35 ELECTRUM: Subscribing to headers to get current height
2025-09-16 11:08:35.759 [DBG] LTND lnd.go:727: Syncing to block chain rev=4d1c86 best_block_time="2025-09-16 11:08:26 -0400 EDT" is_synced=false
2025/09/16 11:08:36 ELECTRUM: GetBestBlock called
2025/09/16 11:08:36 ELECTRUM: Subscribing to headers to get current height
2025/09/16 11:08:36 ELECTRUM: Got current height 4665383 from headers subscription
2025/09/16 11:08:36 ELECTRUM: Returning hash 000000000002ce74d456cc73cc8b7d2eb02df2d56dd9181cd0746633479a5a63 for height 4665383 (from headers subscription)
2025/09/16 11:08:36 ELECTRUM: Checking for new blocks - current: 4665383, last known: 4665373
2025/09/16 11:08:36 ELECTRUM: New block detected! Height: 4665383 (was 4665373)
2025/09/16 11:08:36 ELECTRUM: Sending block connected notification for height 4665383
2025/09/16 11:08:36 ELECTRUM: Block notification sent successfully for height 4665383
2025/09/16 11:08:36 ELECTRUM: Got current height 4665384 from headers subscription
2025/09/16 11:08:36 ELECTRUM: Returning hash 000000000001b01a22ad46665d4176a48a78b7e1d3a0724b486608cafe2498ab for height 4665384 (from headers subscription)
2025/09/16 11:08:36 ELECTRUM: Checking for new blocks - current: 4665384, last known: 4665373
2025/09/16 11:08:36 ELECTRUM: New block detected! Height: 4665384 (was 4665373)
2025/09/16 11:08:36 ELECTRUM: Sending block connected notification for height 4665384
2025/09/16 11:08:36 ELECTRUM: Block notification sent successfully for height 4665384
2025/09/16 11:08:36 ELECTRUM: GetBestBlock called
2025/09/16 11:08:36 ELECTRUM: Subscribing to headers to get current height
2025/09/16 11:08:37 ELECTRUM: Got current height 4665384 from headers subscription
2025/09/16 11:08:37 ELECTRUM: Returning hash 000000000001b01a22ad46665d4176a48a78b7e1d3a0724b486608cafe2498ab for height 4665384 (from headers subscription)
2025/09/16 11:08:37 ELECTRUM: GetBlockHeader called for hash: 000000000001b01a22ad46665d4176a48a78b7e1d3a0724b486608cafe2498ab
2025/09/16 11:08:37 ELECTRUM: GetBestBlock called
2025/09/16 11:08:37 ELECTRUM: Subscribing to headers to get current height
2025/09/16 11:08:37 ELECTRUM: Got current height 4665384 from headers subscription
2025/09/16 11:08:37 ELECTRUM: Returning hash 000000000001b01a22ad46665d4176a48a78b7e1d3a0724b486608cafe2498ab for height 4665384 (from headers subscription)
2025-09-16 11:08:37.640 [DBG] LTND lnd.go:727: Syncing to block chain rev=4d1c86 best_block_time="2025-09-16 11:08:26 -0400 EDT" is_synced=false
2025/09/16 11:08:38 ELECTRUM: GetBestBlock called
2025/09/16 11:08:38 ELECTRUM: Subscribing to headers to get current height
2025/09/16 11:08:38 ELECTRUM: Got current height 4665385 from headers subscription
2025/09/16 11:08:38 ELECTRUM: Returning hash 0000000000005dc5f081a9ac4d55317b0d5f4613fd4c7e1446b09ae66bfe75e6 for height 4665385 (from headers subscription)
2025/09/16 11:08:38 ELECTRUM: GetBlockHeader called for hash: 0000000000005dc5f081a9ac4d55317b0d5f4613fd4c7e1446b09ae66bfe75e6
2025/09/16 11:08:38 ELECTRUM: GetBestBlock called
2025/09/16 11:08:38 ELECTRUM: Subscribing to headers to get current height
2025/09/16 11:08:39 ELECTRUM: Got current height 4665385 from headers subscription
2025/09/16 11:08:39 ELECTRUM: Returning hash 0000000000005dc5f081a9ac4d55317b0d5f4613fd4c7e1446b09ae66bfe75e6 for height 4665385 (from headers subscription)
2025-09-16 11:08:39.482 [DBG] LTND lnd.go:727: Syncing to block chain rev=4d1c86 best_block_time="2025-09-16 11:08:40 -0400 EDT" is_synced=false
2025/09/16 11:08:40 ELECTRUM: GetBestBlock called
2025/09/16 11:08:40 ELECTRUM: Subscribing to headers to get current height
2025/09/16 11:08:40 ELECTRUM: Got current height 4665386 from headers subscription
2025/09/16 11:08:40 ELECTRUM: Returning hash 0000000000000e1c52fbe4e9e3ba8495bd3661e5675ad4cad2d7b41c3e824066 for height 4665386 (from headers subscription)
2025/09/16 11:08:40 ELECTRUM: GetBlockHeader called for hash: 0000000000000e1c52fbe4e9e3ba8495bd3661e5675ad4cad2d7b41c3e824066
2025/09/16 11:08:40 ELECTRUM: GetBestBlock called
2025/09/16 11:08:40 ELECTRUM: Subscribing to headers to get current height
2025/09/16 11:08:41 ELECTRUM: Got current height 4665386 from headers subscription
2025/09/16 11:08:41 ELECTRUM: Returning hash 0000000000000e1c52fbe4e9e3ba8495bd3661e5675ad4cad2d7b41c3e824066 for height 4665386 (from headers subscription)
2025-09-16 11:08:41.327 [DBG] LTND lnd.go:727: Syncing to block chain rev=4d1c86 best_block_time="2025-09-16 11:08:45 -0400 EDT" is_synced=false
2025/09/16 11:08:42 ELECTRUM: GetBestBlock called
2025/09/16 11:08:42 ELECTRUM: Subscribing to headers to get current height
2025/09/16 11:08:42 ELECTRUM: Got current height 4665386 from headers subscription
2025/09/16 11:08:42 ELECTRUM: Returning hash 0000000000000e1c52fbe4e9e3ba8495bd3661e5675ad4cad2d7b41c3e824066 for height 4665386 (from headers subscription)
2025/09/16 11:08:42 ELECTRUM: GetBlockHeader called for hash: 0000000000000e1c52fbe4e9e3ba8495bd3661e5675ad4cad2d7b41c3e824066
2025/09/16 11:08:42 ELECTRUM: GetBestBlock called
2025/09/16 11:08:42 ELECTRUM: Subscribing to headers to get current height
2025/09/16 11:08:42 ELECTRUM: Got current height 4665386 from headers subscription
2025/09/16 11:08:42 ELECTRUM: Returning hash 0000000000000e1c52fbe4e9e3ba8495bd3661e5675ad4cad2d7b41c3e824066 for height 4665386 (from headers subscription)
2025-09-16 11:08:43.272 [DBG] LTND lnd.go:727: Syncing to block chain rev=4d1c86 best_block_time="2025-09-16 11:08:45 -0400 EDT" is_synced=false
2025/09/16 11:08:44 ELECTRUM: GetBestBlock called
2025/09/16 11:08:44 ELECTRUM: Subscribing to headers to get current height
2025/09/16 11:08:44 ELECTRUM: Got current height 4665387 from headers subscription
2025/09/16 11:08:44 ELECTRUM: Returning hash 000000000000451d730ee3b03fbc062ef2a90dd6b40b1dc9ab7060b74bbdee7d for height 4665387 (from headers subscription)
2025/09/16 11:08:44 ELECTRUM: GetBlockHeader called for hash: 000000000000451d730ee3b03fbc062ef2a90dd6b40b1dc9ab7060b74bbdee7d
2025/09/16 11:08:44 ELECTRUM: GetBestBlock called
2025/09/16 11:08:44 ELECTRUM: Subscribing to headers to get current height
2025/09/16 11:08:44 ELECTRUM: Got current height 4665387 from headers subscription
2025/09/16 11:08:44 ELECTRUM: Returning hash 000000000000451d730ee3b03fbc062ef2a90dd6b40b1dc9ab7060b74bbdee7d for height 4665387 (from headers subscription)
2025-09-16 11:08:45.222 [DBG] LTND lnd.go:727: Syncing to block chain rev=4d1c86 best_block_time="2025-09-16 11:08:48 -0400 EDT" is_synced=false
2025/09/16 11:08:46 ELECTRUM: GetBestBlock called
2025/09/16 11:08:46 ELECTRUM: Subscribing to headers to get current height
2025/09/16 11:08:46 ELECTRUM: Got current height 4665387 from headers subscription
2025/09/16 11:08:46 ELECTRUM: Returning hash 000000000000451d730ee3b03fbc062ef2a90dd6b40b1dc9ab7060b74bbdee7d for height 4665387 (from headers subscription)
2025/09/16 11:08:46 ELECTRUM: GetBlockHeader called for hash: 000000000000451d730ee3b03fbc062ef2a90dd6b40b1dc9ab7060b74bbdee7d
2025/09/16 11:08:46 ELECTRUM: GetBestBlock called
2025/09/16 11:08:46 ELECTRUM: Subscribing to headers to get current height
2025/09/16 11:08:46 ELECTRUM: Got current height 4665387 from headers subscription
2025/09/16 11:08:46 ELECTRUM: Returning hash 000000000000451d730ee3b03fbc062ef2a90dd6b40b1dc9ab7060b74bbdee7d for height 4665387 (from headers subscription)
2025-09-16 11:08:47.093 [DBG] LTND lnd.go:727: Syncing to block chain rev=4d1c86 best_block_time="2025-09-16 11:08:48 -0400 EDT" is_synced=false
2025/09/16 11:08:48 ELECTRUM: GetBestBlock called
2025/09/16 11:08:48 ELECTRUM: Subscribing to headers to get current height
2025/09/16 11:08:48 ELECTRUM: Got current height 4665388 from headers subscription
2025/09/16 11:08:48 ELECTRUM: Returning hash 0000000000009972b2fbdd46a7322995ae64c711cb3993cca6192b69b22557e8 for height 4665388 (from headers subscription)
2025/09/16 11:08:48 ELECTRUM: GetBlockHeader called for hash: 0000000000009972b2fbdd46a7322995ae64c711cb3993cca6192b69b22557e8
2025/09/16 11:08:48 ELECTRUM: GetBestBlock called
2025/09/16 11:08:48 ELECTRUM: Subscribing to headers to get current height
2025/09/16 11:08:48 ELECTRUM: Got current height 4665388 from headers subscription
2025/09/16 11:08:48 ELECTRUM: Returning hash 0000000000009972b2fbdd46a7322995ae64c711cb3993cca6192b69b22557e8 for height 4665388 (from headers subscription)
2025-09-16 11:08:48.903 [DBG] LTND lnd.go:727: Syncing to block chain rev=4d1c86 best_block_time="2025-09-16 11:08:51 -0400 EDT" is_synced=false
2025/09/16 11:08:49 ELECTRUM: GetBestBlock called
2025/09/16 11:08:49 ELECTRUM: Subscribing to headers to get current height
2025/09/16 11:08:50 ELECTRUM: Got current height 4665389 from headers subscription
2025/09/16 11:08:50 ELECTRUM: Returning hash 0000000000000b3a3e5b587d9f6e4b763a2c597b3108bb039f0c88046d83660d for height 4665389 (from headers subscription)
2025/09/16 11:08:50 ELECTRUM: GetBlockHeader called for hash: 0000000000000b3a3e5b587d9f6e4b763a2c597b3108bb039f0c88046d83660d
2025/09/16 11:08:50 ELECTRUM: GetBestBlock called
2025/09/16 11:08:50 ELECTRUM: Subscribing to headers to get current height
2025/09/16 11:08:50 ELECTRUM: Got current height 4665389 from headers subscription
2025/09/16 11:08:50 ELECTRUM: Returning hash 0000000000000b3a3e5b587d9f6e4b763a2c597b3108bb039f0c88046d83660d for height 4665389 (from headers subscription)
2025-09-16 11:08:50.782 [DBG] LTND lnd.go:727: Syncing to block chain rev=4d1c86 best_block_time="2025-09-16 11:08:45 -0400 EDT" is_synced=false
2025/09/16 11:08:51 ELECTRUM: GetBestBlock called
2025/09/16 11:08:51 ELECTRUM: Subscribing to headers to get current height
2025/09/16 11:08:52 ELECTRUM: Got current height 4665389 from headers subscription
2025/09/16 11:08:52 ELECTRUM: Returning hash 0000000000000b3a3e5b587d9f6e4b763a2c597b3108bb039f0c88046d83660d for height 4665389 (from headers subscription)
2025/09/16 11:08:52 ELECTRUM: GetBlockHeader called for hash: 0000000000000b3a3e5b587d9f6e4b763a2c597b3108bb039f0c88046d83660d
2025/09/16 11:08:52 ELECTRUM: GetBestBlock called
2025/09/16 11:08:52 ELECTRUM: Subscribing to headers to get current height
2025/09/16 11:08:52 ELECTRUM: Got current height 4665389 from headers subscription
2025/09/16 11:08:52 ELECTRUM: Returning hash 0000000000000b3a3e5b587d9f6e4b763a2c597b3108bb039f0c88046d83660d for height 4665389 (from headers subscription)
2025-09-16 11:08:52.696 [DBG] LTND lnd.go:727: Syncing to block chain rev=4d1c86 best_block_time="2025-09-16 11:08:45 -0400 EDT" is_synced=false
2025/09/16 11:08:53 ELECTRUM: GetBestBlock called
2025/09/16 11:08:53 ELECTRUM: Subscribing to headers to get current height
2025/09/16 11:08:53 ELECTRUM: Got current height 4665389 from headers subscription
2025/09/16 11:08:53 ELECTRUM: Returning hash 0000000000000b3a3e5b587d9f6e4b763a2c597b3108bb039f0c88046d83660d for height 4665389 (from headers subscription)
2025/09/16 11:08:53 ELECTRUM: GetBlockHeader called for hash: 0000000000000b3a3e5b587d9f6e4b763a2c597b3108bb039f0c88046d83660d
2025/09/16 11:08:53 ELECTRUM: GetBestBlock called
2025/09/16 11:08:53 ELECTRUM: Subscribing to headers to get current height
2025/09/16 11:08:54 ELECTRUM: Got current height 4665390 from headers subscription
2025/09/16 11:08:54 ELECTRUM: Returning hash 000000000000466918694536fa372a3b6a14c78d3298aeb4d68103baa76edc33 for height 4665390 (from headers subscription)
2025/09/16 11:09:04 ELECTRUM: GetBestBlock called
2025/09/16 11:09:04 ELECTRUM: Subscribing to headers to get current height
2025/09/16 11:09:04 ELECTRUM: Got current height 4665394 from headers subscription
2025/09/16 11:09:04 ELECTRUM: Returning hash 0000000000001545f5e81b2587a0b933011016072210093c98ce1ce6def9cdac for height 4665394 (from headers subscription)
2025/09/16 11:09:04 ELECTRUM: Checking for new blocks - current: 4665394, last known: 4665383
2025/09/16 11:09:04 ELECTRUM: New block detected! Height: 4665394 (was 4665383)
2025/09/16 11:09:04 ELECTRUM: Sending block connected notification for height 4665394
2025/09/16 11:09:04 ELECTRUM: Block notification sent successfully for height 4665394
2025/09/16 11:09:05 ELECTRUM: GetBestBlock called
2025/09/16 11:09:05 ELECTRUM: Subscribing to headers to get current height
2025/09/16 11:09:05 ELECTRUM: Got current height 4665394 from headers subscription
2025/09/16 11:09:05 ELECTRUM: Returning hash 0000000000001545f5e81b2587a0b933011016072210093c98ce1ce6def9cdac for height 4665394 (from headers subscription)
2025/09/16 11:09:05 ELECTRUM: Checking for new blocks - current: 4665394, last known: 4665383
2025/09/16 11:09:05 ELECTRUM: New block detected! Height: 4665394 (was 4665383)
2025/09/16 11:09:05 ELECTRUM: Sending block connected notification for height 4665394
2025/09/16 11:09:05 ELECTRUM: Block notification sent successfully for height 4665394
2025/09/16 11:09:06 ELECTRUM: GetBestBlock called
2025/09/16 11:09:06 ELECTRUM: Subscribing to headers to get current height
2025/09/16 11:09:06 ELECTRUM: Got current height 4665394 from headers subscription
2025/09/16 11:09:06 ELECTRUM: Returning hash 0000000000001545f5e81b2587a0b933011016072210093c98ce1ce6def9cdac for height 4665394 (from headers subscription)
2025/09/16 11:09:06 ELECTRUM: Checking for new blocks - current: 4665394, last known: 4665384
2025/09/16 11:09:06 ELECTRUM: New block detected! Height: 4665394 (was 4665384)
2025/09/16 11:09:06 ELECTRUM: Sending block connected notification for height 4665394
2025/09/16 11:09:06 ELECTRUM: Block notification sent successfully for height 4665394
2025-09-16 11:09:22.490 [DBG] LTND lnd.go:727: Syncing to block chain rev=4d1c86 best_block_time="2025-09-16 11:08:45 -0400 EDT" is_synced=false
2025/09/16 11:09:23 ELECTRUM: GetBestBlock called
2025/09/16 11:09:23 ELECTRUM: Subscribing to headers to get current height
2025/09/16 11:09:23 ELECTRUM: Got current height 4665405 from headers subscription
2025/09/16 11:09:23 ELECTRUM: Returning hash 0000000000004bb2bcb11c529f7061ed41ca2036fb93b300df718f00e0e483c0 for height 4665405 (from headers subscription)
2025/09/16 11:09:23 ELECTRUM: GetBlockHeader called for hash: 0000000000004bb2bcb11c529f7061ed41ca2036fb93b300df718f00e0e483c0
2025/09/16 11:09:23 ELECTRUM: GetBestBlock called
2025/09/16 11:09:23 ELECTRUM: Subscribing to headers to get current height
2025/09/16 11:09:24 ELECTRUM: Got current height 4665405 from headers subscription
2025/09/16 11:09:24 ELECTRUM: Returning hash 0000000000004bb2bcb11c529f7061ed41ca2036fb93b300df718f00e0e483c0 for height 4665405 (from headers subscription)
2025-09-16 11:09:24.308 [DBG] LTND lnd.go:727: Syncing to block chain rev=4d1c86 best_block_time="2025-09-16 11:09:34 -0400 EDT" is_synced=false
2025/09/16 11:09:25 ELECTRUM: GetBestBlock called
2025/09/16 11:09:25 ELECTRUM: Subscribing to headers to get current height
2025/09/16 11:09:25 ELECTRUM: Got current height 4665406 from headers subscription
2025/09/16 11:09:25 ELECTRUM: Returning hash 000000000000516d50ee09b9345bedeff9a24541d49ac5830ccdc2d44aa8b298 for height 4665406 (from headers subscription)
2025/09/16 11:09:25 ELECTRUM: GetBlockHeader called for hash: 000000000000516d50ee09b9345bedeff9a24541d49ac5830ccdc2d44aa8b298
2025/09/16 11:09:25 ELECTRUM: GetBestBlock called
2025/09/16 11:09:25 ELECTRUM: Subscribing to headers to get current height
2025/09/16 11:09:25 ELECTRUM: Got current height 4665406 from headers subscription
2025/09/16 11:09:25 ELECTRUM: Returning hash 000000000000516d50ee09b9345bedeff9a24541d49ac5830ccdc2d44aa8b298 for height 4665406 (from headers subscription)
2025-09-16 11:09:26.177 [DBG] LTND lnd.go:727: Syncing to block chain rev=4d1c86 best_block_time="2025-09-16 11:09:24 -0400 EDT" is_synced=false
2025/09/16 11:09:27 ELECTRUM: GetBestBlock called
2025/09/16 11:09:27 ELECTRUM: Subscribing to headers to get current height
2025/09/16 11:09:27 ELECTRUM: Got current height 4665408 from headers subscription
2025/09/16 11:09:27 ELECTRUM: Returning hash 0000000000022f4cbe1d2e1cd1fa25c58a79befe7b0d4a6645d4dbdb0703bacc for height 4665408 (from headers subscription)
2025/09/16 11:09:27 ELECTRUM: GetBlockHeader called for hash: 0000000000022f4cbe1d2e1cd1fa25c58a79befe7b0d4a6645d4dbdb0703bacc
2025/09/16 11:09:27 ELECTRUM: GetBestBlock called
2025/09/16 11:09:27 ELECTRUM: Subscribing to headers to get current height
2025/09/16 11:09:27 ELECTRUM: Got current height 4665408 from headers subscription
2025/09/16 11:09:27 ELECTRUM: Returning hash 0000000000022f4cbe1d2e1cd1fa25c58a79befe7b0d4a6645d4dbdb0703bacc for height 4665408 (from headers subscription)
2025-09-16 11:09:28.125 [DBG] LTND lnd.go:727: Syncing to block chain rev=4d1c86 best_block_time="2025-09-16 11:09:25 -0400 EDT" is_synced=false
2025/09/16 11:09:29 ELECTRUM: GetBestBlock called
2025/09/16 11:09:29 ELECTRUM: Subscribing to headers to get current height
2025/09/16 11:09:29 ELECTRUM: Got current height 4665409 from headers subscription
2025/09/16 11:09:29 ELECTRUM: Returning hash 000000000000254eb1de3dbc491ee73edbf4d89e3467cf59fe2c75e4b7085eee for height 4665409 (from headers subscription)
2025/09/16 11:09:29 ELECTRUM: GetBlockHeader called for hash: 000000000000254eb1de3dbc491ee73edbf4d89e3467cf59fe2c75e4b7085eee
2025/09/16 11:09:29 ELECTRUM: GetBestBlock called
2025/09/16 11:09:29 ELECTRUM: Subscribing to headers to get current height
2025/09/16 11:09:29 ELECTRUM: Got current height 4665409 from headers subscription
2025/09/16 11:09:29 ELECTRUM: Returning hash 000000000000254eb1de3dbc491ee73edbf4d89e3467cf59fe2c75e4b7085eee for height 4665409 (from headers subscription)
2025-09-16 11:09:29.964 [DBG] LTND lnd.go:727: Syncing to block chain rev=4d1c86 best_block_time="2025-09-16 11:09:34 -0400 EDT" is_synced=false
2025/09/16 11:09:30 ELECTRUM: GetBestBlock called
2025/09/16 11:09:30 ELECTRUM: Subscribing to headers to get current height
2025/09/16 11:09:31 ELECTRUM: Got current height 4665410 from headers subscription
2025/09/16 11:09:31 ELECTRUM: Returning hash 00000000000069ee424faebf8bb45d3c516eaba22460f5e1d8db5df5997c198f for height 4665410 (from headers subscription)
2025/09/16 11:09:31 ELECTRUM: GetBlockHeader called for hash: 00000000000069ee424faebf8bb45d3c516eaba22460f5e1d8db5df5997c198f
2025/09/16 11:09:31 ELECTRUM: GetBestBlock called
2025/09/16 11:09:31 ELECTRUM: Subscribing to headers to get current height
2025/09/16 11:09:31 ELECTRUM: Got current height 4665410 from headers subscription
2025/09/16 11:09:31 ELECTRUM: Returning hash 00000000000069ee424faebf8bb45d3c516eaba22460f5e1d8db5df5997c198f for height 4665410 (from headers subscription)
2025-09-16 11:09:31.913 [DBG] LTND lnd.go:727: Syncing to block chain rev=4d1c86 best_block_time="2025-09-16 11:09:31 -0400 EDT" is_synced=false
2025/09/16 11:09:32 ELECTRUM: GetBestBlock called
2025/09/16 11:09:32 ELECTRUM: Subscribing to headers to get current height
2025/09/16 11:09:33 ELECTRUM: Got current height 4665411 from headers subscription
2025/09/16 11:09:33 ELECTRUM: Returning hash 0000000000004a0a9c4cc8720d75c80ca28619d04695f90239119038c96fd136 for height 4665411 (from headers subscription)
2025/09/16 11:09:33 ELECTRUM: GetBlockHeader called for hash: 0000000000004a0a9c4cc8720d75c80ca28619d04695f90239119038c96fd136
2025/09/16 11:09:33 ELECTRUM: GetBestBlock called
2025/09/16 11:09:33 ELECTRUM: Subscribing to headers to get current height
2025/09/16 11:09:33 ELECTRUM: Got current height 4665411 from headers subscription
2025/09/16 11:09:33 ELECTRUM: Returning hash 0000000000004a0a9c4cc8720d75c80ca28619d04695f90239119038c96fd136 for height 4665411 (from headers subscription)
2025-09-16 11:09:33.856 [DBG] LTND lnd.go:727: Syncing to block chain rev=4d1c86 best_block_time="2025-09-16 11:09:41 -0400 EDT" is_synced=false
2025/09/16 11:09:34 ELECTRUM: GetBestBlock called
2025/09/16 11:09:34 ELECTRUM: Subscribing to headers to get current height
2025/09/16 11:09:34 ELECTRUM: Got current height 4665412 from headers subscription
2025/09/16 11:09:34 ELECTRUM: Returning hash 000000000000e64768918f2c6db33e4d6125dd26881f7e3a18e1b3e19911e563 for height 4665412 (from headers subscription)
2025/09/16 11:09:34 ELECTRUM: Checking for new blocks - current: 4665412, last known: 4665394
2025/09/16 11:09:34 ELECTRUM: New block detected! Height: 4665412 (was 4665394)
2025/09/16 11:09:34 ELECTRUM: Sending block connected notification for height 4665412
2025/09/16 11:09:34 ELECTRUM: Block notification sent successfully for height 4665412
2025/09/16 11:09:34 ELECTRUM: GetBestBlock called
2025/09/16 11:09:34 ELECTRUM: Subscribing to headers to get current height
2025/09/16 11:09:35 ELECTRUM: Got current height 4665412 from headers subscription
2025/09/16 11:09:35 ELECTRUM: Returning hash 000000000000e64768918f2c6db33e4d6125dd26881f7e3a18e1b3e19911e563 for height 4665412 (from headers subscription)
2025/09/16 11:09:35 ELECTRUM: GetBlockHeader called for hash: 000000000000e64768918f2c6db33e4d6125dd26881f7e3a18e1b3e19911e563
2025/09/16 11:09:35 ELECTRUM: GetBestBlock called
2025/09/16 11:09:35 ELECTRUM: Subscribing to headers to get current height
2025/09/16 11:09:35 ELECTRUM: Got current height 4665412 from headers subscription
2025/09/16 11:09:35 ELECTRUM: Returning hash 000000000000e64768918f2c6db33e4d6125dd26881f7e3a18e1b3e19911e563 for height 4665412 (from headers subscription)
2025/09/16 11:09:35 ELECTRUM: GetBestBlock called
2025/09/16 11:09:35 ELECTRUM: Subscribing to headers to get current height
2025-09-16 11:09:35.758 [DBG] LTND lnd.go:727: Syncing to block chain rev=4d1c86 best_block_time="2025-09-16 11:09:35 -0400 EDT" is_synced=false
2025/09/16 11:09:36 ELECTRUM: Got current height 4665412 from headers subscription
2025/09/16 11:09:36 ELECTRUM: Returning hash 000000000000e64768918f2c6db33e4d6125dd26881f7e3a18e1b3e19911e563 for height 4665412 (from headers subscription)
2025/09/16 11:09:36 ELECTRUM: Checking for new blocks - current: 4665412, last known: 4665394
2025/09/16 11:09:36 ELECTRUM: New block detected! Height: 4665412 (was 4665394)
2025/09/16 11:09:36 ELECTRUM: Sending block connected notification for height 4665412
2025/09/16 11:09:36 ELECTRUM: Block notification sent successfully for height 4665412
2025/09/16 11:09:36 ELECTRUM: GetBestBlock called
2025/09/16 11:09:36 ELECTRUM: Subscribing to headers to get current height
2025/09/16 11:09:36 ELECTRUM: Got current height 4665412 from headers subscription
2025/09/16 11:09:36 ELECTRUM: Returning hash 000000000000e64768918f2c6db33e4d6125dd26881f7e3a18e1b3e19911e563 for height 4665412 (from headers subscription)
2025/09/16 11:09:36 ELECTRUM: Checking for new blocks - current: 4665412, last known: 4665394
2025/09/16 11:09:36 ELECTRUM: New block detected! Height: 4665412 (was 4665394)
2025/09/16 11:09:36 ELECTRUM: Sending block connected notification for height 4665412
2025/09/16 11:09:36 ELECTRUM: Block notification sent successfully for height 4665412
2025/09/16 11:09:36 ELECTRUM: GetBestBlock called
2025/09/16 11:09:36 ELECTRUM: Subscribing to headers to get current height
2025/09/16 11:09:37 ELECTRUM: Got current height 4665413 from headers subscription
2025/09/16 11:09:37 ELECTRUM: Returning hash 0000000000003f961133d699e1440703733bc28586540150db2914c2697bc5dc for height 4665413 (from headers subscription)
2025/09/16 11:09:37 ELECTRUM: GetBlockHeader called for hash: 0000000000003f961133d699e1440703733bc28586540150db2914c2697bc5dc
2025/09/16 11:09:37 ELECTRUM: GetBestBlock called
2025/09/16 11:09:37 ELECTRUM: Subscribing to headers to get current height
2025/09/16 11:09:37 ELECTRUM: Got current height 4665413 from headers subscription
2025/09/16 11:09:37 ELECTRUM: Returning hash 0000000000003f961133d699e1440703733bc28586540150db2914c2697bc5dc for height 4665413 (from headers subscription)
2025-09-16 11:09:37.648 [DBG] LTND lnd.go:727: Syncing to block chain rev=4d1c86 best_block_time="2025-09-16 11:09:39 -0400 EDT" is_synced=false
2025/09/16 11:09:38 ELECTRUM: GetBestBlock called
2025/09/16 11:09:38 ELECTRUM: Subscribing to headers to get current height
2025/09/16 11:09:38 ELECTRUM: Got current height 4665415 from headers subscription
2025/09/16 11:09:38 ELECTRUM: Returning hash 0000000000036aec1ab715ec722e071e4a52fd7a9b6e889f7ffb7808c86f1d25 for height 4665415 (from headers subscription)
2025/09/16 11:09:38 ELECTRUM: GetBlockHeader called for hash: 0000000000036aec1ab715ec722e071e4a52fd7a9b6e889f7ffb7808c86f1d25
2025/09/16 11:09:38 ELECTRUM: GetBestBlock called
2025/09/16 11:09:38 ELECTRUM: Subscribing to headers to get current height
2025/09/16 11:09:39 ELECTRUM: Got current height 4665415 from headers subscription
2025/09/16 11:09:39 ELECTRUM: Returning hash 0000000000036aec1ab715ec722e071e4a52fd7a9b6e889f7ffb7808c86f1d25 for height 4665415 (from headers subscription)
2025-09-16 11:09:39.489 [DBG] LTND lnd.go:727: Syncing to block chain rev=4d1c86 best_block_time="2025-09-16 11:09:37 -0400 EDT" is_synced=false
2025/09/16 11:09:40 ELECTRUM: GetBestBlock called
2025/09/16 11:09:40 ELECTRUM: Subscribing to headers to get current height
2025/09/16 11:09:40 ELECTRUM: Got current height 4665415 from headers subscription
2025/09/16 11:09:40 ELECTRUM: Returning hash 0000000000036aec1ab715ec722e071e4a52fd7a9b6e889f7ffb7808c86f1d25 for height 4665415 (from headers subscription)
2025/09/16 11:09:40 ELECTRUM: GetBlockHeader called for hash: 0000000000036aec1ab715ec722e071e4a52fd7a9b6e889f7ffb7808c86f1d25
2025/09/16 11:09:40 ELECTRUM: GetBestBlock called
2025/09/16 11:09:40 ELECTRUM: Subscribing to headers to get current height
2025/09/16 11:09:41 ELECTRUM: Got current height 4665415 from headers subscription
2025/09/16 11:09:41 ELECTRUM: Returning hash 0000000000036aec1ab715ec722e071e4a52fd7a9b6e889f7ffb7808c86f1d25 for height 4665415 (from headers subscription)
2025-09-16 11:09:41.369 [DBG] LTND lnd.go:727: Syncing to block chain rev=4d1c86 best_block_time="2025-09-16 11:09:37 -0400 EDT" is_synced=false
2025/09/16 11:09:42 ELECTRUM: GetBestBlock called
2025/09/16 11:09:42 ELECTRUM: Subscribing to headers to get current height
2025/09/16 11:09:42 ELECTRUM: Got current height 4665415 from headers subscription
2025/09/16 11:09:42 ELECTRUM: Returning hash 0000000000036aec1ab715ec722e071e4a52fd7a9b6e889f7ffb7808c86f1d25 for height 4665415 (from headers subscription)
2025/09/16 11:09:42 ELECTRUM: GetBlockHeader called for hash: 0000000000036aec1ab715ec722e071e4a52fd7a9b6e889f7ffb7808c86f1d25
2025/09/16 11:09:42 ELECTRUM: GetBestBlock called
2025/09/16 11:09:42 ELECTRUM: Subscribing to headers to get current height
2025/09/16 11:09:42 ELECTRUM: Got current height 4665415 from headers subscription
2025/09/16 11:09:42 ELECTRUM: Returning hash 0000000000036aec1ab715ec722e071e4a52fd7a9b6e889f7ffb7808c86f1d25 for height 4665415 (from headers subscription)
2025-09-16 11:09:43.282 [DBG] LTND lnd.go:727: Syncing to block chain rev=4d1c86 best_block_time="2025-09-16 11:09:37 -0400 EDT" is_synced=false
2025/09/16 11:09:44 ELECTRUM: GetBestBlock called
2025/09/16 11:09:44 ELECTRUM: Subscribing to headers to get current height
2025/09/16 11:09:44 ELECTRUM: Got current height 4665416 from headers subscription
2025/09/16 11:09:44 ELECTRUM: Returning hash 000000000000b989f082a619f6241dec7e2459cc53e9a28c9722cf180b055473 for height 4665416 (from headers subscription)
2025/09/16 11:09:44 ELECTRUM: GetBlockHeader called for hash: 000000000000b989f082a619f6241dec7e2459cc53e9a28c9722cf180b055473
2025/09/16 11:09:44 ELECTRUM: GetBestBlock called
2025/09/16 11:09:44 ELECTRUM: Subscribing to headers to get current height
2025/09/16 11:09:44 ELECTRUM: Got current height 4665417 from headers subscription
2025/09/16 11:09:44 ELECTRUM: Returning hash 00000000000206d06df7620b13b4ee3c9cc92d0f9deed0d8b814c01f6150bfd2 for height 4665417 (from headers subscription)
2025/09/16 11:10:04 ELECTRUM: GetBestBlock called
2025/09/16 11:10:04 ELECTRUM: Subscribing to headers to get current height
2025/09/16 11:10:04 ELECTRUM: Got current height 4665427 from headers subscription
2025/09/16 11:10:04 ELECTRUM: Returning hash 0000000000000baf6daf79deeb4ed8ac01d54b5249fbc3f5b2f1da267caa3419 for height 4665427 (from headers subscription)
2025/09/16 11:10:04 ELECTRUM: Checking for new blocks - current: 4665427, last known: 4665412
2025/09/16 11:10:04 ELECTRUM: New block detected! Height: 4665427 (was 4665412)
2025/09/16 11:10:04 ELECTRUM: Sending block connected notification for height 4665427
2025/09/16 11:10:04 ELECTRUM: Block notification sent successfully for height 4665427
2025/09/16 11:10:05 ELECTRUM: GetBestBlock called
2025/09/16 11:10:05 ELECTRUM: Subscribing to headers to get current height
2025/09/16 11:10:05 ELECTRUM: Got current height 4665427 from headers subscription
2025/09/16 11:10:05 ELECTRUM: Returning hash 0000000000000baf6daf79deeb4ed8ac01d54b5249fbc3f5b2f1da267caa3419 for height 4665427 (from headers subscription)
2025/09/16 11:10:05 ELECTRUM: Checking for new blocks - current: 4665427, last known: 4665412
2025/09/16 11:10:05 ELECTRUM: New block detected! Height: 4665427 (was 4665412)
2025/09/16 11:10:05 ELECTRUM: Sending block connected notification for height 4665427
2025/09/16 11:10:05 ELECTRUM: Block notification sent successfully for height 4665427
2025/09/16 11:10:06 ELECTRUM: GetBestBlock called
2025/09/16 11:10:06 ELECTRUM: Subscribing to headers to get current height
2025/09/16 11:10:06 ELECTRUM: Got current height 4665428 from headers subscription
2025/09/16 11:10:06 ELECTRUM: Returning hash 000000000001fd140284b92afe865e66c613abb0c998e19da7d273cb85f8c841 for height 4665428 (from headers subscription)
2025/09/16 11:10:06 ELECTRUM: Checking for new blocks - current: 4665428, last known: 4665412
2025/09/16 11:10:06 ELECTRUM: New block detected! Height: 4665428 (was 4665412)
2025/09/16 11:10:06 ELECTRUM: Sending block connected notification for height 4665428
2025/09/16 11:10:06 ELECTRUM: Block notification sent successfully for height 4665428
2025-09-16 11:10:12.930 [DBG] LTND lnd.go:727: Syncing to block chain rev=4d1c86 best_block_time="2025-09-16 11:09:38 -0400 EDT" is_synced=false
2025/09/16 11:10:13 ELECTRUM: GetBestBlock called
2025/09/16 11:10:13 ELECTRUM: Subscribing to headers to get current height
2025/09/16 11:10:14 ELECTRUM: Got current height 4665430 from headers subscription
2025/09/16 11:10:14 ELECTRUM: Returning hash 000000000003baf2f0368af670065c9b45a100462f0c2ad591508ac4d87eb468 for height 4665430 (from headers subscription)
2025/09/16 11:10:14 ELECTRUM: GetBlockHeader called for hash: 000000000003baf2f0368af670065c9b45a100462f0c2ad591508ac4d87eb468
2025/09/16 11:10:14 ELECTRUM: GetBestBlock called
2025/09/16 11:10:14 ELECTRUM: Subscribing to headers to get current height
2025/09/16 11:10:14 ELECTRUM: Got current height 4665430 from headers subscription
2025/09/16 11:10:14 ELECTRUM: Returning hash 000000000003baf2f0368af670065c9b45a100462f0c2ad591508ac4d87eb468 for height 4665430 (from headers subscription)
2025-09-16 11:10:14.714 [DBG] LTND lnd.go:727: Syncing to block chain rev=4d1c86 best_block_time="2025-09-16 11:10:12 -0400 EDT" is_synced=false
2025/09/16 11:10:15 ELECTRUM: GetBestBlock called
2025/09/16 11:10:15 ELECTRUM: Subscribing to headers to get current height
2025/09/16 11:10:15 ELECTRUM: Got current height 4665431 from headers subscription
2025/09/16 11:10:15 ELECTRUM: Returning hash 0000000000000cb47b09b6196008ed42c9400dc5160ed4a90c73cbee3a4ccdf9 for height 4665431 (from headers subscription)
2025/09/16 11:10:15 ELECTRUM: GetBlockHeader called for hash: 0000000000000cb47b09b6196008ed42c9400dc5160ed4a90c73cbee3a4ccdf9
2025/09/16 11:10:15 ELECTRUM: GetBestBlock called
2025/09/16 11:10:15 ELECTRUM: Subscribing to headers to get current height
2025/09/16 11:10:16 ELECTRUM: Got current height 4665431 from headers subscription
2025/09/16 11:10:16 ELECTRUM: Returning hash 0000000000000cb47b09b6196008ed42c9400dc5160ed4a90c73cbee3a4ccdf9 for height 4665431 (from headers subscription)
2025-09-16 11:10:16.455 [DBG] LTND lnd.go:727: Syncing to block chain rev=4d1c86 best_block_time="2025-09-16 11:10:11 -0400 EDT" is_synced=false
2025/09/16 11:10:17 ELECTRUM: GetBestBlock called
2025/09/16 11:10:17 ELECTRUM: Subscribing to headers to get current height
2025/09/16 11:10:17 ELECTRUM: Got current height 4665432 from headers subscription
2025/09/16 11:10:17 ELECTRUM: Returning hash 000000000001012c06f95983268129a9db578a99ed48b9660839da7dda738409 for height 4665432 (from headers subscription)
2025/09/16 11:10:17 ELECTRUM: GetBlockHeader called for hash: 000000000001012c06f95983268129a9db578a99ed48b9660839da7dda738409
2025/09/16 11:10:17 ELECTRUM: GetBestBlock called
2025/09/16 11:10:17 ELECTRUM: Subscribing to headers to get current height
2025/09/16 11:10:18 ELECTRUM: Got current height 4665432 from headers subscription
2025/09/16 11:10:18 ELECTRUM: Returning hash 000000000001012c06f95983268129a9db578a99ed48b9660839da7dda738409 for height 4665432 (from headers subscription)
2025-09-16 11:10:18.411 [DBG] LTND lnd.go:727: Syncing to block chain rev=4d1c86 best_block_time="2025-09-16 11:10:14 -0400 EDT" is_synced=false
2025/09/16 11:10:19 ELECTRUM: GetBestBlock called
2025/09/16 11:10:19 ELECTRUM: Subscribing to headers to get current height
2025/09/16 11:10:19 ELECTRUM: Got current height 4665432 from headers subscription
2025/09/16 11:10:19 ELECTRUM: Returning hash 000000000001012c06f95983268129a9db578a99ed48b9660839da7dda738409 for height 4665432 (from headers subscription)
2025/09/16 11:10:19 ELECTRUM: GetBlockHeader called for hash: 000000000001012c06f95983268129a9db578a99ed48b9660839da7dda738409
2025/09/16 11:10:19 ELECTRUM: GetBestBlock called
2025/09/16 11:10:19 ELECTRUM: Subscribing to headers to get current height
2025/09/16 11:10:19 ELECTRUM: Got current height 4665432 from headers subscription
2025/09/16 11:10:19 ELECTRUM: Returning hash 000000000001012c06f95983268129a9db578a99ed48b9660839da7dda738409 for height 4665432 (from headers subscription)
2025-09-16 11:10:20.251 [DBG] LTND lnd.go:727: Syncing to block chain rev=4d1c86 best_block_time="2025-09-16 11:10:14 -0400 EDT" is_synced=false
2025/09/16 11:10:21 ELECTRUM: GetBestBlock called
2025/09/16 11:10:21 ELECTRUM: Subscribing to headers to get current height
2025/09/16 11:10:21 ELECTRUM: Got current height 4665433 from headers subscription
2025/09/16 11:10:21 ELECTRUM: Returning hash 000000000000444d6e2aff5983ff2f6083c1b8d28436cd5f88e93278b13e078e for height 4665433 (from headers subscription)
2025/09/16 11:10:21 ELECTRUM: GetBlockHeader called for hash: 000000000000444d6e2aff5983ff2f6083c1b8d28436cd5f88e93278b13e078e
2025/09/16 11:10:21 ELECTRUM: GetBestBlock called
2025/09/16 11:10:21 ELECTRUM: Subscribing to headers to get current height
2025/09/16 11:10:21 ELECTRUM: Got current height 4665433 from headers subscription
2025/09/16 11:10:21 ELECTRUM: Returning hash 000000000000444d6e2aff5983ff2f6083c1b8d28436cd5f88e93278b13e078e for height 4665433 (from headers subscription)
2025-09-16 11:10:22.125 [DBG] LTND lnd.go:727: Syncing to block chain rev=4d1c86 best_block_time="2025-09-16 11:10:17 -0400 EDT" is_synced=false
2025/09/16 11:10:23 ELECTRUM: GetBestBlock called
2025/09/16 11:10:23 ELECTRUM: Subscribing to headers to get current height
2025/09/16 11:10:23 ELECTRUM: Got current height 4665435 from headers subscription
2025/09/16 11:10:23 ELECTRUM: Returning hash 000000000000081706be17abb5a559137c3440a1838161770176262dc2765572 for height 4665435 (from headers subscription)
2025/09/16 11:10:23 ELECTRUM: GetBlockHeader called for hash: 000000000000081706be17abb5a559137c3440a1838161770176262dc2765572
2025/09/16 11:10:23 ELECTRUM: GetBestBlock called
2025/09/16 11:10:23 ELECTRUM: Subscribing to headers to get current height
2025/09/16 11:10:23 ELECTRUM: Got current height 4665435 from headers subscription
2025/09/16 11:10:23 ELECTRUM: Returning hash 000000000000081706be17abb5a559137c3440a1838161770176262dc2765572 for height 4665435 (from headers subscription)
2025-09-16 11:10:23.933 [DBG] LTND lnd.go:727: Syncing to block chain rev=4d1c86 best_block_time="2025-09-16 11:10:33 -0400 EDT" is_synced=false
2025/09/16 11:10:24 ELECTRUM: GetBestBlock called
2025/09/16 11:10:24 ELECTRUM: Subscribing to headers to get current height
2025/09/16 11:10:25 ELECTRUM: Got current height 4665436 from headers subscription
2025/09/16 11:10:25 ELECTRUM: Returning hash 000000000000286b5d01d9f61b9239a886d1ec9191078bc8da9625a143702c69 for height 4665436 (from headers subscription)
2025/09/16 11:10:25 ELECTRUM: GetBlockHeader called for hash: 000000000000286b5d01d9f61b9239a886d1ec9191078bc8da9625a143702c69
2025/09/16 11:10:25 ELECTRUM: GetBestBlock called
2025/09/16 11:10:25 ELECTRUM: Subscribing to headers to get current height
2025/09/16 11:10:25 ELECTRUM: Got current height 4665436 from headers subscription
2025/09/16 11:10:25 ELECTRUM: Returning hash 000000000000286b5d01d9f61b9239a886d1ec9191078bc8da9625a143702c69 for height 4665436 (from headers subscription)
2025-09-16 11:10:25.777 [DBG] LTND lnd.go:727: Syncing to block chain rev=4d1c86 best_block_time="2025-09-16 11:10:22 -0400 EDT" is_synced=false
2025/09/16 11:10:26 ELECTRUM: GetBestBlock called
2025/09/16 11:10:26 ELECTRUM: Subscribing to headers to get current height
2025/09/16 11:10:27 ELECTRUM: Got current height 4665436 from headers subscription
2025/09/16 11:10:27 ELECTRUM: Returning hash 000000000000286b5d01d9f61b9239a886d1ec9191078bc8da9625a143702c69 for height 4665436 (from headers subscription)
2025/09/16 11:10:27 ELECTRUM: GetBlockHeader called for hash: 000000000000286b5d01d9f61b9239a886d1ec9191078bc8da9625a143702c69
2025/09/16 11:10:27 ELECTRUM: GetBestBlock called
2025/09/16 11:10:27 ELECTRUM: Subscribing to headers to get current height
2025/09/16 11:10:27 ELECTRUM: Got current height 4665437 from headers subscription
2025/09/16 11:10:27 ELECTRUM: Returning hash 00000000000015661cdbf305760ea02b785ddf387c77a9823147113da8aabc71 for height 4665437 (from headers subscription)
2025/09/16 11:10:34 ELECTRUM: GetBestBlock called
2025/09/16 11:10:34 ELECTRUM: Subscribing to headers to get current height
2025/09/16 11:10:34 ELECTRUM: Got current height 4665438 from headers subscription
2025/09/16 11:10:34 ELECTRUM: Returning hash 0000000000004e7dff6659c447e9aeb93e1c4b7440a9414d67d817b18d070e49 for height 4665438 (from headers subscription)
2025/09/16 11:10:34 ELECTRUM: Checking for new blocks - current: 4665438, last known: 4665427
2025/09/16 11:10:34 ELECTRUM: New block detected! Height: 4665438 (was 4665427)
2025/09/16 11:10:34 ELECTRUM: Sending block connected notification for height 4665438
2025/09/16 11:10:34 ELECTRUM: Block notification sent successfully for height 4665438
2025/09/16 11:10:35 ELECTRUM: GetBestBlock called
2025/09/16 11:10:35 ELECTRUM: Subscribing to headers to get current height
2025/09/16 11:10:35 ELECTRUM: Got current height 4665440 from headers subscription
2025/09/16 11:10:35 ELECTRUM: Returning hash 000000000000623260f4309e7e7bdbfc6ca7546025d2e0cc42a0e8eb9332d6a7 for height 4665440 (from headers subscription)
2025/09/16 11:10:35 ELECTRUM: Checking for new blocks - current: 4665440, last known: 4665427
2025/09/16 11:10:35 ELECTRUM: New block detected! Height: 4665440 (was 4665427)
2025/09/16 11:10:35 ELECTRUM: Sending block connected notification for height 4665440
2025/09/16 11:10:35 ELECTRUM: Block notification sent successfully for height 4665440
2025/09/16 11:10:36 ELECTRUM: GetBestBlock called
2025/09/16 11:10:36 ELECTRUM: Subscribing to headers to get current height
2025/09/16 11:10:36 ELECTRUM: Got current height 4665440 from headers subscription
2025/09/16 11:10:36 ELECTRUM: Returning hash 000000000000623260f4309e7e7bdbfc6ca7546025d2e0cc42a0e8eb9332d6a7 for height 4665440 (from headers subscription)
2025/09/16 11:10:36 ELECTRUM: Checking for new blocks - current: 4665440, last known: 4665428
2025/09/16 11:10:36 ELECTRUM: New block detected! Height: 4665440 (was 4665428)
2025/09/16 11:10:36 ELECTRUM: Sending block connected notification for height 4665440
2025/09/16 11:10:36 ELECTRUM: Block notification sent successfully for height 4665440
2025-09-16 11:10:54.072 [DBG] LTND lnd.go:727: Syncing to block chain rev=4d1c86 best_block_time="2025-09-16 11:10:22 -0400 EDT" is_synced=false
2025/09/16 11:10:55 ELECTRUM: GetBestBlock called
2025/09/16 11:10:55 ELECTRUM: Subscribing to headers to get current height
2025/09/16 11:10:55 ELECTRUM: Got current height 4665450 from headers subscription
2025/09/16 11:10:55 ELECTRUM: Returning hash 000000000002c4bde0e88f55a0c79f6acb35baa1f746cd879580963aa45ced0a for height 4665450 (from headers subscription)
2025/09/16 11:10:55 ELECTRUM: GetBlockHeader called for hash: 000000000002c4bde0e88f55a0c79f6acb35baa1f746cd879580963aa45ced0a
2025/09/16 11:10:55 ELECTRUM: GetBestBlock called
2025/09/16 11:10:55 ELECTRUM: Subscribing to headers to get current height
2025/09/16 11:10:55 ELECTRUM: Got current height 4665450 from headers subscription
2025/09/16 11:10:55 ELECTRUM: Returning hash 000000000002c4bde0e88f55a0c79f6acb35baa1f746cd879580963aa45ced0a for height 4665450 (from headers subscription)
2025-09-16 11:10:55.802 [DBG] LTND lnd.go:727: Syncing to block chain rev=4d1c86 best_block_time="2025-09-16 11:10:50 -0400 EDT" is_synced=false
2025/09/16 11:10:56 ELECTRUM: GetBestBlock called
2025/09/16 11:10:56 ELECTRUM: Subscribing to headers to get current height
2025/09/16 11:10:57 ELECTRUM: Got current height 4665450 from headers subscription
2025/09/16 11:10:57 ELECTRUM: Returning hash 000000000002c4bde0e88f55a0c79f6acb35baa1f746cd879580963aa45ced0a for height 4665450 (from headers subscription)
2025/09/16 11:10:57 ELECTRUM: GetBlockHeader called for hash: 000000000002c4bde0e88f55a0c79f6acb35baa1f746cd879580963aa45ced0a
2025/09/16 11:10:57 ELECTRUM: GetBestBlock called
2025/09/16 11:10:57 ELECTRUM: Subscribing to headers to get current height
2025/09/16 11:10:57 ELECTRUM: Got current height 4665450 from headers subscription
2025/09/16 11:10:57 ELECTRUM: Returning hash 000000000002c4bde0e88f55a0c79f6acb35baa1f746cd879580963aa45ced0a for height 4665450 (from headers subscription)
2025-09-16 11:10:57.621 [DBG] LTND lnd.go:727: Syncing to block chain rev=4d1c86 best_block_time="2025-09-16 11:10:50 -0400 EDT" is_synced=false
2025/09/16 11:10:58 ELECTRUM: GetBestBlock called
2025/09/16 11:10:58 ELECTRUM: Subscribing to headers to get current height
2025/09/16 11:10:58 ELECTRUM: Got current height 4665451 from headers subscription
2025/09/16 11:10:58 ELECTRUM: Returning hash 0000000000029ea665fbfdc0aa7d3e7ad7e7303aae213ea45c0610b5ba4b259f for height 4665451 (from headers subscription)
2025/09/16 11:10:58 ELECTRUM: GetBlockHeader called for hash: 0000000000029ea665fbfdc0aa7d3e7ad7e7303aae213ea45c0610b5ba4b259f
2025/09/16 11:10:58 ELECTRUM: GetBestBlock called
2025/09/16 11:10:58 ELECTRUM: Subscribing to headers to get current height
2025/09/16 11:10:59 ELECTRUM: Got current height 4665451 from headers subscription
2025/09/16 11:10:59 ELECTRUM: Returning hash 0000000000029ea665fbfdc0aa7d3e7ad7e7303aae213ea45c0610b5ba4b259f for height 4665451 (from headers subscription)
2025-09-16 11:10:59.464 [DBG] LTND lnd.go:727: Syncing to block chain rev=4d1c86 best_block_time="2025-09-16 11:10:52 -0400 EDT" is_synced=false
2025/09/16 11:11:00 ELECTRUM: GetBestBlock called
2025/09/16 11:11:00 ELECTRUM: Subscribing to headers to get current height
2025/09/16 11:11:00 ELECTRUM: Got current height 4665451 from headers subscription
2025/09/16 11:11:00 ELECTRUM: Returning hash 0000000000029ea665fbfdc0aa7d3e7ad7e7303aae213ea45c0610b5ba4b259f for height 4665451 (from headers subscription)
2025/09/16 11:11:00 ELECTRUM: GetBlockHeader called for hash: 0000000000029ea665fbfdc0aa7d3e7ad7e7303aae213ea45c0610b5ba4b259f
2025/09/16 11:11:00 ELECTRUM: GetBestBlock called
2025/09/16 11:11:00 ELECTRUM: Subscribing to headers to get current height
2025/09/16 11:11:01 ELECTRUM: Got current height 4665451 from headers subscription
2025/09/16 11:11:01 ELECTRUM: Returning hash 0000000000029ea665fbfdc0aa7d3e7ad7e7303aae213ea45c0610b5ba4b259f for height 4665451 (from headers subscription)
2025-09-16 11:11:01.293 [DBG] LTND lnd.go:727: Syncing to block chain rev=4d1c86 best_block_time="2025-09-16 11:10:52 -0400 EDT" is_synced=false
2025/09/16 11:11:02 ELECTRUM: GetBestBlock called
2025/09/16 11:11:02 ELECTRUM: Subscribing to headers to get current height
2025/09/16 11:11:02 ELECTRUM: Got current height 4665452 from headers subscription
2025/09/16 11:11:02 ELECTRUM: Returning hash 000000000000169d8aba07a87d2c0e6ed9362ae038527d688fce7e220cb20110 for height 4665452 (from headers subscription)
2025/09/16 11:11:02 ELECTRUM: GetBlockHeader called for hash: 000000000000169d8aba07a87d2c0e6ed9362ae038527d688fce7e220cb20110
2025/09/16 11:11:02 ELECTRUM: GetBestBlock called
2025/09/16 11:11:02 ELECTRUM: Subscribing to headers to get current height
2025/09/16 11:11:02 ELECTRUM: Got current height 4665452 from headers subscription
2025/09/16 11:11:02 ELECTRUM: Returning hash 000000000000169d8aba07a87d2c0e6ed9362ae038527d688fce7e220cb20110 for height 4665452 (from headers subscription)
2025-09-16 11:11:03.190 [DBG] LTND lnd.go:727: Syncing to block chain rev=4d1c86 best_block_time="2025-09-16 11:11:11 -0400 EDT" is_synced=false
2025/09/16 11:11:04 ELECTRUM: GetBestBlock called
2025/09/16 11:11:04 ELECTRUM: Subscribing to headers to get current height
2025/09/16 11:11:04 ELECTRUM: GetBestBlock called
2025/09/16 11:11:04 ELECTRUM: Subscribing to headers to get current height
2025/09/16 11:11:04 ELECTRUM: Got current height 4665452 from headers subscription
2025/09/16 11:11:04 ELECTRUM: Returning hash 000000000000169d8aba07a87d2c0e6ed9362ae038527d688fce7e220cb20110 for height 4665452 (from headers subscription)
2025/09/16 11:11:04 ELECTRUM: GetBlockHeader called for hash: 000000000000169d8aba07a87d2c0e6ed9362ae038527d688fce7e220cb20110
2025/09/16 11:11:04 ELECTRUM: GetBestBlock called
2025/09/16 11:11:04 ELECTRUM: Subscribing to headers to get current height
2025/09/16 11:11:04 ELECTRUM: Got current height 4665453 from headers subscription
2025/09/16 11:11:04 ELECTRUM: Returning hash 000000009281169738907539db05837a5171f959c3968fb5f9c202bc0c188c96 for height 4665453 (from headers subscription)
2025/09/16 11:11:04 ELECTRUM: Checking for new blocks - current: 4665453, last known: 4665438
2025/09/16 11:11:04 ELECTRUM: New block detected! Height: 4665453 (was 4665438)
2025/09/16 11:11:04 ELECTRUM: Sending block connected notification for height 4665453
2025/09/16 11:11:04 ELECTRUM: Block notification sent successfully for height 4665453
2025/09/16 11:11:04 ELECTRUM: Got current height 4665453 from headers subscription
2025/09/16 11:11:04 ELECTRUM: Returning hash 000000009281169738907539db05837a5171f959c3968fb5f9c202bc0c188c96 for height 4665453 (from headers subscription)
2025/09/16 11:11:05 ELECTRUM: GetBestBlock called
2025/09/16 11:11:05 ELECTRUM: Subscribing to headers to get current height
2025/09/16 11:11:06 ELECTRUM: Got current height 4665453 from headers subscription
2025/09/16 11:11:06 ELECTRUM: Returning hash 000000009281169738907539db05837a5171f959c3968fb5f9c202bc0c188c96 for height 4665453 (from headers subscription)
2025/09/16 11:11:06 ELECTRUM: Checking for new blocks - current: 4665453, last known: 4665440
2025/09/16 11:11:06 ELECTRUM: New block detected! Height: 4665453 (was 4665440)
2025/09/16 11:11:06 ELECTRUM: Sending block connected notification for height 4665453
2025/09/16 11:11:06 ELECTRUM: Block notification sent successfully for height 4665453
2025/09/16 11:11:06 ELECTRUM: GetBestBlock called
2025/09/16 11:11:06 ELECTRUM: Subscribing to headers to get current height
2025/09/16 11:11:06 ELECTRUM: Got current height 4665453 from headers subscription
2025/09/16 11:11:06 ELECTRUM: Returning hash 000000009281169738907539db05837a5171f959c3968fb5f9c202bc0c188c96 for height 4665453 (from headers subscription)
2025/09/16 11:11:06 ELECTRUM: Checking for new blocks - current: 4665453, last known: 4665440
2025/09/16 11:11:06 ELECTRUM: New block detected! Height: 4665453 (was 4665440)
2025/09/16 11:11:06 ELECTRUM: Sending block connected notification for height 4665453
2025/09/16 11:11:06 ELECTRUM: Block notification sent successfully for height 4665453
2025-09-16 11:11:32.439 [DBG] LTND lnd.go:727: Syncing to block chain rev=4d1c86 best_block_time="2025-09-16 11:11:11 -0400 EDT" is_synced=false
2025/09/16 11:11:33 ELECTRUM: GetBestBlock called
2025/09/16 11:11:33 ELECTRUM: Subscribing to headers to get current height
2025/09/16 11:11:33 ELECTRUM: Got current height 4665462 from headers subscription
2025/09/16 11:11:33 ELECTRUM: Returning hash 0000000000003da4ad3fe64855677df4f974feaf11bf9a09e6a5843b374b9fea for height 4665462 (from headers subscription)
2025/09/16 11:11:33 ELECTRUM: GetBlockHeader called for hash: 0000000000003da4ad3fe64855677df4f974feaf11bf9a09e6a5843b374b9fea
2025/09/16 11:11:33 ELECTRUM: GetBestBlock called
2025/09/16 11:11:33 ELECTRUM: Subscribing to headers to get current height
2025/09/16 11:11:34 ELECTRUM: Got current height 4665462 from headers subscription
2025/09/16 11:11:34 ELECTRUM: Returning hash 0000000000003da4ad3fe64855677df4f974feaf11bf9a09e6a5843b374b9fea for height 4665462 (from headers subscription)
2025-09-16 11:11:34.282 [DBG] LTND lnd.go:727: Syncing to block chain rev=4d1c86 best_block_time="2025-09-16 11:11:37 -0400 EDT" is_synced=false
2025/09/16 11:11:34 ELECTRUM: GetBestBlock called
2025/09/16 11:11:34 ELECTRUM: Subscribing to headers to get current height
2025/09/16 11:11:34 ELECTRUM: Got current height 4665462 from headers subscription
2025/09/16 11:11:34 ELECTRUM: Returning hash 0000000000003da4ad3fe64855677df4f974feaf11bf9a09e6a5843b374b9fea for height 4665462 (from headers subscription)
2025/09/16 11:11:34 ELECTRUM: Checking for new blocks - current: 4665462, last known: 4665453
2025/09/16 11:11:34 ELECTRUM: New block detected! Height: 4665462 (was 4665453)
2025/09/16 11:11:34 ELECTRUM: Sending block connected notification for height 4665462
2025/09/16 11:11:34 ELECTRUM: Block notification sent successfully for height 4665462
2025/09/16 11:11:35 ELECTRUM: GetBestBlock called
2025/09/16 11:11:35 ELECTRUM: Subscribing to headers to get current height
2025/09/16 11:11:35 ELECTRUM: Got current height 4665463 from headers subscription
2025/09/16 11:11:35 ELECTRUM: Returning hash 0000000000001c80c28c29c3cf195e304b50306befa24124ccbe9754d7a80a19 for height 4665463 (from headers subscription)
2025/09/16 11:11:35 ELECTRUM: GetBlockHeader called for hash: 0000000000001c80c28c29c3cf195e304b50306befa24124ccbe9754d7a80a19
2025/09/16 11:11:35 ELECTRUM: GetBestBlock called
2025/09/16 11:11:35 ELECTRUM: Subscribing to headers to get current height
2025/09/16 11:11:35 ELECTRUM: GetBestBlock called
2025/09/16 11:11:35 ELECTRUM: Subscribing to headers to get current height
2025/09/16 11:11:35 ELECTRUM: Got current height 4665463 from headers subscription
2025/09/16 11:11:35 ELECTRUM: Returning hash 0000000000001c80c28c29c3cf195e304b50306befa24124ccbe9754d7a80a19 for height 4665463 (from headers subscription)
2025/09/16 11:11:35 ELECTRUM: Got current height 4665463 from headers subscription
2025/09/16 11:11:35 ELECTRUM: Returning hash 0000000000001c80c28c29c3cf195e304b50306befa24124ccbe9754d7a80a19 for height 4665463 (from headers subscription)
2025/09/16 11:11:35 ELECTRUM: Checking for new blocks - current: 4665463, last known: 4665453
2025/09/16 11:11:35 ELECTRUM: New block detected! Height: 4665463 (was 4665453)
2025/09/16 11:11:35 ELECTRUM: Sending block connected notification for height 4665463
2025/09/16 11:11:35 ELECTRUM: Block notification sent successfully for height 4665463
2025/09/16 11:11:36 ELECTRUM: GetBestBlock called
2025/09/16 11:11:36 ELECTRUM: Subscribing to headers to get current height
2025-09-16 11:11:36.101 [DBG] LTND lnd.go:727: Syncing to block chain rev=4d1c86 best_block_time="2025-09-16 11:11:31 -0400 EDT" is_synced=false
2025/09/16 11:11:36 ELECTRUM: Got current height 4665463 from headers subscription
2025/09/16 11:11:36 ELECTRUM: Returning hash 0000000000001c80c28c29c3cf195e304b50306befa24124ccbe9754d7a80a19 for height 4665463 (from headers subscription)
2025/09/16 11:11:36 ELECTRUM: Checking for new blocks - current: 4665463, last known: 4665453
2025/09/16 11:11:36 ELECTRUM: New block detected! Height: 4665463 (was 4665453)
2025/09/16 11:11:36 ELECTRUM: Sending block connected notification for height 4665463
2025/09/16 11:11:36 ELECTRUM: Block notification sent successfully for height 4665463
2025/09/16 11:11:37 ELECTRUM: GetBestBlock called
2025/09/16 11:11:37 ELECTRUM: Subscribing to headers to get current height
2025/09/16 11:11:37 ELECTRUM: Got current height 4665464 from headers subscription
2025/09/16 11:11:37 ELECTRUM: Returning hash 000000000003cdf63889645bb69a286266feafc4ce3e3402d1efbb8837d96890 for height 4665464 (from headers subscription)
2025/09/16 11:11:37 ELECTRUM: GetBlockHeader called for hash: 000000000003cdf63889645bb69a286266feafc4ce3e3402d1efbb8837d96890
2025/09/16 11:11:37 ELECTRUM: GetBestBlock called
2025/09/16 11:11:37 ELECTRUM: Subscribing to headers to get current height
2025/09/16 11:11:37 ELECTRUM: Got current height 4665464 from headers subscription
2025/09/16 11:11:37 ELECTRUM: Returning hash 000000000003cdf63889645bb69a286266feafc4ce3e3402d1efbb8837d96890 for height 4665464 (from headers subscription)
2025-09-16 11:11:37.902 [DBG] LTND lnd.go:727: Syncing to block chain rev=4d1c86 best_block_time="2025-09-16 11:11:35 -0400 EDT" is_synced=false
2025/09/16 11:11:38 ELECTRUM: GetBestBlock called
2025/09/16 11:11:38 ELECTRUM: Subscribing to headers to get current height
2025/09/16 11:11:39 ELECTRUM: Got current height 4665464 from headers subscription
2025/09/16 11:11:39 ELECTRUM: Returning hash 000000000003cdf63889645bb69a286266feafc4ce3e3402d1efbb8837d96890 for height 4665464 (from headers subscription)
2025/09/16 11:11:39 ELECTRUM: GetBlockHeader called for hash: 000000000003cdf63889645bb69a286266feafc4ce3e3402d1efbb8837d96890
2025/09/16 11:11:39 ELECTRUM: GetBestBlock called
2025/09/16 11:11:39 ELECTRUM: Subscribing to headers to get current height
2025/09/16 11:11:39 ELECTRUM: Got current height 4665464 from headers subscription
2025/09/16 11:11:39 ELECTRUM: Returning hash 000000000003cdf63889645bb69a286266feafc4ce3e3402d1efbb8837d96890 for height 4665464 (from headers subscription)
2025-09-16 11:11:39.710 [DBG] LTND lnd.go:727: Syncing to block chain rev=4d1c86 best_block_time="2025-09-16 11:11:35 -0400 EDT" is_synced=false
2025/09/16 11:11:40 ELECTRUM: GetBestBlock called
2025/09/16 11:11:40 ELECTRUM: Subscribing to headers to get current height
2025/09/16 11:11:40 ELECTRUM: Got current height 4665464 from headers subscription
2025/09/16 11:11:40 ELECTRUM: Returning hash 000000000003cdf63889645bb69a286266feafc4ce3e3402d1efbb8837d96890 for height 4665464 (from headers subscription)
2025/09/16 11:11:40 ELECTRUM: GetBlockHeader called for hash: 000000000003cdf63889645bb69a286266feafc4ce3e3402d1efbb8837d96890
2025/09/16 11:11:40 ELECTRUM: GetBestBlock called
2025/09/16 11:11:40 ELECTRUM: Subscribing to headers to get current height
2025/09/16 11:11:41 ELECTRUM: Got current height 4665464 from headers subscription
2025/09/16 11:11:41 ELECTRUM: Returning hash 000000000003cdf63889645bb69a286266feafc4ce3e3402d1efbb8837d96890 for height 4665464 (from headers subscription)
2025-09-16 11:11:41.484 [DBG] LTND lnd.go:727: Syncing to block chain rev=4d1c86 best_block_time="2025-09-16 11:11:35 -0400 EDT" is_synced=false
2025/09/16 11:11:42 ELECTRUM: GetBestBlock called
2025/09/16 11:11:42 ELECTRUM: Subscribing to headers to get current height
2025/09/16 11:11:42 ELECTRUM: Got current height 4665466 from headers subscription
2025/09/16 11:11:42 ELECTRUM: Returning hash 0000000000007daa689dca12f41bf039f0cb9d348fc5090c4b923a11289fbbce for height 4665466 (from headers subscription)
2025/09/16 11:11:42 ELECTRUM: GetBlockHeader called for hash: 0000000000007daa689dca12f41bf039f0cb9d348fc5090c4b923a11289fbbce
2025/09/16 11:11:42 ELECTRUM: GetBestBlock called
2025/09/16 11:11:42 ELECTRUM: Subscribing to headers to get current height
2025/09/16 11:11:43 ELECTRUM: Got current height 4665467 from headers subscription
2025/09/16 11:11:43 ELECTRUM: Returning hash 0000000000039b4c4736e15fcdefab5b2c1bbadebefb93df9e83af886cdb18a4 for height 4665467 (from headers subscription)
2025/09/16 11:12:04 ELECTRUM: GetBestBlock called
2025/09/16 11:12:04 ELECTRUM: Subscribing to headers to get current height
2025/09/16 11:12:04 ELECTRUM: Got current height 4665477 from headers subscription
2025/09/16 11:12:04 ELECTRUM: Returning hash 0000000000026fa0d71584b3e316450fced5e6d32c5462f4fe52cac9a3993bf7 for height 4665477 (from headers subscription)
2025/09/16 11:12:04 ELECTRUM: Checking for new blocks - current: 4665477, last known: 4665462
2025/09/16 11:12:04 ELECTRUM: New block detected! Height: 4665477 (was 4665462)
2025/09/16 11:12:04 ELECTRUM: Sending block connected notification for height 4665477
2025/09/16 11:12:04 ELECTRUM: Block notification sent successfully for height 4665477
2025/09/16 11:12:05 ELECTRUM: GetBestBlock called
2025/09/16 11:12:05 ELECTRUM: Subscribing to headers to get current height
2025/09/16 11:12:06 ELECTRUM: Got current height 4665478 from headers subscription
2025/09/16 11:12:06 ELECTRUM: Returning hash 000000000000118dcdcd67da439d349dc12c15f6bac5dd01422193ca027a55da for height 4665478 (from headers subscription)
2025/09/16 11:12:06 ELECTRUM: Checking for new blocks - current: 4665478, last known: 4665463
2025/09/16 11:12:06 ELECTRUM: New block detected! Height: 4665478 (was 4665463)
2025/09/16 11:12:06 ELECTRUM: Sending block connected notification for height 4665478
2025/09/16 11:12:06 ELECTRUM: Block notification sent successfully for height 4665478
2025/09/16 11:12:06 ELECTRUM: GetBestBlock called
2025/09/16 11:12:06 ELECTRUM: Subscribing to headers to get current height
2025/09/16 11:12:06 ELECTRUM: Got current height 4665478 from headers subscription
2025/09/16 11:12:06 ELECTRUM: Returning hash 000000000000118dcdcd67da439d349dc12c15f6bac5dd01422193ca027a55da for height 4665478 (from headers subscription)
2025/09/16 11:12:06 ELECTRUM: Checking for new blocks - current: 4665478, last known: 4665463
2025/09/16 11:12:06 ELECTRUM: New block detected! Height: 4665478 (was 4665463)
2025/09/16 11:12:06 ELECTRUM: Sending block connected notification for height 4665478
2025/09/16 11:12:06 ELECTRUM: Block notification sent successfully for height 4665478
2025-09-16 11:12:09.224 [DBG] LTND lnd.go:727: Syncing to block chain rev=4d1c86 best_block_time="2025-09-16 11:11:40 -0400 EDT" is_synced=false
2025/09/16 11:12:10 ELECTRUM: GetBestBlock called
2025/09/16 11:12:10 ELECTRUM: Subscribing to headers to get current height
2025/09/16 11:12:10 ELECTRUM: Got current height 4665480 from headers subscription
2025/09/16 11:12:10 ELECTRUM: Returning hash 000000000001a54a5a5a61f67058ee5ad37fb2be19f17ff8495877863be3a169 for height 4665480 (from headers subscription)
2025/09/16 11:12:10 ELECTRUM: GetBlockHeader called for hash: 000000000001a54a5a5a61f67058ee5ad37fb2be19f17ff8495877863be3a169
2025/09/16 11:12:10 ELECTRUM: GetBestBlock called
2025/09/16 11:12:10 ELECTRUM: Subscribing to headers to get current height
2025/09/16 11:12:10 ELECTRUM: Got current height 4665480 from headers subscription
2025/09/16 11:12:10 ELECTRUM: Returning hash 000000000001a54a5a5a61f67058ee5ad37fb2be19f17ff8495877863be3a169 for height 4665480 (from headers subscription)
2025-09-16 11:12:11.008 [DBG] LTND lnd.go:727: Syncing to block chain rev=4d1c86 best_block_time="2025-09-16 11:12:06 -0400 EDT" is_synced=false
2025/09/16 11:12:12 ELECTRUM: GetBestBlock called
2025/09/16 11:12:12 ELECTRUM: Subscribing to headers to get current height
2025/09/16 11:12:12 ELECTRUM: Got current height 4665481 from headers subscription
2025/09/16 11:12:12 ELECTRUM: Returning hash 000000000002762d8666098b00210edc8d22859b52475f4c1678e2e8a8773e0a for height 4665481 (from headers subscription)
2025/09/16 11:12:12 ELECTRUM: GetBlockHeader called for hash: 000000000002762d8666098b00210edc8d22859b52475f4c1678e2e8a8773e0a
2025/09/16 11:12:12 ELECTRUM: GetBestBlock called
2025/09/16 11:12:12 ELECTRUM: Subscribing to headers to get current height
2025/09/16 11:12:12 ELECTRUM: Got current height 4665481 from headers subscription
2025/09/16 11:12:12 ELECTRUM: Returning hash 000000000002762d8666098b00210edc8d22859b52475f4c1678e2e8a8773e0a for height 4665481 (from headers subscription)
2025-09-16 11:12:12.989 [DBG] LTND lnd.go:727: Syncing to block chain rev=4d1c86 best_block_time="2025-09-16 11:12:07 -0400 EDT" is_synced=false
2025/09/16 11:12:13 ELECTRUM: GetBestBlock called
2025/09/16 11:12:13 ELECTRUM: Subscribing to headers to get current height
2025/09/16 11:12:14 ELECTRUM: Got current height 4665483 from headers subscription
2025/09/16 11:12:14 ELECTRUM: Returning hash 0000000000007c5a5e4fdb67bdb61d9a1b7814a836f0f96a067d3cfb45f6bad4 for height 4665483 (from headers subscription)
2025/09/16 11:12:14 ELECTRUM: GetBlockHeader called for hash: 0000000000007c5a5e4fdb67bdb61d9a1b7814a836f0f96a067d3cfb45f6bad4
2025/09/16 11:12:14 ELECTRUM: GetBestBlock called
2025/09/16 11:12:14 ELECTRUM: Subscribing to headers to get current height
2025/09/16 11:12:14 ELECTRUM: Got current height 4665483 from headers subscription
2025/09/16 11:12:14 ELECTRUM: Returning hash 0000000000007c5a5e4fdb67bdb61d9a1b7814a836f0f96a067d3cfb45f6bad4 for height 4665483 (from headers subscription)
2025-09-16 11:12:14.706 [DBG] LTND lnd.go:727: Syncing to block chain rev=4d1c86 best_block_time="2025-09-16 11:12:12 -0400 EDT" is_synced=false
2025/09/16 11:12:15 ELECTRUM: GetBestBlock called
2025/09/16 11:12:15 ELECTRUM: Subscribing to headers to get current height
2025/09/16 11:12:15 ELECTRUM: Got current height 4665483 from headers subscription
2025/09/16 11:12:15 ELECTRUM: Returning hash 0000000000007c5a5e4fdb67bdb61d9a1b7814a836f0f96a067d3cfb45f6bad4 for height 4665483 (from headers subscription)
2025/09/16 11:12:15 ELECTRUM: GetBlockHeader called for hash: 0000000000007c5a5e4fdb67bdb61d9a1b7814a836f0f96a067d3cfb45f6bad4
2025/09/16 11:12:15 ELECTRUM: GetBestBlock called
2025/09/16 11:12:15 ELECTRUM: Subscribing to headers to get current height
2025/09/16 11:12:16 ELECTRUM: Got current height 4665483 from headers subscription
2025/09/16 11:12:16 ELECTRUM: Returning hash 0000000000007c5a5e4fdb67bdb61d9a1b7814a836f0f96a067d3cfb45f6bad4 for height 4665483 (from headers subscription)
2025-09-16 11:12:16.472 [DBG] LTND lnd.go:727: Syncing to block chain rev=4d1c86 best_block_time="2025-09-16 11:12:12 -0400 EDT" is_synced=false
2025/09/16 11:12:17 ELECTRUM: GetBestBlock called
2025/09/16 11:12:17 ELECTRUM: Subscribing to headers to get current height
2025/09/16 11:12:17 ELECTRUM: Got current height 4665484 from headers subscription
2025/09/16 11:12:17 ELECTRUM: Returning hash 0000000000001a574e6f44fc4bfee3fc68bbada1f002489dc658c4adf50bc989 for height 4665484 (from headers subscription)
2025/09/16 11:12:17 ELECTRUM: GetBlockHeader called for hash: 0000000000001a574e6f44fc4bfee3fc68bbada1f002489dc658c4adf50bc989
2025/09/16 11:12:17 ELECTRUM: GetBestBlock called
2025/09/16 11:12:17 ELECTRUM: Subscribing to headers to get current height
2025/09/16 11:12:18 ELECTRUM: Got current height 4665484 from headers subscription
2025/09/16 11:12:18 ELECTRUM: Returning hash 0000000000001a574e6f44fc4bfee3fc68bbada1f002489dc658c4adf50bc989 for height 4665484 (from headers subscription)
2025-09-16 11:12:18.327 [DBG] LTND lnd.go:727: Syncing to block chain rev=4d1c86 best_block_time="2025-09-16 11:12:18 -0400 EDT" is_synced=false
2025/09/16 11:12:19 ELECTRUM: GetBestBlock called
2025/09/16 11:12:19 ELECTRUM: Subscribing to headers to get current height
2025/09/16 11:12:19 ELECTRUM: Got current height 4665484 from headers subscription
2025/09/16 11:12:19 ELECTRUM: Returning hash 0000000000001a574e6f44fc4bfee3fc68bbada1f002489dc658c4adf50bc989 for height 4665484 (from headers subscription)
2025/09/16 11:12:19 ELECTRUM: GetBlockHeader called for hash: 0000000000001a574e6f44fc4bfee3fc68bbada1f002489dc658c4adf50bc989
2025/09/16 11:12:19 ELECTRUM: GetBestBlock called
2025/09/16 11:12:19 ELECTRUM: Subscribing to headers to get current height
2025/09/16 11:12:19 ELECTRUM: Got current height 4665484 from headers subscription
2025/09/16 11:12:19 ELECTRUM: Returning hash 0000000000001a574e6f44fc4bfee3fc68bbada1f002489dc658c4adf50bc989 for height 4665484 (from headers subscription)
2025-09-16 11:12:20.260 [DBG] LTND lnd.go:727: Syncing to block chain rev=4d1c86 best_block_time="2025-09-16 11:12:18 -0400 EDT" is_synced=false
2025/09/16 11:12:21 ELECTRUM: GetBestBlock called
2025/09/16 11:12:21 ELECTRUM: Subscribing to headers to get current height
2025/09/16 11:12:21 ELECTRUM: Got current height 4665485 from headers subscription
2025/09/16 11:12:21 ELECTRUM: Returning hash 00000000000014071370614d603eabd9b276b560e3968a08ef90380a3e8610c3 for height 4665485 (from headers subscription)
2025/09/16 11:12:21 ELECTRUM: GetBlockHeader called for hash: 00000000000014071370614d603eabd9b276b560e3968a08ef90380a3e8610c3
2025/09/16 11:12:21 ELECTRUM: GetBestBlock called
2025/09/16 11:12:21 ELECTRUM: Subscribing to headers to get current height
2025/09/16 11:12:21 ELECTRUM: Got current height 4665486 from headers subscription
2025/09/16 11:12:21 ELECTRUM: Returning hash 0000000000007c66c1e110f2a0c8fedb5b9a6a1dc989c97a8c89ee32b27badce for height 4665486 (from headers subscription)
2025/09/16 11:12:34 ELECTRUM: GetBestBlock called
2025/09/16 11:12:34 ELECTRUM: Subscribing to headers to get current height
2025/09/16 11:12:34 ELECTRUM: Got current height 4665493 from headers subscription
2025/09/16 11:12:34 ELECTRUM: Returning hash 00000000000035f81b12d59eeceee9a690b6033b972c90ac8920345ef2e5c878 for height 4665493 (from headers subscription)
2025/09/16 11:12:34 ELECTRUM: Checking for new blocks - current: 4665493, last known: 4665477
2025/09/16 11:12:34 ELECTRUM: New block detected! Height: 4665493 (was 4665477)
2025/09/16 11:12:34 ELECTRUM: Sending block connected notification for height 4665493
2025/09/16 11:12:34 ELECTRUM: Block notification sent successfully for height 4665493
2025-09-16 11:12:34.899 [DBG] RPCS interceptor.go:775: [/lnrpc.Lightning/WalletBalance] requested
2025-09-16 11:12:34.901 [INF] BTWL btcwallet.go:783: BTCWALLET: ConfirmedBalance called with confs=0, accountFilter=default
2025-09-16 11:12:34.901 [INF] BTWL btcwallet.go:1501: BTCWALLET: Adding 10 discovered Electrum transactions to witness outputs
2025-09-16 11:12:34.901 [INF] BTWL btcwallet.go:783: BTCWALLET: ConfirmedBalance called with confs=1, accountFilter=default
2025-09-16 11:12:34.901 [INF] BTWL btcwallet.go:1501: BTCWALLET: Adding 10 discovered Electrum transactions to witness outputs
2025-09-16 11:12:34.901 [DBG] RPCS rpcserver.go:3746: [walletbalance] Total balance=0.00086648 BTC (confirmed=0.00086648 BTC, unconfirmed=0 BTC, locked=0 BTC)
2025/09/16 11:12:35 ELECTRUM: GetBestBlock called
2025/09/16 11:12:35 ELECTRUM: Subscribing to headers to get current height
2025/09/16 11:12:36 ELECTRUM: Got current height 4665493 from headers subscription
2025/09/16 11:12:36 ELECTRUM: Returning hash 00000000000035f81b12d59eeceee9a690b6033b972c90ac8920345ef2e5c878 for height 4665493 (from headers subscription)
2025/09/16 11:12:36 ELECTRUM: Checking for new blocks - current: 4665493, last known: 4665478
2025/09/16 11:12:36 ELECTRUM: New block detected! Height: 4665493 (was 4665478)
2025/09/16 11:12:36 ELECTRUM: Sending block connected notification for height 4665493
2025/09/16 11:12:36 ELECTRUM: Block notification sent successfully for height 4665493
2025/09/16 11:12:36 ELECTRUM: GetBestBlock called
2025/09/16 11:12:36 ELECTRUM: Subscribing to headers to get current height
2025/09/16 11:12:36 ELECTRUM: Got current height 4665493 from headers subscription
2025/09/16 11:12:36 ELECTRUM: Returning hash 00000000000035f81b12d59eeceee9a690b6033b972c90ac8920345ef2e5c878 for height 4665493 (from headers subscription)
2025/09/16 11:12:36 ELECTRUM: Checking for new blocks - current: 4665493, last known: 4665478
2025/09/16 11:12:36 ELECTRUM: New block detected! Height: 4665493 (was 4665478)
2025/09/16 11:12:36 ELECTRUM: Sending block connected notification for height 4665493
2025/09/16 11:12:36 ELECTRUM: Block notification sent successfully for height 4665493
2025-09-16 11:12:40.501 [DBG] RPCS interceptor.go:775: [/lnrpc.Lightning/WalletBalance] requested
2025-09-16 11:12:40.502 [INF] BTWL btcwallet.go:783: BTCWALLET: ConfirmedBalance called with confs=0, accountFilter=default
2025-09-16 11:12:40.502 [INF] BTWL btcwallet.go:1501: BTCWALLET: Adding 10 discovered Electrum transactions to witness outputs
2025-09-16 11:12:40.502 [INF] BTWL btcwallet.go:783: BTCWALLET: ConfirmedBalance called with confs=1, accountFilter=default
2025-09-16 11:12:40.502 [INF] BTWL btcwallet.go:1501: BTCWALLET: Adding 10 discovered Electrum transactions to witness outputs
2025-09-16 11:12:40.502 [DBG] RPCS rpcserver.go:3746: [walletbalance] Total balance=0.00086648 BTC (confirmed=0.00086648 BTC, unconfirmed=0 BTC, locked=0 BTC)
2025-09-16 11:12:51.187 [DBG] LTND lnd.go:727: Syncing to block chain rev=4d1c86 best_block_time="2025-09-16 11:12:17 -0400 EDT" is_synced=false
2025/09/16 11:12:52 ELECTRUM: GetBestBlock called
2025/09/16 11:12:52 ELECTRUM: Subscribing to headers to get current height
2025/09/16 11:12:52 ELECTRUM: Got current height 4665504 from headers subscription
2025/09/16 11:12:52 ELECTRUM: Returning hash 000000000000b15e1cff8f4fd697bd10b369646921d4c84ff18eed54ce17a6ef for height 4665504 (from headers subscription)
2025/09/16 11:12:52 ELECTRUM: GetBlockHeader called for hash: 000000000000b15e1cff8f4fd697bd10b369646921d4c84ff18eed54ce17a6ef
2025/09/16 11:12:52 ELECTRUM: GetBestBlock called
2025/09/16 11:12:52 ELECTRUM: Subscribing to headers to get current height
2025/09/16 11:12:52 ELECTRUM: Got current height 4665504 from headers subscription
2025/09/16 11:12:52 ELECTRUM: Returning hash 000000000000b15e1cff8f4fd697bd10b369646921d4c84ff18eed54ce17a6ef for height 4665504 (from headers subscription)
2025-09-16 11:12:52.924 [DBG] LTND lnd.go:727: Syncing to block chain rev=4d1c86 best_block_time="2025-09-16 11:12:51 -0400 EDT" is_synced=false
2025/09/16 11:12:53 ELECTRUM: GetBestBlock called
2025/09/16 11:12:53 ELECTRUM: Subscribing to headers to get current height
2025/09/16 11:12:54 ELECTRUM: Got current height 4665505 from headers subscription
2025/09/16 11:12:54 ELECTRUM: Returning hash 0000000000005642163a0d3e93b8b08c1ad28025cf6b60d0425bd270bd0cb0a2 for height 4665505 (from headers subscription)
2025/09/16 11:12:54 ELECTRUM: GetBlockHeader called for hash: 0000000000005642163a0d3e93b8b08c1ad28025cf6b60d0425bd270bd0cb0a2
2025/09/16 11:12:54 ELECTRUM: GetBestBlock called
2025/09/16 11:12:54 ELECTRUM: Subscribing to headers to get current height
2025/09/16 11:12:54 ELECTRUM: Got current height 4665505 from headers subscription
2025/09/16 11:12:54 ELECTRUM: Returning hash 0000000000005642163a0d3e93b8b08c1ad28025cf6b60d0425bd270bd0cb0a2 for height 4665505 (from headers subscription)
2025-09-16 11:12:54.664 [DBG] LTND lnd.go:727: Syncing to block chain rev=4d1c86 best_block_time="2025-09-16 11:12:52 -0400 EDT" is_synced=false
2025/09/16 11:12:55 ELECTRUM: GetBestBlock called
2025/09/16 11:12:55 ELECTRUM: Subscribing to headers to get current height
2025/09/16 11:12:55 ELECTRUM: Got current height 4665506 from headers subscription
2025/09/16 11:12:55 ELECTRUM: Returning hash 000000000001f9f9b6f6ccc2dee2c359c881b010c0626c75f03a396eca852201 for height 4665506 (from headers subscription)
2025/09/16 11:12:55 ELECTRUM: GetBlockHeader called for hash: 000000000001f9f9b6f6ccc2dee2c359c881b010c0626c75f03a396eca852201
2025/09/16 11:12:55 ELECTRUM: GetBestBlock called
2025/09/16 11:12:55 ELECTRUM: Subscribing to headers to get current height
2025/09/16 11:12:56 ELECTRUM: Got current height 4665506 from headers subscription
2025/09/16 11:12:56 ELECTRUM: Returning hash 000000000001f9f9b6f6ccc2dee2c359c881b010c0626c75f03a396eca852201 for height 4665506 (from headers subscription)
2025-09-16 11:12:56.406 [DBG] LTND lnd.go:727: Syncing to block chain rev=4d1c86 best_block_time="2025-09-16 11:12:53 -0400 EDT" is_synced=false
2025/09/16 11:12:57 ELECTRUM: GetBestBlock called
2025/09/16 11:12:57 ELECTRUM: Subscribing to headers to get current height
2025/09/16 11:12:57 ELECTRUM: Got current height 4665508 from headers subscription
2025/09/16 11:12:57 ELECTRUM: Returning hash 00000000000231a1956d0de48987cf81a01bd79bcaf815d143d46760b67fc1fd for height 4665508 (from headers subscription)
2025/09/16 11:12:57 ELECTRUM: GetBlockHeader called for hash: 00000000000231a1956d0de48987cf81a01bd79bcaf815d143d46760b67fc1fd
2025/09/16 11:12:57 ELECTRUM: GetBestBlock called
2025/09/16 11:12:57 ELECTRUM: Subscribing to headers to get current height
2025/09/16 11:12:57 ELECTRUM: Got current height 4665508 from headers subscription
2025/09/16 11:12:57 ELECTRUM: Returning hash 00000000000231a1956d0de48987cf81a01bd79bcaf815d143d46760b67fc1fd for height 4665508 (from headers subscription)
2025-09-16 11:12:58.181 [DBG] LTND lnd.go:727: Syncing to block chain rev=4d1c86 best_block_time="2025-09-16 11:13:08 -0400 EDT" is_synced=false
2025/09/16 11:12:59 ELECTRUM: GetBestBlock called
2025/09/16 11:12:59 ELECTRUM: Subscribing to headers to get current height
2025/09/16 11:12:59 ELECTRUM: Got current height 4665509 from headers subscription
2025/09/16 11:12:59 ELECTRUM: Returning hash 0000000000028e350dc64210a722e6044d8f04b195d769b15995567d2f15f2d5 for height 4665509 (from headers subscription)
2025/09/16 11:12:59 ELECTRUM: GetBlockHeader called for hash: 0000000000028e350dc64210a722e6044d8f04b195d769b15995567d2f15f2d5
2025/09/16 11:12:59 ELECTRUM: GetBestBlock called
2025/09/16 11:12:59 ELECTRUM: Subscribing to headers to get current height
2025/09/16 11:12:59 ELECTRUM: Got current height 4665509 from headers subscription
2025/09/16 11:12:59 ELECTRUM: Returning hash 0000000000028e350dc64210a722e6044d8f04b195d769b15995567d2f15f2d5 for height 4665509 (from headers subscription)
2025-09-16 11:12:59.908 [DBG] LTND lnd.go:727: Syncing to block chain rev=4d1c86 best_block_time="2025-09-16 11:12:57 -0400 EDT" is_synced=false
2025/09/16 11:13:00 ELECTRUM: GetBestBlock called
2025/09/16 11:13:00 ELECTRUM: Subscribing to headers to get current height
2025/09/16 11:13:01 ELECTRUM: Got current height 4665510 from headers subscription
2025/09/16 11:13:01 ELECTRUM: Returning hash 00000000000119c2e3663654db0b9803d487032c32350b763f82ee3dd11aed69 for height 4665510 (from headers subscription)
2025/09/16 11:13:01 ELECTRUM: GetBlockHeader called for hash: 00000000000119c2e3663654db0b9803d487032c32350b763f82ee3dd11aed69
2025/09/16 11:13:01 ELECTRUM: GetBestBlock called
2025/09/16 11:13:01 ELECTRUM: Subscribing to headers to get current height
2025/09/16 11:13:01 ELECTRUM: Got current height 4665511 from headers subscription
2025/09/16 11:13:01 ELECTRUM: Returning hash 000000000003db46acf2bf78630541bfa281ffcd7b3fff740b35271b8af84fc0 for height 4665511 (from headers subscription)
2025/09/16 11:13:04 ELECTRUM: GetBestBlock called
2025/09/16 11:13:04 ELECTRUM: Subscribing to headers to get current height
2025/09/16 11:13:04 ELECTRUM: Got current height 4665513 from headers subscription
2025/09/16 11:13:04 ELECTRUM: Returning hash 00000000000417189b0697e50260c627d0b2e52f38a6f141850b428ef54ec0b9 for height 4665513 (from headers subscription)
2025/09/16 11:13:04 ELECTRUM: Checking for new blocks - current: 4665513, last known: 4665493
2025/09/16 11:13:04 ELECTRUM: New block detected! Height: 4665513 (was 4665493)
2025/09/16 11:13:04 ELECTRUM: Sending block connected notification for height 4665513
2025/09/16 11:13:04 ELECTRUM: Block notification sent successfully for height 4665513
2025/09/16 11:13:05 ELECTRUM: GetBestBlock called
2025/09/16 11:13:05 ELECTRUM: Subscribing to headers to get current height
2025/09/16 11:13:05 ELECTRUM: Got current height 4665513 from headers subscription
2025/09/16 11:13:05 ELECTRUM: Returning hash 00000000000417189b0697e50260c627d0b2e52f38a6f141850b428ef54ec0b9 for height 4665513 (from headers subscription)
2025/09/16 11:13:05 ELECTRUM: Checking for new blocks - current: 4665513, last known: 4665493
2025/09/16 11:13:05 ELECTRUM: New block detected! Height: 4665513 (was 4665493)
2025/09/16 11:13:05 ELECTRUM: Sending block connected notification for height 4665513
2025/09/16 11:13:05 ELECTRUM: Block notification sent successfully for height 4665513
2025/09/16 11:13:06 ELECTRUM: GetBestBlock called
2025/09/16 11:13:06 ELECTRUM: Subscribing to headers to get current height
2025/09/16 11:13:06 ELECTRUM: Got current height 4665513 from headers subscription
2025/09/16 11:13:06 ELECTRUM: Returning hash 00000000000417189b0697e50260c627d0b2e52f38a6f141850b428ef54ec0b9 for height 4665513 (from headers subscription)
2025/09/16 11:13:06 ELECTRUM: Checking for new blocks - current: 4665513, last known: 4665493
2025/09/16 11:13:06 ELECTRUM: New block detected! Height: 4665513 (was 4665493)
2025/09/16 11:13:06 ELECTRUM: Sending block connected notification for height 4665513
2025/09/16 11:13:06 ELECTRUM: Block notification sent successfully for height 4665513
2025-09-16 11:13:22.358 [DBG] RPCS interceptor.go:775: [/lnrpc.Lightning/WalletBalance] requested
2025-09-16 11:13:22.358 [INF] BTWL btcwallet.go:783: BTCWALLET: ConfirmedBalance called with confs=0, accountFilter=default
2025-09-16 11:13:22.358 [INF] BTWL btcwallet.go:1501: BTCWALLET: Adding 10 discovered Electrum transactions to witness outputs
2025-09-16 11:13:22.358 [INF] BTWL btcwallet.go:783: BTCWALLET: ConfirmedBalance called with confs=1, accountFilter=default
2025-09-16 11:13:22.358 [INF] BTWL btcwallet.go:1501: BTCWALLET: Adding 10 discovered Electrum transactions to witness outputs
2025-09-16 11:13:22.358 [DBG] RPCS rpcserver.go:3746: [walletbalance] Total balance=0.00086648 BTC (confirmed=0.00086648 BTC, unconfirmed=0 BTC, locked=0 BTC)
2025-09-16 11:13:26.991 [DBG] LTND lnd.go:727: Syncing to block chain rev=4d1c86 best_block_time="2025-09-16 11:12:58 -0400 EDT" is_synced=false
2025/09/16 11:13:27 ELECTRUM: GetBestBlock called
2025/09/16 11:13:27 ELECTRUM: Subscribing to headers to get current height
2025/09/16 11:13:28 ELECTRUM: Got current height 4665523 from headers subscription
2025/09/16 11:13:28 ELECTRUM: Returning hash 0000000000035c0b4cbe34cf91aa7f8c57bfe0d5f9373f5db484d7547f4f4d55 for height 4665523 (from headers subscription)
2025/09/16 11:13:28 ELECTRUM: GetBlockHeader called for hash: 0000000000035c0b4cbe34cf91aa7f8c57bfe0d5f9373f5db484d7547f4f4d55
2025/09/16 11:13:28 ELECTRUM: GetBestBlock called
2025/09/16 11:13:28 ELECTRUM: Subscribing to headers to get current height
2025/09/16 11:13:28 ELECTRUM: Got current height 4665523 from headers subscription
2025/09/16 11:13:28 ELECTRUM: Returning hash 0000000000035c0b4cbe34cf91aa7f8c57bfe0d5f9373f5db484d7547f4f4d55 for height 4665523 (from headers subscription)
2025-09-16 11:13:28.805 [DBG] LTND lnd.go:727: Syncing to block chain rev=4d1c86 best_block_time="2025-09-16 11:13:28 -0400 EDT" is_synced=false
2025/09/16 11:13:29 ELECTRUM: GetBestBlock called
2025/09/16 11:13:29 ELECTRUM: Subscribing to headers to get current height
2025/09/16 11:13:30 ELECTRUM: Got current height 4665525 from headers subscription
2025/09/16 11:13:30 ELECTRUM: Returning hash 00000000000018decb2315306daac9350f2cc2ce82e9286ba054afbff8020b64 for height 4665525 (from headers subscription)
2025/09/16 11:13:30 ELECTRUM: GetBlockHeader called for hash: 00000000000018decb2315306daac9350f2cc2ce82e9286ba054afbff8020b64
2025/09/16 11:13:30 ELECTRUM: GetBestBlock called
2025/09/16 11:13:30 ELECTRUM: Subscribing to headers to get current height
2025/09/16 11:13:30 ELECTRUM: Got current height 4665525 from headers subscription
2025/09/16 11:13:30 ELECTRUM: Returning hash 00000000000018decb2315306daac9350f2cc2ce82e9286ba054afbff8020b64 for height 4665525 (from headers subscription)
2025-09-16 11:13:30.524 [DBG] LTND lnd.go:727: Syncing to block chain rev=4d1c86 best_block_time="2025-09-16 11:13:31 -0400 EDT" is_synced=false
2025/09/16 11:13:31 ELECTRUM: GetBestBlock called
2025/09/16 11:13:31 ELECTRUM: Subscribing to headers to get current height
2025/09/16 11:13:31 ELECTRUM: Got current height 4665526 from headers subscription
2025/09/16 11:13:31 ELECTRUM: Returning hash 000000000001e5d0df6ddd6be30ba6742c490655a8372df76b60eae4e9bb444a for height 4665526 (from headers subscription)
2025/09/16 11:13:31 ELECTRUM: GetBlockHeader called for hash: 000000000001e5d0df6ddd6be30ba6742c490655a8372df76b60eae4e9bb444a
2025/09/16 11:13:31 ELECTRUM: GetBestBlock called
2025/09/16 11:13:31 ELECTRUM: Subscribing to headers to get current height
2025/09/16 11:13:32 ELECTRUM: Got current height 4665526 from headers subscription
2025/09/16 11:13:32 ELECTRUM: Returning hash 000000000001e5d0df6ddd6be30ba6742c490655a8372df76b60eae4e9bb444a for height 4665526 (from headers subscription)
2025-09-16 11:13:32.313 [DBG] LTND lnd.go:727: Syncing to block chain rev=4d1c86 best_block_time="2025-09-16 11:13:29 -0400 EDT" is_synced=false
2025/09/16 11:13:33 ELECTRUM: GetBestBlock called
2025/09/16 11:13:33 ELECTRUM: Subscribing to headers to get current height
2025/09/16 11:13:33 ELECTRUM: Got current height 4665527 from headers subscription
2025/09/16 11:13:33 ELECTRUM: Returning hash 00000000044ec93053c7634ff9573610295dd358b400d861a03c56e78c8addb6 for height 4665527 (from headers subscription)
2025/09/16 11:13:33 ELECTRUM: GetBlockHeader called for hash: 00000000044ec93053c7634ff9573610295dd358b400d861a03c56e78c8addb6
2025/09/16 11:13:33 ELECTRUM: GetBestBlock called
2025/09/16 11:13:33 ELECTRUM: Subscribing to headers to get current height
2025/09/16 11:13:33 ELECTRUM: Got current height 4665527 from headers subscription
2025/09/16 11:13:33 ELECTRUM: Returning hash 00000000044ec93053c7634ff9573610295dd358b400d861a03c56e78c8addb6 for height 4665527 (from headers subscription)
2025-09-16 11:13:34.124 [DBG] LTND lnd.go:727: Syncing to block chain rev=4d1c86 best_block_time="2025-09-16 11:13:31 -0400 EDT" is_synced=false
2025/09/16 11:13:34 ELECTRUM: GetBestBlock called
2025/09/16 11:13:34 ELECTRUM: Subscribing to headers to get current height
2025/09/16 11:13:34 ELECTRUM: Got current height 4665527 from headers subscription
2025/09/16 11:13:34 ELECTRUM: Returning hash 00000000044ec93053c7634ff9573610295dd358b400d861a03c56e78c8addb6 for height 4665527 (from headers subscription)
2025/09/16 11:13:34 ELECTRUM: Checking for new blocks - current: 4665527, last known: 4665513
2025/09/16 11:13:34 ELECTRUM: New block detected! Height: 4665527 (was 4665513)
2025/09/16 11:13:34 ELECTRUM: Sending block connected notification for height 4665527
2025/09/16 11:13:34 ELECTRUM: Block notification sent successfully for height 4665527
2025/09/16 11:13:35 ELECTRUM: GetBestBlock called
2025/09/16 11:13:35 ELECTRUM: Subscribing to headers to get current height
2025/09/16 11:13:35 ELECTRUM: Got current height 4665528 from headers subscription
2025/09/16 11:13:35 ELECTRUM: Returning hash 0000000000029a966c302fa6ac24dfb1a17397b2f33abae060220ae3232557c5 for height 4665528 (from headers subscription)
2025/09/16 11:13:35 ELECTRUM: GetBlockHeader called for hash: 0000000000029a966c302fa6ac24dfb1a17397b2f33abae060220ae3232557c5
2025/09/16 11:13:35 ELECTRUM: GetBestBlock called
2025/09/16 11:13:35 ELECTRUM: Subscribing to headers to get current height
2025/09/16 11:13:35 ELECTRUM: Got current height 4665528 from headers subscription
2025/09/16 11:13:35 ELECTRUM: Returning hash 0000000000029a966c302fa6ac24dfb1a17397b2f33abae060220ae3232557c5 for height 4665528 (from headers subscription)
2025/09/16 11:13:35 ELECTRUM: GetBestBlock called
2025/09/16 11:13:35 ELECTRUM: Subscribing to headers to get current height
2025-09-16 11:13:35.897 [DBG] LTND lnd.go:727: Syncing to block chain rev=4d1c86 best_block_time="2025-09-16 11:13:33 -0400 EDT" is_synced=false
2025/09/16 11:13:35 ELECTRUM: Got current height 4665528 from headers subscription
2025/09/16 11:13:35 ELECTRUM: Returning hash 0000000000029a966c302fa6ac24dfb1a17397b2f33abae060220ae3232557c5 for height 4665528 (from headers subscription)
2025/09/16 11:13:35 ELECTRUM: Checking for new blocks - current: 4665528, last known: 4665513
2025/09/16 11:13:35 ELECTRUM: New block detected! Height: 4665528 (was 4665513)
2025/09/16 11:13:35 ELECTRUM: Sending block connected notification for height 4665528
2025/09/16 11:13:35 ELECTRUM: Block notification sent successfully for height 4665528
2025/09/16 11:13:36 ELECTRUM: GetBestBlock called
2025/09/16 11:13:36 ELECTRUM: Subscribing to headers to get current height
2025/09/16 11:13:36 ELECTRUM: Got current height 4665528 from headers subscription
2025/09/16 11:13:36 ELECTRUM: Returning hash 0000000000029a966c302fa6ac24dfb1a17397b2f33abae060220ae3232557c5 for height 4665528 (from headers subscription)
2025/09/16 11:13:36 ELECTRUM: Checking for new blocks - current: 4665528, last known: 4665513
2025/09/16 11:13:36 ELECTRUM: New block detected! Height: 4665528 (was 4665513)
2025/09/16 11:13:36 ELECTRUM: Sending block connected notification for height 4665528
2025/09/16 11:13:36 ELECTRUM: Block notification sent successfully for height 4665528
2025/09/16 11:13:36 ELECTRUM: GetBestBlock called
2025/09/16 11:13:36 ELECTRUM: Subscribing to headers to get current height
2025/09/16 11:13:37 ELECTRUM: Got current height 4665528 from headers subscription
2025/09/16 11:13:37 ELECTRUM: Returning hash 0000000000029a966c302fa6ac24dfb1a17397b2f33abae060220ae3232557c5 for height 4665528 (from headers subscription)
2025/09/16 11:13:37 ELECTRUM: GetBlockHeader called for hash: 0000000000029a966c302fa6ac24dfb1a17397b2f33abae060220ae3232557c5
2025/09/16 11:13:37 ELECTRUM: GetBestBlock called
2025/09/16 11:13:37 ELECTRUM: Subscribing to headers to get current height
2025/09/16 11:13:37 ELECTRUM: Got current height 4665528 from headers subscription
2025/09/16 11:13:37 ELECTRUM: Returning hash 0000000000029a966c302fa6ac24dfb1a17397b2f33abae060220ae3232557c5 for height 4665528 (from headers subscription)
2025-09-16 11:13:37.636 [DBG] LTND lnd.go:727: Syncing to block chain rev=4d1c86 best_block_time="2025-09-16 11:13:33 -0400 EDT" is_synced=false
2025/09/16 11:13:38 ELECTRUM: GetBestBlock called
2025/09/16 11:13:38 ELECTRUM: Subscribing to headers to get current height
2025/09/16 11:13:38 ELECTRUM: Got current height 4665530 from headers subscription
2025/09/16 11:13:38 ELECTRUM: Returning hash 0000000094038445f145c96144015f51f993182364e3861a1f3f74e88de6da51 for height 4665530 (from headers subscription)
2025/09/16 11:13:38 ELECTRUM: GetBlockHeader called for hash: 0000000094038445f145c96144015f51f993182364e3861a1f3f74e88de6da51
2025/09/16 11:13:38 ELECTRUM: GetBestBlock called
2025/09/16 11:13:38 ELECTRUM: Subscribing to headers to get current height
2025/09/16 11:13:39 ELECTRUM: Got current height 4665530 from headers subscription
2025/09/16 11:13:39 ELECTRUM: Returning hash 0000000094038445f145c96144015f51f993182364e3861a1f3f74e88de6da51 for height 4665530 (from headers subscription)
2025-09-16 11:13:39.384 [DBG] LTND lnd.go:727: Syncing to block chain rev=4d1c86 best_block_time="2025-09-16 11:13:45 -0400 EDT" is_synced=false
2025/09/16 11:13:40 ELECTRUM: GetBestBlock called
2025/09/16 11:13:40 ELECTRUM: Subscribing to headers to get current height
2025/09/16 11:13:40 ELECTRUM: Got current height 4665530 from headers subscription
2025/09/16 11:13:40 ELECTRUM: Returning hash 00000000000028aa5d8eea3bb156dd871f82ad61d6dbbfe72360d4382e18f956 for height 4665530 (from headers subscription)
2025/09/16 11:13:40 ELECTRUM: GetBlockHeader called for hash: 00000000000028aa5d8eea3bb156dd871f82ad61d6dbbfe72360d4382e18f956
2025/09/16 11:13:40 ELECTRUM: GetBestBlock called
2025/09/16 11:13:40 ELECTRUM: Subscribing to headers to get current height
2025/09/16 11:13:40 ELECTRUM: Got current height 4665530 from headers subscription
2025/09/16 11:13:40 ELECTRUM: Returning hash 00000000000028aa5d8eea3bb156dd871f82ad61d6dbbfe72360d4382e18f956 for height 4665530 (from headers subscription)
2025-09-16 11:13:41.156 [DBG] LTND lnd.go:727: Syncing to block chain rev=4d1c86 best_block_time="2025-09-16 11:13:45 -0400 EDT" is_synced=false
2025/09/16 11:13:42 ELECTRUM: GetBestBlock called
2025/09/16 11:13:42 ELECTRUM: Subscribing to headers to get current height
2025/09/16 11:13:42 ELECTRUM: Got current height 4665531 from headers subscription
2025/09/16 11:13:42 ELECTRUM: Returning hash 000000000003d1e21c2ad9c6cca3808660807c1c7deb9c2c9b63a1c7a55d1271 for height 4665531 (from headers subscription)
2025/09/16 11:13:42 ELECTRUM: GetBlockHeader called for hash: 000000000003d1e21c2ad9c6cca3808660807c1c7deb9c2c9b63a1c7a55d1271
2025/09/16 11:13:42 ELECTRUM: GetBestBlock called
2025/09/16 11:13:42 ELECTRUM: Subscribing to headers to get current height
2025/09/16 11:13:42 ELECTRUM: Got current height 4665531 from headers subscription
2025/09/16 11:13:42 ELECTRUM: Returning hash 000000000003d1e21c2ad9c6cca3808660807c1c7deb9c2c9b63a1c7a55d1271 for height 4665531 (from headers subscription)
2025-09-16 11:13:43.102 [DBG] LTND lnd.go:727: Syncing to block chain rev=4d1c86 best_block_time="2025-09-16 11:13:39 -0400 EDT" is_synced=false
2025/09/16 11:13:44 ELECTRUM: GetBestBlock called
2025/09/16 11:13:44 ELECTRUM: Subscribing to headers to get current height
2025/09/16 11:13:44 ELECTRUM: Got current height 4665531 from headers subscription
2025/09/16 11:13:44 ELECTRUM: Returning hash 000000000003d1e21c2ad9c6cca3808660807c1c7deb9c2c9b63a1c7a55d1271 for height 4665531 (from headers subscription)
2025/09/16 11:13:44 ELECTRUM: GetBlockHeader called for hash: 000000000003d1e21c2ad9c6cca3808660807c1c7deb9c2c9b63a1c7a55d1271
2025/09/16 11:13:44 ELECTRUM: GetBestBlock called
2025/09/16 11:13:44 ELECTRUM: Subscribing to headers to get current height
2025/09/16 11:13:44 ELECTRUM: Got current height 4665531 from headers subscription
2025/09/16 11:13:44 ELECTRUM: Returning hash 000000000003d1e21c2ad9c6cca3808660807c1c7deb9c2c9b63a1c7a55d1271 for height 4665531 (from headers subscription)
2025-09-16 11:13:44.945 [DBG] LTND lnd.go:727: Syncing to block chain rev=4d1c86 best_block_time="2025-09-16 11:13:39 -0400 EDT" is_synced=false
2025/09/16 11:13:45 ELECTRUM: GetBestBlock called
2025/09/16 11:13:45 ELECTRUM: Subscribing to headers to get current height
2025/09/16 11:13:46 ELECTRUM: Got current height 4665532 from headers subscription
2025/09/16 11:13:46 ELECTRUM: Returning hash 0000000000029008a05b0ec9c2b4e68fad3995a38d90d058167e22c3e8580a4c for height 4665532 (from headers subscription)
2025/09/16 11:13:46 ELECTRUM: GetBlockHeader called for hash: 0000000000029008a05b0ec9c2b4e68fad3995a38d90d058167e22c3e8580a4c
2025/09/16 11:13:46 ELECTRUM: GetBestBlock called
2025/09/16 11:13:46 ELECTRUM: Subscribing to headers to get current height
2025/09/16 11:13:46 ELECTRUM: Got current height 4665532 from headers subscription
2025/09/16 11:13:46 ELECTRUM: Returning hash 0000000000029008a05b0ec9c2b4e68fad3995a38d90d058167e22c3e8580a4c for height 4665532 (from headers subscription)
2025-09-16 11:13:46.790 [DBG] LTND lnd.go:727: Syncing to block chain rev=4d1c86 best_block_time="2025-09-16 11:13:41 -0400 EDT" is_synced=false
2025/09/16 11:13:47 ELECTRUM: GetBestBlock called
2025/09/16 11:13:47 ELECTRUM: Subscribing to headers to get current height
2025/09/16 11:13:48 ELECTRUM: Got current height 4665533 from headers subscription
2025/09/16 11:13:48 ELECTRUM: Returning hash 00000000000012a5ba7fd7cd2a57fe5af152fcdd8e1dfc5cb7efcf3142a271a0 for height 4665533 (from headers subscription)
2025/09/16 11:13:48 ELECTRUM: GetBlockHeader called for hash: 00000000000012a5ba7fd7cd2a57fe5af152fcdd8e1dfc5cb7efcf3142a271a0
2025/09/16 11:13:48 ELECTRUM: GetBestBlock called
2025/09/16 11:13:48 ELECTRUM: Subscribing to headers to get current height
2025/09/16 11:13:48 ELECTRUM: Got current height 4665533 from headers subscription
2025/09/16 11:13:48 ELECTRUM: Returning hash 00000000000012a5ba7fd7cd2a57fe5af152fcdd8e1dfc5cb7efcf3142a271a0 for height 4665533 (from headers subscription)
2025-09-16 11:13:48.666 [DBG] LTND lnd.go:727: Syncing to block chain rev=4d1c86 best_block_time="2025-09-16 11:13:45 -0400 EDT" is_synced=false
2025/09/16 11:13:49 ELECTRUM: GetBestBlock called
2025/09/16 11:13:49 ELECTRUM: Subscribing to headers to get current height
2025/09/16 11:13:49 ELECTRUM: Got current height 4665534 from headers subscription
2025/09/16 11:13:49 ELECTRUM: Returning hash 0000000000002a44607bee10f66c3a2edb6dc21518532012d13337e6984838a1 for height 4665534 (from headers subscription)
2025/09/16 11:13:49 ELECTRUM: GetBlockHeader called for hash: 0000000000002a44607bee10f66c3a2edb6dc21518532012d13337e6984838a1
2025/09/16 11:13:49 ELECTRUM: GetBestBlock called
2025/09/16 11:13:49 ELECTRUM: Subscribing to headers to get current height
2025/09/16 11:13:50 ELECTRUM: Got current height 4665534 from headers subscription
2025/09/16 11:13:50 ELECTRUM: Returning hash 0000000000002a44607bee10f66c3a2edb6dc21518532012d13337e6984838a1 for height 4665534 (from headers subscription)
2025-09-16 11:13:50.476 [DBG] LTND lnd.go:727: Syncing to block chain rev=4d1c86 best_block_time="2025-09-16 11:13:47 -0400 EDT" is_synced=false
2025/09/16 11:13:51 ELECTRUM: GetBestBlock called
2025/09/16 11:13:51 ELECTRUM: Subscribing to headers to get current height
2025/09/16 11:13:51 ELECTRUM: Got current height 4665535 from headers subscription
2025/09/16 11:13:51 ELECTRUM: Returning hash 000000000000e9a6aa04c1b3866a12677de922663da2a122f5a22eb2a65cb496 for height 4665535 (from headers subscription)
2025/09/16 11:13:51 ELECTRUM: GetBlockHeader called for hash: 000000000000e9a6aa04c1b3866a12677de922663da2a122f5a22eb2a65cb496
2025/09/16 11:13:51 ELECTRUM: GetBestBlock called
2025/09/16 11:13:51 ELECTRUM: Subscribing to headers to get current height
2025/09/16 11:13:52 ELECTRUM: Got current height 4665535 from headers subscription
2025/09/16 11:13:52 ELECTRUM: Returning hash 000000000000e9a6aa04c1b3866a12677de922663da2a122f5a22eb2a65cb496 for height 4665535 (from headers subscription)
2025-09-16 11:13:52.294 [DBG] LTND lnd.go:727: Syncing to block chain rev=4d1c86 best_block_time="2025-09-16 11:13:48 -0400 EDT" is_synced=false
2025/09/16 11:13:53 ELECTRUM: GetBestBlock called
2025/09/16 11:13:53 ELECTRUM: Subscribing to headers to get current height
2025/09/16 11:13:53 ELECTRUM: Got current height 4665538 from headers subscription
2025/09/16 11:13:53 ELECTRUM: Returning hash 00000000aa8dfca79e10e73a3bc3197a9585b0f37308eae9cab92c1f47f8bea2 for height 4665538 (from headers subscription)
2025/09/16 11:13:53 ELECTRUM: GetBlockHeader called for hash: 00000000aa8dfca79e10e73a3bc3197a9585b0f37308eae9cab92c1f47f8bea2
2025/09/16 11:13:53 ELECTRUM: GetBestBlock called
2025/09/16 11:13:53 ELECTRUM: Subscribing to headers to get current height
2025/09/16 11:13:53 ELECTRUM: Got current height 4665538 from headers subscription
2025/09/16 11:13:53 ELECTRUM: Returning hash 00000000aa8dfca79e10e73a3bc3197a9585b0f37308eae9cab92c1f47f8bea2 for height 4665538 (from headers subscription)
2025-09-16 11:13:54.093 [DBG] LTND lnd.go:727: Syncing to block chain rev=4d1c86 best_block_time="2025-09-16 11:13:52 -0400 EDT" is_synced=false
2025/09/16 11:13:55 ELECTRUM: GetBestBlock called
2025/09/16 11:13:55 ELECTRUM: Subscribing to headers to get current height
2025/09/16 11:13:55 ELECTRUM: Got current height 4665538 from headers subscription
2025/09/16 11:13:55 ELECTRUM: Returning hash 00000000000113b5cf2a2cd834a7712b594a222429703eca3f60687e07b1876d for height 4665538 (from headers subscription)
2025/09/16 11:13:55 ELECTRUM: GetBlockHeader called for hash: 00000000000113b5cf2a2cd834a7712b594a222429703eca3f60687e07b1876d
2025/09/16 11:13:55 ELECTRUM: GetBestBlock called
2025/09/16 11:13:55 ELECTRUM: Subscribing to headers to get current height
2025/09/16 11:13:55 ELECTRUM: Got current height 4665538 from headers subscription
2025/09/16 11:13:55 ELECTRUM: Returning hash 00000000000113b5cf2a2cd834a7712b594a222429703eca3f60687e07b1876d for height 4665538 (from headers subscription)
2025-09-16 11:13:55.836 [DBG] LTND lnd.go:727: Syncing to block chain rev=4d1c86 best_block_time="2025-09-16 11:13:52 -0400 EDT" is_synced=false
2025/09/16 11:13:56 ELECTRUM: GetBestBlock called
2025/09/16 11:13:56 ELECTRUM: Subscribing to headers to get current height
2025/09/16 11:13:57 ELECTRUM: Got current height 4665539 from headers subscription
2025/09/16 11:13:57 ELECTRUM: Returning hash 00000000000060e14f3742faa00e48c636403a7ffaa78bb675b21a52548a2716 for height 4665539 (from headers subscription)
2025/09/16 11:13:57 ELECTRUM: GetBlockHeader called for hash: 00000000000060e14f3742faa00e48c636403a7ffaa78bb675b21a52548a2716
2025/09/16 11:13:57 ELECTRUM: GetBestBlock called
2025/09/16 11:13:57 ELECTRUM: Subscribing to headers to get current height
2025/09/16 11:13:57 ELECTRUM: Got current height 4665539 from headers subscription
2025/09/16 11:13:57 ELECTRUM: Returning hash 00000000000060e14f3742faa00e48c636403a7ffaa78bb675b21a52548a2716 for height 4665539 (from headers subscription)
2025-09-16 11:13:57.645 [DBG] LTND lnd.go:727: Syncing to block chain rev=4d1c86 best_block_time="2025-09-16 11:14:04 -0400 EDT" is_synced=false
2025/09/16 11:13:58 ELECTRUM: GetBestBlock called
2025/09/16 11:13:58 ELECTRUM: Subscribing to headers to get current height
2025/09/16 11:13:58 ELECTRUM: Got current height 4665539 from headers subscription
2025/09/16 11:13:58 ELECTRUM: Returning hash 00000000000060e14f3742faa00e48c636403a7ffaa78bb675b21a52548a2716 for height 4665539 (from headers subscription)
2025/09/16 11:13:58 ELECTRUM: GetBlockHeader called for hash: 00000000000060e14f3742faa00e48c636403a7ffaa78bb675b21a52548a2716
2025/09/16 11:13:58 ELECTRUM: GetBestBlock called
2025/09/16 11:13:58 ELECTRUM: Subscribing to headers to get current height
2025/09/16 11:13:59 ELECTRUM: Got current height 4665539 from headers subscription
2025/09/16 11:13:59 ELECTRUM: Returning hash 00000000000060e14f3742faa00e48c636403a7ffaa78bb675b21a52548a2716 for height 4665539 (from headers subscription)
2025-09-16 11:13:59.486 [DBG] LTND lnd.go:727: Syncing to block chain rev=4d1c86 best_block_time="2025-09-16 11:14:04 -0400 EDT" is_synced=false
2025/09/16 11:14:00 ELECTRUM: GetBestBlock called
2025/09/16 11:14:00 ELECTRUM: Subscribing to headers to get current height
2025/09/16 11:14:00 ELECTRUM: Got current height 4665540 from headers subscription
2025/09/16 11:14:00 ELECTRUM: Returning hash 0000000000024fb027b8dbd17e0485321c6f88ffd172eb4b225fff32a2660d76 for height 4665540 (from headers subscription)
2025/09/16 11:14:00 ELECTRUM: GetBlockHeader called for hash: 0000000000024fb027b8dbd17e0485321c6f88ffd172eb4b225fff32a2660d76
2025/09/16 11:14:00 ELECTRUM: GetBestBlock called
2025/09/16 11:14:00 ELECTRUM: Subscribing to headers to get current height
2025/09/16 11:14:00 ELECTRUM: Got current height 4665541 from headers subscription
2025/09/16 11:14:00 ELECTRUM: Returning hash 000000000000219f309fc894b33224336f29d7ad0d1e0e636333606be42bef81 for height 4665541 (from headers subscription)
2025/09/16 11:14:04 ELECTRUM: GetBestBlock called
2025/09/16 11:14:04 ELECTRUM: Subscribing to headers to get current height
2025/09/16 11:14:04 ELECTRUM: Got current height 4665543 from headers subscription
2025/09/16 11:14:04 ELECTRUM: Returning hash 000000000000063e351aff343709afa66385e0ce8c0e46a30bf14bb232caa335 for height 4665543 (from headers subscription)
2025/09/16 11:14:04 ELECTRUM: Checking for new blocks - current: 4665543, last known: 4665527
2025/09/16 11:14:04 ELECTRUM: New block detected! Height: 4665543 (was 4665527)
2025/09/16 11:14:04 ELECTRUM: Sending block connected notification for height 4665543
2025/09/16 11:14:04 ELECTRUM: Block notification sent successfully for height 4665543
2025/09/16 11:14:05 ELECTRUM: GetBestBlock called
2025/09/16 11:14:05 ELECTRUM: Subscribing to headers to get current height
2025/09/16 11:14:05 ELECTRUM: Got current height 4665544 from headers subscription
2025/09/16 11:14:05 ELECTRUM: Returning hash 000000000000232af935feda415175647e734becdf78137cbcf4695d86ff2f51 for height 4665544 (from headers subscription)
2025/09/16 11:14:05 ELECTRUM: Checking for new blocks - current: 4665544, last known: 4665528
2025/09/16 11:14:05 ELECTRUM: New block detected! Height: 4665544 (was 4665528)
2025/09/16 11:14:05 ELECTRUM: Sending block connected notification for height 4665544
2025/09/16 11:14:05 ELECTRUM: Block notification sent successfully for height 4665544
2025/09/16 11:14:06 ELECTRUM: GetBestBlock called
2025/09/16 11:14:06 ELECTRUM: Subscribing to headers to get current height
2025/09/16 11:14:06 ELECTRUM: Got current height 4665545 from headers subscription
2025/09/16 11:14:06 ELECTRUM: Returning hash 0000000000001b6dd7093a7c41a2441f1dfe6a29221f9c26a9613ee2e4eef34b for height 4665545 (from headers subscription)
2025/09/16 11:14:06 ELECTRUM: Checking for new blocks - current: 4665545, last known: 4665528
2025/09/16 11:14:06 ELECTRUM: New block detected! Height: 4665545 (was 4665528)
2025/09/16 11:14:06 ELECTRUM: Sending block connected notification for height 4665545
2025/09/16 11:14:06 ELECTRUM: Block notification sent successfully for height 4665545
2025-09-16 11:14:27.033 [DBG] LTND lnd.go:727: Syncing to block chain rev=4d1c86 best_block_time="2025-09-16 11:13:56 -0400 EDT" is_synced=false
2025/09/16 11:14:28 ELECTRUM: GetBestBlock called
2025/09/16 11:14:28 ELECTRUM: Subscribing to headers to get current height
2025/09/16 11:14:28 ELECTRUM: Got current height 4665555 from headers subscription
2025/09/16 11:14:28 ELECTRUM: Returning hash 00000000000228268d361491793bd33dd746b0601f761b3816c88e6dfda3fb41 for height 4665555 (from headers subscription)
2025/09/16 11:14:28 ELECTRUM: GetBlockHeader called for hash: 00000000000228268d361491793bd33dd746b0601f761b3816c88e6dfda3fb41
2025/09/16 11:14:28 ELECTRUM: GetBestBlock called
2025/09/16 11:14:28 ELECTRUM: Subscribing to headers to get current height
2025/09/16 11:14:28 ELECTRUM: Got current height 4665556 from headers subscription
2025/09/16 11:14:28 ELECTRUM: Returning hash 000000000002fa2ca84ac7c60df004e5cd592df40c270c814ecc68863ad5e90a for height 4665556 (from headers subscription)
2025/09/16 11:14:34 ELECTRUM: GetBestBlock called
2025/09/16 11:14:34 ELECTRUM: Subscribing to headers to get current height
2025/09/16 11:14:34 ELECTRUM: Got current height 4665560 from headers subscription
2025/09/16 11:14:34 ELECTRUM: Returning hash 0000000000015af6389ea34b50f60f8c1c06b4d54e21f123691fdbba63f5708a for height 4665560 (from headers subscription)
2025/09/16 11:14:34 ELECTRUM: Checking for new blocks - current: 4665560, last known: 4665543
2025/09/16 11:14:34 ELECTRUM: New block detected! Height: 4665560 (was 4665543)
2025/09/16 11:14:34 ELECTRUM: Sending block connected notification for height 4665560
2025/09/16 11:14:34 ELECTRUM: Block notification sent successfully for height 4665560
2025/09/16 11:14:35 ELECTRUM: GetBestBlock called
2025/09/16 11:14:35 ELECTRUM: Subscribing to headers to get current height
2025/09/16 11:14:36 ELECTRUM: Got current height 4665561 from headers subscription
2025/09/16 11:14:36 ELECTRUM: Returning hash 000000009da0835d2493925b96e6ce6f691cd0f363f1644c49489b4fd5ed6585 for height 4665561 (from headers subscription)
2025/09/16 11:14:36 ELECTRUM: Checking for new blocks - current: 4665561, last known: 4665544
2025/09/16 11:14:36 ELECTRUM: New block detected! Height: 4665561 (was 4665544)
2025/09/16 11:14:36 ELECTRUM: Sending block connected notification for height 4665561
2025/09/16 11:14:36 ELECTRUM: Block notification sent successfully for height 4665561
2025/09/16 11:14:36 ELECTRUM: GetBestBlock called
2025/09/16 11:14:36 ELECTRUM: Subscribing to headers to get current height
2025/09/16 11:14:36 ELECTRUM: Got current height 4665562 from headers subscription
2025/09/16 11:14:36 ELECTRUM: Returning hash 0000000000002d73b90170da7b38337c2effbe190192b9ce561d5f2b56762186 for height 4665562 (from headers subscription)
2025/09/16 11:14:36 ELECTRUM: Checking for new blocks - current: 4665562, last known: 4665545
2025/09/16 11:14:36 ELECTRUM: New block detected! Height: 4665562 (was 4665545)
2025/09/16 11:14:36 ELECTRUM: Sending block connected notification for height 4665562
2025/09/16 11:14:36 ELECTRUM: Block notification sent successfully for height 4665562
2025-09-16 11:14:55.330 [DBG] LTND lnd.go:727: Syncing to block chain rev=4d1c86 best_block_time="2025-09-16 11:14:24 -0400 EDT" is_synced=false
2025/09/16 11:14:56 ELECTRUM: GetBestBlock called
2025/09/16 11:14:56 ELECTRUM: Subscribing to headers to get current height
2025/09/16 11:14:56 ELECTRUM: Got current height 4665573 from headers subscription
2025/09/16 11:14:56 ELECTRUM: Returning hash 00000000000024df2cb635336ff64cd6b2b4774202e943d416993c2063d9badc for height 4665573 (from headers subscription)
2025/09/16 11:14:56 ELECTRUM: GetBlockHeader called for hash: 00000000000024df2cb635336ff64cd6b2b4774202e943d416993c2063d9badc
2025/09/16 11:14:56 ELECTRUM: GetBestBlock called
2025/09/16 11:14:56 ELECTRUM: Subscribing to headers to get current height
2025/09/16 11:14:56 ELECTRUM: Got current height 4665573 from headers subscription
2025/09/16 11:14:56 ELECTRUM: Returning hash 00000000000024df2cb635336ff64cd6b2b4774202e943d416993c2063d9badc for height 4665573 (from headers subscription)
2025-09-16 11:14:57.069 [DBG] LTND lnd.go:727: Syncing to block chain rev=4d1c86 best_block_time="2025-09-16 11:14:56 -0400 EDT" is_synced=false
2025/09/16 11:14:58 ELECTRUM: GetBestBlock called
2025/09/16 11:14:58 ELECTRUM: Subscribing to headers to get current height
2025/09/16 11:14:58 ELECTRUM: Got current height 4665573 from headers subscription
2025/09/16 11:14:58 ELECTRUM: Returning hash 00000000000024df2cb635336ff64cd6b2b4774202e943d416993c2063d9badc for height 4665573 (from headers subscription)
2025/09/16 11:14:58 ELECTRUM: GetBlockHeader called for hash: 00000000000024df2cb635336ff64cd6b2b4774202e943d416993c2063d9badc
2025/09/16 11:14:58 ELECTRUM: GetBestBlock called
2025/09/16 11:14:58 ELECTRUM: Subscribing to headers to get current height
2025/09/16 11:14:58 ELECTRUM: Got current height 4665573 from headers subscription
2025/09/16 11:14:58 ELECTRUM: Returning hash 00000000000024df2cb635336ff64cd6b2b4774202e943d416993c2063d9badc for height 4665573 (from headers subscription)
2025-09-16 11:14:58.880 [DBG] LTND lnd.go:727: Syncing to block chain rev=4d1c86 best_block_time="2025-09-16 11:14:56 -0400 EDT" is_synced=false
2025/09/16 11:14:59 ELECTRUM: GetBestBlock called
2025/09/16 11:14:59 ELECTRUM: Subscribing to headers to get current height
2025/09/16 11:15:00 ELECTRUM: Got current height 4665574 from headers subscription
2025/09/16 11:15:00 ELECTRUM: Returning hash 0000000000000970e6f8a882d23b91c5b6b3193b4e703c7818649e0a6a3adf71 for height 4665574 (from headers subscription)
2025/09/16 11:15:00 ELECTRUM: GetBlockHeader called for hash: 0000000000000970e6f8a882d23b91c5b6b3193b4e703c7818649e0a6a3adf71
2025/09/16 11:15:00 ELECTRUM: GetBestBlock called
2025/09/16 11:15:00 ELECTRUM: Subscribing to headers to get current height
2025/09/16 11:15:00 ELECTRUM: Got current height 4665574 from headers subscription
2025/09/16 11:15:00 ELECTRUM: Returning hash 0000000000000970e6f8a882d23b91c5b6b3193b4e703c7818649e0a6a3adf71 for height 4665574 (from headers subscription)
2025-09-16 11:15:00.601 [DBG] LTND lnd.go:727: Syncing to block chain rev=4d1c86 best_block_time="2025-09-16 11:15:03 -0400 EDT" is_synced=false
2025/09/16 11:15:01 ELECTRUM: GetBestBlock called
2025/09/16 11:15:01 ELECTRUM: Subscribing to headers to get current height
2025/09/16 11:15:01 ELECTRUM: Got current height 4665574 from headers subscription
2025/09/16 11:15:01 ELECTRUM: Returning hash 0000000000000970e6f8a882d23b91c5b6b3193b4e703c7818649e0a6a3adf71 for height 4665574 (from headers subscription)
2025/09/16 11:15:01 ELECTRUM: GetBlockHeader called for hash: 0000000000000970e6f8a882d23b91c5b6b3193b4e703c7818649e0a6a3adf71
2025/09/16 11:15:01 ELECTRUM: GetBestBlock called
2025/09/16 11:15:01 ELECTRUM: Subscribing to headers to get current height
2025/09/16 11:15:02 ELECTRUM: Got current height 4665574 from headers subscription
2025/09/16 11:15:02 ELECTRUM: Returning hash 0000000000000970e6f8a882d23b91c5b6b3193b4e703c7818649e0a6a3adf71 for height 4665574 (from headers subscription)
2025-09-16 11:15:02.395 [DBG] LTND lnd.go:727: Syncing to block chain rev=4d1c86 best_block_time="2025-09-16 11:15:03 -0400 EDT" is_synced=false
2025/09/16 11:15:03 ELECTRUM: GetBestBlock called
2025/09/16 11:15:03 ELECTRUM: Subscribing to headers to get current height
2025/09/16 11:15:03 ELECTRUM: Got current height 4665575 from headers subscription
2025/09/16 11:15:03 ELECTRUM: Returning hash 00000000000264883f259ee8eb9aec932e35126963acad99a7de3d18b137fe45 for height 4665575 (from headers subscription)
2025/09/16 11:15:03 ELECTRUM: GetBlockHeader called for hash: 00000000000264883f259ee8eb9aec932e35126963acad99a7de3d18b137fe45
2025/09/16 11:15:03 ELECTRUM: GetBestBlock called
2025/09/16 11:15:03 ELECTRUM: Subscribing to headers to get current height
2025/09/16 11:15:03 ELECTRUM: Got current height 4665575 from headers subscription
2025/09/16 11:15:03 ELECTRUM: Returning hash 00000000000264883f259ee8eb9aec932e35126963acad99a7de3d18b137fe45 for height 4665575 (from headers subscription)
2025-09-16 11:15:04.128 [DBG] LTND lnd.go:727: Syncing to block chain rev=4d1c86 best_block_time="2025-09-16 11:14:59 -0400 EDT" is_synced=false
2025/09/16 11:15:04 ELECTRUM: GetBestBlock called
2025/09/16 11:15:04 ELECTRUM: Subscribing to headers to get current height
2025/09/16 11:15:04 ELECTRUM: Got current height 4665576 from headers subscription
2025/09/16 11:15:04 ELECTRUM: Returning hash 0000000000003b92c480cf3519f67f15d5386210044dccf07ca48aa9983b91f7 for height 4665576 (from headers subscription)
2025/09/16 11:15:04 ELECTRUM: Checking for new blocks - current: 4665576, last known: 4665560
2025/09/16 11:15:04 ELECTRUM: New block detected! Height: 4665576 (was 4665560)
2025/09/16 11:15:04 ELECTRUM: Sending block connected notification for height 4665576
2025/09/16 11:15:04 ELECTRUM: Block notification sent successfully for height 4665576
2025/09/16 11:15:05 ELECTRUM: GetBestBlock called
2025/09/16 11:15:05 ELECTRUM: Subscribing to headers to get current height
2025/09/16 11:15:05 ELECTRUM: Got current height 4665576 from headers subscription
2025/09/16 11:15:05 ELECTRUM: Returning hash 0000000000003b92c480cf3519f67f15d5386210044dccf07ca48aa9983b91f7 for height 4665576 (from headers subscription)
2025/09/16 11:15:05 ELECTRUM: GetBlockHeader called for hash: 0000000000003b92c480cf3519f67f15d5386210044dccf07ca48aa9983b91f7
2025/09/16 11:15:05 ELECTRUM: GetBestBlock called
2025/09/16 11:15:05 ELECTRUM: Subscribing to headers to get current height
2025/09/16 11:15:05 ELECTRUM: Got current height 4665576 from headers subscription
2025/09/16 11:15:05 ELECTRUM: Returning hash 0000000000003b92c480cf3519f67f15d5386210044dccf07ca48aa9983b91f7 for height 4665576 (from headers subscription)
2025/09/16 11:15:05 ELECTRUM: GetBestBlock called
2025/09/16 11:15:05 ELECTRUM: Subscribing to headers to get current height
2025-09-16 11:15:05.979 [DBG] LTND lnd.go:727: Syncing to block chain rev=4d1c86 best_block_time="2025-09-16 11:15:04 -0400 EDT" is_synced=false
2025/09/16 11:15:05 ELECTRUM: Got current height 4665576 from headers subscription
2025/09/16 11:15:05 ELECTRUM: Returning hash 0000000000003b92c480cf3519f67f15d5386210044dccf07ca48aa9983b91f7 for height 4665576 (from headers subscription)
2025/09/16 11:15:05 ELECTRUM: Checking for new blocks - current: 4665576, last known: 4665561
2025/09/16 11:15:05 ELECTRUM: New block detected! Height: 4665576 (was 4665561)
2025/09/16 11:15:05 ELECTRUM: Sending block connected notification for height 4665576
2025/09/16 11:15:05 ELECTRUM: Block notification sent successfully for height 4665576
2025/09/16 11:15:06 ELECTRUM: GetBestBlock called
2025/09/16 11:15:06 ELECTRUM: Subscribing to headers to get current height
2025/09/16 11:15:06 ELECTRUM: Got current height 4665576 from headers subscription
2025/09/16 11:15:06 ELECTRUM: Returning hash 0000000000003b92c480cf3519f67f15d5386210044dccf07ca48aa9983b91f7 for height 4665576 (from headers subscription)
2025/09/16 11:15:06 ELECTRUM: Checking for new blocks - current: 4665576, last known: 4665562
2025/09/16 11:15:06 ELECTRUM: New block detected! Height: 4665576 (was 4665562)
2025/09/16 11:15:06 ELECTRUM: Sending block connected notification for height 4665576
2025/09/16 11:15:06 ELECTRUM: Block notification sent successfully for height 4665576
2025/09/16 11:15:06 ELECTRUM: GetBestBlock called
2025/09/16 11:15:06 ELECTRUM: Subscribing to headers to get current height
2025/09/16 11:15:07 ELECTRUM: Got current height 4665576 from headers subscription
2025/09/16 11:15:07 ELECTRUM: Returning hash 0000000000003b92c480cf3519f67f15d5386210044dccf07ca48aa9983b91f7 for height 4665576 (from headers subscription)
2025/09/16 11:15:07 ELECTRUM: GetBlockHeader called for hash: 0000000000003b92c480cf3519f67f15d5386210044dccf07ca48aa9983b91f7
2025/09/16 11:15:07 ELECTRUM: GetBestBlock called
2025/09/16 11:15:07 ELECTRUM: Subscribing to headers to get current height
2025/09/16 11:15:07 ELECTRUM: Got current height 4665576 from headers subscription
2025/09/16 11:15:07 ELECTRUM: Returning hash 0000000000003b92c480cf3519f67f15d5386210044dccf07ca48aa9983b91f7 for height 4665576 (from headers subscription)
2025-09-16 11:15:07.753 [DBG] LTND lnd.go:727: Syncing to block chain rev=4d1c86 best_block_time="2025-09-16 11:15:04 -0400 EDT" is_synced=false
2025/09/16 11:15:08 ELECTRUM: GetBestBlock called
2025/09/16 11:15:08 ELECTRUM: Subscribing to headers to get current height
2025/09/16 11:15:08 ELECTRUM: Got current height 4665577 from headers subscription
2025/09/16 11:15:08 ELECTRUM: Returning hash 0000000000000ddb3fffb1cfc2ff48406e72eaf1e452f76dcd682a46b6701293 for height 4665577 (from headers subscription)
2025/09/16 11:15:08 ELECTRUM: GetBlockHeader called for hash: 0000000000000ddb3fffb1cfc2ff48406e72eaf1e452f76dcd682a46b6701293
2025/09/16 11:15:08 ELECTRUM: GetBestBlock called
2025/09/16 11:15:08 ELECTRUM: Subscribing to headers to get current height
2025/09/16 11:15:09 ELECTRUM: Got current height 4665577 from headers subscription
2025/09/16 11:15:09 ELECTRUM: Returning hash 0000000000000ddb3fffb1cfc2ff48406e72eaf1e452f76dcd682a46b6701293 for height 4665577 (from headers subscription)
2025-09-16 11:15:09.471 [DBG] LTND lnd.go:727: Syncing to block chain rev=4d1c86 best_block_time="2025-09-16 11:15:11 -0400 EDT" is_synced=false
2025/09/16 11:15:10 ELECTRUM: GetBestBlock called
2025/09/16 11:15:10 ELECTRUM: Subscribing to headers to get current height
2025/09/16 11:15:10 ELECTRUM: Got current height 4665577 from headers subscription
2025/09/16 11:15:10 ELECTRUM: Returning hash 0000000000000ddb3fffb1cfc2ff48406e72eaf1e452f76dcd682a46b6701293 for height 4665577 (from headers subscription)
2025/09/16 11:15:10 ELECTRUM: GetBlockHeader called for hash: 0000000000000ddb3fffb1cfc2ff48406e72eaf1e452f76dcd682a46b6701293
2025/09/16 11:15:10 ELECTRUM: GetBestBlock called
2025/09/16 11:15:10 ELECTRUM: Subscribing to headers to get current height
2025/09/16 11:15:11 ELECTRUM: Got current height 4665577 from headers subscription
2025/09/16 11:15:11 ELECTRUM: Returning hash 0000000000000ddb3fffb1cfc2ff48406e72eaf1e452f76dcd682a46b6701293 for height 4665577 (from headers subscription)
2025-09-16 11:15:11.302 [DBG] LTND lnd.go:727: Syncing to block chain rev=4d1c86 best_block_time="2025-09-16 11:15:11 -0400 EDT" is_synced=false
2025/09/16 11:15:12 ELECTRUM: GetBestBlock called
2025/09/16 11:15:12 ELECTRUM: Subscribing to headers to get current height
2025/09/16 11:15:12 ELECTRUM: Got current height 4665578 from headers subscription
2025/09/16 11:15:12 ELECTRUM: Returning hash 0000000000021c899deead09177682226bc2178ee1cbae356a47e0a61d70dce8 for height 4665578 (from headers subscription)
2025/09/16 11:15:12 ELECTRUM: GetBlockHeader called for hash: 0000000000021c899deead09177682226bc2178ee1cbae356a47e0a61d70dce8
2025/09/16 11:15:12 ELECTRUM: GetBestBlock called
2025/09/16 11:15:12 ELECTRUM: Subscribing to headers to get current height
2025/09/16 11:15:12 ELECTRUM: Got current height 4665578 from headers subscription
2025/09/16 11:15:12 ELECTRUM: Returning hash 0000000000021c899deead09177682226bc2178ee1cbae356a47e0a61d70dce8 for height 4665578 (from headers subscription)
2025-09-16 11:15:13.020 [DBG] LTND lnd.go:727: Syncing to block chain rev=4d1c86 best_block_time="2025-09-16 11:15:07 -0400 EDT" is_synced=false
2025/09/16 11:15:14 ELECTRUM: GetBestBlock called
2025/09/16 11:15:14 ELECTRUM: Subscribing to headers to get current height
2025/09/16 11:15:14 ELECTRUM: Got current height 4665578 from headers subscription
2025/09/16 11:15:14 ELECTRUM: Returning hash 0000000000021c899deead09177682226bc2178ee1cbae356a47e0a61d70dce8 for height 4665578 (from headers subscription)
2025/09/16 11:15:14 ELECTRUM: GetBlockHeader called for hash: 0000000000021c899deead09177682226bc2178ee1cbae356a47e0a61d70dce8
2025/09/16 11:15:14 ELECTRUM: GetBestBlock called
2025/09/16 11:15:14 ELECTRUM: Subscribing to headers to get current height
2025/09/16 11:15:14 ELECTRUM: Got current height 4665578 from headers subscription
2025/09/16 11:15:14 ELECTRUM: Returning hash 0000000000021c899deead09177682226bc2178ee1cbae356a47e0a61d70dce8 for height 4665578 (from headers subscription)
2025-09-16 11:15:14.739 [DBG] LTND lnd.go:727: Syncing to block chain rev=4d1c86 best_block_time="2025-09-16 11:15:07 -0400 EDT" is_synced=false
2025/09/16 11:15:15 ELECTRUM: GetBestBlock called
2025/09/16 11:15:15 ELECTRUM: Subscribing to headers to get current height
2025/09/16 11:15:16 ELECTRUM: Got current height 4665579 from headers subscription
2025/09/16 11:15:16 ELECTRUM: Returning hash 0000000000004b685add4209f3151cb7baf2bc68c7f53d5bf0d03ac3aa5426e9 for height 4665579 (from headers subscription)
2025/09/16 11:15:16 ELECTRUM: GetBlockHeader called for hash: 0000000000004b685add4209f3151cb7baf2bc68c7f53d5bf0d03ac3aa5426e9
2025/09/16 11:15:16 ELECTRUM: GetBestBlock called
2025/09/16 11:15:16 ELECTRUM: Subscribing to headers to get current height
2025/09/16 11:15:16 ELECTRUM: Got current height 4665579 from headers subscription
2025/09/16 11:15:16 ELECTRUM: Returning hash 0000000000004b685add4209f3151cb7baf2bc68c7f53d5bf0d03ac3aa5426e9 for height 4665579 (from headers subscription)
2025-09-16 11:15:16.638 [DBG] LTND lnd.go:727: Syncing to block chain rev=4d1c86 best_block_time="2025-09-16 11:15:20 -0400 EDT" is_synced=false
2025/09/16 11:15:17 ELECTRUM: GetBestBlock called
2025/09/16 11:15:17 ELECTRUM: Subscribing to headers to get current height
2025/09/16 11:15:17 ELECTRUM: Got current height 4665580 from headers subscription
2025/09/16 11:15:17 ELECTRUM: Returning hash 0000000000003b7cd88e4ad30a6a459eadec8b6fdeb5ba7e72f2b43f25dc4447 for height 4665580 (from headers subscription)
2025/09/16 11:15:17 ELECTRUM: GetBlockHeader called for hash: 0000000000003b7cd88e4ad30a6a459eadec8b6fdeb5ba7e72f2b43f25dc4447
2025/09/16 11:15:17 ELECTRUM: GetBestBlock called
2025/09/16 11:15:17 ELECTRUM: Subscribing to headers to get current height
2025/09/16 11:15:18 ELECTRUM: Got current height 4665580 from headers subscription
2025/09/16 11:15:18 ELECTRUM: Returning hash 0000000000003b7cd88e4ad30a6a459eadec8b6fdeb5ba7e72f2b43f25dc4447 for height 4665580 (from headers subscription)
2025-09-16 11:15:18.439 [DBG] LTND lnd.go:727: Syncing to block chain rev=4d1c86 best_block_time="2025-09-16 11:15:23 -0400 EDT" is_synced=false
2025/09/16 11:15:19 ELECTRUM: GetBestBlock called
2025/09/16 11:15:19 ELECTRUM: Subscribing to headers to get current height
2025/09/16 11:15:19 ELECTRUM: Got current height 4665581 from headers subscription
2025/09/16 11:15:19 ELECTRUM: Returning hash 00000000000244b3780201a09a40b469db255105633a53c6a42df1e72f2ae1fd for height 4665581 (from headers subscription)
2025/09/16 11:15:19 ELECTRUM: GetBlockHeader called for hash: 00000000000244b3780201a09a40b469db255105633a53c6a42df1e72f2ae1fd
2025/09/16 11:15:19 ELECTRUM: GetBestBlock called
2025/09/16 11:15:19 ELECTRUM: Subscribing to headers to get current height
2025/09/16 11:15:19 ELECTRUM: Got current height 4665581 from headers subscription
2025/09/16 11:15:19 ELECTRUM: Returning hash 00000000000244b3780201a09a40b469db255105633a53c6a42df1e72f2ae1fd for height 4665581 (from headers subscription)
2025-09-16 11:15:20.177 [DBG] LTND lnd.go:727: Syncing to block chain rev=4d1c86 best_block_time="2025-09-16 11:15:16 -0400 EDT" is_synced=false
2025/09/16 11:15:21 ELECTRUM: GetBestBlock called
2025/09/16 11:15:21 ELECTRUM: Subscribing to headers to get current height
2025/09/16 11:15:21 ELECTRUM: Got current height 4665582 from headers subscription
2025/09/16 11:15:21 ELECTRUM: Returning hash 00000000000004c99ee28695a9279764a7e34f13424a4840e5f9c2b707f8b908 for height 4665582 (from headers subscription)
2025/09/16 11:15:21 ELECTRUM: GetBlockHeader called for hash: 00000000000004c99ee28695a9279764a7e34f13424a4840e5f9c2b707f8b908
2025/09/16 11:15:21 ELECTRUM: GetBestBlock called
2025/09/16 11:15:21 ELECTRUM: Subscribing to headers to get current height
2025/09/16 11:15:21 ELECTRUM: Got current height 4665582 from headers subscription
2025/09/16 11:15:21 ELECTRUM: Returning hash 00000000000004c99ee28695a9279764a7e34f13424a4840e5f9c2b707f8b908 for height 4665582 (from headers subscription)
2025-09-16 11:15:22.124 [DBG] LTND lnd.go:727: Syncing to block chain rev=4d1c86 best_block_time="2025-09-16 11:15:30 -0400 EDT" is_synced=false
2025/09/16 11:15:23 ELECTRUM: GetBestBlock called
2025/09/16 11:15:23 ELECTRUM: Subscribing to headers to get current height
2025/09/16 11:15:23 ELECTRUM: Got current height 4665582 from headers subscription
2025/09/16 11:15:23 ELECTRUM: Returning hash 00000000000004c99ee28695a9279764a7e34f13424a4840e5f9c2b707f8b908 for height 4665582 (from headers subscription)
2025/09/16 11:15:23 ELECTRUM: GetBlockHeader called for hash: 00000000000004c99ee28695a9279764a7e34f13424a4840e5f9c2b707f8b908
2025/09/16 11:15:23 ELECTRUM: GetBestBlock called
2025/09/16 11:15:23 ELECTRUM: Subscribing to headers to get current height
2025/09/16 11:15:23 ELECTRUM: Got current height 4665582 from headers subscription
2025/09/16 11:15:23 ELECTRUM: Returning hash 00000000000004c99ee28695a9279764a7e34f13424a4840e5f9c2b707f8b908 for height 4665582 (from headers subscription)
2025-09-16 11:15:24.070 [DBG] LTND lnd.go:727: Syncing to block chain rev=4d1c86 best_block_time="2025-09-16 11:15:30 -0400 EDT" is_synced=false
2025/09/16 11:15:25 ELECTRUM: GetBestBlock called
2025/09/16 11:15:25 ELECTRUM: Subscribing to headers to get current height
2025/09/16 11:15:25 ELECTRUM: Got current height 4665583 from headers subscription
2025/09/16 11:15:25 ELECTRUM: Returning hash 000000000002e1568d2ba0647b2e2b8af4b2c572f2e09a0c8d736c4c71d2c538 for height 4665583 (from headers subscription)
2025/09/16 11:15:25 ELECTRUM: GetBlockHeader called for hash: 000000000002e1568d2ba0647b2e2b8af4b2c572f2e09a0c8d736c4c71d2c538
2025/09/16 11:15:25 ELECTRUM: GetBestBlock called
2025/09/16 11:15:25 ELECTRUM: Subscribing to headers to get current height
2025/09/16 11:15:25 ELECTRUM: Got current height 4665583 from headers subscription
2025/09/16 11:15:25 ELECTRUM: Returning hash 000000000002e1568d2ba0647b2e2b8af4b2c572f2e09a0c8d736c4c71d2c538 for height 4665583 (from headers subscription)
2025-09-16 11:15:25.798 [DBG] LTND lnd.go:727: Syncing to block chain rev=4d1c86 best_block_time="2025-09-16 11:15:20 -0400 EDT" is_synced=false
2025/09/16 11:15:26 ELECTRUM: GetBestBlock called
2025/09/16 11:15:26 ELECTRUM: Subscribing to headers to get current height
2025/09/16 11:15:27 ELECTRUM: Got current height 4665584 from headers subscription
2025/09/16 11:15:27 ELECTRUM: Returning hash 0000000000002e68ef43bb96079530a1132b626515067b40f74562ff6cdb9924 for height 4665584 (from headers subscription)
2025/09/16 11:15:27 ELECTRUM: GetBlockHeader called for hash: 0000000000002e68ef43bb96079530a1132b626515067b40f74562ff6cdb9924
2025/09/16 11:15:27 ELECTRUM: GetBestBlock called
2025/09/16 11:15:27 ELECTRUM: Subscribing to headers to get current height
2025/09/16 11:15:27 ELECTRUM: Got current height 4665584 from headers subscription
2025/09/16 11:15:27 ELECTRUM: Returning hash 0000000000002e68ef43bb96079530a1132b626515067b40f74562ff6cdb9924 for height 4665584 (from headers subscription)
2025-09-16 11:15:27.688 [DBG] LTND lnd.go:727: Syncing to block chain rev=4d1c86 best_block_time="2025-09-16 11:15:27 -0400 EDT" is_synced=false
2025/09/16 11:15:28 ELECTRUM: GetBestBlock called
2025/09/16 11:15:28 ELECTRUM: Subscribing to headers to get current height
2025/09/16 11:15:28 ELECTRUM: Got current height 4665585 from headers subscription
2025/09/16 11:15:28 ELECTRUM: Returning hash 0000000000000fc0f677c09206fd1d0037916507058a688be55ee91647258ced for height 4665585 (from headers subscription)
2025/09/16 11:15:28 ELECTRUM: GetBlockHeader called for hash: 0000000000000fc0f677c09206fd1d0037916507058a688be55ee91647258ced
2025/09/16 11:15:28 ELECTRUM: GetBestBlock called
2025/09/16 11:15:28 ELECTRUM: Subscribing to headers to get current height
2025/09/16 11:15:29 ELECTRUM: Got current height 4665585 from headers subscription
2025/09/16 11:15:29 ELECTRUM: Returning hash 0000000000000fc0f677c09206fd1d0037916507058a688be55ee91647258ced for height 4665585 (from headers subscription)
2025-09-16 11:15:29.410 [DBG] LTND lnd.go:727: Syncing to block chain rev=4d1c86 best_block_time="2025-09-16 11:15:37 -0400 EDT" is_synced=false
2025/09/16 11:15:30 ELECTRUM: GetBestBlock called
2025/09/16 11:15:30 ELECTRUM: Subscribing to headers to get current height
2025/09/16 11:15:30 ELECTRUM: Got current height 4665585 from headers subscription
2025/09/16 11:15:30 ELECTRUM: Returning hash 0000000000000fc0f677c09206fd1d0037916507058a688be55ee91647258ced for height 4665585 (from headers subscription)
2025/09/16 11:15:30 ELECTRUM: GetBlockHeader called for hash: 0000000000000fc0f677c09206fd1d0037916507058a688be55ee91647258ced
2025/09/16 11:15:30 ELECTRUM: GetBestBlock called
2025/09/16 11:15:30 ELECTRUM: Subscribing to headers to get current height
2025/09/16 11:15:30 ELECTRUM: Got current height 4665586 from headers subscription
2025/09/16 11:15:30 ELECTRUM: Returning hash 0000000000012bf4f04a8c8e5997439bc23687f3808fb41fbdfe79f9d6ca6b31 for height 4665586 (from headers subscription)
2025/09/16 11:15:34 ELECTRUM: GetBestBlock called
2025/09/16 11:15:34 ELECTRUM: Subscribing to headers to get current height
2025/09/16 11:15:34 ELECTRUM: Got current height 4665588 from headers subscription
2025/09/16 11:15:34 ELECTRUM: Returning hash 000000000001fe166583c2a3d9deb751e5abfa59f01fd23cd57095b8d07951f0 for height 4665588 (from headers subscription)
2025/09/16 11:15:34 ELECTRUM: Checking for new blocks - current: 4665588, last known: 4665576
2025/09/16 11:15:34 ELECTRUM: New block detected! Height: 4665588 (was 4665576)
2025/09/16 11:15:34 ELECTRUM: Sending block connected notification for height 4665588
2025/09/16 11:15:34 ELECTRUM: Block notification sent successfully for height 4665588
2025/09/16 11:15:35 ELECTRUM: GetBestBlock called
2025/09/16 11:15:35 ELECTRUM: Subscribing to headers to get current height
2025/09/16 11:15:36 ELECTRUM: Got current height 4665588 from headers subscription
2025/09/16 11:15:36 ELECTRUM: Returning hash 000000000001fe166583c2a3d9deb751e5abfa59f01fd23cd57095b8d07951f0 for height 4665588 (from headers subscription)
2025/09/16 11:15:36 ELECTRUM: Checking for new blocks - current: 4665588, last known: 4665576
2025/09/16 11:15:36 ELECTRUM: New block detected! Height: 4665588 (was 4665576)
2025/09/16 11:15:36 ELECTRUM: Sending block connected notification for height 4665588
2025/09/16 11:15:36 ELECTRUM: Block notification sent successfully for height 4665588
2025/09/16 11:15:36 ELECTRUM: GetBestBlock called
2025/09/16 11:15:36 ELECTRUM: Subscribing to headers to get current height
2025/09/16 11:15:36 ELECTRUM: Got current height 4665588 from headers subscription
2025/09/16 11:15:36 ELECTRUM: Returning hash 000000000001fe166583c2a3d9deb751e5abfa59f01fd23cd57095b8d07951f0 for height 4665588 (from headers subscription)
2025/09/16 11:15:36 ELECTRUM: Checking for new blocks - current: 4665588, last known: 4665576
2025/09/16 11:15:36 ELECTRUM: New block detected! Height: 4665588 (was 4665576)
2025/09/16 11:15:36 ELECTRUM: Sending block connected notification for height 4665588
2025/09/16 11:15:36 ELECTRUM: Block notification sent successfully for height 4665588
2025-09-16 11:15:57.762 [DBG] LTND lnd.go:727: Syncing to block chain rev=4d1c86 best_block_time="2025-09-16 11:15:37 -0400 EDT" is_synced=false
2025/09/16 11:15:58 ELECTRUM: GetBestBlock called
2025/09/16 11:15:58 ELECTRUM: Subscribing to headers to get current height
2025/09/16 11:15:59 ELECTRUM: Got current height 4665600 from headers subscription
2025/09/16 11:15:59 ELECTRUM: Returning hash 000000000000299bc591b9f3f95e7572bbaa4831c2e342322c2e0574a77b3e81 for height 4665600 (from headers subscription)
2025/09/16 11:15:59 ELECTRUM: GetBlockHeader called for hash: 000000000000299bc591b9f3f95e7572bbaa4831c2e342322c2e0574a77b3e81
2025/09/16 11:15:59 ELECTRUM: GetBestBlock called
2025/09/16 11:15:59 ELECTRUM: Subscribing to headers to get current height
2025/09/16 11:15:59 ELECTRUM: Got current height 4665600 from headers subscription
2025/09/16 11:15:59 ELECTRUM: Returning hash 000000000000299bc591b9f3f95e7572bbaa4831c2e342322c2e0574a77b3e81 for height 4665600 (from headers subscription)
2025-09-16 11:15:59.570 [DBG] LTND lnd.go:727: Syncing to block chain rev=4d1c86 best_block_time="2025-09-16 11:16:00 -0400 EDT" is_synced=false
2025/09/16 11:16:00 ELECTRUM: GetBestBlock called
2025/09/16 11:16:00 ELECTRUM: Subscribing to headers to get current height
2025/09/16 11:16:00 ELECTRUM: Got current height 4665600 from headers subscription
2025/09/16 11:16:00 ELECTRUM: Returning hash 000000000000299bc591b9f3f95e7572bbaa4831c2e342322c2e0574a77b3e81 for height 4665600 (from headers subscription)
2025/09/16 11:16:00 ELECTRUM: GetBlockHeader called for hash: 000000000000299bc591b9f3f95e7572bbaa4831c2e342322c2e0574a77b3e81
2025/09/16 11:16:00 ELECTRUM: GetBestBlock called
2025/09/16 11:16:00 ELECTRUM: Subscribing to headers to get current height
2025/09/16 11:16:01 ELECTRUM: Got current height 4665600 from headers subscription
2025/09/16 11:16:01 ELECTRUM: Returning hash 000000000000299bc591b9f3f95e7572bbaa4831c2e342322c2e0574a77b3e81 for height 4665600 (from headers subscription)
2025-09-16 11:16:01.381 [DBG] LTND lnd.go:727: Syncing to block chain rev=4d1c86 best_block_time="2025-09-16 11:16:00 -0400 EDT" is_synced=false
2025/09/16 11:16:02 ELECTRUM: GetBestBlock called
2025/09/16 11:16:02 ELECTRUM: Subscribing to headers to get current height
2025/09/16 11:16:02 ELECTRUM: Got current height 4665601 from headers subscription
2025/09/16 11:16:02 ELECTRUM: Returning hash 000000000000196d893d642c3daf0caaf9694395ae585493013f1c9e983bc658 for height 4665601 (from headers subscription)
2025/09/16 11:16:02 ELECTRUM: GetBlockHeader called for hash: 000000000000196d893d642c3daf0caaf9694395ae585493013f1c9e983bc658
2025/09/16 11:16:02 ELECTRUM: GetBestBlock called
2025/09/16 11:16:02 ELECTRUM: Subscribing to headers to get current height
2025/09/16 11:16:02 ELECTRUM: Got current height 4665601 from headers subscription
2025/09/16 11:16:02 ELECTRUM: Returning hash 000000000000196d893d642c3daf0caaf9694395ae585493013f1c9e983bc658 for height 4665601 (from headers subscription)
2025-09-16 11:16:03.291 [DBG] LTND lnd.go:727: Syncing to block chain rev=4d1c86 best_block_time="2025-09-16 11:16:08 -0400 EDT" is_synced=false
2025/09/16 11:16:04 ELECTRUM: GetBestBlock called
2025/09/16 11:16:04 ELECTRUM: Subscribing to headers to get current height
2025/09/16 11:16:04 ELECTRUM: GetBestBlock called
2025/09/16 11:16:04 ELECTRUM: Subscribing to headers to get current height
2025/09/16 11:16:04 ELECTRUM: Got current height 4665601 from headers subscription
2025/09/16 11:16:04 ELECTRUM: Returning hash 000000000000196d893d642c3daf0caaf9694395ae585493013f1c9e983bc658 for height 4665601 (from headers subscription)
2025/09/16 11:16:04 ELECTRUM: GetBlockHeader called for hash: 000000000000196d893d642c3daf0caaf9694395ae585493013f1c9e983bc658
2025/09/16 11:16:04 ELECTRUM: GetBestBlock called
2025/09/16 11:16:04 ELECTRUM: Subscribing to headers to get current height
2025/09/16 11:16:04 ELECTRUM: Got current height 4665601 from headers subscription
2025/09/16 11:16:04 ELECTRUM: Returning hash 000000000000196d893d642c3daf0caaf9694395ae585493013f1c9e983bc658 for height 4665601 (from headers subscription)
2025/09/16 11:16:04 ELECTRUM: Checking for new blocks - current: 4665601, last known: 4665588
2025/09/16 11:16:04 ELECTRUM: New block detected! Height: 4665601 (was 4665588)
2025/09/16 11:16:04 ELECTRUM: Sending block connected notification for height 4665601
2025/09/16 11:16:04 ELECTRUM: Block notification sent successfully for height 4665601
2025/09/16 11:16:04 ELECTRUM: Got current height 4665601 from headers subscription
2025/09/16 11:16:04 ELECTRUM: Returning hash 000000000000196d893d642c3daf0caaf9694395ae585493013f1c9e983bc658 for height 4665601 (from headers subscription)
2025-09-16 11:16:05.040 [DBG] LTND lnd.go:727: Syncing to block chain rev=4d1c86 best_block_time="2025-09-16 11:16:08 -0400 EDT" is_synced=false
2025/09/16 11:16:05 ELECTRUM: GetBestBlock called
2025/09/16 11:16:05 ELECTRUM: Subscribing to headers to get current height
2025/09/16 11:16:05 ELECTRUM: Got current height 4665602 from headers subscription
2025/09/16 11:16:05 ELECTRUM: Returning hash 00000000000044dd7c93a3d33b6a3d473a1126df4e1d91cb37ec76d6c386e649 for height 4665602 (from headers subscription)
2025/09/16 11:16:05 ELECTRUM: Checking for new blocks - current: 4665602, last known: 4665588
2025/09/16 11:16:05 ELECTRUM: New block detected! Height: 4665602 (was 4665588)
2025/09/16 11:16:05 ELECTRUM: Sending block connected notification for height 4665602
2025/09/16 11:16:05 ELECTRUM: Block notification sent successfully for height 4665602
2025/09/16 11:16:06 ELECTRUM: GetBestBlock called
2025/09/16 11:16:06 ELECTRUM: Subscribing to headers to get current height
2025/09/16 11:16:06 ELECTRUM: GetBestBlock called
2025/09/16 11:16:06 ELECTRUM: Subscribing to headers to get current height
2025/09/16 11:16:06 ELECTRUM: Got current height 4665602 from headers subscription
2025/09/16 11:16:06 ELECTRUM: Returning hash 00000000000044dd7c93a3d33b6a3d473a1126df4e1d91cb37ec76d6c386e649 for height 4665602 (from headers subscription)
2025/09/16 11:16:06 ELECTRUM: GetBlockHeader called for hash: 00000000000044dd7c93a3d33b6a3d473a1126df4e1d91cb37ec76d6c386e649
2025/09/16 11:16:06 ELECTRUM: GetBestBlock called
2025/09/16 11:16:06 ELECTRUM: Subscribing to headers to get current height
2025/09/16 11:16:06 ELECTRUM: Got current height 4665602 from headers subscription
2025/09/16 11:16:06 ELECTRUM: Returning hash 00000000000044dd7c93a3d33b6a3d473a1126df4e1d91cb37ec76d6c386e649 for height 4665602 (from headers subscription)
2025/09/16 11:16:06 ELECTRUM: Checking for new blocks - current: 4665602, last known: 4665588
2025/09/16 11:16:06 ELECTRUM: New block detected! Height: 4665602 (was 4665588)
2025/09/16 11:16:06 ELECTRUM: Sending block connected notification for height 4665602
2025/09/16 11:16:06 ELECTRUM: Block notification sent successfully for height 4665602
2025/09/16 11:16:06 ELECTRUM: Got current height 4665602 from headers subscription
2025/09/16 11:16:06 ELECTRUM: Returning hash 00000000000044dd7c93a3d33b6a3d473a1126df4e1d91cb37ec76d6c386e649 for height 4665602 (from headers subscription)
2025-09-16 11:16:06.762 [DBG] LTND lnd.go:727: Syncing to block chain rev=4d1c86 best_block_time="2025-09-16 11:16:11 -0400 EDT" is_synced=false
2025/09/16 11:16:07 ELECTRUM: GetBestBlock called
2025/09/16 11:16:07 ELECTRUM: Subscribing to headers to get current height
2025/09/16 11:16:08 ELECTRUM: Got current height 4665602 from headers subscription
2025/09/16 11:16:08 ELECTRUM: Returning hash 00000000000044dd7c93a3d33b6a3d473a1126df4e1d91cb37ec76d6c386e649 for height 4665602 (from headers subscription)
2025/09/16 11:16:08 ELECTRUM: GetBlockHeader called for hash: 00000000000044dd7c93a3d33b6a3d473a1126df4e1d91cb37ec76d6c386e649
2025/09/16 11:16:08 ELECTRUM: GetBestBlock called
2025/09/16 11:16:08 ELECTRUM: Subscribing to headers to get current height
2025/09/16 11:16:08 ELECTRUM: Got current height 4665602 from headers subscription
2025/09/16 11:16:08 ELECTRUM: Returning hash 00000000000044dd7c93a3d33b6a3d473a1126df4e1d91cb37ec76d6c386e649 for height 4665602 (from headers subscription)
2025-09-16 11:16:08.559 [DBG] LTND lnd.go:727: Syncing to block chain rev=4d1c86 best_block_time="2025-09-16 11:16:11 -0400 EDT" is_synced=false
2025/09/16 11:16:09 ELECTRUM: GetBestBlock called
2025/09/16 11:16:09 ELECTRUM: Subscribing to headers to get current height
2025/09/16 11:16:09 ELECTRUM: Got current height 4665603 from headers subscription
2025/09/16 11:16:09 ELECTRUM: Returning hash 000000000003232bc588e9172fe9e4ba212da41bc822902eae4084a3f59018e1 for height 4665603 (from headers subscription)
2025/09/16 11:16:09 ELECTRUM: GetBlockHeader called for hash: 000000000003232bc588e9172fe9e4ba212da41bc822902eae4084a3f59018e1
2025/09/16 11:16:09 ELECTRUM: GetBestBlock called
2025/09/16 11:16:09 ELECTRUM: Subscribing to headers to get current height
2025/09/16 11:16:10 ELECTRUM: Got current height 4665604 from headers subscription
2025/09/16 11:16:10 ELECTRUM: Returning hash 000000007c30715c3a6b6de4d6e10830ea89aea5e67ce80703edf7c17e0c595a for height 4665604 (from headers subscription)
2025/09/16 11:16:34 ELECTRUM: GetBestBlock called
2025/09/16 11:16:34 ELECTRUM: Subscribing to headers to get current height
2025/09/16 11:16:34 ELECTRUM: Got current height 4665618 from headers subscription
2025/09/16 11:16:34 ELECTRUM: Returning hash 000000000617b341109cf1f1722c8862f9e7d9cee521f306088b30def5012f44 for height 4665618 (from headers subscription)
2025/09/16 11:16:34 ELECTRUM: Checking for new blocks - current: 4665618, last known: 4665601
2025/09/16 11:16:34 ELECTRUM: New block detected! Height: 4665618 (was 4665601)
2025/09/16 11:16:34 ELECTRUM: Sending block connected notification for height 4665618
2025/09/16 11:16:34 ELECTRUM: Block notification sent successfully for height 4665618
2025/09/16 11:16:35 ELECTRUM: GetBestBlock called
2025/09/16 11:16:35 ELECTRUM: Subscribing to headers to get current height
2025/09/16 11:16:35 ELECTRUM: Got current height 4665618 from headers subscription
2025/09/16 11:16:35 ELECTRUM: Returning hash 000000000617b341109cf1f1722c8862f9e7d9cee521f306088b30def5012f44 for height 4665618 (from headers subscription)
2025/09/16 11:16:35 ELECTRUM: Checking for new blocks - current: 4665618, last known: 4665602
2025/09/16 11:16:35 ELECTRUM: New block detected! Height: 4665618 (was 4665602)
2025/09/16 11:16:35 ELECTRUM: Sending block connected notification for height 4665618
2025/09/16 11:16:35 ELECTRUM: Block notification sent successfully for height 4665618
2025/09/16 11:16:36 ELECTRUM: GetBestBlock called
2025/09/16 11:16:36 ELECTRUM: Subscribing to headers to get current height
2025/09/16 11:16:36 ELECTRUM: Got current height 4665618 from headers subscription
2025/09/16 11:16:36 ELECTRUM: Returning hash 000000000617b341109cf1f1722c8862f9e7d9cee521f306088b30def5012f44 for height 4665618 (from headers subscription)
2025/09/16 11:16:36 ELECTRUM: Checking for new blocks - current: 4665618, last known: 4665602
2025/09/16 11:16:36 ELECTRUM: New block detected! Height: 4665618 (was 4665602)
2025/09/16 11:16:36 ELECTRUM: Sending block connected notification for height 4665618
2025/09/16 11:16:36 ELECTRUM: Block notification sent successfully for height 4665618
2025-09-16 11:16:38.653 [DBG] LTND lnd.go:727: Syncing to block chain rev=4d1c86 best_block_time="2025-09-16 11:16:06 -0400 EDT" is_synced=false
2025/09/16 11:16:39 ELECTRUM: GetBestBlock called
2025/09/16 11:16:39 ELECTRUM: Subscribing to headers to get current height
2025/09/16 11:16:39 ELECTRUM: Got current height 4665621 from headers subscription
2025/09/16 11:16:39 ELECTRUM: Returning hash 0000000000003046df3ed4298d3243ba8a0aa4d469331de50afb629b08ad2e4c for height 4665621 (from headers subscription)
2025/09/16 11:16:39 ELECTRUM: GetBlockHeader called for hash: 0000000000003046df3ed4298d3243ba8a0aa4d469331de50afb629b08ad2e4c
2025/09/16 11:16:39 ELECTRUM: GetBestBlock called
2025/09/16 11:16:39 ELECTRUM: Subscribing to headers to get current height
2025/09/16 11:16:40 ELECTRUM: Got current height 4665621 from headers subscription
2025/09/16 11:16:40 ELECTRUM: Returning hash 0000000000003046df3ed4298d3243ba8a0aa4d469331de50afb629b08ad2e4c for height 4665621 (from headers subscription)
2025-09-16 11:16:40.465 [DBG] LTND lnd.go:727: Syncing to block chain rev=4d1c86 best_block_time="2025-09-16 11:16:48 -0400 EDT" is_synced=false
2025/09/16 11:16:41 ELECTRUM: GetBestBlock called
2025/09/16 11:16:41 ELECTRUM: Subscribing to headers to get current height
2025/09/16 11:16:41 ELECTRUM: Got current height 4665622 from headers subscription
2025/09/16 11:16:41 ELECTRUM: Returning hash 000000000000594947fc5135c0c70bfc38b00c7bfc1ddf2f52d769645d8ac879 for height 4665622 (from headers subscription)
2025/09/16 11:16:41 ELECTRUM: GetBlockHeader called for hash: 000000000000594947fc5135c0c70bfc38b00c7bfc1ddf2f52d769645d8ac879
2025/09/16 11:16:41 ELECTRUM: GetBestBlock called
2025/09/16 11:16:41 ELECTRUM: Subscribing to headers to get current height
2025/09/16 11:16:42 ELECTRUM: Got current height 4665622 from headers subscription
2025/09/16 11:16:42 ELECTRUM: Returning hash 000000000000594947fc5135c0c70bfc38b00c7bfc1ddf2f52d769645d8ac879 for height 4665622 (from headers subscription)
2025-09-16 11:16:42.309 [DBG] LTND lnd.go:727: Syncing to block chain rev=4d1c86 best_block_time="2025-09-16 11:16:47 -0400 EDT" is_synced=false
2025/09/16 11:16:43 ELECTRUM: GetBestBlock called
2025/09/16 11:16:43 ELECTRUM: Subscribing to headers to get current height
2025/09/16 11:16:43 ELECTRUM: Got current height 4665622 from headers subscription
2025/09/16 11:16:43 ELECTRUM: Returning hash 000000000000594947fc5135c0c70bfc38b00c7bfc1ddf2f52d769645d8ac879 for height 4665622 (from headers subscription)
2025/09/16 11:16:43 ELECTRUM: GetBlockHeader called for hash: 000000000000594947fc5135c0c70bfc38b00c7bfc1ddf2f52d769645d8ac879
2025/09/16 11:16:43 ELECTRUM: GetBestBlock called
2025/09/16 11:16:43 ELECTRUM: Subscribing to headers to get current height
2025/09/16 11:16:43 ELECTRUM: Got current height 4665622 from headers subscription
2025/09/16 11:16:43 ELECTRUM: Returning hash 000000000000594947fc5135c0c70bfc38b00c7bfc1ddf2f52d769645d8ac879 for height 4665622 (from headers subscription)
2025-09-16 11:16:44.156 [DBG] LTND lnd.go:727: Syncing to block chain rev=4d1c86 best_block_time="2025-09-16 11:16:47 -0400 EDT" is_synced=false
2025/09/16 11:16:45 ELECTRUM: GetBestBlock called
2025/09/16 11:16:45 ELECTRUM: Subscribing to headers to get current height
2025/09/16 11:16:45 ELECTRUM: Got current height 4665623 from headers subscription
2025/09/16 11:16:45 ELECTRUM: Returning hash 0000000000006363a77db34c41bed3da454b1146805c2a0f2b8fd09a509cce23 for height 4665623 (from headers subscription)
2025/09/16 11:16:45 ELECTRUM: GetBlockHeader called for hash: 0000000000006363a77db34c41bed3da454b1146805c2a0f2b8fd09a509cce23
2025/09/16 11:16:45 ELECTRUM: GetBestBlock called
2025/09/16 11:16:45 ELECTRUM: Subscribing to headers to get current height
2025/09/16 11:16:45 ELECTRUM: Got current height 4665624 from headers subscription
2025/09/16 11:16:45 ELECTRUM: Returning hash 0000000000008219a6a3544555d50dd52e913172e749f2da669c10cf59e8a8cf for height 4665624 (from headers subscription)
2025/09/16 11:17:04 ELECTRUM: GetBestBlock called
2025/09/16 11:17:04 ELECTRUM: Subscribing to headers to get current height
2025/09/16 11:17:04 ELECTRUM: Got current height 4665632 from headers subscription
2025/09/16 11:17:04 ELECTRUM: Returning hash 00000000000047d3e681680604fc02bc3c566a73b32df009475d561fb52a71b3 for height 4665632 (from headers subscription)
2025/09/16 11:17:04 ELECTRUM: Checking for new blocks - current: 4665632, last known: 4665618
2025/09/16 11:17:04 ELECTRUM: New block detected! Height: 4665632 (was 4665618)
2025/09/16 11:17:04 ELECTRUM: Sending block connected notification for height 4665632
2025/09/16 11:17:04 ELECTRUM: Block notification sent successfully for height 4665632
2025/09/16 11:17:05 ELECTRUM: GetBestBlock called
2025/09/16 11:17:05 ELECTRUM: Subscribing to headers to get current height
2025/09/16 11:17:06 ELECTRUM: Got current height 4665633 from headers subscription
2025/09/16 11:17:06 ELECTRUM: Returning hash 0000000000000a3456b944c9f7323f28847e050a891a161042b3e8560ef6c41f for height 4665633 (from headers subscription)
2025/09/16 11:17:06 ELECTRUM: Checking for new blocks - current: 4665633, last known: 4665618
2025/09/16 11:17:06 ELECTRUM: New block detected! Height: 4665633 (was 4665618)
2025/09/16 11:17:06 ELECTRUM: Sending block connected notification for height 4665633
2025/09/16 11:17:06 ELECTRUM: Block notification sent successfully for height 4665633
2025/09/16 11:17:06 ELECTRUM: GetBestBlock called
2025/09/16 11:17:06 ELECTRUM: Subscribing to headers to get current height
2025/09/16 11:17:06 ELECTRUM: Got current height 4665633 from headers subscription
2025/09/16 11:17:06 ELECTRUM: Returning hash 0000000000000a3456b944c9f7323f28847e050a891a161042b3e8560ef6c41f for height 4665633 (from headers subscription)
2025/09/16 11:17:06 ELECTRUM: Checking for new blocks - current: 4665633, last known: 4665618
2025/09/16 11:17:06 ELECTRUM: New block detected! Height: 4665633 (was 4665618)
2025/09/16 11:17:06 ELECTRUM: Sending block connected notification for height 4665633
2025/09/16 11:17:06 ELECTRUM: Block notification sent successfully for height 4665633
2025-09-16 11:17:11.819 [DBG] LTND lnd.go:727: Syncing to block chain rev=4d1c86 best_block_time="2025-09-16 11:16:43 -0400 EDT" is_synced=false
2025/09/16 11:17:12 ELECTRUM: GetBestBlock called
2025/09/16 11:17:12 ELECTRUM: Subscribing to headers to get current height
2025/09/16 11:17:13 ELECTRUM: Got current height 4665637 from headers subscription
2025/09/16 11:17:13 ELECTRUM: Returning hash 0000000000003f8e7743496aade14933e3c4f799f75bc5f2e89036a13294b706 for height 4665637 (from headers subscription)
2025/09/16 11:17:13 ELECTRUM: GetBlockHeader called for hash: 0000000000003f8e7743496aade14933e3c4f799f75bc5f2e89036a13294b706
2025/09/16 11:17:13 ELECTRUM: GetBestBlock called
2025/09/16 11:17:13 ELECTRUM: Subscribing to headers to get current height
2025/09/16 11:17:13 ELECTRUM: Got current height 4665637 from headers subscription
2025/09/16 11:17:13 ELECTRUM: Returning hash 0000000000003f8e7743496aade14933e3c4f799f75bc5f2e89036a13294b706 for height 4665637 (from headers subscription)
2025-09-16 11:17:13.782 [DBG] LTND lnd.go:727: Syncing to block chain rev=4d1c86 best_block_time="2025-09-16 11:17:09 -0400 EDT" is_synced=false
2025/09/16 11:17:14 ELECTRUM: GetBestBlock called
2025/09/16 11:17:14 ELECTRUM: Subscribing to headers to get current height
2025/09/16 11:17:15 ELECTRUM: Got current height 4665639 from headers subscription
2025/09/16 11:17:15 ELECTRUM: Returning hash 00000000000159649813327cc86871670ca6b3b782153120ddd5314e1a67af54 for height 4665639 (from headers subscription)
2025/09/16 11:17:15 ELECTRUM: GetBlockHeader called for hash: 00000000000159649813327cc86871670ca6b3b782153120ddd5314e1a67af54
2025/09/16 11:17:15 ELECTRUM: GetBestBlock called
2025/09/16 11:17:15 ELECTRUM: Subscribing to headers to get current height
2025/09/16 11:17:15 ELECTRUM: Got current height 4665639 from headers subscription
2025/09/16 11:17:15 ELECTRUM: Returning hash 00000000000159649813327cc86871670ca6b3b782153120ddd5314e1a67af54 for height 4665639 (from headers subscription)
2025-09-16 11:17:15.542 [DBG] LTND lnd.go:727: Syncing to block chain rev=4d1c86 best_block_time="2025-09-16 11:17:13 -0400 EDT" is_synced=false
2025/09/16 11:17:16 ELECTRUM: GetBestBlock called
2025/09/16 11:17:16 ELECTRUM: Subscribing to headers to get current height
2025/09/16 11:17:16 ELECTRUM: Got current height 4665640 from headers subscription
2025/09/16 11:17:16 ELECTRUM: Returning hash 0000000000001d443ec01d60540d3e7e272e1d393364e0598e6bf0c17f48fd58 for height 4665640 (from headers subscription)
2025/09/16 11:17:16 ELECTRUM: GetBlockHeader called for hash: 0000000000001d443ec01d60540d3e7e272e1d393364e0598e6bf0c17f48fd58
2025/09/16 11:17:16 ELECTRUM: GetBestBlock called
2025/09/16 11:17:16 ELECTRUM: Subscribing to headers to get current height
2025/09/16 11:17:17 ELECTRUM: Got current height 4665640 from headers subscription
2025/09/16 11:17:17 ELECTRUM: Returning hash 0000000000001d443ec01d60540d3e7e272e1d393364e0598e6bf0c17f48fd58 for height 4665640 (from headers subscription)
2025-09-16 11:17:17.321 [DBG] LTND lnd.go:727: Syncing to block chain rev=4d1c86 best_block_time="2025-09-16 11:17:14 -0400 EDT" is_synced=false
2025/09/16 11:17:18 ELECTRUM: GetBestBlock called
2025/09/16 11:17:18 ELECTRUM: Subscribing to headers to get current height
2025/09/16 11:17:18 ELECTRUM: Got current height 4665642 from headers subscription
2025/09/16 11:17:18 ELECTRUM: Returning hash 00000000000308b1ca1309486383a3907184424a36ad6e8562834c120e7456c6 for height 4665642 (from headers subscription)
2025/09/16 11:17:18 ELECTRUM: GetBlockHeader called for hash: 00000000000308b1ca1309486383a3907184424a36ad6e8562834c120e7456c6
2025/09/16 11:17:18 ELECTRUM: GetBestBlock called
2025/09/16 11:17:18 ELECTRUM: Subscribing to headers to get current height
2025/09/16 11:17:18 ELECTRUM: Got current height 4665642 from headers subscription
2025/09/16 11:17:18 ELECTRUM: Returning hash 00000000000308b1ca1309486383a3907184424a36ad6e8562834c120e7456c6 for height 4665642 (from headers subscription)
2025-09-16 11:17:19.081 [DBG] LTND lnd.go:727: Syncing to block chain rev=4d1c86 best_block_time="2025-09-16 11:17:16 -0400 EDT" is_synced=false
2025/09/16 11:17:20 ELECTRUM: GetBestBlock called
2025/09/16 11:17:20 ELECTRUM: Subscribing to headers to get current height
2025/09/16 11:17:20 ELECTRUM: Got current height 4665643 from headers subscription
2025/09/16 11:17:20 ELECTRUM: Returning hash 0000000000006cf0a31ba98ede3435b53b25b32541e8250e106e60d2c4b2d235 for height 4665643 (from headers subscription)
2025/09/16 11:17:20 ELECTRUM: GetBlockHeader called for hash: 0000000000006cf0a31ba98ede3435b53b25b32541e8250e106e60d2c4b2d235
2025/09/16 11:17:20 ELECTRUM: GetBestBlock called
2025/09/16 11:17:20 ELECTRUM: Subscribing to headers to get current height
2025/09/16 11:17:20 ELECTRUM: Got current height 4665643 from headers subscription
2025/09/16 11:17:20 ELECTRUM: Returning hash 0000000000006cf0a31ba98ede3435b53b25b32541e8250e106e60d2c4b2d235 for height 4665643 (from headers subscription)
2025-09-16 11:17:21.038 [DBG] LTND lnd.go:727: Syncing to block chain rev=4d1c86 best_block_time="2025-09-16 11:17:19 -0400 EDT" is_synced=false
2025/09/16 11:17:22 ELECTRUM: GetBestBlock called
2025/09/16 11:17:22 ELECTRUM: Subscribing to headers to get current height
2025/09/16 11:17:22 ELECTRUM: Got current height 4665645 from headers subscription
2025/09/16 11:17:22 ELECTRUM: Returning hash 0000000000001240f3d38cfa8091c19a2b5ac6face5908013b459a9963bafb8b for height 4665645 (from headers subscription)
2025/09/16 11:17:22 ELECTRUM: GetBlockHeader called for hash: 0000000000001240f3d38cfa8091c19a2b5ac6face5908013b459a9963bafb8b
2025/09/16 11:17:22 ELECTRUM: GetBestBlock called
2025/09/16 11:17:22 ELECTRUM: Subscribing to headers to get current height
2025/09/16 11:17:22 ELECTRUM: Got current height 4665645 from headers subscription
2025/09/16 11:17:22 ELECTRUM: Returning hash 0000000000001240f3d38cfa8091c19a2b5ac6face5908013b459a9963bafb8b for height 4665645 (from headers subscription)
2025-09-16 11:17:22.754 [DBG] LTND lnd.go:727: Syncing to block chain rev=4d1c86 best_block_time="2025-09-16 11:17:20 -0400 EDT" is_synced=false
2025/09/16 11:17:23 ELECTRUM: GetBestBlock called
2025/09/16 11:17:23 ELECTRUM: Subscribing to headers to get current height
2025/09/16 11:17:24 ELECTRUM: Got current height 4665646 from headers subscription
2025/09/16 11:17:24 ELECTRUM: Returning hash 000000000000040560f25129ce64a0072571238019c6d8a2b428fac275284522 for height 4665646 (from headers subscription)
2025/09/16 11:17:24 ELECTRUM: GetBlockHeader called for hash: 000000000000040560f25129ce64a0072571238019c6d8a2b428fac275284522
2025/09/16 11:17:24 ELECTRUM: GetBestBlock called
2025/09/16 11:17:24 ELECTRUM: Subscribing to headers to get current height
2025/09/16 11:17:24 ELECTRUM: Got current height 4665646 from headers subscription
2025/09/16 11:17:24 ELECTRUM: Returning hash 000000000000040560f25129ce64a0072571238019c6d8a2b428fac275284522 for height 4665646 (from headers subscription)
2025-09-16 11:17:24.490 [DBG] LTND lnd.go:727: Syncing to block chain rev=4d1c86 best_block_time="2025-09-16 11:17:33 -0400 EDT" is_synced=false
2025/09/16 11:17:25 ELECTRUM: GetBestBlock called
2025/09/16 11:17:25 ELECTRUM: Subscribing to headers to get current height
2025/09/16 11:17:25 ELECTRUM: Got current height 4665647 from headers subscription
2025/09/16 11:17:25 ELECTRUM: Returning hash 0000000000002877fa469a2ca5ec439814a097f5b3b3ea3331bcae9beea43b5e for height 4665647 (from headers subscription)
2025/09/16 11:17:25 ELECTRUM: GetBlockHeader called for hash: 0000000000002877fa469a2ca5ec439814a097f5b3b3ea3331bcae9beea43b5e
2025/09/16 11:17:25 ELECTRUM: GetBestBlock called
2025/09/16 11:17:25 ELECTRUM: Subscribing to headers to get current height
2025/09/16 11:17:25 ELECTRUM: Got current height 4665647 from headers subscription
2025/09/16 11:17:25 ELECTRUM: Returning hash 0000000000002877fa469a2ca5ec439814a097f5b3b3ea3331bcae9beea43b5e for height 4665647 (from headers subscription)
2025-09-16 11:17:26.224 [DBG] LTND lnd.go:727: Syncing to block chain rev=4d1c86 best_block_time="2025-09-16 11:17:31 -0400 EDT" is_synced=false
2025/09/16 11:17:27 ELECTRUM: GetBestBlock called
2025/09/16 11:17:27 ELECTRUM: Subscribing to headers to get current height
2025/09/16 11:17:27 ELECTRUM: Got current height 4665648 from headers subscription
2025/09/16 11:17:27 ELECTRUM: Returning hash 00000000000188968352531800d4a0df34c503d261fc309f8a1cc236ba9af732 for height 4665648 (from headers subscription)
2025/09/16 11:17:27 ELECTRUM: GetBlockHeader called for hash: 00000000000188968352531800d4a0df34c503d261fc309f8a1cc236ba9af732
2025/09/16 11:17:27 ELECTRUM: GetBestBlock called
2025/09/16 11:17:27 ELECTRUM: Subscribing to headers to get current height
2025/09/16 11:17:27 ELECTRUM: Got current height 4665649 from headers subscription
2025/09/16 11:17:27 ELECTRUM: Returning hash 00000000000050edf23ce6886517a8794f14315e9954ffbb8d90b7201f8253f8 for height 4665649 (from headers subscription)
2025/09/16 11:17:34 ELECTRUM: GetBestBlock called
2025/09/16 11:17:34 ELECTRUM: Subscribing to headers to get current height
2025/09/16 11:17:34 ELECTRUM: Got current height 4665651 from headers subscription
2025/09/16 11:17:34 ELECTRUM: Returning hash 000000000000369f761a95c4c04a5ce3cb9d958b8592f9456bb8734df27a5393 for height 4665651 (from headers subscription)
2025/09/16 11:17:34 ELECTRUM: Checking for new blocks - current: 4665651, last known: 4665632
2025/09/16 11:17:34 ELECTRUM: New block detected! Height: 4665651 (was 4665632)
2025/09/16 11:17:34 ELECTRUM: Sending block connected notification for height 4665651
2025/09/16 11:17:34 ELECTRUM: Block notification sent successfully for height 4665651
2025/09/16 11:17:35 ELECTRUM: GetBestBlock called
2025/09/16 11:17:35 ELECTRUM: Subscribing to headers to get current height
2025/09/16 11:17:36 ELECTRUM: Got current height 4665651 from headers subscription
2025/09/16 11:17:36 ELECTRUM: Returning hash 000000000000369f761a95c4c04a5ce3cb9d958b8592f9456bb8734df27a5393 for height 4665651 (from headers subscription)
2025/09/16 11:17:36 ELECTRUM: Checking for new blocks - current: 4665651, last known: 4665633
2025/09/16 11:17:36 ELECTRUM: New block detected! Height: 4665651 (was 4665633)
2025/09/16 11:17:36 ELECTRUM: Sending block connected notification for height 4665651
2025/09/16 11:17:36 ELECTRUM: Block notification sent successfully for height 4665651
2025/09/16 11:17:36 ELECTRUM: GetBestBlock called
2025/09/16 11:17:36 ELECTRUM: Subscribing to headers to get current height
2025/09/16 11:17:36 ELECTRUM: Got current height 4665651 from headers subscription
2025/09/16 11:17:36 ELECTRUM: Returning hash 000000000000369f761a95c4c04a5ce3cb9d958b8592f9456bb8734df27a5393 for height 4665651 (from headers subscription)
2025/09/16 11:17:36 ELECTRUM: Checking for new blocks - current: 4665651, last known: 4665633
2025/09/16 11:17:36 ELECTRUM: New block detected! Height: 4665651 (was 4665633)
2025/09/16 11:17:36 ELECTRUM: Sending block connected notification for height 4665651
2025/09/16 11:17:36 ELECTRUM: Block notification sent successfully for height 4665651
2025-09-16 11:17:54.150 [DBG] LTND lnd.go:727: Syncing to block chain rev=4d1c86 best_block_time="2025-09-16 11:17:24 -0400 EDT" is_synced=false
2025/09/16 11:17:55 ELECTRUM: GetBestBlock called
2025/09/16 11:17:55 ELECTRUM: Subscribing to headers to get current height
2025/09/16 11:17:55 ELECTRUM: Got current height 4665659 from headers subscription
2025/09/16 11:17:55 ELECTRUM: Returning hash 0000000000029597fb85a6d55d5a5f37dbda9e99f824529011c45bcb8dc1a0c0 for height 4665659 (from headers subscription)
2025/09/16 11:17:55 ELECTRUM: GetBlockHeader called for hash: 0000000000029597fb85a6d55d5a5f37dbda9e99f824529011c45bcb8dc1a0c0
2025/09/16 11:17:55 ELECTRUM: GetBestBlock called
2025/09/16 11:17:55 ELECTRUM: Subscribing to headers to get current height
2025/09/16 11:17:55 ELECTRUM: Got current height 4665659 from headers subscription
2025/09/16 11:17:55 ELECTRUM: Returning hash 0000000000029597fb85a6d55d5a5f37dbda9e99f824529011c45bcb8dc1a0c0 for height 4665659 (from headers subscription)
2025-09-16 11:17:55.889 [DBG] LTND lnd.go:727: Syncing to block chain rev=4d1c86 best_block_time="2025-09-16 11:17:50 -0400 EDT" is_synced=false
2025/09/16 11:17:56 ELECTRUM: GetBestBlock called
2025/09/16 11:17:56 ELECTRUM: Subscribing to headers to get current height
2025/09/16 11:17:57 ELECTRUM: Got current height 4665659 from headers subscription
2025/09/16 11:17:57 ELECTRUM: Returning hash 0000000000029597fb85a6d55d5a5f37dbda9e99f824529011c45bcb8dc1a0c0 for height 4665659 (from headers subscription)
2025/09/16 11:17:57 ELECTRUM: GetBlockHeader called for hash: 0000000000029597fb85a6d55d5a5f37dbda9e99f824529011c45bcb8dc1a0c0
2025/09/16 11:17:57 ELECTRUM: GetBestBlock called
2025/09/16 11:17:57 ELECTRUM: Subscribing to headers to get current height
2025/09/16 11:17:57 ELECTRUM: Got current height 4665659 from headers subscription
2025/09/16 11:17:57 ELECTRUM: Returning hash 0000000000029597fb85a6d55d5a5f37dbda9e99f824529011c45bcb8dc1a0c0 for height 4665659 (from headers subscription)
2025-09-16 11:17:57.701 [DBG] LTND lnd.go:727: Syncing to block chain rev=4d1c86 best_block_time="2025-09-16 11:17:50 -0400 EDT" is_synced=false
2025/09/16 11:17:58 ELECTRUM: GetBestBlock called
2025/09/16 11:17:58 ELECTRUM: Subscribing to headers to get current height
2025/09/16 11:17:58 ELECTRUM: Got current height 4665660 from headers subscription
2025/09/16 11:17:58 ELECTRUM: Returning hash 00000000000049a556ad7bab53f506e794f4dcea466f87027912f97498c6e6f2 for height 4665660 (from headers subscription)
2025/09/16 11:17:58 ELECTRUM: GetBlockHeader called for hash: 00000000000049a556ad7bab53f506e794f4dcea466f87027912f97498c6e6f2
2025/09/16 11:17:58 ELECTRUM: GetBestBlock called
2025/09/16 11:17:58 ELECTRUM: Subscribing to headers to get current height
2025/09/16 11:17:59 ELECTRUM: Got current height 4665660 from headers subscription
2025/09/16 11:17:59 ELECTRUM: Returning hash 00000000000049a556ad7bab53f506e794f4dcea466f87027912f97498c6e6f2 for height 4665660 (from headers subscription)
2025-09-16 11:17:59.441 [DBG] LTND lnd.go:727: Syncing to block chain rev=4d1c86 best_block_time="2025-09-16 11:17:57 -0400 EDT" is_synced=false
2025/09/16 11:18:00 ELECTRUM: GetBestBlock called
2025/09/16 11:18:00 ELECTRUM: Subscribing to headers to get current height
2025/09/16 11:18:00 ELECTRUM: Got current height 4665660 from headers subscription
2025/09/16 11:18:00 ELECTRUM: Returning hash 00000000000049a556ad7bab53f506e794f4dcea466f87027912f97498c6e6f2 for height 4665660 (from headers subscription)
2025/09/16 11:18:00 ELECTRUM: GetBlockHeader called for hash: 00000000000049a556ad7bab53f506e794f4dcea466f87027912f97498c6e6f2
2025/09/16 11:18:00 ELECTRUM: GetBestBlock called
2025/09/16 11:18:00 ELECTRUM: Subscribing to headers to get current height
2025/09/16 11:18:01 ELECTRUM: Got current height 4665660 from headers subscription
2025/09/16 11:18:01 ELECTRUM: Returning hash 00000000000049a556ad7bab53f506e794f4dcea466f87027912f97498c6e6f2 for height 4665660 (from headers subscription)
2025-09-16 11:18:01.318 [DBG] LTND lnd.go:727: Syncing to block chain rev=4d1c86 best_block_time="2025-09-16 11:17:57 -0400 EDT" is_synced=false
2025/09/16 11:18:02 ELECTRUM: GetBestBlock called
2025/09/16 11:18:02 ELECTRUM: Subscribing to headers to get current height
2025/09/16 11:18:02 ELECTRUM: Got current height 4665661 from headers subscription
2025/09/16 11:18:02 ELECTRUM: Returning hash 00000000000028b26665fde568e794c74d449c3a40b0be5e3339181a33af72b1 for height 4665661 (from headers subscription)
2025/09/16 11:18:02 ELECTRUM: GetBlockHeader called for hash: 00000000000028b26665fde568e794c74d449c3a40b0be5e3339181a33af72b1
2025/09/16 11:18:02 ELECTRUM: GetBestBlock called
2025/09/16 11:18:02 ELECTRUM: Subscribing to headers to get current height
2025/09/16 11:18:02 ELECTRUM: Got current height 4665662 from headers subscription
2025/09/16 11:18:02 ELECTRUM: Returning hash 00000000000011b8d548a25d59e0cf0e8f433c23e855af450dfa35950c20a2fc for height 4665662 (from headers subscription)
2025/09/16 11:18:04 ELECTRUM: GetBestBlock called
2025/09/16 11:18:04 ELECTRUM: Subscribing to headers to get current height
2025/09/16 11:18:04 ELECTRUM: Got current height 4665663 from headers subscription
2025/09/16 11:18:04 ELECTRUM: Returning hash 0000000000000c64056a2ce4718d8c186904541ffc6d1dbc1e07a7a7c0b59246 for height 4665663 (from headers subscription)
2025/09/16 11:18:04 ELECTRUM: Checking for new blocks - current: 4665663, last known: 4665651
2025/09/16 11:18:04 ELECTRUM: New block detected! Height: 4665663 (was 4665651)
2025/09/16 11:18:04 ELECTRUM: Sending block connected notification for height 4665663
2025/09/16 11:18:04 ELECTRUM: Block notification sent successfully for height 4665663
2025/09/16 11:18:05 ELECTRUM: GetBestBlock called
2025/09/16 11:18:05 ELECTRUM: Subscribing to headers to get current height
2025/09/16 11:18:06 ELECTRUM: Got current height 4665663 from headers subscription
2025/09/16 11:18:06 ELECTRUM: Returning hash 0000000000000c64056a2ce4718d8c186904541ffc6d1dbc1e07a7a7c0b59246 for height 4665663 (from headers subscription)
2025/09/16 11:18:06 ELECTRUM: Checking for new blocks - current: 4665663, last known: 4665651
2025/09/16 11:18:06 ELECTRUM: New block detected! Height: 4665663 (was 4665651)
2025/09/16 11:18:06 ELECTRUM: Sending block connected notification for height 4665663
2025/09/16 11:18:06 ELECTRUM: Block notification sent successfully for height 4665663
2025/09/16 11:18:06 ELECTRUM: GetBestBlock called
2025/09/16 11:18:06 ELECTRUM: Subscribing to headers to get current height
2025/09/16 11:18:06 ELECTRUM: Got current height 4665663 from headers subscription
2025/09/16 11:18:06 ELECTRUM: Returning hash 0000000000000c64056a2ce4718d8c186904541ffc6d1dbc1e07a7a7c0b59246 for height 4665663 (from headers subscription)
2025/09/16 11:18:06 ELECTRUM: Checking for new blocks - current: 4665663, last known: 4665651
2025/09/16 11:18:06 ELECTRUM: New block detected! Height: 4665663 (was 4665651)
2025/09/16 11:18:06 ELECTRUM: Sending block connected notification for height 4665663
2025/09/16 11:18:06 ELECTRUM: Block notification sent successfully for height 4665663
2025-09-16 11:18:29.598 [DBG] LTND lnd.go:727: Syncing to block chain rev=4d1c86 best_block_time="2025-09-16 11:18:09 -0400 EDT" is_synced=false
2025/09/16 11:18:30 ELECTRUM: GetBestBlock called
2025/09/16 11:18:30 ELECTRUM: Subscribing to headers to get current height
2025/09/16 11:18:30 ELECTRUM: Got current height 4665672 from headers subscription
2025/09/16 11:18:30 ELECTRUM: Returning hash 000000000003d03e20098d2a596dd3949c6ba92135afe9b33854ea9cc8eb2213 for height 4665672 (from headers subscription)
2025/09/16 11:18:30 ELECTRUM: GetBlockHeader called for hash: 000000000003d03e20098d2a596dd3949c6ba92135afe9b33854ea9cc8eb2213
2025/09/16 11:18:30 ELECTRUM: GetBestBlock called
2025/09/16 11:18:30 ELECTRUM: Subscribing to headers to get current height
2025/09/16 11:18:31 ELECTRUM: Got current height 4665672 from headers subscription
2025/09/16 11:18:31 ELECTRUM: Returning hash 000000000003d03e20098d2a596dd3949c6ba92135afe9b33854ea9cc8eb2213 for height 4665672 (from headers subscription)
2025-09-16 11:18:31.314 [DBG] LTND lnd.go:727: Syncing to block chain rev=4d1c86 best_block_time="2025-09-16 11:18:21 -0400 EDT" is_synced=false
2025/09/16 11:18:32 ELECTRUM: GetBestBlock called
2025/09/16 11:18:32 ELECTRUM: Subscribing to headers to get current height
2025/09/16 11:18:32 ELECTRUM: Got current height 4665673 from headers subscription
2025/09/16 11:18:32 ELECTRUM: Returning hash 0000000000001cd661ae4b40c9cb6ab288f3be7944febc4df13c6af7a2d7277e for height 4665673 (from headers subscription)
2025/09/16 11:18:32 ELECTRUM: GetBlockHeader called for hash: 0000000000001cd661ae4b40c9cb6ab288f3be7944febc4df13c6af7a2d7277e
2025/09/16 11:18:32 ELECTRUM: GetBestBlock called
2025/09/16 11:18:32 ELECTRUM: Subscribing to headers to get current height
2025/09/16 11:18:32 ELECTRUM: Got current height 4665673 from headers subscription
2025/09/16 11:18:32 ELECTRUM: Returning hash 0000000000001cd661ae4b40c9cb6ab288f3be7944febc4df13c6af7a2d7277e for height 4665673 (from headers subscription)
2025-09-16 11:18:33.031 [DBG] LTND lnd.go:727: Syncing to block chain rev=4d1c86 best_block_time="2025-09-16 11:18:28 -0400 EDT" is_synced=false
2025/09/16 11:18:34 ELECTRUM: GetBestBlock called
2025/09/16 11:18:34 ELECTRUM: Subscribing to headers to get current height
2025/09/16 11:18:34 ELECTRUM: Got current height 4665674 from headers subscription
2025/09/16 11:18:34 ELECTRUM: Returning hash 00000000000008847ec4aad17727f0e7becee232d4cb93c555180bf615d73c4b for height 4665674 (from headers subscription)
2025/09/16 11:18:34 ELECTRUM: GetBlockHeader called for hash: 00000000000008847ec4aad17727f0e7becee232d4cb93c555180bf615d73c4b
2025/09/16 11:18:34 ELECTRUM: GetBestBlock called
2025/09/16 11:18:34 ELECTRUM: Subscribing to headers to get current height
2025/09/16 11:18:34 ELECTRUM: GetBestBlock called
2025/09/16 11:18:34 ELECTRUM: Subscribing to headers to get current height
2025/09/16 11:18:34 ELECTRUM: Got current height 4665674 from headers subscription
2025/09/16 11:18:34 ELECTRUM: Returning hash 00000000000008847ec4aad17727f0e7becee232d4cb93c555180bf615d73c4b for height 4665674 (from headers subscription)
2025/09/16 11:18:34 ELECTRUM: Got current height 4665674 from headers subscription
2025/09/16 11:18:34 ELECTRUM: Returning hash 00000000000008847ec4aad17727f0e7becee232d4cb93c555180bf615d73c4b for height 4665674 (from headers subscription)
2025/09/16 11:18:34 ELECTRUM: Checking for new blocks - current: 4665674, last known: 4665663
2025/09/16 11:18:34 ELECTRUM: New block detected! Height: 4665674 (was 4665663)
2025/09/16 11:18:34 ELECTRUM: Sending block connected notification for height 4665674
2025/09/16 11:18:34 ELECTRUM: Block notification sent successfully for height 4665674
2025-09-16 11:18:34.751 [DBG] LTND lnd.go:727: Syncing to block chain rev=4d1c86 best_block_time="2025-09-16 11:18:37 -0400 EDT" is_synced=false
2025/09/16 11:18:35 ELECTRUM: GetBestBlock called
2025/09/16 11:18:35 ELECTRUM: Subscribing to headers to get current height
2025/09/16 11:18:35 ELECTRUM: GetBestBlock called
2025/09/16 11:18:35 ELECTRUM: Subscribing to headers to get current height
2025/09/16 11:18:36 ELECTRUM: Got current height 4665675 from headers subscription
2025/09/16 11:18:36 ELECTRUM: Returning hash 000000000000de148f4afea4de4b63ee2e541803d9b0783a23bb87e2ff92fe28 for height 4665675 (from headers subscription)
2025/09/16 11:18:36 ELECTRUM: GetBlockHeader called for hash: 000000000000de148f4afea4de4b63ee2e541803d9b0783a23bb87e2ff92fe28
2025/09/16 11:18:36 ELECTRUM: GetBestBlock called
2025/09/16 11:18:36 ELECTRUM: Subscribing to headers to get current height
2025/09/16 11:18:36 ELECTRUM: Got current height 4665675 from headers subscription
2025/09/16 11:18:36 ELECTRUM: Returning hash 000000000000de148f4afea4de4b63ee2e541803d9b0783a23bb87e2ff92fe28 for height 4665675 (from headers subscription)
2025/09/16 11:18:36 ELECTRUM: Checking for new blocks - current: 4665675, last known: 4665663
2025/09/16 11:18:36 ELECTRUM: New block detected! Height: 4665675 (was 4665663)
2025/09/16 11:18:36 ELECTRUM: Sending block connected notification for height 4665675
2025/09/16 11:18:36 ELECTRUM: Block notification sent successfully for height 4665675
2025/09/16 11:18:36 ELECTRUM: GetBestBlock called
2025/09/16 11:18:36 ELECTRUM: Subscribing to headers to get current height
2025/09/16 11:18:36 ELECTRUM: Got current height 4665675 from headers subscription
2025/09/16 11:18:36 ELECTRUM: Returning hash 000000000000de148f4afea4de4b63ee2e541803d9b0783a23bb87e2ff92fe28 for height 4665675 (from headers subscription)
2025/09/16 11:18:36 ELECTRUM: Got current height 4665675 from headers subscription
2025/09/16 11:18:36 ELECTRUM: Returning hash 000000000000de148f4afea4de4b63ee2e541803d9b0783a23bb87e2ff92fe28 for height 4665675 (from headers subscription)
2025/09/16 11:18:36 ELECTRUM: Checking for new blocks - current: 4665675, last known: 4665663
2025/09/16 11:18:36 ELECTRUM: New block detected! Height: 4665675 (was 4665663)
2025/09/16 11:18:36 ELECTRUM: Sending block connected notification for height 4665675
2025/09/16 11:18:36 ELECTRUM: Block notification sent successfully for height 4665675
2025-09-16 11:18:36.481 [DBG] LTND lnd.go:727: Syncing to block chain rev=4d1c86 best_block_time="2025-09-16 11:18:33 -0400 EDT" is_synced=false
2025/09/16 11:18:37 ELECTRUM: GetBestBlock called
2025/09/16 11:18:37 ELECTRUM: Subscribing to headers to get current height
2025/09/16 11:18:37 ELECTRUM: Got current height 4665675 from headers subscription
2025/09/16 11:18:37 ELECTRUM: Returning hash 000000000000de148f4afea4de4b63ee2e541803d9b0783a23bb87e2ff92fe28 for height 4665675 (from headers subscription)
2025/09/16 11:18:37 ELECTRUM: GetBlockHeader called for hash: 000000000000de148f4afea4de4b63ee2e541803d9b0783a23bb87e2ff92fe28
2025/09/16 11:18:37 ELECTRUM: GetBestBlock called
2025/09/16 11:18:37 ELECTRUM: Subscribing to headers to get current height
2025/09/16 11:18:37 ELECTRUM: Got current height 4665676 from headers subscription
2025/09/16 11:18:37 ELECTRUM: Returning hash 00000000000002436cfc82535fd209026f9b423edd4ac77576a901b503ad0ad1 for height 4665676 (from headers subscription)
2025-09-16 11:19:04.401 [DBG] LTND lnd.go:727: Syncing to block chain rev=4d1c86 best_block_time="2025-09-16 11:18:33 -0400 EDT" is_synced=false
2025/09/16 11:19:04 ELECTRUM: GetBestBlock called
2025/09/16 11:19:04 ELECTRUM: Subscribing to headers to get current height
2025/09/16 11:19:04 ELECTRUM: Got current height 4665689 from headers subscription
2025/09/16 11:19:04 ELECTRUM: Returning hash 000000000000b5a8aaf7ad29e90c1f644e550e547d4a45989e41d9822060b6c5 for height 4665689 (from headers subscription)
2025/09/16 11:19:04 ELECTRUM: Checking for new blocks - current: 4665689, last known: 4665674
2025/09/16 11:19:04 ELECTRUM: New block detected! Height: 4665689 (was 4665674)
2025/09/16 11:19:04 ELECTRUM: Sending block connected notification for height 4665689
2025/09/16 11:19:04 ELECTRUM: Block notification sent successfully for height 4665689
2025/09/16 11:19:05 ELECTRUM: GetBestBlock called
2025/09/16 11:19:05 ELECTRUM: Subscribing to headers to get current height
2025/09/16 11:19:05 ELECTRUM: Got current height 4665689 from headers subscription
2025/09/16 11:19:05 ELECTRUM: Returning hash 000000000000b5a8aaf7ad29e90c1f644e550e547d4a45989e41d9822060b6c5 for height 4665689 (from headers subscription)
2025/09/16 11:19:05 ELECTRUM: GetBlockHeader called for hash: 000000000000b5a8aaf7ad29e90c1f644e550e547d4a45989e41d9822060b6c5
2025/09/16 11:19:05 ELECTRUM: GetBestBlock called
2025/09/16 11:19:05 ELECTRUM: Subscribing to headers to get current height
2025/09/16 11:19:05 ELECTRUM: GetBestBlock called
2025/09/16 11:19:05 ELECTRUM: Subscribing to headers to get current height
2025/09/16 11:19:05 ELECTRUM: Got current height 4665689 from headers subscription
2025/09/16 11:19:05 ELECTRUM: Returning hash 000000000000b5a8aaf7ad29e90c1f644e550e547d4a45989e41d9822060b6c5 for height 4665689 (from headers subscription)
2025/09/16 11:19:06 ELECTRUM: Got current height 4665689 from headers subscription
2025/09/16 11:19:06 ELECTRUM: Returning hash 000000000000b5a8aaf7ad29e90c1f644e550e547d4a45989e41d9822060b6c5 for height 4665689 (from headers subscription)
2025/09/16 11:19:06 ELECTRUM: Checking for new blocks - current: 4665689, last known: 4665675
2025/09/16 11:19:06 ELECTRUM: New block detected! Height: 4665689 (was 4665675)
2025/09/16 11:19:06 ELECTRUM: Sending block connected notification for height 4665689
2025/09/16 11:19:06 ELECTRUM: Block notification sent successfully for height 4665689
2025/09/16 11:19:06 ELECTRUM: GetBestBlock called
2025/09/16 11:19:06 ELECTRUM: Subscribing to headers to get current height
2025-09-16 11:19:06.117 [DBG] LTND lnd.go:727: Syncing to block chain rev=4d1c86 best_block_time="2025-09-16 11:19:02 -0400 EDT" is_synced=false
2025/09/16 11:19:06 ELECTRUM: Got current height 4665689 from headers subscription
2025/09/16 11:19:06 ELECTRUM: Returning hash 000000000000b5a8aaf7ad29e90c1f644e550e547d4a45989e41d9822060b6c5 for height 4665689 (from headers subscription)
2025/09/16 11:19:06 ELECTRUM: Checking for new blocks - current: 4665689, last known: 4665675
2025/09/16 11:19:06 ELECTRUM: New block detected! Height: 4665689 (was 4665675)
2025/09/16 11:19:06 ELECTRUM: Sending block connected notification for height 4665689
2025/09/16 11:19:06 ELECTRUM: Block notification sent successfully for height 4665689
2025/09/16 11:19:07 ELECTRUM: GetBestBlock called
2025/09/16 11:19:07 ELECTRUM: Subscribing to headers to get current height
2025/09/16 11:19:07 ELECTRUM: Got current height 4665689 from headers subscription
2025/09/16 11:19:07 ELECTRUM: Returning hash 000000000000b5a8aaf7ad29e90c1f644e550e547d4a45989e41d9822060b6c5 for height 4665689 (from headers subscription)
2025/09/16 11:19:07 ELECTRUM: GetBlockHeader called for hash: 000000000000b5a8aaf7ad29e90c1f644e550e547d4a45989e41d9822060b6c5
2025/09/16 11:19:07 ELECTRUM: GetBestBlock called
2025/09/16 11:19:07 ELECTRUM: Subscribing to headers to get current height
2025/09/16 11:19:07 ELECTRUM: Got current height 4665689 from headers subscription
2025/09/16 11:19:07 ELECTRUM: Returning hash 000000000000b5a8aaf7ad29e90c1f644e550e547d4a45989e41d9822060b6c5 for height 4665689 (from headers subscription)
2025-09-16 11:19:07.830 [DBG] LTND lnd.go:727: Syncing to block chain rev=4d1c86 best_block_time="2025-09-16 11:19:02 -0400 EDT" is_synced=false
2025-09-16 11:19:08.406 [INF] LTND signal.go:177: Received terminated
2025-09-16 11:19:08.406 [INF] LTND signal.go:166: Shutting down...
2025-09-16 11:19:08.406 [INF] LTND signal.go:185: Gracefully shutting down.
2025-09-16 11:19:08.406 [INF] RPCS rpcserver.go:1026: Stopping RPC Server
2025-09-16 11:19:08.406 [INF] RPCS rpcserver.go:1034: Stopping DevRPC Sub-RPC Server
2025-09-16 11:19:08.406 [INF] RPCS rpcserver.go:1034: Stopping InvoicesRPC Sub-RPC Server
2025-09-16 11:19:08.406 [INF] RPCS rpcserver.go:1034: Stopping RouterRPC Sub-RPC Server
2025-09-16 11:19:08.406 [INF] RPCS rpcserver.go:1034: Stopping SignRPC Sub-RPC Server
2025-09-16 11:19:08.406 [INF] RPCS rpcserver.go:1034: Stopping ChainRPC Sub-RPC Server
2025-09-16 11:19:08.406 [INF] RPCS rpcserver.go:1034: Stopping PeersRPC Sub-RPC Server
2025-09-16 11:19:08.406 [INF] RPCS rpcserver.go:1034: Stopping VersionRPC Sub-RPC Server
2025-09-16 11:19:08.406 [INF] RPCS rpcserver.go:1034: Stopping WalletKitRPC Sub-RPC Server
2025-09-16 11:19:08.406 [INF] RPCS rpcserver.go:1034: Stopping WatchtowerClientRPC Sub-RPC Server
2025/09/16 11:19:08 ELECTRUM: Block notification loop shutting down
2025/09/16 11:19:08 ELECTRUM: Block notification loop shutting down
2025/09/16 11:19:08 ELECTRUM: Block notification loop shutting down
2025-09-16 11:19:08.407 [INF] LTND lnd.go:152: Shutdown complete
