2025-09-16 14:05:02.548 [INF] LTND lnd.go:186: Version Info rev=08ae35 version=0.19.99-beta commit=sqldb/v1.0.10-646-g08ae35193-dirty debuglevel=development logging=debug
2025-09-16 14:05:02.548 [INF] LTND lnd.go:213: Network Info rev=08ae35 active_chain=Bitcoin network=testnet
2025-09-16 14:05:02.549 [DBG] SGNR signer_server.go:216: Signer RPC server successfully registered with root gRPC server
2025-09-16 14:05:02.549 [DBG] VRPC server.go:66: Versioner RPC server successfully registered with root gRPC server
2025-09-16 14:05:02.549 [DBG] WLKT walletkit_server.go:344: WalletKit RPC server successfully registered with root gRPC server
2025-09-16 14:05:02.549 [DBG] DRPC dev_server.go:137: DEV RPC server successfully registered with root the gRPC server
2025-09-16 14:05:02.549 [DBG] IRPC invoices_server.go:190: Invoices RPC server successfully registered with root gRPC server
2025-09-16 14:05:02.549 [DBG] PRPC peers_server.go:119: Peers RPC server successfully registered with root gRPC server
2025-09-16 14:05:02.550 [DBG] NTFR chain_server.go:210: ChainNotifier RPC server successfully registered with root gRPC server
2025-09-16 14:05:02.550 [DBG] NTFR chain_server.go:214: ChainKit RPC server successfully registered with root gRPC server
2025-09-16 14:05:02.550 [DBG] RRPC router_server.go:301: Router RPC server successfully registered with root gRPC server
2025-09-16 14:05:02.550 [INF] RPCS lnd.go:925: RPC server listening on 127.0.0.1:10009
2025-09-16 14:05:02.551 [DBG] SGNR signer_server.go:239: Signer REST server successfully registered with root REST server
2025-09-16 14:05:02.551 [DBG] VRPC server.go:89: Versioner REST server successfully registered with root REST server
2025-09-16 14:05:02.551 [DBG] WLKT walletkit_server.go:367: WalletKit REST server successfully registered with root REST server
2025-09-16 14:05:02.552 [DBG] DRPC dev_server.go:160: DEV REST server successfully registered with the root REST server
2025-09-16 14:05:02.552 [DBG] IRPC invoices_server.go:213: Invoices REST server successfully registered with root REST server
2025-09-16 14:05:02.552 [DBG] PRPC peers_server.go:142: Peers REST server successfully registered with root REST server
2025-09-16 14:05:02.553 [DBG] NTFR chain_server.go:237: ChainNotifier REST server successfully registered with root REST server
2025-09-16 14:05:02.553 [DBG] NTFR chain_server.go:248: ChainKit REST server successfully registered with root REST server
2025-09-16 14:05:02.555 [DBG] RRPC router_server.go:324: Router REST server successfully registered with root REST server
2025-09-16 14:05:02.555 [INF] RPCS lnd.go:1046: gRPC proxy started at 127.0.0.1:8080
2025-09-16 14:05:02.555 [INF] LTND config_builder.go:1009: Opening the main database, this might take a few minutes...
2025-09-16 14:05:02.555 [INF] LTND config_builder.go:1014: Opening bbolt database, sync_freelist=false, auto_compact=false
2025-09-16 14:05:02.555 [INF] LTND config_builder.go:1057: Creating local graph and channel state DB instances
2025-09-16 14:05:02.570 [INF] CHDB db.go:1687: Checking for schema update: latest_version=33, db_version=33
2025-09-16 14:05:02.570 [INF] CHDB db.go:1781: Applying 2 optional migrations
2025-09-16 14:05:02.570 [INF] CHDB db.go:1785: Checking for optional update: name=prune_revocation_log
2025-09-16 14:05:02.570 [DBG] CHDB db.go:1789: Skipping optional migration: name=prune_revocation_log as it is not specified in the config
2025-09-16 14:05:02.570 [INF] CHDB db.go:1785: Checking for optional update: name=gc_decayed_log
2025-09-16 14:05:02.570 [DBG] CHDB db.go:1799: Skipping optional migration: name=gc_decayed_log as it has already been applied
2025-09-16 14:05:02.582 [INF] LTND config_builder.go:1289: Database(s) now open (time_to_open=27.346166ms)!
2025-09-16 14:05:02.583 [INF] LTND signal.go:45: We're not running within systemd or the service type is not 'notify'
2025-09-16 14:05:02.583 [INF] LTND config_builder.go:1302: Waiting for wallet encryption password. Use `lncli create` to create a wallet, `lncli unlock` to unlock an existing wallet, or `lncli changepassword` to change the password of an existing wallet and unlock it.
2025-09-16 14:05:12.023 [DBG] RPCS interceptor.go:775: [/lnrpc.WalletUnlocker/UnlockWallet] requested
2025-09-16 14:05:13.032 [INF] BTWL wallet.go:4340: Opened wallet
2025-09-16 14:05:13.032 [INF] BTWL history.go:28: Dropping btcwallet transaction history
2025-09-16 14:05:13.032 [WRN] BTWL history.go:67: Wallet does not have a birthday block set, falling back to rescan from genesis
2025-09-16 14:05:14.046 [INF] BTWL wallet.go:4340: Opened wallet
2025-09-16 14:05:14.046 [WRN] LTND config_builder.go:1432: Dropped all transaction history from on-chain wallet. Remember to disable reset-wallet-transactions flag for next start of lnd
2025-09-16 14:05:14.147 [INF] CHRE chainregistry.go:694: Initializing electrum backend
2025-09-16 14:05:14.148 [INF] CHRE chainregistry.go:695: ElectrumMode config: &{ServerAddr:testnet.aranguren.org:51002 UseTLS:true ValidateServerCertificate:false ConnectTimeout:30s RequestTimeout:30s PersistTxHistory:false}
2025-09-16 14:05:14.148 [INF] CHRE chainregistry.go:699: ElectrumMode server: testnet.aranguren.org:51002
2025/09/16 14:05:14 ELECTRUM: Config - ServerAddr: testnet.aranguren.org:51002, UseTLS: true, ValidateServerCertificate: false
2025/09/16 14:05:14 ELECTRUM: Creating TLS client for server: testnet.aranguren.org:51002
2025/09/16 14:05:14 ELECTRUM: Successfully created TLS client
2025/09/16 14:05:14 ELECTRUM: Initializing best block during startup
2025/09/16 14:05:14 ELECTRUM: GetBestBlock called
2025/09/16 14:05:14 ELECTRUM: Subscribing to headers to get current height
2025/09/16 14:05:14 ELECTRUM: Got current height 4670091 from headers subscription
2025/09/16 14:05:14 ELECTRUM: Returning hash 0000000000002fe3d51a10f8a4b09e364e1f04c790f9ab668eee8eb337ddc5fa for height 4670091 (from headers subscription)
2025/09/16 14:05:14 ELECTRUM: Successfully initialized best block
2025/09/16 14:05:14 ELECTRUM: Starting continuous block notification loop
2025-09-16 14:05:14.889 [INF] LTND lnd.go:496: About to call BuildChainControl
2025/09/16 14:05:14 ELECTRUM: Starting script hash notification loop
2025-09-16 14:05:14.889 [INF] LTND config_builder.go:769: BuildChainControl called - starting wallet controller creation
2025-09-16 14:05:14.889 [INF] LTND config_builder.go:772: About to call btcwallet.New
2025-09-16 14:05:14.889 [INF] LTND config_builder.go:776: btcwallet.New completed
2025-09-16 14:05:14.889 [INF] LTND config_builder.go:789: Setting WalletController type: *btcwallet.BtcWallet
2025-09-16 14:05:15.875 [INF] BTWL wallet.go:1430: The wallet has been unlocked without a time limit
2025/09/16 14:05:15 ELECTRUM: Initializing best block during startup
2025/09/16 14:05:15 ELECTRUM: GetBestBlock called
2025/09/16 14:05:15 ELECTRUM: Subscribing to headers to get current height
2025/09/16 14:05:16 ELECTRUM: Got current height 4670091 from headers subscription
2025/09/16 14:05:16 ELECTRUM: Returning hash 0000000000002fe3d51a10f8a4b09e364e1f04c790f9ab668eee8eb337ddc5fa for height 4670091 (from headers subscription)
2025/09/16 14:05:16 ELECTRUM: Successfully initialized best block
2025/09/16 14:05:16 ELECTRUM: Starting continuous block notification loop
2025-09-16 14:05:16.119 [INF] BTWL btcwallet.go:410: BTCWALLET: Setting up Electrum address notifications during wallet initialization
2025/09/16 14:05:16 ELECTRUM: Starting script hash notification loop
2025-09-16 14:05:16.119 [INF] BTWL btcwallet.go:474: BTCWALLET: Setting up Electrum transaction callback
2025-09-16 14:05:16.119 [INF] BTWL btcwallet.go:481: BTCWALLET: Found SetTransactionCallback method, setting up callback
2025-09-16 14:05:16.119 [INF] BTWL btcwallet.go:501: BTCWALLET: Successfully set up Electrum transaction callback
2025-09-16 14:05:16.119 [INF] CHRE chainregistry.go:845: LightningWallet opened
2025-09-16 14:05:16.119 [INF] BTWL btcwallet.go:448: BTCWALLET: Setting up Electrum address notifications
2025-09-16 14:05:16.119 [INF] LTND lnd.go:500: BuildChainControl completed
2025-09-16 14:05:16.119 [INF] BTWL btcwallet.go:736: BTCWALLET: Getting all wallet addresses dynamically
2025/09/16 14:05:16 ELECTRUM: Sending current best block to client 1 - Hash: 0000000000002fe3d51a10f8a4b09e364e1f04c790f9ab668eee8eb337ddc5fa, Height: 4670091, BlockHeader: true
2025/09/16 14:05:16 ELECTRUM: Successfully sent block epoch to client 1
2025-09-16 14:05:16.120 [INF] BTCN broadcaster.go:131: Broadcaster now active
2025/09/16 14:05:16 ELECTRUM: Initializing best block during startup
2025/09/16 14:05:16 ELECTRUM: GetBestBlock called
2025/09/16 14:05:16 ELECTRUM: Subscribing to headers to get current height
2025-09-16 14:05:16.237 [INF] BTWL btcwallet.go:778: BTCWALLET: Found 58 total addresses to check dynamically
2025-09-16 14:05:16.237 [INF] BTWL btcwallet.go:457: BTCWALLET: Found 58 existing addresses to set up notifications for
2025-09-16 14:05:16.237 [INF] BTWL btcwallet.go:564: BTCWALLET: Setting up notification for address: tb1q35l5pfwv0wj2x0w6dvfr6rdv43mrdavey28800
2025-09-16 14:05:16.237 [INF] BTWL btcwallet.go:577: BTCWALLET: Calling chain.NotifyReceived for address: tb1q35l5pfwv0wj2x0w6dvfr6rdv43mrdavey28800
ELECTRUM: NotifyReceived called with 1 addresses
2025/09/16 14:05:16 ELECTRUM: Got current height 4670092 from headers subscription
2025/09/16 14:05:16 ELECTRUM: Returning hash 000000000000117898b62bc1e861eb8a9f4e638dd14906a271a28b78f8fd26a6 for height 4670092 (from headers subscription)
2025/09/16 14:05:16 ELECTRUM: Successfully initialized best block
2025/09/16 14:05:16 ELECTRUM: GetBestBlock called
2025/09/16 14:05:16 ELECTRUM: Starting script hash notification loop
2025/09/16 14:05:16 ELECTRUM: Subscribing to headers to get current height
2025/09/16 14:05:16 ELECTRUM: Starting continuous block notification loop
ELECTRUM: Starting fetchAddressHistory for address: tb1q35l5pfwv0wj2x0w6dvfr6rdv43mrdavey28800
2025-09-16 14:05:16.471 [INF] BTWL btcwallet.go:587: BTCWALLET: chain.NotifyReceived completed successfully for address: tb1q35l5pfwv0wj2x0w6dvfr6rdv43mrdavey28800
ELECTRUM: Fetching transaction history for address: tb1q35l5pfwv0wj2x0w6dvfr6rdv43mrdavey28800
ELECTRUM: Calling GetHistory for address: tb1q35l5pfwv0wj2x0w6dvfr6rdv43mrdavey28800, scriptHash: 5402d6c137487f5e00d46c16a85ec56d25ab29f8636995d4bf586bc08bbce31e
2025-09-16 14:05:16.471 [INF] BTWL btcwallet.go:589: BTCWALLET: Successfully set up notification for address: tb1q35l5pfwv0wj2x0w6dvfr6rdv43mrdavey28800
2025-09-16 14:05:16.471 [INF] BTWL btcwallet.go:564: BTCWALLET: Setting up notification for address: tb1q3wmfzpnluglv5auudgl2zzsne33auzpmr3vguv
2025-09-16 14:05:16.471 [INF] BTWL btcwallet.go:577: BTCWALLET: Calling chain.NotifyReceived for address: tb1q3wmfzpnluglv5auudgl2zzsne33auzpmr3vguv
ELECTRUM: NotifyReceived called with 1 addresses
2025/09/16 14:05:16 ELECTRUM: Got current height 4670092 from headers subscription
2025/09/16 14:05:16 ELECTRUM: Returning hash 000000000000117898b62bc1e861eb8a9f4e638dd14906a271a28b78f8fd26a6 for height 4670092 (from headers subscription)
2025-09-16 14:05:16.616 [INF] HSWC circuit_map.go:280: Cleaning circuits from disk for closed channels
2025-09-16 14:05:16.616 [DBG] HSWC circuit_map.go:324: Found 0 closed channels
2025-09-16 14:05:16.616 [INF] HSWC circuit_map.go:328: Finished cleaning: no closed channels found, no actions taken.
2025-09-16 14:05:16.616 [INF] HSWC circuit_map.go:497: Restoring in-memory circuit state from disk
2025-09-16 14:05:16.628 [INF] HSWC circuit_map.go:602: Payment circuits loaded: num_pending=0, num_open=0
2025-09-16 14:05:16.642 [DBG] CRTR missioncontrol.go:307: Instantiating mission control with config: maximum history: 1000, minimum failure relax interval: 1m0s, estimator type: apriori, penalty halflife time: 1h0m0s, apriori hop probability: 0.6, apriori weight: 0.5, previous success probability: 0.95, capacity fraction: 0.9999
2025-09-16 14:05:16.652 [INF] CRTR missioncontrol_store.go:107: Loaded 0 mission control entries
2025-09-16 14:05:16.652 [DBG] CRTR missioncontrol.go:455: [default]: Mission control state reconstruction started
2025-09-16 14:05:16.652 [DBG] CRTR missioncontrol.go:471: [default]: Mission control state reconstruction finished: n=0, time=19.458µs
2025-09-16 14:05:16.652 [DBG] SRVR server.go:1111: Instantiating payment session source with config: AttemptCost=100 + 0.1%, MinRouteProbability=0.01
2025-09-16 14:05:16.663 [INF] ACSM accessman.go:79: Access Manager initialized
2025-09-16 14:05:16.674 [INF] LTND channel_notifier.go:39: Channel backup proxy channel notifier starting
2025-09-16 14:05:16.675 [INF] CHIO dispatcher.go:92: Registered queue=1 with 3 blockbeat consumers
2025-09-16 14:05:16.675 [DBG] CHIO dispatcher.go:96: Consumer [ChainArbitrator] registered in queue 1
2025-09-16 14:05:16.675 [DBG] CHIO dispatcher.go:96: Consumer [UtxoSweeper] registered in queue 1
2025-09-16 14:05:16.675 [DBG] CHIO dispatcher.go:96: Consumer [TxPublisher] registered in queue 1
2025-09-16 14:05:16.675 [INF] ATPL pilot.go:143: Instantiating autopilot with active=false, max_channels=5, allocation=0.600000, min_chan_size=20000, max_chan_size=16777215, private=false, min_confs=1, conf_target=3
2025-09-16 14:05:16.675 [DBG] LTND subrpcserver_config.go:145: Populating dependencies for sub RPC server: SignRPC
2025-09-16 14:05:16.676 [DBG] LTND subrpcserver_config.go:145: Populating dependencies for sub RPC server: WalletKitRPC
2025-09-16 14:05:16.676 [DBG] LTND subrpcserver_config.go:145: Populating dependencies for sub RPC server: AutopilotRPC
2025-09-16 14:05:16.676 [DBG] LTND subrpcserver_config.go:145: Populating dependencies for sub RPC server: ChainRPC
2025-09-16 14:05:16.676 [DBG] LTND subrpcserver_config.go:145: Populating dependencies for sub RPC server: InvoicesRPC
2025-09-16 14:05:16.676 [DBG] LTND subrpcserver_config.go:145: Populating dependencies for sub RPC server: PeersRPC
2025-09-16 14:05:16.676 [DBG] LTND subrpcserver_config.go:145: Populating dependencies for sub RPC server: NeutrinoKitRPC
2025-09-16 14:05:16.676 [DBG] LTND subrpcserver_config.go:145: Populating dependencies for sub RPC server: RouterRPC
2025-09-16 14:05:16.676 [DBG] LTND subrpcserver_config.go:145: Populating dependencies for sub RPC server: WatchtowerRPC
2025-09-16 14:05:16.676 [DBG] LTND subrpcserver_config.go:145: Populating dependencies for sub RPC server: WatchtowerClientRPC
2025-09-16 14:05:16.676 [DBG] LTND subrpcserver_config.go:145: Populating dependencies for sub RPC server: DevRPC
2025-09-16 14:05:16.676 [DBG] RPCS rpcserver.go:963: Starting sub RPC server: SignRPC
2025-09-16 14:05:16.676 [DBG] RPCS rpcserver.go:963: Starting sub RPC server: VersionRPC
2025-09-16 14:05:16.676 [DBG] RPCS rpcserver.go:963: Starting sub RPC server: WalletKitRPC
2025-09-16 14:05:16.676 [DBG] RPCS rpcserver.go:963: Starting sub RPC server: WatchtowerClientRPC
2025-09-16 14:05:16.676 [DBG] RPCS rpcserver.go:963: Starting sub RPC server: DevRPC
2025-09-16 14:05:16.676 [DBG] RPCS rpcserver.go:963: Starting sub RPC server: InvoicesRPC
2025-09-16 14:05:16.676 [DBG] RPCS rpcserver.go:963: Starting sub RPC server: PeersRPC
2025-09-16 14:05:16.676 [DBG] RPCS rpcserver.go:963: Starting sub RPC server: ChainRPC
2025-09-16 14:05:16.676 [DBG] RPCS rpcserver.go:963: Starting sub RPC server: RouterRPC
2025-09-16 14:05:16.676 [INF] LTND signal.go:45: We're not running within systemd or the service type is not 'notify'
2025/09/16 14:05:16 ELECTRUM: GetBestBlock called
2025/09/16 14:05:16 ELECTRUM: Subscribing to headers to get current height
ELECTRUM: Starting fetchAddressHistory for address: tb1q3wmfzpnluglv5auudgl2zzsne33auzpmr3vguv
2025-09-16 14:05:16.707 [INF] BTWL btcwallet.go:587: BTCWALLET: chain.NotifyReceived completed successfully for address: tb1q3wmfzpnluglv5auudgl2zzsne33auzpmr3vguv
ELECTRUM: Fetching transaction history for address: tb1q3wmfzpnluglv5auudgl2zzsne33auzpmr3vguv
ELECTRUM: Calling GetHistory for address: tb1q3wmfzpnluglv5auudgl2zzsne33auzpmr3vguv, scriptHash: b66131e80f4d50ca98ca6c1a4944746699c609136ce4aa4b4f162dd9de3dfe6d
2025-09-16 14:05:16.707 [INF] BTWL btcwallet.go:589: BTCWALLET: Successfully set up notification for address: tb1q3wmfzpnluglv5auudgl2zzsne33auzpmr3vguv
2025-09-16 14:05:16.707 [INF] BTWL btcwallet.go:564: BTCWALLET: Setting up notification for address: tb1qnf9a6cdf8c93ca97767cvted4y9a8lrjr9rctd
2025-09-16 14:05:16.707 [INF] BTWL btcwallet.go:577: BTCWALLET: Calling chain.NotifyReceived for address: tb1qnf9a6cdf8c93ca97767cvted4y9a8lrjr9rctd
ELECTRUM: NotifyReceived called with 1 addresses
2025/09/16 14:05:16 ELECTRUM: Got current height 4670092 from headers subscription
2025/09/16 14:05:16 ELECTRUM: Returning hash 000000000000117898b62bc1e861eb8a9f4e638dd14906a271a28b78f8fd26a6 for height 4670092 (from headers subscription)
2025-09-16 14:05:16.910 [INF] LTND lnd.go:696: Waiting for chain backend to finish sync rev=08ae35 start_height=4670092
2025/09/16 14:05:16 ELECTRUM: GetBestBlock called
2025/09/16 14:05:16 ELECTRUM: Subscribing to headers to get current height
ELECTRUM: Starting fetchAddressHistory for address: tb1qnf9a6cdf8c93ca97767cvted4y9a8lrjr9rctd
ELECTRUM: Fetching transaction history for address: tb1qnf9a6cdf8c93ca97767cvted4y9a8lrjr9rctd
ELECTRUM: Calling GetHistory for address: tb1qnf9a6cdf8c93ca97767cvted4y9a8lrjr9rctd, scriptHash: 6fc32843e990f987cd411ceb807c95b202cec6c3971e9cb4e6caa2b607feb8f5
2025-09-16 14:05:16.940 [INF] BTWL btcwallet.go:587: BTCWALLET: chain.NotifyReceived completed successfully for address: tb1qnf9a6cdf8c93ca97767cvted4y9a8lrjr9rctd
2025-09-16 14:05:16.940 [INF] BTWL btcwallet.go:589: BTCWALLET: Successfully set up notification for address: tb1qnf9a6cdf8c93ca97767cvted4y9a8lrjr9rctd
2025-09-16 14:05:16.940 [INF] BTWL btcwallet.go:564: BTCWALLET: Setting up notification for address: tb1qudd8v6rz3m294gdmmmys29xugkl2f6qzgk3str
2025-09-16 14:05:16.940 [INF] BTWL btcwallet.go:577: BTCWALLET: Calling chain.NotifyReceived for address: tb1qudd8v6rz3m294gdmmmys29xugkl2f6qzgk3str
ELECTRUM: NotifyReceived called with 1 addresses
2025/09/16 14:05:17 ELECTRUM: Got current height 4670092 from headers subscription
2025/09/16 14:05:17 ELECTRUM: Returning hash 000000000000117898b62bc1e861eb8a9f4e638dd14906a271a28b78f8fd26a6 for height 4670092 (from headers subscription)
2025/09/16 14:05:17 ELECTRUM: GetBlockHeader called for hash: 000000000000117898b62bc1e861eb8a9f4e638dd14906a271a28b78f8fd26a6
2025/09/16 14:05:17 ELECTRUM: GetBestBlock called
2025/09/16 14:05:17 ELECTRUM: Subscribing to headers to get current height
ELECTRUM: Starting fetchAddressHistory for address: tb1qudd8v6rz3m294gdmmmys29xugkl2f6qzgk3str
2025-09-16 14:05:17.172 [INF] BTWL btcwallet.go:587: BTCWALLET: chain.NotifyReceived completed successfully for address: tb1qudd8v6rz3m294gdmmmys29xugkl2f6qzgk3str
ELECTRUM: Fetching transaction history for address: tb1qudd8v6rz3m294gdmmmys29xugkl2f6qzgk3str
ELECTRUM: Calling GetHistory for address: tb1qudd8v6rz3m294gdmmmys29xugkl2f6qzgk3str, scriptHash: 28292b8697bd25f1db778ae58cac1627a8e4b8e7a4a5a427ff50d42bafd07e52
2025-09-16 14:05:17.172 [INF] BTWL btcwallet.go:589: BTCWALLET: Successfully set up notification for address: tb1qudd8v6rz3m294gdmmmys29xugkl2f6qzgk3str
2025-09-16 14:05:17.172 [INF] BTWL btcwallet.go:564: BTCWALLET: Setting up notification for address: tb1qzja2zr3jt2tn5j4emss49745hwdxagaqvru8d4
2025-09-16 14:05:17.172 [INF] BTWL btcwallet.go:577: BTCWALLET: Calling chain.NotifyReceived for address: tb1qzja2zr3jt2tn5j4emss49745hwdxagaqvru8d4
ELECTRUM: NotifyReceived called with 1 addresses
2025/09/16 14:05:17 ELECTRUM: Got current height 4670092 from headers subscription
2025/09/16 14:05:17 ELECTRUM: Returning hash 000000000000117898b62bc1e861eb8a9f4e638dd14906a271a28b78f8fd26a6 for height 4670092 (from headers subscription)
ELECTRUM: Starting fetchAddressHistory for address: tb1qzja2zr3jt2tn5j4emss49745hwdxagaqvru8d4
2025-09-16 14:05:17.405 [INF] BTWL btcwallet.go:587: BTCWALLET: chain.NotifyReceived completed successfully for address: tb1qzja2zr3jt2tn5j4emss49745hwdxagaqvru8d4
ELECTRUM: Fetching transaction history for address: tb1qzja2zr3jt2tn5j4emss49745hwdxagaqvru8d4
2025-09-16 14:05:17.405 [INF] BTWL btcwallet.go:589: BTCWALLET: Successfully set up notification for address: tb1qzja2zr3jt2tn5j4emss49745hwdxagaqvru8d4
2025-09-16 14:05:17.405 [INF] BTWL btcwallet.go:564: BTCWALLET: Setting up notification for address: tb1q25xq62ad6s9pymemadk7sf08alk3k6q7l4m5pj
2025-09-16 14:05:17.405 [INF] BTWL btcwallet.go:577: BTCWALLET: Calling chain.NotifyReceived for address: tb1q25xq62ad6s9pymemadk7sf08alk3k6q7l4m5pj
ELECTRUM: NotifyReceived called with 1 addresses
ELECTRUM: Calling GetHistory for address: tb1qzja2zr3jt2tn5j4emss49745hwdxagaqvru8d4, scriptHash: 6bf1890b216a5372d5a81a5ca9791137d77c1853dd628b5d3aa34d8ec00604a5
2025-09-16 14:05:17.610 [DBG] LTND lnd.go:727: Syncing to block chain rev=08ae35 best_block_time="2025-09-16 14:05:13 -0400 EDT" is_synced=false
ELECTRUM: Starting fetchAddressHistory for address: tb1q25xq62ad6s9pymemadk7sf08alk3k6q7l4m5pj
ELECTRUM: Processing transaction 0 for address tb1qzja2zr3jt2tn5j4emss49745hwdxagaqvru8d4
ELECTRUM: Calling buildTransactionDetail for entry 0
2025-09-16 14:05:17.641 [INF] BTWL btcwallet.go:587: BTCWALLET: chain.NotifyReceived completed successfully for address: tb1q25xq62ad6s9pymemadk7sf08alk3k6q7l4m5pj
ELECTRUM: buildTransactionDetail called with entry type: *electrum.GetMempoolResult
ELECTRUM: Fetching transaction history for address: tb1q25xq62ad6s9pymemadk7sf08alk3k6q7l4m5pj
ELECTRUM: Calling GetHistory for address: tb1q25xq62ad6s9pymemadk7sf08alk3k6q7l4m5pj, scriptHash: c4c6d9d832fdbfd4a966340001ce4a928adc558ad3cff548e1a78f0962aa141a
2025-09-16 14:05:17.641 [INF] BTWL btcwallet.go:589: BTCWALLET: Successfully set up notification for address: tb1q25xq62ad6s9pymemadk7sf08alk3k6q7l4m5pj
ELECTRUM: buildTransactionDetail: Transaction 25cd595c95040e2b75b6a0e6b20ee96db31aeb75c6b8e7c44c720f9bd1527963 has height: 4660785
ELECTRUM: buildTransactionDetail: About to call GetTransaction for 25cd595c95040e2b75b6a0e6b20ee96db31aeb75c6b8e7c44c720f9bd1527963
ELECTRUM: buildTransactionDetail: Getting transaction details for 25cd595c95040e2b75b6a0e6b20ee96db31aeb75c6b8e7c44c720f9bd1527963
2025-09-16 14:05:17.641 [INF] BTWL btcwallet.go:564: BTCWALLET: Setting up notification for address: tb1qu4ug4mres4yx49ts998805u2ale66jeah6dvxq
2025-09-16 14:05:17.642 [INF] BTWL btcwallet.go:577: BTCWALLET: Calling chain.NotifyReceived for address: tb1qu4ug4mres4yx49ts998805u2ale66jeah6dvxq
ELECTRUM: NotifyReceived called with 1 addresses
ELECTRUM: Starting fetchAddressHistory for address: tb1qu4ug4mres4yx49ts998805u2ale66jeah6dvxq
2025-09-16 14:05:17.873 [INF] BTWL btcwallet.go:587: BTCWALLET: chain.NotifyReceived completed successfully for address: tb1qu4ug4mres4yx49ts998805u2ale66jeah6dvxq
ELECTRUM: Fetching transaction history for address: tb1qu4ug4mres4yx49ts998805u2ale66jeah6dvxq
ELECTRUM: Calling GetHistory for address: tb1qu4ug4mres4yx49ts998805u2ale66jeah6dvxq, scriptHash: ca676392dcbc659e23aa827453de1938add752fb16394cdd5252328fe3faa89e
2025-09-16 14:05:17.873 [INF] BTWL btcwallet.go:589: BTCWALLET: Successfully set up notification for address: tb1qu4ug4mres4yx49ts998805u2ale66jeah6dvxq
2025-09-16 14:05:17.873 [INF] BTWL btcwallet.go:564: BTCWALLET: Setting up notification for address: tb1qs6nvlnyhs604adlsulc3p0c4fa0g80uutdukx9
2025-09-16 14:05:17.873 [INF] BTWL btcwallet.go:577: BTCWALLET: Calling chain.NotifyReceived for address: tb1qs6nvlnyhs604adlsulc3p0c4fa0g80uutdukx9
ELECTRUM: NotifyReceived called with 1 addresses
ELECTRUM: buildTransactionDetail: Successfully got transaction 25cd595c95040e2b75b6a0e6b20ee96db31aeb75c6b8e7c44c720f9bd1527963
ELECTRUM: buildTransactionDetail: GetTransaction succeeded for 25cd595c95040e2b75b6a0e6b20ee96db31aeb75c6b8e7c44c720f9bd1527963, processing result
ELECTRUM: buildTransactionDetail: Processing transaction result for 25cd595c95040e2b75b6a0e6b20ee96db31aeb75c6b8e7c44c720f9bd1527963
ELECTRUM: buildTransactionDetail: Transaction result is not nil for 25cd595c95040e2b75b6a0e6b20ee96db31aeb75c6b8e7c44c720f9bd1527963
ELECTRUM: buildTransactionDetail: Attempting to get actual value for transaction 25cd595c95040e2b75b6a0e6b20ee96db31aeb75c6b8e7c44c720f9bd1527963
2025/09/16 14:05:17 ELECTRUM: GetBestBlock called
2025/09/16 14:05:17 ELECTRUM: Subscribing to headers to get current height
ELECTRUM: Starting fetchAddressHistory for address: tb1qs6nvlnyhs604adlsulc3p0c4fa0g80uutdukx9
2025-09-16 14:05:18.104 [INF] BTWL btcwallet.go:587: BTCWALLET: chain.NotifyReceived completed successfully for address: tb1qs6nvlnyhs604adlsulc3p0c4fa0g80uutdukx9
ELECTRUM: Fetching transaction history for address: tb1qs6nvlnyhs604adlsulc3p0c4fa0g80uutdukx9
ELECTRUM: Calling GetHistory for address: tb1qs6nvlnyhs604adlsulc3p0c4fa0g80uutdukx9, scriptHash: 86be3f5bd32e85596af35440487dae22a79e6fb2679998d38f51fc323189b022
2025-09-16 14:05:18.104 [INF] BTWL btcwallet.go:589: BTCWALLET: Successfully set up notification for address: tb1qs6nvlnyhs604adlsulc3p0c4fa0g80uutdukx9
2025-09-16 14:05:18.104 [INF] BTWL btcwallet.go:564: BTCWALLET: Setting up notification for address: tb1q8chvehh7ptzcfylzsgysk08cm3ppt8fvleeggz
2025-09-16 14:05:18.104 [INF] BTWL btcwallet.go:577: BTCWALLET: Calling chain.NotifyReceived for address: tb1q8chvehh7ptzcfylzsgysk08cm3ppt8fvleeggz
ELECTRUM: NotifyReceived called with 1 addresses
ELECTRUM: getTransactionValue: Transaction result type: *electrum.GetTransactionResult, fields: 12
ELECTRUM: getTransactionValue: Field 0: Blockhash = 00000000000000673a2cc7418fcfc9ace5b5884689f671dbb7eeab05b8090e88 (type: string)
ELECTRUM: getTransactionValue: Field 1: Blocktime = 1757981635 (type: uint64)
ELECTRUM: getTransactionValue: Field 2: Confirmations = 9308 (type: int32)
ELECTRUM: getTransactionValue: Field 3: Hash = d8a7630f7dd4ed9c3bc6884807f1c0692b556e3ccb83a37f24f9797fa4c8361f (type: string)
ELECTRUM: getTransactionValue: Field 4: Hex = 010000000001014b917f7478f1ba4c5bb0758c619d0a48850c3ac7fb7d97717d5b7ef22284c2530000000000ffffffff02de2100000000000016001414baa10e325a973a4ab9dc2152fab4bb9a6ea3a0f375a3000000000022512005090923a2d5a8f95f8f50c0e191462e7692094a9307747b0c5580ea43073ea30140202840e6f21166743530d5fbd6eb0a8e2d19ed7be743cc3cc62b24a813ca14627cbb02faf49a90e1c525213516d03bfe986377a51e858356c48dad5efbcdf95a00000000 (type: string)
ELECTRUM: getTransactionValue: Field 5: Locktime = 0 (type: uint32)
ELECTRUM: getTransactionValue: Field 6: Size = 193 (type: uint32)
ELECTRUM: getTransactionValue: Field 7: Time = 1757981635 (type: uint64)
ELECTRUM: getTransactionValue: Field 8: Version = 1 (type: uint32)
ELECTRUM: getTransactionValue: Field 9: Vin = [{ 0x14000516f00 4294967295 53c28422f27e5b7d71977dfbc73a0c85480a9d618c75b05b4cbaf178747f914b 0}] (type: []electrum.Vin)
ELECTRUM: getTransactionValue: Field 10: Vout = [{0 {[] 0 14baa10e325a973a4ab9dc2152fab4bb9a6ea3a0 001414baa10e325a973a4ab9dc2152fab4bb9a6ea3a0 0 witness_v0_keyhash} 8.67e-05} {1 {[] 1 05090923a2d5a8f95f8f50c0e191462e7692094a9307747b0c5580ea43073ea3 512005090923a2d5a8f95f8f50c0e191462e7692094a9307747b0c5580ea43073ea3 0 witness_v1_taproot} 0.10712563}] (type: []electrum.Vout)
ELECTRUM: getTransactionValue: Field 11: Merkle = {[] 0 0} (type: electrum.GetMerkleProofResult)
ELECTRUM: getTransactionValue: Processing 2 Vout entries for transaction 25cd595c95040e2b75b6a0e6b20ee96db31aeb75c6b8e7c44c720f9bd1527963
ELECTRUM: getTransactionValue: Processing Vout entry 0 for transaction 25cd595c95040e2b75b6a0e6b20ee96db31aeb75c6b8e7c44c720f9bd1527963
ELECTRUM: getTransactionValue: Vout[0] Field 0: N = 0 (type: uint32)
ELECTRUM: getTransactionValue: Vout[0] Field 1: ScriptPubkey = {[] 0 14baa10e325a973a4ab9dc2152fab4bb9a6ea3a0 001414baa10e325a973a4ab9dc2152fab4bb9a6ea3a0 0 witness_v0_keyhash} (type: electrum.ScriptPubkey)
ELECTRUM: getTransactionValue: Vout[0] Field 2: Value = 8.67e-05 (type: float64)
ELECTRUM: getTransactionValue: Vout[0] has value 0.000087 BTC (8670 satoshis)
ELECTRUM: getTransactionValue: Vout[0] ScriptPubkey type: electrum.ScriptPubkey
ELECTRUM: getTransactionValue: Vout[0] ScriptPubkey has 5 fields
ELECTRUM: getTransactionValue: Vout[0] ScriptPubkey Field 0: Addresses = [] (type: []string)
ELECTRUM: getTransactionValue: Vout[0] ScriptPubkey Field 1: Asm = 0 14baa10e325a973a4ab9dc2152fab4bb9a6ea3a0 (type: string)
ELECTRUM: getTransactionValue: Vout[0] ScriptPubkey Field 2: Hex = 001414baa10e325a973a4ab9dc2152fab4bb9a6ea3a0 (type: string)
ELECTRUM: getTransactionValue: Vout[0] ScriptPubkey Field 3: ReqSigs = 0 (type: uint32)
ELECTRUM: getTransactionValue: Vout[0] ScriptPubkey Field 4: Type = witness_v0_keyhash (type: string)
ELECTRUM: getTransactionValue: Vout[0] extracted script hex from Hex field: 001414baa10e325a973a4ab9dc2152fab4bb9a6ea3a0
ELECTRUM: getTransactionValue: Vout[0] calculated script hash: 6bf1890b216a5372d5a81a5ca9791137d77c1853dd628b5d3aa34d8ec00604a5, target: 6bf1890b216a5372d5a81a5ca9791137d77c1853dd628b5d3aa34d8ec00604a5
ELECTRUM: getTransactionValue: Vout[0] matches our script hash, adding 8670 satoshis
ELECTRUM: getTransactionValue: Processing Vout entry 1 for transaction 25cd595c95040e2b75b6a0e6b20ee96db31aeb75c6b8e7c44c720f9bd1527963
ELECTRUM: getTransactionValue: Vout[1] Field 0: N = 1 (type: uint32)
ELECTRUM: getTransactionValue: Vout[1] Field 1: ScriptPubkey = {[] 1 05090923a2d5a8f95f8f50c0e191462e7692094a9307747b0c5580ea43073ea3 512005090923a2d5a8f95f8f50c0e191462e7692094a9307747b0c5580ea43073ea3 0 witness_v1_taproot} (type: electrum.ScriptPubkey)
ELECTRUM: getTransactionValue: Vout[1] Field 2: Value = 0.10712563 (type: float64)
ELECTRUM: getTransactionValue: Vout[1] has value 0.107126 BTC (10712563 satoshis)
ELECTRUM: getTransactionValue: Vout[1] ScriptPubkey type: electrum.ScriptPubkey
ELECTRUM: getTransactionValue: Vout[1] ScriptPubkey has 5 fields
ELECTRUM: getTransactionValue: Vout[1] ScriptPubkey Field 0: Addresses = [] (type: []string)
ELECTRUM: getTransactionValue: Vout[1] ScriptPubkey Field 1: Asm = 1 05090923a2d5a8f95f8f50c0e191462e7692094a9307747b0c5580ea43073ea3 (type: string)
ELECTRUM: getTransactionValue: Vout[1] ScriptPubkey Field 2: Hex = 512005090923a2d5a8f95f8f50c0e191462e7692094a9307747b0c5580ea43073ea3 (type: string)
ELECTRUM: getTransactionValue: Vout[1] ScriptPubkey Field 3: ReqSigs = 0 (type: uint32)
ELECTRUM: getTransactionValue: Vout[1] ScriptPubkey Field 4: Type = witness_v1_taproot (type: string)
ELECTRUM: getTransactionValue: Vout[1] extracted script hex from Hex field: 512005090923a2d5a8f95f8f50c0e191462e7692094a9307747b0c5580ea43073ea3
ELECTRUM: getTransactionValue: Vout[1] calculated script hash: 222baf51ae983e703d9ecb39f410510ac4514da35620ee9986494c88e20a46a1, target: 6bf1890b216a5372d5a81a5ca9791137d77c1853dd628b5d3aa34d8ec00604a5
ELECTRUM: getTransactionValue: Vout[1] does not match our script hash, skipping
ELECTRUM: buildTransactionDetail: Transaction 25cd595c95040e2b75b6a0e6b20ee96db31aeb75c6b8e7c44c720f9bd1527963 has actual value 8670 satoshis
2025/09/16 14:05:18 ELECTRUM: GetBlockHash called for height: 4660785
2025/09/16 14:05:18 ELECTRUM: Got current height 4670092 from headers subscription
2025/09/16 14:05:18 ELECTRUM: Returning hash 000000000000117898b62bc1e861eb8a9f4e638dd14906a271a28b78f8fd26a6 for height 4670092 (from headers subscription)
2025/09/16 14:05:18 ELECTRUM: Sending initial block notification for height 4670092
2025/09/16 14:05:18 ELECTRUM: Sending block connected notification for height 4670092
2025/09/16 14:05:18 ELECTRUM: Block notification sent successfully for height 4670092
ELECTRUM: Starting fetchAddressHistory for address: tb1q8chvehh7ptzcfylzsgysk08cm3ppt8fvleeggz
2025-09-16 14:05:18.337 [INF] BTWL btcwallet.go:587: BTCWALLET: chain.NotifyReceived completed successfully for address: tb1q8chvehh7ptzcfylzsgysk08cm3ppt8fvleeggz
ELECTRUM: Fetching transaction history for address: tb1q8chvehh7ptzcfylzsgysk08cm3ppt8fvleeggz
2025-09-16 14:05:18.337 [INF] BTWL btcwallet.go:589: BTCWALLET: Successfully set up notification for address: tb1q8chvehh7ptzcfylzsgysk08cm3ppt8fvleeggz
ELECTRUM: Calling GetHistory for address: tb1q8chvehh7ptzcfylzsgysk08cm3ppt8fvleeggz, scriptHash: 8b874fe06c0a029126d30048dd68ce279f86ab73018e41fbce4e5db15bbd4d68
2025-09-16 14:05:18.337 [INF] BTWL btcwallet.go:564: BTCWALLET: Setting up notification for address: tb1q2xgdnhrez9r46a65g4jacpynkjmnfe6f6a7rv9
2025-09-16 14:05:18.337 [INF] BTWL btcwallet.go:577: BTCWALLET: Calling chain.NotifyReceived for address: tb1q2xgdnhrez9r46a65g4jacpynkjmnfe6f6a7rv9
ELECTRUM: NotifyReceived called with 1 addresses
2025-09-16 14:05:18.342 [INF] BTWL btcwallet.go:485: BTCWALLET: Received transaction callback - txHash: 25cd595c95040e2b75b6a0e6b20ee96db31aeb75c6b8e7c44c720f9bd1527963, address: tb1qzja2zr3jt2tn5j4emss49745hwdxagaqvru8d4, value: 8670, confirmations: 9308
2025-09-16 14:05:18.342 [INF] BTWL btcwallet.go:509: BTCWALLET: Integrating discovered transaction 25cd595c95040e2b75b6a0e6b20ee96db31aeb75c6b8e7c44c720f9bd1527963 for address tb1qzja2zr3jt2tn5j4emss49745hwdxagaqvru8d4 (value: 8670, confirmations: 9308)
2025-09-16 14:05:18.342 [INF] BTWL btcwallet.go:545: BTCWALLET: Successfully integrated transaction 25cd595c95040e2b75b6a0e6b20ee96db31aeb75c6b8e7c44c720f9bd1527963 (value: 8670 satoshis, confirmations: 9308)
2025-09-16 14:05:18.342 [INF] BTWL btcwallet.go:493: BTCWALLET: Successfully integrated discovered transaction 25cd595c95040e2b75b6a0e6b20ee96db31aeb75c6b8e7c44c720f9bd1527963
ELECTRUM: Starting fetchAddressHistory for address: tb1q2xgdnhrez9r46a65g4jacpynkjmnfe6f6a7rv9
2025-09-16 14:05:18.569 [INF] BTWL btcwallet.go:587: BTCWALLET: chain.NotifyReceived completed successfully for address: tb1q2xgdnhrez9r46a65g4jacpynkjmnfe6f6a7rv9
ELECTRUM: Fetching transaction history for address: tb1q2xgdnhrez9r46a65g4jacpynkjmnfe6f6a7rv9
ELECTRUM: Calling GetHistory for address: tb1q2xgdnhrez9r46a65g4jacpynkjmnfe6f6a7rv9, scriptHash: 8ffe8589aabc0270d07eb3d7eb59003aea385db49b2f2cda6a405ba17ae25436
2025-09-16 14:05:18.569 [INF] BTWL btcwallet.go:589: BTCWALLET: Successfully set up notification for address: tb1q2xgdnhrez9r46a65g4jacpynkjmnfe6f6a7rv9
2025-09-16 14:05:18.570 [INF] BTWL btcwallet.go:564: BTCWALLET: Setting up notification for address: tb1qjka5z9xsg53v4925jn28umwwz3u5tyh302wg30
2025-09-16 14:05:18.570 [INF] BTWL btcwallet.go:577: BTCWALLET: Calling chain.NotifyReceived for address: tb1qjka5z9xsg53v4925jn28umwwz3u5tyh302wg30
ELECTRUM: NotifyReceived called with 1 addresses
2025/09/16 14:05:18 ELECTRUM: GetBestBlock called
2025/09/16 14:05:18 ELECTRUM: Subscribing to headers to get current height
ELECTRUM: Starting fetchAddressHistory for address: tb1qjka5z9xsg53v4925jn28umwwz3u5tyh302wg30
ELECTRUM: Fetching transaction history for address: tb1qjka5z9xsg53v4925jn28umwwz3u5tyh302wg30
ELECTRUM: Calling GetHistory for address: tb1qjka5z9xsg53v4925jn28umwwz3u5tyh302wg30, scriptHash: 30311d2d2edd9aabdf8d1684192145260c6f30c8c843ae927758b737aac07235
2025-09-16 14:05:18.805 [INF] BTWL btcwallet.go:587: BTCWALLET: chain.NotifyReceived completed successfully for address: tb1qjka5z9xsg53v4925jn28umwwz3u5tyh302wg30
2025-09-16 14:05:18.805 [INF] BTWL btcwallet.go:589: BTCWALLET: Successfully set up notification for address: tb1qjka5z9xsg53v4925jn28umwwz3u5tyh302wg30
2025-09-16 14:05:18.806 [INF] BTWL btcwallet.go:564: BTCWALLET: Setting up notification for address: tb1qy84s4sf7y0eetkst3eaah849ky60jdjra09ptk
2025-09-16 14:05:18.806 [INF] BTWL btcwallet.go:577: BTCWALLET: Calling chain.NotifyReceived for address: tb1qy84s4sf7y0eetkst3eaah849ky60jdjra09ptk
ELECTRUM: NotifyReceived called with 1 addresses
2025/09/16 14:05:18 ELECTRUM: Got current height 4670092 from headers subscription
2025/09/16 14:05:18 ELECTRUM: Returning hash 000000000000117898b62bc1e861eb8a9f4e638dd14906a271a28b78f8fd26a6 for height 4670092 (from headers subscription)
2025/09/16 14:05:18 ELECTRUM: GetBlockHeader called for hash: 000000000000117898b62bc1e861eb8a9f4e638dd14906a271a28b78f8fd26a6
2025/09/16 14:05:18 ELECTRUM: GetBestBlock called
2025/09/16 14:05:18 ELECTRUM: Subscribing to headers to get current height
ELECTRUM: Starting fetchAddressHistory for address: tb1qy84s4sf7y0eetkst3eaah849ky60jdjra09ptk
ELECTRUM: Fetching transaction history for address: tb1qy84s4sf7y0eetkst3eaah849ky60jdjra09ptk
ELECTRUM: Calling GetHistory for address: tb1qy84s4sf7y0eetkst3eaah849ky60jdjra09ptk, scriptHash: e49ffa552cb23af49332713f9fedd2efce14dc2902c11597fda6ea1fb83468cc
2025-09-16 14:05:19.039 [INF] BTWL btcwallet.go:587: BTCWALLET: chain.NotifyReceived completed successfully for address: tb1qy84s4sf7y0eetkst3eaah849ky60jdjra09ptk
2025-09-16 14:05:19.040 [INF] BTWL btcwallet.go:589: BTCWALLET: Successfully set up notification for address: tb1qy84s4sf7y0eetkst3eaah849ky60jdjra09ptk
2025-09-16 14:05:19.040 [INF] BTWL btcwallet.go:564: BTCWALLET: Setting up notification for address: tb1q84gk7xt5mkcd5d0kn2pj26gep8zdp8esy5jst5
2025-09-16 14:05:19.040 [INF] BTWL btcwallet.go:577: BTCWALLET: Calling chain.NotifyReceived for address: tb1q84gk7xt5mkcd5d0kn2pj26gep8zdp8esy5jst5
ELECTRUM: NotifyReceived called with 1 addresses
2025/09/16 14:05:19 ELECTRUM: Got current height 4670093 from headers subscription
2025/09/16 14:05:19 ELECTRUM: Returning hash 0000000000002ac023dc2c249568caf1568f2b9c7bfcd326727f092168a37b80 for height 4670093 (from headers subscription)
2025/09/16 14:05:19 ELECTRUM: GetBestBlock called
2025/09/16 14:05:19 ELECTRUM: Subscribing to headers to get current height
ELECTRUM: Starting fetchAddressHistory for address: tb1q84gk7xt5mkcd5d0kn2pj26gep8zdp8esy5jst5
2025-09-16 14:05:19.272 [INF] BTWL btcwallet.go:587: BTCWALLET: chain.NotifyReceived completed successfully for address: tb1q84gk7xt5mkcd5d0kn2pj26gep8zdp8esy5jst5
ELECTRUM: Fetching transaction history for address: tb1q84gk7xt5mkcd5d0kn2pj26gep8zdp8esy5jst5
ELECTRUM: Calling GetHistory for address: tb1q84gk7xt5mkcd5d0kn2pj26gep8zdp8esy5jst5, scriptHash: 0ef136938f4e6ec14f5b140956aa93ab312107d6eed8cc07ab19f19ecfb78117
2025-09-16 14:05:19.272 [INF] BTWL btcwallet.go:589: BTCWALLET: Successfully set up notification for address: tb1q84gk7xt5mkcd5d0kn2pj26gep8zdp8esy5jst5
2025-09-16 14:05:19.272 [INF] BTWL btcwallet.go:564: BTCWALLET: Setting up notification for address: tb1qf07tpug9zz6vffhhm3amvqtujhldkcv2j2wycf
2025-09-16 14:05:19.272 [INF] BTWL btcwallet.go:577: BTCWALLET: Calling chain.NotifyReceived for address: tb1qf07tpug9zz6vffhhm3amvqtujhldkcv2j2wycf
ELECTRUM: NotifyReceived called with 1 addresses
2025-09-16 14:05:19.348 [DBG] RPCS interceptor.go:775: [/lnrpc.Lightning/WalletBalance] requested
2025/09/16 14:05:19 ELECTRUM: Got current height 4670093 from headers subscription
2025/09/16 14:05:19 ELECTRUM: Returning hash 0000000000002ac023dc2c249568caf1568f2b9c7bfcd326727f092168a37b80 for height 4670093 (from headers subscription)
2025/09/16 14:05:19 ELECTRUM: Sending initial block notification for height 4670093
2025/09/16 14:05:19 ELECTRUM: Sending block connected notification for height 4670093
2025/09/16 14:05:19 ELECTRUM: Block notification sent successfully for height 4670093
2025/09/16 14:05:19 ELECTRUM: GetBestBlock called
2025/09/16 14:05:19 ELECTRUM: Subscribing to headers to get current height
ELECTRUM: Starting fetchAddressHistory for address: tb1qf07tpug9zz6vffhhm3amvqtujhldkcv2j2wycf
2025-09-16 14:05:19.505 [INF] BTWL btcwallet.go:587: BTCWALLET: chain.NotifyReceived completed successfully for address: tb1qf07tpug9zz6vffhhm3amvqtujhldkcv2j2wycf
ELECTRUM: Fetching transaction history for address: tb1qf07tpug9zz6vffhhm3amvqtujhldkcv2j2wycf
ELECTRUM: Calling GetHistory for address: tb1qf07tpug9zz6vffhhm3amvqtujhldkcv2j2wycf, scriptHash: fb61782f1e6f1393af564ec097b0ea9834062d5649138e20295f647f97a5361c
2025-09-16 14:05:19.505 [INF] BTWL btcwallet.go:589: BTCWALLET: Successfully set up notification for address: tb1qf07tpug9zz6vffhhm3amvqtujhldkcv2j2wycf
2025-09-16 14:05:19.505 [INF] BTWL btcwallet.go:564: BTCWALLET: Setting up notification for address: tb1pv6wu2k2pls6eclghkyv4rehmv8pf93kj5x7pejzak3gzd3a9778shsgnq0
2025-09-16 14:05:19.505 [INF] BTWL btcwallet.go:577: BTCWALLET: Calling chain.NotifyReceived for address: tb1pv6wu2k2pls6eclghkyv4rehmv8pf93kj5x7pejzak3gzd3a9778shsgnq0
ELECTRUM: NotifyReceived called with 1 addresses
2025/09/16 14:05:19 ELECTRUM: Got current height 4670093 from headers subscription
2025/09/16 14:05:19 ELECTRUM: Returning hash 0000000000002ac023dc2c249568caf1568f2b9c7bfcd326727f092168a37b80 for height 4670093 (from headers subscription)
2025/09/16 14:05:19 ELECTRUM: Sending initial block notification for height 4670093
2025/09/16 14:05:19 ELECTRUM: Sending block connected notification for height 4670093
2025/09/16 14:05:19 ELECTRUM: Block notification sent successfully for height 4670093
ELECTRUM: Starting fetchAddressHistory for address: tb1pv6wu2k2pls6eclghkyv4rehmv8pf93kj5x7pejzak3gzd3a9778shsgnq0
2025-09-16 14:05:19.738 [INF] BTWL btcwallet.go:587: BTCWALLET: chain.NotifyReceived completed successfully for address: tb1pv6wu2k2pls6eclghkyv4rehmv8pf93kj5x7pejzak3gzd3a9778shsgnq0
ELECTRUM: Fetching transaction history for address: tb1pv6wu2k2pls6eclghkyv4rehmv8pf93kj5x7pejzak3gzd3a9778shsgnq0
ELECTRUM: Calling GetHistory for address: tb1pv6wu2k2pls6eclghkyv4rehmv8pf93kj5x7pejzak3gzd3a9778shsgnq0, scriptHash: 8578ba4feebf5378a3775363d531f253b8fbf9b00df139d1346ef1cbb8d17245
2025-09-16 14:05:19.738 [INF] BTWL btcwallet.go:589: BTCWALLET: Successfully set up notification for address: tb1pv6wu2k2pls6eclghkyv4rehmv8pf93kj5x7pejzak3gzd3a9778shsgnq0
2025-09-16 14:05:19.738 [INF] BTWL btcwallet.go:564: BTCWALLET: Setting up notification for address: tb1pa8pzeyefw7glky6entgy0zge4w22kvd0smr56m03jv0z3d0nlxqq6ww377
2025-09-16 14:05:19.739 [INF] BTWL btcwallet.go:577: BTCWALLET: Calling chain.NotifyReceived for address: tb1pa8pzeyefw7glky6entgy0zge4w22kvd0smr56m03jv0z3d0nlxqq6ww377
ELECTRUM: NotifyReceived called with 1 addresses
ELECTRUM: Processing transaction 0 for address tb1pv6wu2k2pls6eclghkyv4rehmv8pf93kj5x7pejzak3gzd3a9778shsgnq0
ELECTRUM: Calling buildTransactionDetail for entry 0
ELECTRUM: buildTransactionDetail called with entry type: *electrum.GetMempoolResult
ELECTRUM: buildTransactionDetail: Transaction 53c28422f27e5b7d71977dfbc73a0c85480a9d618c75b05b4cbaf178747f914b has height: 4660782
ELECTRUM: buildTransactionDetail: About to call GetTransaction for 53c28422f27e5b7d71977dfbc73a0c85480a9d618c75b05b4cbaf178747f914b
ELECTRUM: buildTransactionDetail: Getting transaction details for 53c28422f27e5b7d71977dfbc73a0c85480a9d618c75b05b4cbaf178747f914b
ELECTRUM: Starting fetchAddressHistory for address: tb1pa8pzeyefw7glky6entgy0zge4w22kvd0smr56m03jv0z3d0nlxqq6ww377
2025-09-16 14:05:19.973 [INF] BTWL btcwallet.go:587: BTCWALLET: chain.NotifyReceived completed successfully for address: tb1pa8pzeyefw7glky6entgy0zge4w22kvd0smr56m03jv0z3d0nlxqq6ww377
ELECTRUM: Fetching transaction history for address: tb1pa8pzeyefw7glky6entgy0zge4w22kvd0smr56m03jv0z3d0nlxqq6ww377
ELECTRUM: Calling GetHistory for address: tb1pa8pzeyefw7glky6entgy0zge4w22kvd0smr56m03jv0z3d0nlxqq6ww377, scriptHash: e099d9fde9213ef12ff365704a11cffd8f3bcb116dbdd10b3c5175d8508bac33
2025-09-16 14:05:19.973 [INF] BTWL btcwallet.go:589: BTCWALLET: Successfully set up notification for address: tb1pa8pzeyefw7glky6entgy0zge4w22kvd0smr56m03jv0z3d0nlxqq6ww377
2025-09-16 14:05:19.973 [INF] BTWL btcwallet.go:564: BTCWALLET: Setting up notification for address: tb1pyv0yhlfkue5jv8djnqst2mx0gls46ef42rfmxnsxn6qk0rs2etesn8ee50
2025-09-16 14:05:19.973 [INF] BTWL btcwallet.go:577: BTCWALLET: Calling chain.NotifyReceived for address: tb1pyv0yhlfkue5jv8djnqst2mx0gls46ef42rfmxnsxn6qk0rs2etesn8ee50
ELECTRUM: NotifyReceived called with 1 addresses
2025-09-16 14:05:20.028 [INF] BTWL btcwallet.go:851: BTCWALLET: ConfirmedBalance called with confs=0, accountFilter=default
2025-09-16 14:05:20.029 [INF] BTWL btcwallet.go:1569: BTCWALLET: Adding 1 discovered Electrum transactions to witness outputs
2025-09-16 14:05:20.029 [INF] BTWL btcwallet.go:851: BTCWALLET: ConfirmedBalance called with confs=1, accountFilter=default
2025-09-16 14:05:20.029 [INF] BTWL btcwallet.go:1569: BTCWALLET: Adding 1 discovered Electrum transactions to witness outputs
2025-09-16 14:05:20.029 [DBG] RPCS rpcserver.go:3746: [walletbalance] Total balance=0.00008670 BTC (confirmed=0.00008670 BTC, unconfirmed=0 BTC, locked=0 BTC)
ELECTRUM: buildTransactionDetail: Successfully got transaction 53c28422f27e5b7d71977dfbc73a0c85480a9d618c75b05b4cbaf178747f914b
ELECTRUM: buildTransactionDetail: GetTransaction succeeded for 53c28422f27e5b7d71977dfbc73a0c85480a9d618c75b05b4cbaf178747f914b, processing result
ELECTRUM: buildTransactionDetail: Processing transaction result for 53c28422f27e5b7d71977dfbc73a0c85480a9d618c75b05b4cbaf178747f914b
ELECTRUM: buildTransactionDetail: Transaction result is not nil for 53c28422f27e5b7d71977dfbc73a0c85480a9d618c75b05b4cbaf178747f914b
ELECTRUM: buildTransactionDetail: Attempting to get actual value for transaction 53c28422f27e5b7d71977dfbc73a0c85480a9d618c75b05b4cbaf178747f914b
ELECTRUM: Starting fetchAddressHistory for address: tb1pyv0yhlfkue5jv8djnqst2mx0gls46ef42rfmxnsxn6qk0rs2etesn8ee50
ELECTRUM: Fetching transaction history for address: tb1pyv0yhlfkue5jv8djnqst2mx0gls46ef42rfmxnsxn6qk0rs2etesn8ee50
2025-09-16 14:05:20.208 [INF] BTWL btcwallet.go:587: BTCWALLET: chain.NotifyReceived completed successfully for address: tb1pyv0yhlfkue5jv8djnqst2mx0gls46ef42rfmxnsxn6qk0rs2etesn8ee50
2025-09-16 14:05:20.208 [INF] BTWL btcwallet.go:589: BTCWALLET: Successfully set up notification for address: tb1pyv0yhlfkue5jv8djnqst2mx0gls46ef42rfmxnsxn6qk0rs2etesn8ee50
ELECTRUM: Calling GetHistory for address: tb1pyv0yhlfkue5jv8djnqst2mx0gls46ef42rfmxnsxn6qk0rs2etesn8ee50, scriptHash: f5c33ca4f183067b5c6f0c90abf586cb7bfac7aa4718bbbb54d982ae17efdc4e
2025-09-16 14:05:20.208 [INF] BTWL btcwallet.go:564: BTCWALLET: Setting up notification for address: tb1pdw5jf09namf7sdkxqjrlru7uthdeugrps662cdlzet8ht02jw48sgy0gs6
2025-09-16 14:05:20.208 [INF] BTWL btcwallet.go:577: BTCWALLET: Calling chain.NotifyReceived for address: tb1pdw5jf09namf7sdkxqjrlru7uthdeugrps662cdlzet8ht02jw48sgy0gs6
ELECTRUM: NotifyReceived called with 1 addresses
ELECTRUM: getTransactionValue: Transaction result type: *electrum.GetTransactionResult, fields: 12
ELECTRUM: getTransactionValue: Field 0: Blockhash = 0000000000000042e460b9fad2e9532cf1cc3f4170a53d9d26ab6e78ff236847 (type: string)
ELECTRUM: getTransactionValue: Field 1: Blocktime = 1757981159 (type: uint64)
ELECTRUM: getTransactionValue: Field 2: Confirmations = 9312 (type: int32)
ELECTRUM: getTransactionValue: Field 3: Hash = 15c263df20efdbc1e9a831e492e4448bfae81a419aebddaf1cdaa9581e5886ec (type: string)
ELECTRUM: getTransactionValue: Field 4: Hex = 01000000000101e1a363336ff7bf5c9cfe66dd6f03620ebcf0a6c9a8500fcd9ad509606e08c27f0000000000ffffffff026198a300000000002251201edf63902042b3252443e16248200720e90b315f7e4512f05583cc0e49e6c07dd721000000000000225120669dc55941fc359c7d17b11951e6fb61c292c6d2a1bc1cc85db45026c7a5f78f0140a7bf98f7dbc055da2864c132b6e28616cee30297c3b4432b31f725f1f3eac4f52fa39ab8a351aa1c2a07848c8657f223f648ba92739e8ca06bd8acf140ecacbb00000000 (type: string)
ELECTRUM: getTransactionValue: Field 5: Locktime = 0 (type: uint32)
ELECTRUM: getTransactionValue: Field 6: Size = 205 (type: uint32)
ELECTRUM: getTransactionValue: Field 7: Time = 1757981159 (type: uint64)
ELECTRUM: getTransactionValue: Field 8: Version = 1 (type: uint32)
ELECTRUM: getTransactionValue: Field 9: Vin = [{ 0x140005178e0 4294967295 7fc2086e6009d59acd0f50a8c9a6f0bc0e62036fdd66fe9c5cbff76f3363a3e1 0}] (type: []electrum.Vin)
ELECTRUM: getTransactionValue: Field 10: Vout = [{0 {[] 1 1edf63902042b3252443e16248200720e90b315f7e4512f05583cc0e49e6c07d 51201edf63902042b3252443e16248200720e90b315f7e4512f05583cc0e49e6c07d 0 witness_v1_taproot} 0.10721377} {1 {[] 1 669dc55941fc359c7d17b11951e6fb61c292c6d2a1bc1cc85db45026c7a5f78f 5120669dc55941fc359c7d17b11951e6fb61c292c6d2a1bc1cc85db45026c7a5f78f 0 witness_v1_taproot} 8.663e-05}] (type: []electrum.Vout)
ELECTRUM: getTransactionValue: Field 11: Merkle = {[] 0 0} (type: electrum.GetMerkleProofResult)
ELECTRUM: getTransactionValue: Processing 2 Vout entries for transaction 53c28422f27e5b7d71977dfbc73a0c85480a9d618c75b05b4cbaf178747f914b
ELECTRUM: getTransactionValue: Processing Vout entry 0 for transaction 53c28422f27e5b7d71977dfbc73a0c85480a9d618c75b05b4cbaf178747f914b
ELECTRUM: getTransactionValue: Vout[0] Field 0: N = 0 (type: uint32)
ELECTRUM: getTransactionValue: Vout[0] Field 1: ScriptPubkey = {[] 1 1edf63902042b3252443e16248200720e90b315f7e4512f05583cc0e49e6c07d 51201edf63902042b3252443e16248200720e90b315f7e4512f05583cc0e49e6c07d 0 witness_v1_taproot} (type: electrum.ScriptPubkey)
ELECTRUM: getTransactionValue: Vout[0] Field 2: Value = 0.10721377 (type: float64)
ELECTRUM: getTransactionValue: Vout[0] has value 0.107214 BTC (10721377 satoshis)
ELECTRUM: getTransactionValue: Vout[0] ScriptPubkey type: electrum.ScriptPubkey
ELECTRUM: getTransactionValue: Vout[0] ScriptPubkey has 5 fields
ELECTRUM: getTransactionValue: Vout[0] ScriptPubkey Field 0: Addresses = [] (type: []string)
ELECTRUM: getTransactionValue: Vout[0] ScriptPubkey Field 1: Asm = 1 1edf63902042b3252443e16248200720e90b315f7e4512f05583cc0e49e6c07d (type: string)
ELECTRUM: getTransactionValue: Vout[0] ScriptPubkey Field 2: Hex = 51201edf63902042b3252443e16248200720e90b315f7e4512f05583cc0e49e6c07d (type: string)
ELECTRUM: getTransactionValue: Vout[0] ScriptPubkey Field 3: ReqSigs = 0 (type: uint32)
ELECTRUM: getTransactionValue: Vout[0] ScriptPubkey Field 4: Type = witness_v1_taproot (type: string)
ELECTRUM: getTransactionValue: Vout[0] extracted script hex from Hex field: 51201edf63902042b3252443e16248200720e90b315f7e4512f05583cc0e49e6c07d
ELECTRUM: getTransactionValue: Vout[0] calculated script hash: ecafa67b1773168b4fb6c72f570956f426e9587530e4e08c911f95c5e7bf21ea, target: 8578ba4feebf5378a3775363d531f253b8fbf9b00df139d1346ef1cbb8d17245
ELECTRUM: getTransactionValue: Vout[0] does not match our script hash, skipping
ELECTRUM: getTransactionValue: Processing Vout entry 1 for transaction 53c28422f27e5b7d71977dfbc73a0c85480a9d618c75b05b4cbaf178747f914b
ELECTRUM: getTransactionValue: Vout[1] Field 0: N = 1 (type: uint32)
ELECTRUM: getTransactionValue: Vout[1] Field 1: ScriptPubkey = {[] 1 669dc55941fc359c7d17b11951e6fb61c292c6d2a1bc1cc85db45026c7a5f78f 5120669dc55941fc359c7d17b11951e6fb61c292c6d2a1bc1cc85db45026c7a5f78f 0 witness_v1_taproot} (type: electrum.ScriptPubkey)
ELECTRUM: getTransactionValue: Vout[1] Field 2: Value = 8.663e-05 (type: float64)
ELECTRUM: getTransactionValue: Vout[1] has value 0.000087 BTC (8663 satoshis)
ELECTRUM: getTransactionValue: Vout[1] ScriptPubkey type: electrum.ScriptPubkey
ELECTRUM: getTransactionValue: Vout[1] ScriptPubkey has 5 fields
ELECTRUM: getTransactionValue: Vout[1] ScriptPubkey Field 0: Addresses = [] (type: []string)
ELECTRUM: getTransactionValue: Vout[1] ScriptPubkey Field 1: Asm = 1 669dc55941fc359c7d17b11951e6fb61c292c6d2a1bc1cc85db45026c7a5f78f (type: string)
ELECTRUM: getTransactionValue: Vout[1] ScriptPubkey Field 2: Hex = 5120669dc55941fc359c7d17b11951e6fb61c292c6d2a1bc1cc85db45026c7a5f78f (type: string)
ELECTRUM: getTransactionValue: Vout[1] ScriptPubkey Field 3: ReqSigs = 0 (type: uint32)
ELECTRUM: getTransactionValue: Vout[1] ScriptPubkey Field 4: Type = witness_v1_taproot (type: string)
ELECTRUM: getTransactionValue: Vout[1] extracted script hex from Hex field: 5120669dc55941fc359c7d17b11951e6fb61c292c6d2a1bc1cc85db45026c7a5f78f
ELECTRUM: getTransactionValue: Vout[1] calculated script hash: 8578ba4feebf5378a3775363d531f253b8fbf9b00df139d1346ef1cbb8d17245, target: 8578ba4feebf5378a3775363d531f253b8fbf9b00df139d1346ef1cbb8d17245
ELECTRUM: getTransactionValue: Vout[1] matches our script hash, adding 8663 satoshis
ELECTRUM: buildTransactionDetail: Transaction 53c28422f27e5b7d71977dfbc73a0c85480a9d618c75b05b4cbaf178747f914b has actual value 8663 satoshis
2025/09/16 14:05:20 ELECTRUM: GetBlockHash called for height: 4660782
ELECTRUM: Processing transaction 0 for address tb1pyv0yhlfkue5jv8djnqst2mx0gls46ef42rfmxnsxn6qk0rs2etesn8ee50
ELECTRUM: Calling buildTransactionDetail for entry 0
ELECTRUM: buildTransactionDetail called with entry type: *electrum.GetMempoolResult
ELECTRUM: Starting fetchAddressHistory for address: tb1pdw5jf09namf7sdkxqjrlru7uthdeugrps662cdlzet8ht02jw48sgy0gs6
ELECTRUM: buildTransactionDetail: Transaction 70b89aa06b86eea0e6d870f9ee0e6b2881efcc189af8e8c9f6326927fd2db5ce has height: 4665879
ELECTRUM: buildTransactionDetail: About to call GetTransaction for 70b89aa06b86eea0e6d870f9ee0e6b2881efcc189af8e8c9f6326927fd2db5ce
ELECTRUM: buildTransactionDetail: Getting transaction details for 70b89aa06b86eea0e6d870f9ee0e6b2881efcc189af8e8c9f6326927fd2db5ce
2025-09-16 14:05:20.439 [INF] BTWL btcwallet.go:587: BTCWALLET: chain.NotifyReceived completed successfully for address: tb1pdw5jf09namf7sdkxqjrlru7uthdeugrps662cdlzet8ht02jw48sgy0gs6
ELECTRUM: Fetching transaction history for address: tb1pdw5jf09namf7sdkxqjrlru7uthdeugrps662cdlzet8ht02jw48sgy0gs6
2025-09-16 14:05:20.439 [INF] BTWL btcwallet.go:589: BTCWALLET: Successfully set up notification for address: tb1pdw5jf09namf7sdkxqjrlru7uthdeugrps662cdlzet8ht02jw48sgy0gs6
2025-09-16 14:05:20.439 [INF] BTWL btcwallet.go:564: BTCWALLET: Setting up notification for address: tb1pqxhwj0c5z7jkz6pcur2lryehylrl4yzh0fvgphnpf769578k2qwqq8pvqd
ELECTRUM: Calling GetHistory for address: tb1pdw5jf09namf7sdkxqjrlru7uthdeugrps662cdlzet8ht02jw48sgy0gs6, scriptHash: 5987449d703426b3d8882ca6a898953f5475d0e7579d6c3c11c28a2d2279d2a1
2025-09-16 14:05:20.439 [INF] BTWL btcwallet.go:577: BTCWALLET: Calling chain.NotifyReceived for address: tb1pqxhwj0c5z7jkz6pcur2lryehylrl4yzh0fvgphnpf769578k2qwqq8pvqd
ELECTRUM: NotifyReceived called with 1 addresses
2025-09-16 14:05:20.672 [INF] BTWL btcwallet.go:485: BTCWALLET: Received transaction callback - txHash: 53c28422f27e5b7d71977dfbc73a0c85480a9d618c75b05b4cbaf178747f914b, address: tb1pv6wu2k2pls6eclghkyv4rehmv8pf93kj5x7pejzak3gzd3a9778shsgnq0, value: 8663, confirmations: 9312
ELECTRUM: Starting fetchAddressHistory for address: tb1pqxhwj0c5z7jkz6pcur2lryehylrl4yzh0fvgphnpf769578k2qwqq8pvqd
ELECTRUM: Processing transaction 0 for address tb1pdw5jf09namf7sdkxqjrlru7uthdeugrps662cdlzet8ht02jw48sgy0gs6
ELECTRUM: Calling buildTransactionDetail for entry 0
ELECTRUM: buildTransactionDetail called with entry type: *electrum.GetMempoolResult
ELECTRUM: buildTransactionDetail: Transaction 319cca7de1a53e4a43e3462c066ecfe1223a17a6f7d957aac2f3521a012248c4 has height: 4667133
2025-09-16 14:05:20.672 [INF] BTWL btcwallet.go:509: BTCWALLET: Integrating discovered transaction 53c28422f27e5b7d71977dfbc73a0c85480a9d618c75b05b4cbaf178747f914b for address tb1pv6wu2k2pls6eclghkyv4rehmv8pf93kj5x7pejzak3gzd3a9778shsgnq0 (value: 8663, confirmations: 9312)
ELECTRUM: buildTransactionDetail: About to call GetTransaction for 319cca7de1a53e4a43e3462c066ecfe1223a17a6f7d957aac2f3521a012248c4
ELECTRUM: buildTransactionDetail: Getting transaction details for 319cca7de1a53e4a43e3462c066ecfe1223a17a6f7d957aac2f3521a012248c4
2025-09-16 14:05:20.673 [INF] BTWL btcwallet.go:587: BTCWALLET: chain.NotifyReceived completed successfully for address: tb1pqxhwj0c5z7jkz6pcur2lryehylrl4yzh0fvgphnpf769578k2qwqq8pvqd
ELECTRUM: Fetching transaction history for address: tb1pqxhwj0c5z7jkz6pcur2lryehylrl4yzh0fvgphnpf769578k2qwqq8pvqd
ELECTRUM: Calling GetHistory for address: tb1pqxhwj0c5z7jkz6pcur2lryehylrl4yzh0fvgphnpf769578k2qwqq8pvqd, scriptHash: b4b1be16fa88724c29732edb1ff71e5ab276106ae5fc1021dbec298966da0b83
2025-09-16 14:05:20.673 [INF] BTWL btcwallet.go:589: BTCWALLET: Successfully set up notification for address: tb1pqxhwj0c5z7jkz6pcur2lryehylrl4yzh0fvgphnpf769578k2qwqq8pvqd
2025-09-16 14:05:20.673 [INF] BTWL btcwallet.go:545: BTCWALLET: Successfully integrated transaction 53c28422f27e5b7d71977dfbc73a0c85480a9d618c75b05b4cbaf178747f914b (value: 8663 satoshis, confirmations: 9312)
2025-09-16 14:05:20.673 [INF] BTWL btcwallet.go:564: BTCWALLET: Setting up notification for address: tb1pyts089s2l3zpfhculluw6lxzwfsary8cj9m26edtrqxss7p7qydqat9hw2
2025-09-16 14:05:20.673 [INF] BTWL btcwallet.go:493: BTCWALLET: Successfully integrated discovered transaction 53c28422f27e5b7d71977dfbc73a0c85480a9d618c75b05b4cbaf178747f914b
2025-09-16 14:05:20.673 [INF] BTWL btcwallet.go:577: BTCWALLET: Calling chain.NotifyReceived for address: tb1pyts089s2l3zpfhculluw6lxzwfsary8cj9m26edtrqxss7p7qydqat9hw2
ELECTRUM: NotifyReceived called with 1 addresses
ELECTRUM: buildTransactionDetail: Successfully got transaction 70b89aa06b86eea0e6d870f9ee0e6b2881efcc189af8e8c9f6326927fd2db5ce
ELECTRUM: buildTransactionDetail: GetTransaction succeeded for 70b89aa06b86eea0e6d870f9ee0e6b2881efcc189af8e8c9f6326927fd2db5ce, processing result
ELECTRUM: buildTransactionDetail: Processing transaction result for 70b89aa06b86eea0e6d870f9ee0e6b2881efcc189af8e8c9f6326927fd2db5ce
ELECTRUM: buildTransactionDetail: Transaction result is not nil for 70b89aa06b86eea0e6d870f9ee0e6b2881efcc189af8e8c9f6326927fd2db5ce
ELECTRUM: buildTransactionDetail: Attempting to get actual value for transaction 70b89aa06b86eea0e6d870f9ee0e6b2881efcc189af8e8c9f6326927fd2db5ce
ELECTRUM: Starting fetchAddressHistory for address: tb1pyts089s2l3zpfhculluw6lxzwfsary8cj9m26edtrqxss7p7qydqat9hw2
2025-09-16 14:05:20.906 [INF] BTWL btcwallet.go:587: BTCWALLET: chain.NotifyReceived completed successfully for address: tb1pyts089s2l3zpfhculluw6lxzwfsary8cj9m26edtrqxss7p7qydqat9hw2
ELECTRUM: Fetching transaction history for address: tb1pyts089s2l3zpfhculluw6lxzwfsary8cj9m26edtrqxss7p7qydqat9hw2
2025-09-16 14:05:20.906 [INF] BTWL btcwallet.go:589: BTCWALLET: Successfully set up notification for address: tb1pyts089s2l3zpfhculluw6lxzwfsary8cj9m26edtrqxss7p7qydqat9hw2
ELECTRUM: Calling GetHistory for address: tb1pyts089s2l3zpfhculluw6lxzwfsary8cj9m26edtrqxss7p7qydqat9hw2, scriptHash: f67a34ebd66063c1a926b52c9a5e00f290e890e3b2a8b3acf99e6ca0840e2c69
2025-09-16 14:05:20.906 [INF] BTWL btcwallet.go:564: BTCWALLET: Setting up notification for address: tb1py0jfpc0ft4zsfhg7p3peze4q6wdl9l2gfwzf8ar64skxkhz9v9lsuhm2g4
ELECTRUM: getTransactionValue: Transaction result type: *electrum.GetTransactionResult, fields: 12
ELECTRUM: getTransactionValue: Field 0: Blockhash = 000000000000116242136073a4a852db7fe9d1df3a40fd8cc63406bb09ad832f (type: string)
ELECTRUM: getTransactionValue: Field 1: Blocktime = 1758036367 (type: uint64)
2025-09-16 14:05:20.906 [INF] BTWL btcwallet.go:577: BTCWALLET: Calling chain.NotifyReceived for address: tb1py0jfpc0ft4zsfhg7p3peze4q6wdl9l2gfwzf8ar64skxkhz9v9lsuhm2g4
ELECTRUM: getTransactionValue: Field 2: Confirmations = 4215 (type: int32)
ELECTRUM: getTransactionValue: Field 3: Hash = 7dd5a01e353db4e588a83daebd2247317de97d2d2d52c2759f3568d5d65dd51a (type: string)
ELECTRUM: getTransactionValue: Field 4: Hex = 0100000000010194fd0563da521fe38d87737bd27f4032217b2f4b2cd8f1cf6f6e674fa3830e480100000000ffffffff02e632000000000000225120231e4bfd36e669261db29820b56ccf47e15d653550d3b34e069e81678e0acaf37cdaa200000000002251203ab4fb974815d5bbd4311d2b5a0b2fcbff49a01ff0db93dda6aaca61d0da914e0140f4b195521857f4498c883a2017dce416f1111fcc162d15c43cbc7dbd42b33b3f52c608e0fa222cbcfa184c1f915a637152fcc5fb35edf8c3c165124ba67c7a0d00000000 (type: string)
ELECTRUM: getTransactionValue: Field 5: Locktime = 0 (type: uint32)
ELECTRUM: getTransactionValue: Field 6: Size = 205 (type: uint32)
ELECTRUM: getTransactionValue: Field 7: Time = 1758036367 (type: uint64)
ELECTRUM: getTransactionValue: Field 8: Version = 1 (type: uint32)
ELECTRUM: NotifyReceived called with 1 addresses
ELECTRUM: getTransactionValue: Field 9: Vin = [{ 0x14000517da0 4294967295 480e83a34f676e6fcff1d82c4b2f7b2132407fd27b73878de31f52da6305fd94 1}] (type: []electrum.Vin)
ELECTRUM: getTransactionValue: Field 10: Vout = [{0 {[] 1 231e4bfd36e669261db29820b56ccf47e15d653550d3b34e069e81678e0acaf3 5120231e4bfd36e669261db29820b56ccf47e15d653550d3b34e069e81678e0acaf3 0 witness_v1_taproot} 0.0001303} {1 {[] 1 3ab4fb974815d5bbd4311d2b5a0b2fcbff49a01ff0db93dda6aaca61d0da914e 51203ab4fb974815d5bbd4311d2b5a0b2fcbff49a01ff0db93dda6aaca61d0da914e 0 witness_v1_taproot} 0.10672764}] (type: []electrum.Vout)
ELECTRUM: getTransactionValue: Field 11: Merkle = {[] 0 0} (type: electrum.GetMerkleProofResult)
ELECTRUM: getTransactionValue: Processing 2 Vout entries for transaction 70b89aa06b86eea0e6d870f9ee0e6b2881efcc189af8e8c9f6326927fd2db5ce
ELECTRUM: getTransactionValue: Processing Vout entry 0 for transaction 70b89aa06b86eea0e6d870f9ee0e6b2881efcc189af8e8c9f6326927fd2db5ce
ELECTRUM: getTransactionValue: Vout[0] Field 0: N = 0 (type: uint32)
ELECTRUM: getTransactionValue: Vout[0] Field 1: ScriptPubkey = {[] 1 231e4bfd36e669261db29820b56ccf47e15d653550d3b34e069e81678e0acaf3 5120231e4bfd36e669261db29820b56ccf47e15d653550d3b34e069e81678e0acaf3 0 witness_v1_taproot} (type: electrum.ScriptPubkey)
ELECTRUM: getTransactionValue: Vout[0] Field 2: Value = 0.0001303 (type: float64)
ELECTRUM: getTransactionValue: Vout[0] has value 0.000130 BTC (13030 satoshis)
ELECTRUM: getTransactionValue: Vout[0] ScriptPubkey type: electrum.ScriptPubkey
ELECTRUM: getTransactionValue: Vout[0] ScriptPubkey has 5 fields
ELECTRUM: getTransactionValue: Vout[0] ScriptPubkey Field 0: Addresses = [] (type: []string)
ELECTRUM: getTransactionValue: Vout[0] ScriptPubkey Field 1: Asm = 1 231e4bfd36e669261db29820b56ccf47e15d653550d3b34e069e81678e0acaf3 (type: string)
ELECTRUM: getTransactionValue: Vout[0] ScriptPubkey Field 2: Hex = 5120231e4bfd36e669261db29820b56ccf47e15d653550d3b34e069e81678e0acaf3 (type: string)
ELECTRUM: getTransactionValue: Vout[0] ScriptPubkey Field 3: ReqSigs = 0 (type: uint32)
ELECTRUM: getTransactionValue: Vout[0] ScriptPubkey Field 4: Type = witness_v1_taproot (type: string)
ELECTRUM: getTransactionValue: Vout[0] extracted script hex from Hex field: 5120231e4bfd36e669261db29820b56ccf47e15d653550d3b34e069e81678e0acaf3
ELECTRUM: getTransactionValue: Vout[0] calculated script hash: f5c33ca4f183067b5c6f0c90abf586cb7bfac7aa4718bbbb54d982ae17efdc4e, target: f5c33ca4f183067b5c6f0c90abf586cb7bfac7aa4718bbbb54d982ae17efdc4e
ELECTRUM: getTransactionValue: Vout[0] matches our script hash, adding 13030 satoshis
ELECTRUM: getTransactionValue: Processing Vout entry 1 for transaction 70b89aa06b86eea0e6d870f9ee0e6b2881efcc189af8e8c9f6326927fd2db5ce
ELECTRUM: getTransactionValue: Vout[1] Field 0: N = 1 (type: uint32)
ELECTRUM: getTransactionValue: Vout[1] Field 1: ScriptPubkey = {[] 1 3ab4fb974815d5bbd4311d2b5a0b2fcbff49a01ff0db93dda6aaca61d0da914e 51203ab4fb974815d5bbd4311d2b5a0b2fcbff49a01ff0db93dda6aaca61d0da914e 0 witness_v1_taproot} (type: electrum.ScriptPubkey)
ELECTRUM: getTransactionValue: Vout[1] Field 2: Value = 0.10672764 (type: float64)
ELECTRUM: getTransactionValue: Vout[1] has value 0.106728 BTC (10672764 satoshis)
ELECTRUM: getTransactionValue: Vout[1] ScriptPubkey type: electrum.ScriptPubkey
ELECTRUM: getTransactionValue: Vout[1] ScriptPubkey has 5 fields
ELECTRUM: getTransactionValue: Vout[1] ScriptPubkey Field 0: Addresses = [] (type: []string)
ELECTRUM: getTransactionValue: Vout[1] ScriptPubkey Field 1: Asm = 1 3ab4fb974815d5bbd4311d2b5a0b2fcbff49a01ff0db93dda6aaca61d0da914e (type: string)
ELECTRUM: getTransactionValue: Vout[1] ScriptPubkey Field 2: Hex = 51203ab4fb974815d5bbd4311d2b5a0b2fcbff49a01ff0db93dda6aaca61d0da914e (type: string)
ELECTRUM: getTransactionValue: Vout[1] ScriptPubkey Field 3: ReqSigs = 0 (type: uint32)
ELECTRUM: getTransactionValue: Vout[1] ScriptPubkey Field 4: Type = witness_v1_taproot (type: string)
ELECTRUM: getTransactionValue: Vout[1] extracted script hex from Hex field: 51203ab4fb974815d5bbd4311d2b5a0b2fcbff49a01ff0db93dda6aaca61d0da914e
ELECTRUM: getTransactionValue: Vout[1] calculated script hash: b7aae3c97d4769611aee910825b7118d7ad2151c446f074416f7bf72160dcfd2, target: f5c33ca4f183067b5c6f0c90abf586cb7bfac7aa4718bbbb54d982ae17efdc4e
ELECTRUM: getTransactionValue: Vout[1] does not match our script hash, skipping
ELECTRUM: buildTransactionDetail: Transaction 70b89aa06b86eea0e6d870f9ee0e6b2881efcc189af8e8c9f6326927fd2db5ce has actual value 13030 satoshis
2025/09/16 14:05:20 ELECTRUM: GetBlockHash called for height: 4665879
ELECTRUM: buildTransactionDetail: Successfully got transaction 319cca7de1a53e4a43e3462c066ecfe1223a17a6f7d957aac2f3521a012248c4
ELECTRUM: buildTransactionDetail: GetTransaction succeeded for 319cca7de1a53e4a43e3462c066ecfe1223a17a6f7d957aac2f3521a012248c4, processing result
ELECTRUM: buildTransactionDetail: Processing transaction result for 319cca7de1a53e4a43e3462c066ecfe1223a17a6f7d957aac2f3521a012248c4
ELECTRUM: buildTransactionDetail: Transaction result is not nil for 319cca7de1a53e4a43e3462c066ecfe1223a17a6f7d957aac2f3521a012248c4
ELECTRUM: buildTransactionDetail: Attempting to get actual value for transaction 319cca7de1a53e4a43e3462c066ecfe1223a17a6f7d957aac2f3521a012248c4
ELECTRUM: Starting fetchAddressHistory for address: tb1py0jfpc0ft4zsfhg7p3peze4q6wdl9l2gfwzf8ar64skxkhz9v9lsuhm2g4
2025-09-16 14:05:21.142 [INF] BTWL btcwallet.go:485: BTCWALLET: Received transaction callback - txHash: 70b89aa06b86eea0e6d870f9ee0e6b2881efcc189af8e8c9f6326927fd2db5ce, address: tb1pyv0yhlfkue5jv8djnqst2mx0gls46ef42rfmxnsxn6qk0rs2etesn8ee50, value: 13030, confirmations: 4215
ELECTRUM: Processing transaction 0 for address tb1pyts089s2l3zpfhculluw6lxzwfsary8cj9m26edtrqxss7p7qydqat9hw2
ELECTRUM: Calling buildTransactionDetail for entry 0
ELECTRUM: buildTransactionDetail called with entry type: *electrum.GetMempoolResult
ELECTRUM: buildTransactionDetail: Transaction 51abc2a15b01e008362af0075a3616d445af203deaea3abcad4d94f607dbafab has height: 4661302
ELECTRUM: buildTransactionDetail: About to call GetTransaction for 51abc2a15b01e008362af0075a3616d445af203deaea3abcad4d94f607dbafab
2025-09-16 14:05:21.142 [INF] BTWL btcwallet.go:587: BTCWALLET: chain.NotifyReceived completed successfully for address: tb1py0jfpc0ft4zsfhg7p3peze4q6wdl9l2gfwzf8ar64skxkhz9v9lsuhm2g4
2025-09-16 14:05:21.142 [INF] BTWL btcwallet.go:509: BTCWALLET: Integrating discovered transaction 70b89aa06b86eea0e6d870f9ee0e6b2881efcc189af8e8c9f6326927fd2db5ce for address tb1pyv0yhlfkue5jv8djnqst2mx0gls46ef42rfmxnsxn6qk0rs2etesn8ee50 (value: 13030, confirmations: 4215)
ELECTRUM: Fetching transaction history for address: tb1py0jfpc0ft4zsfhg7p3peze4q6wdl9l2gfwzf8ar64skxkhz9v9lsuhm2g4
2025-09-16 14:05:21.142 [INF] BTWL btcwallet.go:589: BTCWALLET: Successfully set up notification for address: tb1py0jfpc0ft4zsfhg7p3peze4q6wdl9l2gfwzf8ar64skxkhz9v9lsuhm2g4
ELECTRUM: Calling GetHistory for address: tb1py0jfpc0ft4zsfhg7p3peze4q6wdl9l2gfwzf8ar64skxkhz9v9lsuhm2g4, scriptHash: 1f1546aea3cb0bbe6272bb05f049b1d43ea9cd69a421402946f1e21b67d24a7f
2025-09-16 14:05:21.142 [INF] BTWL btcwallet.go:545: BTCWALLET: Successfully integrated transaction 70b89aa06b86eea0e6d870f9ee0e6b2881efcc189af8e8c9f6326927fd2db5ce (value: 13030 satoshis, confirmations: 4215)
ELECTRUM: buildTransactionDetail: Getting transaction details for 51abc2a15b01e008362af0075a3616d445af203deaea3abcad4d94f607dbafab
2025-09-16 14:05:21.142 [INF] BTWL btcwallet.go:564: BTCWALLET: Setting up notification for address: tb1putvlls3ekqm74khy2ls7hdadxn4ldxsuh9v2thg7hyht9ysjlvsqqwjnw6
2025-09-16 14:05:21.142 [INF] BTWL btcwallet.go:493: BTCWALLET: Successfully integrated discovered transaction 70b89aa06b86eea0e6d870f9ee0e6b2881efcc189af8e8c9f6326927fd2db5ce
2025-09-16 14:05:21.142 [INF] BTWL btcwallet.go:577: BTCWALLET: Calling chain.NotifyReceived for address: tb1putvlls3ekqm74khy2ls7hdadxn4ldxsuh9v2thg7hyht9ysjlvsqqwjnw6
ELECTRUM: NotifyReceived called with 1 addresses
ELECTRUM: getTransactionValue: Transaction result type: *electrum.GetTransactionResult, fields: 12
ELECTRUM: getTransactionValue: Field 0: Blockhash = 00000000000250b139dcd3b1c9c71b8974b271315c97bec585495f4f7e529dc3 (type: string)
ELECTRUM: getTransactionValue: Field 1: Blocktime = 1758039166 (type: uint64)
ELECTRUM: getTransactionValue: Field 2: Confirmations = 2961 (type: int32)
ELECTRUM: getTransactionValue: Field 3: Hash = 91bf7327473c9bc0234f3d934656c53ec09bbc1794cf2b3fa87f8cfd984e456f (type: string)
ELECTRUM: getTransactionValue: Field 4: Hex = 01000000000101ceb52dfd276932f6c9e8f89a18ccef81286b0eeef970d8e6a0ee866ba09ab8700100000000ffffffff026a96a20000000000225120a26e00c992e2f66cd6fef339fbf84e2b0d9e0358286aa6ea9c00d9ca6684224c76430000000000002251206ba924bcb3eed3e836c60487f1f3dc5ddb9e206186b4ac37e2cacf75bd52754f01400e4892d04983c7415e5baa0a8b7e25b02f74a747cdf60eb29a20aafc131bc9e7d28e484f53ab8f25a5262d7f8f94c4947dcdce9606f53a8e445fd10505d9855800000000 (type: string)
ELECTRUM: getTransactionValue: Field 5: Locktime = 0 (type: uint32)
ELECTRUM: getTransactionValue: Field 6: Size = 205 (type: uint32)
ELECTRUM: getTransactionValue: Field 7: Time = 1758039166 (type: uint64)
ELECTRUM: getTransactionValue: Field 8: Version = 1 (type: uint32)
ELECTRUM: getTransactionValue: Field 9: Vin = [{ 0x14000620f00 4294967295 70b89aa06b86eea0e6d870f9ee0e6b2881efcc189af8e8c9f6326927fd2db5ce 1}] (type: []electrum.Vin)
ELECTRUM: getTransactionValue: Field 10: Vout = [{0 {[] 1 a26e00c992e2f66cd6fef339fbf84e2b0d9e0358286aa6ea9c00d9ca6684224c 5120a26e00c992e2f66cd6fef339fbf84e2b0d9e0358286aa6ea9c00d9ca6684224c 0 witness_v1_taproot} 0.10655338} {1 {[] 1 6ba924bcb3eed3e836c60487f1f3dc5ddb9e206186b4ac37e2cacf75bd52754f 51206ba924bcb3eed3e836c60487f1f3dc5ddb9e206186b4ac37e2cacf75bd52754f 0 witness_v1_taproot} 0.0001727}] (type: []electrum.Vout)
ELECTRUM: getTransactionValue: Field 11: Merkle = {[] 0 0} (type: electrum.GetMerkleProofResult)
ELECTRUM: getTransactionValue: Processing 2 Vout entries for transaction 319cca7de1a53e4a43e3462c066ecfe1223a17a6f7d957aac2f3521a012248c4
ELECTRUM: getTransactionValue: Processing Vout entry 0 for transaction 319cca7de1a53e4a43e3462c066ecfe1223a17a6f7d957aac2f3521a012248c4
ELECTRUM: getTransactionValue: Vout[0] Field 0: N = 0 (type: uint32)
ELECTRUM: getTransactionValue: Vout[0] Field 1: ScriptPubkey = {[] 1 a26e00c992e2f66cd6fef339fbf84e2b0d9e0358286aa6ea9c00d9ca6684224c 5120a26e00c992e2f66cd6fef339fbf84e2b0d9e0358286aa6ea9c00d9ca6684224c 0 witness_v1_taproot} (type: electrum.ScriptPubkey)
ELECTRUM: getTransactionValue: Vout[0] Field 2: Value = 0.10655338 (type: float64)
ELECTRUM: getTransactionValue: Vout[0] has value 0.106553 BTC (10655338 satoshis)
ELECTRUM: getTransactionValue: Vout[0] ScriptPubkey type: electrum.ScriptPubkey
ELECTRUM: getTransactionValue: Vout[0] ScriptPubkey has 5 fields
ELECTRUM: getTransactionValue: Vout[0] ScriptPubkey Field 0: Addresses = [] (type: []string)
ELECTRUM: getTransactionValue: Vout[0] ScriptPubkey Field 1: Asm = 1 a26e00c992e2f66cd6fef339fbf84e2b0d9e0358286aa6ea9c00d9ca6684224c (type: string)
ELECTRUM: getTransactionValue: Vout[0] ScriptPubkey Field 2: Hex = 5120a26e00c992e2f66cd6fef339fbf84e2b0d9e0358286aa6ea9c00d9ca6684224c (type: string)
ELECTRUM: getTransactionValue: Vout[0] ScriptPubkey Field 3: ReqSigs = 0 (type: uint32)
ELECTRUM: getTransactionValue: Vout[0] ScriptPubkey Field 4: Type = witness_v1_taproot (type: string)
ELECTRUM: getTransactionValue: Vout[0] extracted script hex from Hex field: 5120a26e00c992e2f66cd6fef339fbf84e2b0d9e0358286aa6ea9c00d9ca6684224c
ELECTRUM: getTransactionValue: Vout[0] calculated script hash: 285267eb98af21c308e1f0497341c7158d33f4401a11d6c74bc5cb5c78db664c, target: 5987449d703426b3d8882ca6a898953f5475d0e7579d6c3c11c28a2d2279d2a1
ELECTRUM: getTransactionValue: Vout[0] does not match our script hash, skipping
ELECTRUM: getTransactionValue: Processing Vout entry 1 for transaction 319cca7de1a53e4a43e3462c066ecfe1223a17a6f7d957aac2f3521a012248c4
ELECTRUM: getTransactionValue: Vout[1] Field 0: N = 1 (type: uint32)
ELECTRUM: getTransactionValue: Vout[1] Field 1: ScriptPubkey = {[] 1 6ba924bcb3eed3e836c60487f1f3dc5ddb9e206186b4ac37e2cacf75bd52754f 51206ba924bcb3eed3e836c60487f1f3dc5ddb9e206186b4ac37e2cacf75bd52754f 0 witness_v1_taproot} (type: electrum.ScriptPubkey)
ELECTRUM: getTransactionValue: Vout[1] Field 2: Value = 0.0001727 (type: float64)
ELECTRUM: getTransactionValue: Vout[1] has value 0.000173 BTC (17270 satoshis)
ELECTRUM: getTransactionValue: Vout[1] ScriptPubkey type: electrum.ScriptPubkey
ELECTRUM: getTransactionValue: Vout[1] ScriptPubkey has 5 fields
ELECTRUM: getTransactionValue: Vout[1] ScriptPubkey Field 0: Addresses = [] (type: []string)
ELECTRUM: getTransactionValue: Vout[1] ScriptPubkey Field 1: Asm = 1 6ba924bcb3eed3e836c60487f1f3dc5ddb9e206186b4ac37e2cacf75bd52754f (type: string)
ELECTRUM: getTransactionValue: Vout[1] ScriptPubkey Field 2: Hex = 51206ba924bcb3eed3e836c60487f1f3dc5ddb9e206186b4ac37e2cacf75bd52754f (type: string)
ELECTRUM: getTransactionValue: Vout[1] ScriptPubkey Field 3: ReqSigs = 0 (type: uint32)
ELECTRUM: getTransactionValue: Vout[1] ScriptPubkey Field 4: Type = witness_v1_taproot (type: string)
ELECTRUM: getTransactionValue: Vout[1] extracted script hex from Hex field: 51206ba924bcb3eed3e836c60487f1f3dc5ddb9e206186b4ac37e2cacf75bd52754f
ELECTRUM: getTransactionValue: Vout[1] calculated script hash: 5987449d703426b3d8882ca6a898953f5475d0e7579d6c3c11c28a2d2279d2a1, target: 5987449d703426b3d8882ca6a898953f5475d0e7579d6c3c11c28a2d2279d2a1
ELECTRUM: getTransactionValue: Vout[1] matches our script hash, adding 17270 satoshis
ELECTRUM: buildTransactionDetail: Transaction 319cca7de1a53e4a43e3462c066ecfe1223a17a6f7d957aac2f3521a012248c4 has actual value 17270 satoshis
2025/09/16 14:05:21 ELECTRUM: GetBlockHash called for height: 4667133
ELECTRUM: Processing transaction 0 for address tb1py0jfpc0ft4zsfhg7p3peze4q6wdl9l2gfwzf8ar64skxkhz9v9lsuhm2g4
ELECTRUM: Calling buildTransactionDetail for entry 0
ELECTRUM: buildTransactionDetail called with entry type: *electrum.GetMempoolResult
ELECTRUM: buildTransactionDetail: Transaction 480e83a34f676e6fcff1d82c4b2f7b2132407fd27b73878de31f52da6305fd94 has height: 4661802
ELECTRUM: buildTransactionDetail: About to call GetTransaction for 480e83a34f676e6fcff1d82c4b2f7b2132407fd27b73878de31f52da6305fd94
ELECTRUM: buildTransactionDetail: Getting transaction details for 480e83a34f676e6fcff1d82c4b2f7b2132407fd27b73878de31f52da6305fd94
ELECTRUM: Starting fetchAddressHistory for address: tb1putvlls3ekqm74khy2ls7hdadxn4ldxsuh9v2thg7hyht9ysjlvsqqwjnw6
2025-09-16 14:05:21.389 [INF] BTWL btcwallet.go:485: BTCWALLET: Received transaction callback - txHash: 319cca7de1a53e4a43e3462c066ecfe1223a17a6f7d957aac2f3521a012248c4, address: tb1pdw5jf09namf7sdkxqjrlru7uthdeugrps662cdlzet8ht02jw48sgy0gs6, value: 17270, confirmations: 2961
2025-09-16 14:05:21.389 [INF] BTWL btcwallet.go:587: BTCWALLET: chain.NotifyReceived completed successfully for address: tb1putvlls3ekqm74khy2ls7hdadxn4ldxsuh9v2thg7hyht9ysjlvsqqwjnw6
ELECTRUM: Fetching transaction history for address: tb1putvlls3ekqm74khy2ls7hdadxn4ldxsuh9v2thg7hyht9ysjlvsqqwjnw6
ELECTRUM: Calling GetHistory for address: tb1putvlls3ekqm74khy2ls7hdadxn4ldxsuh9v2thg7hyht9ysjlvsqqwjnw6, scriptHash: 772c610aa6b1b17496234e4d5e817a7bb5a9bedae737ff88e3f62109756fbe0f
2025-09-16 14:05:21.389 [INF] BTWL btcwallet.go:509: BTCWALLET: Integrating discovered transaction 319cca7de1a53e4a43e3462c066ecfe1223a17a6f7d957aac2f3521a012248c4 for address tb1pdw5jf09namf7sdkxqjrlru7uthdeugrps662cdlzet8ht02jw48sgy0gs6 (value: 17270, confirmations: 2961)
ELECTRUM: buildTransactionDetail: Successfully got transaction 51abc2a15b01e008362af0075a3616d445af203deaea3abcad4d94f607dbafab
ELECTRUM: buildTransactionDetail: GetTransaction succeeded for 51abc2a15b01e008362af0075a3616d445af203deaea3abcad4d94f607dbafab, processing result
ELECTRUM: buildTransactionDetail: Processing transaction result for 51abc2a15b01e008362af0075a3616d445af203deaea3abcad4d94f607dbafab
ELECTRUM: buildTransactionDetail: Transaction result is not nil for 51abc2a15b01e008362af0075a3616d445af203deaea3abcad4d94f607dbafab
ELECTRUM: buildTransactionDetail: Attempting to get actual value for transaction 51abc2a15b01e008362af0075a3616d445af203deaea3abcad4d94f607dbafab
2025-09-16 14:05:21.389 [INF] BTWL btcwallet.go:589: BTCWALLET: Successfully set up notification for address: tb1putvlls3ekqm74khy2ls7hdadxn4ldxsuh9v2thg7hyht9ysjlvsqqwjnw6
2025-09-16 14:05:21.389 [INF] BTWL btcwallet.go:545: BTCWALLET: Successfully integrated transaction 319cca7de1a53e4a43e3462c066ecfe1223a17a6f7d957aac2f3521a012248c4 (value: 17270 satoshis, confirmations: 2961)
2025-09-16 14:05:21.390 [INF] BTWL btcwallet.go:564: BTCWALLET: Setting up notification for address: tb1pdkk7ep4kq22smxppjte3yez822gtlc9h7v0ypmhl6kze5chqahjqahfutx
2025-09-16 14:05:21.390 [INF] BTWL btcwallet.go:493: BTCWALLET: Successfully integrated discovered transaction 319cca7de1a53e4a43e3462c066ecfe1223a17a6f7d957aac2f3521a012248c4
2025-09-16 14:05:21.390 [INF] BTWL btcwallet.go:577: BTCWALLET: Calling chain.NotifyReceived for address: tb1pdkk7ep4kq22smxppjte3yez822gtlc9h7v0ypmhl6kze5chqahjqahfutx
ELECTRUM: NotifyReceived called with 1 addresses
ELECTRUM: buildTransactionDetail: Successfully got transaction 480e83a34f676e6fcff1d82c4b2f7b2132407fd27b73878de31f52da6305fd94
ELECTRUM: buildTransactionDetail: GetTransaction succeeded for 480e83a34f676e6fcff1d82c4b2f7b2132407fd27b73878de31f52da6305fd94, processing result
ELECTRUM: buildTransactionDetail: Processing transaction result for 480e83a34f676e6fcff1d82c4b2f7b2132407fd27b73878de31f52da6305fd94
ELECTRUM: buildTransactionDetail: Transaction result is not nil for 480e83a34f676e6fcff1d82c4b2f7b2132407fd27b73878de31f52da6305fd94
ELECTRUM: buildTransactionDetail: Attempting to get actual value for transaction 480e83a34f676e6fcff1d82c4b2f7b2132407fd27b73878de31f52da6305fd94
ELECTRUM: Starting fetchAddressHistory for address: tb1pdkk7ep4kq22smxppjte3yez822gtlc9h7v0ypmhl6kze5chqahjqahfutx
ELECTRUM: getTransactionValue: Transaction result type: *electrum.GetTransactionResult, fields: 12
ELECTRUM: getTransactionValue: Field 0: Blockhash = 000000000000d9d0b2232466509b2064dc52a17e0281d0a41cb22b82b056a939 (type: string)
ELECTRUM: getTransactionValue: Field 1: Blocktime = 1758029049 (type: uint64)
ELECTRUM: getTransactionValue: Field 2: Confirmations = 8792 (type: int32)
ELECTRUM: getTransactionValue: Field 3: Hash = 2a00084f427029c04184dd7c2a7f005a307033bcca717762d460c4c25fc51494 (type: string)
ELECTRUM: getTransactionValue: Field 4: Hex = 01000000000101637952d19b0f724cc4e7b8c675eb1ab36de90eb2e6a0b6752b0e04955c59cd250100000000ffffffff02b14300000000000022512022e0f3960afc4414df1cfff8ed7cc27261d190f89176ad65ab180d08783e011aa631a30000000000225120f61348d82e1f34ff3a16071de3e7d484a48937fb50cbc50bfc2d17d28182118d014083a3432f882b81365a92edaad1db40f4fa714d1f5b41e4c45adc2a6aacc6f1acef118c51f7129536122f54509d26775587379935aaeeacd730922806abecb83100000000 (type: string)
ELECTRUM: getTransactionValue: Field 5: Locktime = 0 (type: uint32)
ELECTRUM: getTransactionValue: Field 6: Size = 205 (type: uint32)
ELECTRUM: getTransactionValue: Field 7: Time = 1758029049 (type: uint64)
ELECTRUM: getTransactionValue: Field 8: Version = 1 (type: uint32)
ELECTRUM: getTransactionValue: Field 9: Vin = [{ 0x14000408280 4294967295 25cd595c95040e2b75b6a0e6b20ee96db31aeb75c6b8e7c44c720f9bd1527963 1}] (type: []electrum.Vin)
ELECTRUM: getTransactionValue: Field 10: Vout = [{0 {[] 1 22e0f3960afc4414df1cfff8ed7cc27261d190f89176ad65ab180d08783e011a 512022e0f3960afc4414df1cfff8ed7cc27261d190f89176ad65ab180d08783e011a 0 witness_v1_taproot} 0.00017329} {1 {[] 1 f61348d82e1f34ff3a16071de3e7d484a48937fb50cbc50bfc2d17d28182118d 5120f61348d82e1f34ff3a16071de3e7d484a48937fb50cbc50bfc2d17d28182118d 0 witness_v1_taproot} 0.10695078}] (type: []electrum.Vout)
ELECTRUM: getTransactionValue: Field 11: Merkle = {[] 0 0} (type: electrum.GetMerkleProofResult)
ELECTRUM: getTransactionValue: Processing 2 Vout entries for transaction 51abc2a15b01e008362af0075a3616d445af203deaea3abcad4d94f607dbafab
2025-09-16 14:05:21.632 [INF] BTWL btcwallet.go:587: BTCWALLET: chain.NotifyReceived completed successfully for address: tb1pdkk7ep4kq22smxppjte3yez822gtlc9h7v0ypmhl6kze5chqahjqahfutx
2025-09-16 14:05:21.633 [INF] BTWL btcwallet.go:589: BTCWALLET: Successfully set up notification for address: tb1pdkk7ep4kq22smxppjte3yez822gtlc9h7v0ypmhl6kze5chqahjqahfutx
ELECTRUM: Fetching transaction history for address: tb1pdkk7ep4kq22smxppjte3yez822gtlc9h7v0ypmhl6kze5chqahjqahfutx
ELECTRUM: Calling GetHistory for address: tb1pdkk7ep4kq22smxppjte3yez822gtlc9h7v0ypmhl6kze5chqahjqahfutx, scriptHash: 15bf6986842102e96df220461b8cfa26e5306ee0eedd007d5dddd821d6745563
2025-09-16 14:05:21.633 [INF] BTWL btcwallet.go:564: BTCWALLET: Setting up notification for address: tb1pm2zwfrhd04ue5dqlwt8nvg9vdd8kcp75nsh3lmnat2mqmelg2vks5vkvfj
ELECTRUM: getTransactionValue: Processing Vout entry 0 for transaction 51abc2a15b01e008362af0075a3616d445af203deaea3abcad4d94f607dbafab
2025-09-16 14:05:21.633 [INF] BTWL btcwallet.go:577: BTCWALLET: Calling chain.NotifyReceived for address: tb1pm2zwfrhd04ue5dqlwt8nvg9vdd8kcp75nsh3lmnat2mqmelg2vks5vkvfj
ELECTRUM: getTransactionValue: Vout[0] Field 0: N = 0 (type: uint32)
ELECTRUM: getTransactionValue: Vout[0] Field 1: ScriptPubkey = {[] 1 22e0f3960afc4414df1cfff8ed7cc27261d190f89176ad65ab180d08783e011a 512022e0f3960afc4414df1cfff8ed7cc27261d190f89176ad65ab180d08783e011a 0 witness_v1_taproot} (type: electrum.ScriptPubkey)
ELECTRUM: NotifyReceived called with 1 addresses
ELECTRUM: getTransactionValue: Vout[0] Field 2: Value = 0.00017329 (type: float64)
ELECTRUM: getTransactionValue: Vout[0] has value 0.000173 BTC (17329 satoshis)
ELECTRUM: getTransactionValue: Vout[0] ScriptPubkey type: electrum.ScriptPubkey
ELECTRUM: getTransactionValue: Vout[0] ScriptPubkey has 5 fields
ELECTRUM: getTransactionValue: Vout[0] ScriptPubkey Field 0: Addresses = [] (type: []string)
ELECTRUM: getTransactionValue: Vout[0] ScriptPubkey Field 1: Asm = 1 22e0f3960afc4414df1cfff8ed7cc27261d190f89176ad65ab180d08783e011a (type: string)
ELECTRUM: getTransactionValue: Vout[0] ScriptPubkey Field 2: Hex = 512022e0f3960afc4414df1cfff8ed7cc27261d190f89176ad65ab180d08783e011a (type: string)
ELECTRUM: getTransactionValue: Vout[0] ScriptPubkey Field 3: ReqSigs = 0 (type: uint32)
ELECTRUM: getTransactionValue: Vout[0] ScriptPubkey Field 4: Type = witness_v1_taproot (type: string)
ELECTRUM: getTransactionValue: Vout[0] extracted script hex from Hex field: 512022e0f3960afc4414df1cfff8ed7cc27261d190f89176ad65ab180d08783e011a
ELECTRUM: getTransactionValue: Vout[0] calculated script hash: f67a34ebd66063c1a926b52c9a5e00f290e890e3b2a8b3acf99e6ca0840e2c69, target: f67a34ebd66063c1a926b52c9a5e00f290e890e3b2a8b3acf99e6ca0840e2c69
ELECTRUM: getTransactionValue: Vout[0] matches our script hash, adding 17329 satoshis
ELECTRUM: getTransactionValue: Processing Vout entry 1 for transaction 51abc2a15b01e008362af0075a3616d445af203deaea3abcad4d94f607dbafab
ELECTRUM: getTransactionValue: Vout[1] Field 0: N = 1 (type: uint32)
ELECTRUM: getTransactionValue: Vout[1] Field 1: ScriptPubkey = {[] 1 f61348d82e1f34ff3a16071de3e7d484a48937fb50cbc50bfc2d17d28182118d 5120f61348d82e1f34ff3a16071de3e7d484a48937fb50cbc50bfc2d17d28182118d 0 witness_v1_taproot} (type: electrum.ScriptPubkey)
ELECTRUM: getTransactionValue: Vout[1] Field 2: Value = 0.10695078 (type: float64)
ELECTRUM: getTransactionValue: Vout[1] has value 0.106951 BTC (10695078 satoshis)
ELECTRUM: getTransactionValue: Vout[1] ScriptPubkey type: electrum.ScriptPubkey
ELECTRUM: getTransactionValue: Vout[1] ScriptPubkey has 5 fields
ELECTRUM: getTransactionValue: Vout[1] ScriptPubkey Field 0: Addresses = [] (type: []string)
ELECTRUM: getTransactionValue: Vout[1] ScriptPubkey Field 1: Asm = 1 f61348d82e1f34ff3a16071de3e7d484a48937fb50cbc50bfc2d17d28182118d (type: string)
ELECTRUM: getTransactionValue: Vout[1] ScriptPubkey Field 2: Hex = 5120f61348d82e1f34ff3a16071de3e7d484a48937fb50cbc50bfc2d17d28182118d (type: string)
ELECTRUM: getTransactionValue: Vout[1] ScriptPubkey Field 3: ReqSigs = 0 (type: uint32)
ELECTRUM: getTransactionValue: Vout[1] ScriptPubkey Field 4: Type = witness_v1_taproot (type: string)
ELECTRUM: getTransactionValue: Vout[1] extracted script hex from Hex field: 5120f61348d82e1f34ff3a16071de3e7d484a48937fb50cbc50bfc2d17d28182118d
ELECTRUM: getTransactionValue: Vout[1] calculated script hash: 5644f9b92bed87105e1519ba555fe45a4956697de6b7c3ec8ed25ba31e2e215b, target: f67a34ebd66063c1a926b52c9a5e00f290e890e3b2a8b3acf99e6ca0840e2c69
ELECTRUM: getTransactionValue: Vout[1] does not match our script hash, skipping
ELECTRUM: buildTransactionDetail: Transaction 51abc2a15b01e008362af0075a3616d445af203deaea3abcad4d94f607dbafab has actual value 17329 satoshis
2025/09/16 14:05:21 ELECTRUM: GetBlockHash called for height: 4661302
ELECTRUM: getTransactionValue: Transaction result type: *electrum.GetTransactionResult, fields: 12
ELECTRUM: getTransactionValue: Field 0: Blockhash = 000000000000184ff2bbae51760a4abbd4744106a6b30f6ddb96fe9fb4c9fb27 (type: string)
ELECTRUM: getTransactionValue: Field 1: Blocktime = 1758029275 (type: uint64)
ELECTRUM: getTransactionValue: Field 2: Confirmations = 8292 (type: int32)
ELECTRUM: getTransactionValue: Field 3: Hash = bd86ffd16fd7cc0c80eb6e714382a0b2317922fb5a6cd70b23893f7d6ef4f814 (type: string)
ELECTRUM: getTransactionValue: Field 4: Hex = 010000000001013b44bf73f50dafd919f0a4897eb7745582b9c2dc6042420045f5f001a3e5d7570000000000ffffffff02eb1000000000000022512023e490e1e95d4504dd1e0c439166a0d39bf2fd484b8493f47aac2c6b5c45617ffe0da30000000000225120a93a8cba6673228ea32811dfac43d127bd8caf5d31562a3f8013812d98b9be19014042a93481889251b8a32e77dcffde5e58a2412ca94203e41a508f8089da0127d2f42861578088109ed8145b35f54ce495f09a77a6f4a4de4aca30e40ee062d2ba00000000 (type: string)
ELECTRUM: getTransactionValue: Field 5: Locktime = 0 (type: uint32)
ELECTRUM: getTransactionValue: Field 6: Size = 205 (type: uint32)
ELECTRUM: getTransactionValue: Field 7: Time = 1758029275 (type: uint64)
ELECTRUM: getTransactionValue: Field 8: Version = 1 (type: uint32)
ELECTRUM: getTransactionValue: Field 9: Vin = [{ 0x1400040c1a0 4294967295 57d7e5a301f0f54500424260dcc2b9825574b77e89a4f019d9af0df573bf443b 0}] (type: []electrum.Vin)
ELECTRUM: getTransactionValue: Field 10: Vout = [{0 {[] 1 23e490e1e95d4504dd1e0c439166a0d39bf2fd484b8493f47aac2c6b5c45617f 512023e490e1e95d4504dd1e0c439166a0d39bf2fd484b8493f47aac2c6b5c45617f 0 witness_v1_taproot} 4.331e-05} {1 {[] 1 a93a8cba6673228ea32811dfac43d127bd8caf5d31562a3f8013812d98b9be19 5120a93a8cba6673228ea32811dfac43d127bd8caf5d31562a3f8013812d98b9be19 0 witness_v1_taproot} 0.1068595}] (type: []electrum.Vout)
ELECTRUM: getTransactionValue: Field 11: Merkle = {[] 0 0} (type: electrum.GetMerkleProofResult)
ELECTRUM: getTransactionValue: Processing 2 Vout entries for transaction 480e83a34f676e6fcff1d82c4b2f7b2132407fd27b73878de31f52da6305fd94
ELECTRUM: getTransactionValue: Processing Vout entry 0 for transaction 480e83a34f676e6fcff1d82c4b2f7b2132407fd27b73878de31f52da6305fd94
ELECTRUM: getTransactionValue: Vout[0] Field 0: N = 0 (type: uint32)
ELECTRUM: getTransactionValue: Vout[0] Field 1: ScriptPubkey = {[] 1 23e490e1e95d4504dd1e0c439166a0d39bf2fd484b8493f47aac2c6b5c45617f 512023e490e1e95d4504dd1e0c439166a0d39bf2fd484b8493f47aac2c6b5c45617f 0 witness_v1_taproot} (type: electrum.ScriptPubkey)
ELECTRUM: getTransactionValue: Vout[0] Field 2: Value = 4.331e-05 (type: float64)
ELECTRUM: getTransactionValue: Vout[0] has value 0.000043 BTC (4331 satoshis)
ELECTRUM: getTransactionValue: Vout[0] ScriptPubkey type: electrum.ScriptPubkey
ELECTRUM: getTransactionValue: Vout[0] ScriptPubkey has 5 fields
ELECTRUM: getTransactionValue: Vout[0] ScriptPubkey Field 0: Addresses = [] (type: []string)
ELECTRUM: getTransactionValue: Vout[0] ScriptPubkey Field 1: Asm = 1 23e490e1e95d4504dd1e0c439166a0d39bf2fd484b8493f47aac2c6b5c45617f (type: string)
ELECTRUM: getTransactionValue: Vout[0] ScriptPubkey Field 2: Hex = 512023e490e1e95d4504dd1e0c439166a0d39bf2fd484b8493f47aac2c6b5c45617f (type: string)
ELECTRUM: getTransactionValue: Vout[0] ScriptPubkey Field 3: ReqSigs = 0 (type: uint32)
ELECTRUM: getTransactionValue: Vout[0] ScriptPubkey Field 4: Type = witness_v1_taproot (type: string)
ELECTRUM: getTransactionValue: Vout[0] extracted script hex from Hex field: 512023e490e1e95d4504dd1e0c439166a0d39bf2fd484b8493f47aac2c6b5c45617f
ELECTRUM: getTransactionValue: Vout[0] calculated script hash: 1f1546aea3cb0bbe6272bb05f049b1d43ea9cd69a421402946f1e21b67d24a7f, target: 1f1546aea3cb0bbe6272bb05f049b1d43ea9cd69a421402946f1e21b67d24a7f
ELECTRUM: getTransactionValue: Vout[0] matches our script hash, adding 4331 satoshis
ELECTRUM: getTransactionValue: Processing Vout entry 1 for transaction 480e83a34f676e6fcff1d82c4b2f7b2132407fd27b73878de31f52da6305fd94
ELECTRUM: getTransactionValue: Vout[1] Field 0: N = 1 (type: uint32)
ELECTRUM: getTransactionValue: Vout[1] Field 1: ScriptPubkey = {[] 1 a93a8cba6673228ea32811dfac43d127bd8caf5d31562a3f8013812d98b9be19 5120a93a8cba6673228ea32811dfac43d127bd8caf5d31562a3f8013812d98b9be19 0 witness_v1_taproot} (type: electrum.ScriptPubkey)
ELECTRUM: getTransactionValue: Vout[1] Field 2: Value = 0.1068595 (type: float64)
ELECTRUM: getTransactionValue: Vout[1] has value 0.106859 BTC (10685950 satoshis)
ELECTRUM: getTransactionValue: Vout[1] ScriptPubkey type: electrum.ScriptPubkey
ELECTRUM: getTransactionValue: Vout[1] ScriptPubkey has 5 fields
ELECTRUM: getTransactionValue: Vout[1] ScriptPubkey Field 0: Addresses = [] (type: []string)
ELECTRUM: getTransactionValue: Vout[1] ScriptPubkey Field 1: Asm = 1 a93a8cba6673228ea32811dfac43d127bd8caf5d31562a3f8013812d98b9be19 (type: string)
ELECTRUM: getTransactionValue: Vout[1] ScriptPubkey Field 2: Hex = 5120a93a8cba6673228ea32811dfac43d127bd8caf5d31562a3f8013812d98b9be19 (type: string)
ELECTRUM: getTransactionValue: Vout[1] ScriptPubkey Field 3: ReqSigs = 0 (type: uint32)
ELECTRUM: getTransactionValue: Vout[1] ScriptPubkey Field 4: Type = witness_v1_taproot (type: string)
ELECTRUM: getTransactionValue: Vout[1] extracted script hex from Hex field: 5120a93a8cba6673228ea32811dfac43d127bd8caf5d31562a3f8013812d98b9be19
ELECTRUM: getTransactionValue: Vout[1] calculated script hash: a1330b9529e9351c100a2383420588cf78c0dce0e68cfa538fbb5335a1eea6dc, target: 1f1546aea3cb0bbe6272bb05f049b1d43ea9cd69a421402946f1e21b67d24a7f
ELECTRUM: getTransactionValue: Vout[1] does not match our script hash, skipping
ELECTRUM: buildTransactionDetail: Transaction 480e83a34f676e6fcff1d82c4b2f7b2132407fd27b73878de31f52da6305fd94 has actual value 4331 satoshis
2025/09/16 14:05:21 ELECTRUM: GetBlockHash called for height: 4661802
ELECTRUM: Starting fetchAddressHistory for address: tb1pm2zwfrhd04ue5dqlwt8nvg9vdd8kcp75nsh3lmnat2mqmelg2vks5vkvfj
ELECTRUM: Fetching transaction history for address: tb1pm2zwfrhd04ue5dqlwt8nvg9vdd8kcp75nsh3lmnat2mqmelg2vks5vkvfj
ELECTRUM: Calling GetHistory for address: tb1pm2zwfrhd04ue5dqlwt8nvg9vdd8kcp75nsh3lmnat2mqmelg2vks5vkvfj, scriptHash: c5c501974b54b604a07b751557f5492a62e0024f3b6de9e8a3c970fe9f4e8f65
ELECTRUM: Processing transaction 0 for address tb1pdkk7ep4kq22smxppjte3yez822gtlc9h7v0ypmhl6kze5chqahjqahfutx
ELECTRUM: Calling buildTransactionDetail for entry 0
ELECTRUM: buildTransactionDetail called with entry type: *electrum.GetMempoolResult
2025-09-16 14:05:21.874 [INF] BTWL btcwallet.go:485: BTCWALLET: Received transaction callback - txHash: 51abc2a15b01e008362af0075a3616d445af203deaea3abcad4d94f607dbafab, address: tb1pyts089s2l3zpfhculluw6lxzwfsary8cj9m26edtrqxss7p7qydqat9hw2, value: 17329, confirmations: 8792
ELECTRUM: buildTransactionDetail: Transaction 1ecd261bcd0685971ea43cbbd12631a449a1765f67f90c3813c8a6b8c93b86fc has height: 4670036
ELECTRUM: buildTransactionDetail: About to call GetTransaction for 1ecd261bcd0685971ea43cbbd12631a449a1765f67f90c3813c8a6b8c93b86fc
2025-09-16 14:05:21.874 [INF] BTWL btcwallet.go:587: BTCWALLET: chain.NotifyReceived completed successfully for address: tb1pm2zwfrhd04ue5dqlwt8nvg9vdd8kcp75nsh3lmnat2mqmelg2vks5vkvfj
ELECTRUM: buildTransactionDetail: Getting transaction details for 1ecd261bcd0685971ea43cbbd12631a449a1765f67f90c3813c8a6b8c93b86fc
2025-09-16 14:05:21.875 [INF] BTWL btcwallet.go:509: BTCWALLET: Integrating discovered transaction 51abc2a15b01e008362af0075a3616d445af203deaea3abcad4d94f607dbafab for address tb1pyts089s2l3zpfhculluw6lxzwfsary8cj9m26edtrqxss7p7qydqat9hw2 (value: 17329, confirmations: 8792)
2025-09-16 14:05:21.875 [INF] BTWL btcwallet.go:589: BTCWALLET: Successfully set up notification for address: tb1pm2zwfrhd04ue5dqlwt8nvg9vdd8kcp75nsh3lmnat2mqmelg2vks5vkvfj
2025-09-16 14:05:21.875 [INF] BTWL btcwallet.go:545: BTCWALLET: Successfully integrated transaction 51abc2a15b01e008362af0075a3616d445af203deaea3abcad4d94f607dbafab (value: 17329 satoshis, confirmations: 8792)
2025-09-16 14:05:21.875 [INF] BTWL btcwallet.go:493: BTCWALLET: Successfully integrated discovered transaction 51abc2a15b01e008362af0075a3616d445af203deaea3abcad4d94f607dbafab
2025-09-16 14:05:21.875 [INF] BTWL btcwallet.go:564: BTCWALLET: Setting up notification for address: tb1p4pnenccvuzkx28tz8xgrfepdxzw56zlht9lsr9lef2030m3gcveqrym9ty
2025-09-16 14:05:21.875 [INF] BTWL btcwallet.go:577: BTCWALLET: Calling chain.NotifyReceived for address: tb1p4pnenccvuzkx28tz8xgrfepdxzw56zlht9lsr9lef2030m3gcveqrym9ty
ELECTRUM: NotifyReceived called with 1 addresses
2025-09-16 14:05:22.101 [INF] BTWL btcwallet.go:485: BTCWALLET: Received transaction callback - txHash: 480e83a34f676e6fcff1d82c4b2f7b2132407fd27b73878de31f52da6305fd94, address: tb1py0jfpc0ft4zsfhg7p3peze4q6wdl9l2gfwzf8ar64skxkhz9v9lsuhm2g4, value: 4331, confirmations: 8292
2025-09-16 14:05:22.101 [INF] BTWL btcwallet.go:509: BTCWALLET: Integrating discovered transaction 480e83a34f676e6fcff1d82c4b2f7b2132407fd27b73878de31f52da6305fd94 for address tb1py0jfpc0ft4zsfhg7p3peze4q6wdl9l2gfwzf8ar64skxkhz9v9lsuhm2g4 (value: 4331, confirmations: 8292)
2025-09-16 14:05:22.101 [INF] BTWL btcwallet.go:545: BTCWALLET: Successfully integrated transaction 480e83a34f676e6fcff1d82c4b2f7b2132407fd27b73878de31f52da6305fd94 (value: 4331 satoshis, confirmations: 8292)
2025-09-16 14:05:22.101 [INF] BTWL btcwallet.go:493: BTCWALLET: Successfully integrated discovered transaction 480e83a34f676e6fcff1d82c4b2f7b2132407fd27b73878de31f52da6305fd94
ELECTRUM: Starting fetchAddressHistory for address: tb1p4pnenccvuzkx28tz8xgrfepdxzw56zlht9lsr9lef2030m3gcveqrym9ty
ELECTRUM: Fetching transaction history for address: tb1p4pnenccvuzkx28tz8xgrfepdxzw56zlht9lsr9lef2030m3gcveqrym9ty
2025-09-16 14:05:22.107 [INF] BTWL btcwallet.go:587: BTCWALLET: chain.NotifyReceived completed successfully for address: tb1p4pnenccvuzkx28tz8xgrfepdxzw56zlht9lsr9lef2030m3gcveqrym9ty
ELECTRUM: Calling GetHistory for address: tb1p4pnenccvuzkx28tz8xgrfepdxzw56zlht9lsr9lef2030m3gcveqrym9ty, scriptHash: c9d8bc157913c0cdb12c85d685798b196f5db58e760e18e83102d6b04d1963c3
2025-09-16 14:05:22.107 [INF] BTWL btcwallet.go:589: BTCWALLET: Successfully set up notification for address: tb1p4pnenccvuzkx28tz8xgrfepdxzw56zlht9lsr9lef2030m3gcveqrym9ty
2025-09-16 14:05:22.107 [INF] BTWL btcwallet.go:564: BTCWALLET: Setting up notification for address: tb1pvhkycu546rfek5tpkmns0dwxc7v74ul3dlad7as8gflywg3plsvqy8mc4j
2025-09-16 14:05:22.107 [INF] BTWL btcwallet.go:577: BTCWALLET: Calling chain.NotifyReceived for address: tb1pvhkycu546rfek5tpkmns0dwxc7v74ul3dlad7as8gflywg3plsvqy8mc4j
ELECTRUM: NotifyReceived called with 1 addresses
ELECTRUM: buildTransactionDetail: Successfully got transaction 1ecd261bcd0685971ea43cbbd12631a449a1765f67f90c3813c8a6b8c93b86fc
ELECTRUM: buildTransactionDetail: GetTransaction succeeded for 1ecd261bcd0685971ea43cbbd12631a449a1765f67f90c3813c8a6b8c93b86fc, processing result
ELECTRUM: buildTransactionDetail: Processing transaction result for 1ecd261bcd0685971ea43cbbd12631a449a1765f67f90c3813c8a6b8c93b86fc
ELECTRUM: buildTransactionDetail: Transaction result is not nil for 1ecd261bcd0685971ea43cbbd12631a449a1765f67f90c3813c8a6b8c93b86fc
ELECTRUM: buildTransactionDetail: Attempting to get actual value for transaction 1ecd261bcd0685971ea43cbbd12631a449a1765f67f90c3813c8a6b8c93b86fc
ELECTRUM: Starting fetchAddressHistory for address: tb1pvhkycu546rfek5tpkmns0dwxc7v74ul3dlad7as8gflywg3plsvqy8mc4j
ELECTRUM: getTransactionValue: Transaction result type: *electrum.GetTransactionResult, fields: 12
ELECTRUM: Fetching transaction history for address: tb1pvhkycu546rfek5tpkmns0dwxc7v74ul3dlad7as8gflywg3plsvqy8mc4j
ELECTRUM: Calling GetHistory for address: tb1pvhkycu546rfek5tpkmns0dwxc7v74ul3dlad7as8gflywg3plsvqy8mc4j, scriptHash: 8c695d50cc3c9b971f716464bca5a0adcd8d5334c79d76ffe4776646c0a2228f
2025-09-16 14:05:22.406 [INF] BTWL btcwallet.go:587: BTCWALLET: chain.NotifyReceived completed successfully for address: tb1pvhkycu546rfek5tpkmns0dwxc7v74ul3dlad7as8gflywg3plsvqy8mc4j
ELECTRUM: getTransactionValue: Field 0: Blockhash = 0000000000015d41dd7639d096da19e5ae0307ffbea46adf233d0c7f779d7ed6 (type: string)
ELECTRUM: getTransactionValue: Field 1: Blocktime = 1758045809 (type: uint64)
ELECTRUM: getTransactionValue: Field 2: Confirmations = 58 (type: int32)
ELECTRUM: getTransactionValue: Field 3: Hash = cf05190df9cf6a90cc51d827f7ee7d2dea6dd0ae479db0836805c5a49d0a21ff (type: string)
ELECTRUM: getTransactionValue: Field 4: Hex = 01000000000101c44822011a52f3c2aa57d9f7a6173a22e1cf6e062c46e3434a3ea5e17dca9c310000000000ffffffff0206430000000000002251206dadec86b602950d982192f31264475290bfe0b7f31e40eeffd5859a62e0ede4c852a200000000002251206cc89a54ee175a70d71d798e0adf3705ce2503da5526d77fd4f70abcb60522f001406f931887910e946d933885a6e1bb12bc8b9dc0fb319b052366fd2dbb2ccb84159e85d10dbd133ac346021695f88d2afeb336da5babb79e2b5c14b476a88f08bb00000000 (type: string)
ELECTRUM: getTransactionValue: Field 5: Locktime = 0 (type: uint32)
ELECTRUM: getTransactionValue: Field 6: Size = 205 (type: uint32)
ELECTRUM: getTransactionValue: Field 7: Time = 1758045809 (type: uint64)
ELECTRUM: getTransactionValue: Field 8: Version = 1 (type: uint32)
ELECTRUM: getTransactionValue: Field 9: Vin = [{ 0x140004083e0 4294967295 319cca7de1a53e4a43e3462c066ecfe1223a17a6f7d957aac2f3521a012248c4 0}] (type: []electrum.Vin)
2025-09-16 14:05:22.406 [INF] BTWL btcwallet.go:589: BTCWALLET: Successfully set up notification for address: tb1pvhkycu546rfek5tpkmns0dwxc7v74ul3dlad7as8gflywg3plsvqy8mc4j
ELECTRUM: getTransactionValue: Field 10: Vout = [{0 {[] 1 6dadec86b602950d982192f31264475290bfe0b7f31e40eeffd5859a62e0ede4 51206dadec86b602950d982192f31264475290bfe0b7f31e40eeffd5859a62e0ede4 0 witness_v1_taproot} 0.00017158} {1 {[] 1 6cc89a54ee175a70d71d798e0adf3705ce2503da5526d77fd4f70abcb60522f0 51206cc89a54ee175a70d71d798e0adf3705ce2503da5526d77fd4f70abcb60522f0 0 witness_v1_taproot} 0.10638024}] (type: []electrum.Vout)
ELECTRUM: getTransactionValue: Field 11: Merkle = {[] 0 0} (type: electrum.GetMerkleProofResult)
ELECTRUM: getTransactionValue: Processing 2 Vout entries for transaction 1ecd261bcd0685971ea43cbbd12631a449a1765f67f90c3813c8a6b8c93b86fc
ELECTRUM: getTransactionValue: Processing Vout entry 0 for transaction 1ecd261bcd0685971ea43cbbd12631a449a1765f67f90c3813c8a6b8c93b86fc
ELECTRUM: getTransactionValue: Vout[0] Field 0: N = 0 (type: uint32)
2025-09-16 14:05:22.407 [INF] BTWL btcwallet.go:564: BTCWALLET: Setting up notification for address: tb1p0gzw3zejyhpcnhel6fk44utj2wdvt6qeqm98nqxu6j56fcwme4psvdhc46
ELECTRUM: getTransactionValue: Vout[0] Field 1: ScriptPubkey = {[] 1 6dadec86b602950d982192f31264475290bfe0b7f31e40eeffd5859a62e0ede4 51206dadec86b602950d982192f31264475290bfe0b7f31e40eeffd5859a62e0ede4 0 witness_v1_taproot} (type: electrum.ScriptPubkey)
ELECTRUM: getTransactionValue: Vout[0] Field 2: Value = 0.00017158 (type: float64)
ELECTRUM: getTransactionValue: Vout[0] has value 0.000172 BTC (17158 satoshis)
ELECTRUM: getTransactionValue: Vout[0] ScriptPubkey type: electrum.ScriptPubkey
ELECTRUM: getTransactionValue: Vout[0] ScriptPubkey has 5 fields
ELECTRUM: getTransactionValue: Vout[0] ScriptPubkey Field 0: Addresses = [] (type: []string)
ELECTRUM: getTransactionValue: Vout[0] ScriptPubkey Field 1: Asm = 1 6dadec86b602950d982192f31264475290bfe0b7f31e40eeffd5859a62e0ede4 (type: string)
ELECTRUM: getTransactionValue: Vout[0] ScriptPubkey Field 2: Hex = 51206dadec86b602950d982192f31264475290bfe0b7f31e40eeffd5859a62e0ede4 (type: string)
ELECTRUM: getTransactionValue: Vout[0] ScriptPubkey Field 3: ReqSigs = 0 (type: uint32)
ELECTRUM: getTransactionValue: Vout[0] ScriptPubkey Field 4: Type = witness_v1_taproot (type: string)
ELECTRUM: getTransactionValue: Vout[0] extracted script hex from Hex field: 51206dadec86b602950d982192f31264475290bfe0b7f31e40eeffd5859a62e0ede4
2025-09-16 14:05:22.407 [INF] BTWL btcwallet.go:577: BTCWALLET: Calling chain.NotifyReceived for address: tb1p0gzw3zejyhpcnhel6fk44utj2wdvt6qeqm98nqxu6j56fcwme4psvdhc46
ELECTRUM: getTransactionValue: Vout[0] calculated script hash: 15bf6986842102e96df220461b8cfa26e5306ee0eedd007d5dddd821d6745563, target: 15bf6986842102e96df220461b8cfa26e5306ee0eedd007d5dddd821d6745563
ELECTRUM: getTransactionValue: Vout[0] matches our script hash, adding 17158 satoshis
ELECTRUM: getTransactionValue: Processing Vout entry 1 for transaction 1ecd261bcd0685971ea43cbbd12631a449a1765f67f90c3813c8a6b8c93b86fc
ELECTRUM: NotifyReceived called with 1 addresses
ELECTRUM: getTransactionValue: Vout[1] Field 0: N = 1 (type: uint32)
ELECTRUM: getTransactionValue: Vout[1] Field 1: ScriptPubkey = {[] 1 6cc89a54ee175a70d71d798e0adf3705ce2503da5526d77fd4f70abcb60522f0 51206cc89a54ee175a70d71d798e0adf3705ce2503da5526d77fd4f70abcb60522f0 0 witness_v1_taproot} (type: electrum.ScriptPubkey)
ELECTRUM: getTransactionValue: Vout[1] Field 2: Value = 0.10638024 (type: float64)
ELECTRUM: getTransactionValue: Vout[1] has value 0.106380 BTC (10638024 satoshis)
ELECTRUM: getTransactionValue: Vout[1] ScriptPubkey type: electrum.ScriptPubkey
ELECTRUM: getTransactionValue: Vout[1] ScriptPubkey has 5 fields
ELECTRUM: getTransactionValue: Vout[1] ScriptPubkey Field 0: Addresses = [] (type: []string)
ELECTRUM: getTransactionValue: Vout[1] ScriptPubkey Field 1: Asm = 1 6cc89a54ee175a70d71d798e0adf3705ce2503da5526d77fd4f70abcb60522f0 (type: string)
ELECTRUM: getTransactionValue: Vout[1] ScriptPubkey Field 2: Hex = 51206cc89a54ee175a70d71d798e0adf3705ce2503da5526d77fd4f70abcb60522f0 (type: string)
ELECTRUM: getTransactionValue: Vout[1] ScriptPubkey Field 3: ReqSigs = 0 (type: uint32)
ELECTRUM: getTransactionValue: Vout[1] ScriptPubkey Field 4: Type = witness_v1_taproot (type: string)
ELECTRUM: getTransactionValue: Vout[1] extracted script hex from Hex field: 51206cc89a54ee175a70d71d798e0adf3705ce2503da5526d77fd4f70abcb60522f0
ELECTRUM: getTransactionValue: Vout[1] calculated script hash: e86f3f3f4929bec039bb0229be9edb8343b43af2081e5037fb2094134bb9583b, target: 15bf6986842102e96df220461b8cfa26e5306ee0eedd007d5dddd821d6745563
ELECTRUM: getTransactionValue: Vout[1] does not match our script hash, skipping
ELECTRUM: buildTransactionDetail: Transaction 1ecd261bcd0685971ea43cbbd12631a449a1765f67f90c3813c8a6b8c93b86fc has actual value 17158 satoshis
2025/09/16 14:05:22 ELECTRUM: GetBlockHash called for height: 4670036
ELECTRUM: Starting fetchAddressHistory for address: tb1p0gzw3zejyhpcnhel6fk44utj2wdvt6qeqm98nqxu6j56fcwme4psvdhc46
2025-09-16 14:05:22.649 [INF] BTWL btcwallet.go:485: BTCWALLET: Received transaction callback - txHash: 1ecd261bcd0685971ea43cbbd12631a449a1765f67f90c3813c8a6b8c93b86fc, address: tb1pdkk7ep4kq22smxppjte3yez822gtlc9h7v0ypmhl6kze5chqahjqahfutx, value: 17158, confirmations: 58
ELECTRUM: Processing transaction 0 for address tb1pvhkycu546rfek5tpkmns0dwxc7v74ul3dlad7as8gflywg3plsvqy8mc4j
ELECTRUM: Calling buildTransactionDetail for entry 0
ELECTRUM: buildTransactionDetail called with entry type: *electrum.GetMempoolResult
2025-09-16 14:05:22.650 [INF] BTWL btcwallet.go:509: BTCWALLET: Integrating discovered transaction 1ecd261bcd0685971ea43cbbd12631a449a1765f67f90c3813c8a6b8c93b86fc for address tb1pdkk7ep4kq22smxppjte3yez822gtlc9h7v0ypmhl6kze5chqahjqahfutx (value: 17158, confirmations: 58)
ELECTRUM: buildTransactionDetail: Transaction 57d7e5a301f0f54500424260dcc2b9825574b77e89a4f019d9af0df573bf443b has height: 4661549
ELECTRUM: buildTransactionDetail: About to call GetTransaction for 57d7e5a301f0f54500424260dcc2b9825574b77e89a4f019d9af0df573bf443b
ELECTRUM: buildTransactionDetail: Getting transaction details for 57d7e5a301f0f54500424260dcc2b9825574b77e89a4f019d9af0df573bf443b
ELECTRUM: Fetching transaction history for address: tb1p0gzw3zejyhpcnhel6fk44utj2wdvt6qeqm98nqxu6j56fcwme4psvdhc46
ELECTRUM: Calling GetHistory for address: tb1p0gzw3zejyhpcnhel6fk44utj2wdvt6qeqm98nqxu6j56fcwme4psvdhc46, scriptHash: e5d8548e6042aa54fcbebb2539efa284c89350ce19c9141286a2f910de14df05
2025-09-16 14:05:22.649 [INF] BTWL btcwallet.go:587: BTCWALLET: chain.NotifyReceived completed successfully for address: tb1p0gzw3zejyhpcnhel6fk44utj2wdvt6qeqm98nqxu6j56fcwme4psvdhc46
2025-09-16 14:05:22.650 [INF] BTWL btcwallet.go:545: BTCWALLET: Successfully integrated transaction 1ecd261bcd0685971ea43cbbd12631a449a1765f67f90c3813c8a6b8c93b86fc (value: 17158 satoshis, confirmations: 58)
2025-09-16 14:05:22.650 [INF] BTWL btcwallet.go:589: BTCWALLET: Successfully set up notification for address: tb1p0gzw3zejyhpcnhel6fk44utj2wdvt6qeqm98nqxu6j56fcwme4psvdhc46
2025-09-16 14:05:22.650 [INF] BTWL btcwallet.go:493: BTCWALLET: Successfully integrated discovered transaction 1ecd261bcd0685971ea43cbbd12631a449a1765f67f90c3813c8a6b8c93b86fc
2025-09-16 14:05:22.650 [INF] BTWL btcwallet.go:564: BTCWALLET: Setting up notification for address: tb1pk009nxek67sq93jw5wry764rjm5zkpfs5n8q4n98wcnvujmmnhvqwlyepq
2025-09-16 14:05:22.650 [INF] BTWL btcwallet.go:577: BTCWALLET: Calling chain.NotifyReceived for address: tb1pk009nxek67sq93jw5wry764rjm5zkpfs5n8q4n98wcnvujmmnhvqwlyepq
ELECTRUM: NotifyReceived called with 1 addresses
ELECTRUM: Starting fetchAddressHistory for address: tb1pk009nxek67sq93jw5wry764rjm5zkpfs5n8q4n98wcnvujmmnhvqwlyepq
2025-09-16 14:05:22.886 [INF] BTWL btcwallet.go:587: BTCWALLET: chain.NotifyReceived completed successfully for address: tb1pk009nxek67sq93jw5wry764rjm5zkpfs5n8q4n98wcnvujmmnhvqwlyepq
ELECTRUM: buildTransactionDetail: Successfully got transaction 57d7e5a301f0f54500424260dcc2b9825574b77e89a4f019d9af0df573bf443b
ELECTRUM: buildTransactionDetail: GetTransaction succeeded for 57d7e5a301f0f54500424260dcc2b9825574b77e89a4f019d9af0df573bf443b, processing result
ELECTRUM: buildTransactionDetail: Processing transaction result for 57d7e5a301f0f54500424260dcc2b9825574b77e89a4f019d9af0df573bf443b
ELECTRUM: buildTransactionDetail: Transaction result is not nil for 57d7e5a301f0f54500424260dcc2b9825574b77e89a4f019d9af0df573bf443b
ELECTRUM: buildTransactionDetail: Attempting to get actual value for transaction 57d7e5a301f0f54500424260dcc2b9825574b77e89a4f019d9af0df573bf443b
ELECTRUM: Fetching transaction history for address: tb1pk009nxek67sq93jw5wry764rjm5zkpfs5n8q4n98wcnvujmmnhvqwlyepq
ELECTRUM: Calling GetHistory for address: tb1pk009nxek67sq93jw5wry764rjm5zkpfs5n8q4n98wcnvujmmnhvqwlyepq, scriptHash: e1ad1f932ae867651ec2f60823054c788e2d4777cea966f5a9eb264a24750f03
2025-09-16 14:05:22.886 [INF] BTWL btcwallet.go:589: BTCWALLET: Successfully set up notification for address: tb1pk009nxek67sq93jw5wry764rjm5zkpfs5n8q4n98wcnvujmmnhvqwlyepq
2025-09-16 14:05:22.886 [INF] BTWL btcwallet.go:564: BTCWALLET: Setting up notification for address: tb1pdt36eq5eqqfmretmf5fttd08w0xvwvz6xlyzy85mn7ae4fxag0gs84m89j
2025-09-16 14:05:22.886 [INF] BTWL btcwallet.go:577: BTCWALLET: Calling chain.NotifyReceived for address: tb1pdt36eq5eqqfmretmf5fttd08w0xvwvz6xlyzy85mn7ae4fxag0gs84m89j
ELECTRUM: NotifyReceived called with 1 addresses
ELECTRUM: Starting fetchAddressHistory for address: tb1pdt36eq5eqqfmretmf5fttd08w0xvwvz6xlyzy85mn7ae4fxag0gs84m89j
2025-09-16 14:05:23.119 [INF] BTWL btcwallet.go:587: BTCWALLET: chain.NotifyReceived completed successfully for address: tb1pdt36eq5eqqfmretmf5fttd08w0xvwvz6xlyzy85mn7ae4fxag0gs84m89j
ELECTRUM: Fetching transaction history for address: tb1pdt36eq5eqqfmretmf5fttd08w0xvwvz6xlyzy85mn7ae4fxag0gs84m89j
ELECTRUM: Calling GetHistory for address: tb1pdt36eq5eqqfmretmf5fttd08w0xvwvz6xlyzy85mn7ae4fxag0gs84m89j, scriptHash: a316d302121d1b62c9b4ec3de415b72930916c9b2fecde6d85dcb59e82024e3d
2025-09-16 14:05:23.119 [INF] BTWL btcwallet.go:589: BTCWALLET: Successfully set up notification for address: tb1pdt36eq5eqqfmretmf5fttd08w0xvwvz6xlyzy85mn7ae4fxag0gs84m89j
2025-09-16 14:05:23.119 [INF] BTWL btcwallet.go:557: BTCWALLET: Address tb1q35l5pfwv0wj2x0w6dvfr6rdv43mrdavey28800 already processed, skipping duplicate setup
2025-09-16 14:05:23.119 [INF] BTWL btcwallet.go:557: BTCWALLET: Address tb1q3wmfzpnluglv5auudgl2zzsne33auzpmr3vguv already processed, skipping duplicate setup
2025-09-16 14:05:23.119 [INF] BTWL btcwallet.go:557: BTCWALLET: Address tb1qnf9a6cdf8c93ca97767cvted4y9a8lrjr9rctd already processed, skipping duplicate setup
2025-09-16 14:05:23.119 [INF] BTWL btcwallet.go:557: BTCWALLET: Address tb1qudd8v6rz3m294gdmmmys29xugkl2f6qzgk3str already processed, skipping duplicate setup
2025-09-16 14:05:23.119 [INF] BTWL btcwallet.go:557: BTCWALLET: Address tb1qzja2zr3jt2tn5j4emss49745hwdxagaqvru8d4 already processed, skipping duplicate setup
2025-09-16 14:05:23.119 [INF] BTWL btcwallet.go:557: BTCWALLET: Address tb1q25xq62ad6s9pymemadk7sf08alk3k6q7l4m5pj already processed, skipping duplicate setup
2025-09-16 14:05:23.119 [INF] BTWL btcwallet.go:557: BTCWALLET: Address tb1qu4ug4mres4yx49ts998805u2ale66jeah6dvxq already processed, skipping duplicate setup
2025-09-16 14:05:23.119 [INF] BTWL btcwallet.go:557: BTCWALLET: Address tb1qs6nvlnyhs604adlsulc3p0c4fa0g80uutdukx9 already processed, skipping duplicate setup
2025-09-16 14:05:23.119 [INF] BTWL btcwallet.go:557: BTCWALLET: Address tb1q8chvehh7ptzcfylzsgysk08cm3ppt8fvleeggz already processed, skipping duplicate setup
2025-09-16 14:05:23.119 [INF] BTWL btcwallet.go:557: BTCWALLET: Address tb1q2xgdnhrez9r46a65g4jacpynkjmnfe6f6a7rv9 already processed, skipping duplicate setup
2025-09-16 14:05:23.119 [INF] BTWL btcwallet.go:557: BTCWALLET: Address tb1qjka5z9xsg53v4925jn28umwwz3u5tyh302wg30 already processed, skipping duplicate setup
2025-09-16 14:05:23.119 [INF] BTWL btcwallet.go:557: BTCWALLET: Address tb1qy84s4sf7y0eetkst3eaah849ky60jdjra09ptk already processed, skipping duplicate setup
2025-09-16 14:05:23.119 [INF] BTWL btcwallet.go:557: BTCWALLET: Address tb1q84gk7xt5mkcd5d0kn2pj26gep8zdp8esy5jst5 already processed, skipping duplicate setup
2025-09-16 14:05:23.119 [INF] BTWL btcwallet.go:557: BTCWALLET: Address tb1qf07tpug9zz6vffhhm3amvqtujhldkcv2j2wycf already processed, skipping duplicate setup
2025-09-16 14:05:23.119 [INF] BTWL btcwallet.go:557: BTCWALLET: Address tb1pv6wu2k2pls6eclghkyv4rehmv8pf93kj5x7pejzak3gzd3a9778shsgnq0 already processed, skipping duplicate setup
2025-09-16 14:05:23.119 [INF] BTWL btcwallet.go:557: BTCWALLET: Address tb1pa8pzeyefw7glky6entgy0zge4w22kvd0smr56m03jv0z3d0nlxqq6ww377 already processed, skipping duplicate setup
2025-09-16 14:05:23.119 [INF] BTWL btcwallet.go:557: BTCWALLET: Address tb1pyv0yhlfkue5jv8djnqst2mx0gls46ef42rfmxnsxn6qk0rs2etesn8ee50 already processed, skipping duplicate setup
2025-09-16 14:05:23.119 [INF] BTWL btcwallet.go:557: BTCWALLET: Address tb1pdw5jf09namf7sdkxqjrlru7uthdeugrps662cdlzet8ht02jw48sgy0gs6 already processed, skipping duplicate setup
2025-09-16 14:05:23.119 [INF] BTWL btcwallet.go:557: BTCWALLET: Address tb1pqxhwj0c5z7jkz6pcur2lryehylrl4yzh0fvgphnpf769578k2qwqq8pvqd already processed, skipping duplicate setup
2025-09-16 14:05:23.119 [INF] BTWL btcwallet.go:557: BTCWALLET: Address tb1pyts089s2l3zpfhculluw6lxzwfsary8cj9m26edtrqxss7p7qydqat9hw2 already processed, skipping duplicate setup
2025-09-16 14:05:23.119 [INF] BTWL btcwallet.go:557: BTCWALLET: Address tb1py0jfpc0ft4zsfhg7p3peze4q6wdl9l2gfwzf8ar64skxkhz9v9lsuhm2g4 already processed, skipping duplicate setup
2025-09-16 14:05:23.119 [INF] BTWL btcwallet.go:557: BTCWALLET: Address tb1putvlls3ekqm74khy2ls7hdadxn4ldxsuh9v2thg7hyht9ysjlvsqqwjnw6 already processed, skipping duplicate setup
2025-09-16 14:05:23.119 [INF] BTWL btcwallet.go:557: BTCWALLET: Address tb1pdkk7ep4kq22smxppjte3yez822gtlc9h7v0ypmhl6kze5chqahjqahfutx already processed, skipping duplicate setup
2025-09-16 14:05:23.119 [INF] BTWL btcwallet.go:557: BTCWALLET: Address tb1pm2zwfrhd04ue5dqlwt8nvg9vdd8kcp75nsh3lmnat2mqmelg2vks5vkvfj already processed, skipping duplicate setup
2025-09-16 14:05:23.119 [INF] BTWL btcwallet.go:557: BTCWALLET: Address tb1p4pnenccvuzkx28tz8xgrfepdxzw56zlht9lsr9lef2030m3gcveqrym9ty already processed, skipping duplicate setup
2025-09-16 14:05:23.119 [INF] BTWL btcwallet.go:557: BTCWALLET: Address tb1pvhkycu546rfek5tpkmns0dwxc7v74ul3dlad7as8gflywg3plsvqy8mc4j already processed, skipping duplicate setup
2025-09-16 14:05:23.119 [INF] BTWL btcwallet.go:557: BTCWALLET: Address tb1p0gzw3zejyhpcnhel6fk44utj2wdvt6qeqm98nqxu6j56fcwme4psvdhc46 already processed, skipping duplicate setup
2025-09-16 14:05:23.119 [INF] BTWL btcwallet.go:557: BTCWALLET: Address tb1pk009nxek67sq93jw5wry764rjm5zkpfs5n8q4n98wcnvujmmnhvqwlyepq already processed, skipping duplicate setup
2025-09-16 14:05:23.119 [INF] BTWL btcwallet.go:557: BTCWALLET: Address tb1pdt36eq5eqqfmretmf5fttd08w0xvwvz6xlyzy85mn7ae4fxag0gs84m89j already processed, skipping duplicate setup
2025-09-16 14:05:23.119 [INF] BTWL btcwallet.go:468: BTCWALLET: Completed setting up notifications for 58 addresses
2025-09-16 14:05:23.119 [INF] BTWL btcwallet.go:420: BTCWALLET: Electrum address notifications set up successfully
ELECTRUM: getTransactionValue: Transaction result type: *electrum.GetTransactionResult, fields: 12
ELECTRUM: getTransactionValue: Field 0: Blockhash = 000000000001e10a952d521ee1dd4fea2b58e4e4e38f36c973ebfc92e90fb7d6 (type: string)
ELECTRUM: getTransactionValue: Field 1: Blocktime = 1758029154 (type: uint64)
ELECTRUM: getTransactionValue: Field 2: Confirmations = 8546 (type: int32)
ELECTRUM: getTransactionValue: Field 3: Hash = 79257b4fbbb8885b6bbc2efecff4e9dfdb799a8871e223780cb54ac1ca15cb15 (type: string)
ELECTRUM: getTransactionValue: Field 4: Hex = 01000000000101abafdb07f6944dadbc3aeaea3d20af45d416365a07f02a3608e0015ba1c2ab510100000000ffffffff021f20a30000000000225120bcae08581d1e0f6c335d62afd89bfc1a4f70f2f3191847866e3d07ea86104f9beb1000000000000022512065ec4c7295d0d39b5161b6e707b5c6c799eaf3f16ffadf7607427e472221fc180140ee89d845610998471bac8849ed2b2273b8d0d3a8bab6f2f3403a904ea66a613d3d68645e2931e79f8f78dc5f46b75e56072a8822e873dee9f6b2b4094de36cd600000000 (type: string)
ELECTRUM: getTransactionValue: Field 5: Locktime = 0 (type: uint32)
ELECTRUM: getTransactionValue: Field 6: Size = 205 (type: uint32)
ELECTRUM: getTransactionValue: Field 7: Time = 1758029154 (type: uint64)
ELECTRUM: getTransactionValue: Field 8: Version = 1 (type: uint32)
ELECTRUM: getTransactionValue: Field 9: Vin = [{ 0x1400027e7c0 4294967295 51abc2a15b01e008362af0075a3616d445af203deaea3abcad4d94f607dbafab 1}] (type: []electrum.Vin)
ELECTRUM: getTransactionValue: Field 10: Vout = [{0 {[] 1 bcae08581d1e0f6c335d62afd89bfc1a4f70f2f3191847866e3d07ea86104f9b 5120bcae08581d1e0f6c335d62afd89bfc1a4f70f2f3191847866e3d07ea86104f9b 0 witness_v1_taproot} 0.10690591} {1 {[] 1 65ec4c7295d0d39b5161b6e707b5c6c799eaf3f16ffadf7607427e472221fc18 512065ec4c7295d0d39b5161b6e707b5c6c799eaf3f16ffadf7607427e472221fc18 0 witness_v1_taproot} 4.331e-05}] (type: []electrum.Vout)
ELECTRUM: getTransactionValue: Field 11: Merkle = {[] 0 0} (type: electrum.GetMerkleProofResult)
ELECTRUM: getTransactionValue: Processing 2 Vout entries for transaction 57d7e5a301f0f54500424260dcc2b9825574b77e89a4f019d9af0df573bf443b
ELECTRUM: getTransactionValue: Processing Vout entry 0 for transaction 57d7e5a301f0f54500424260dcc2b9825574b77e89a4f019d9af0df573bf443b
ELECTRUM: getTransactionValue: Vout[0] Field 0: N = 0 (type: uint32)
ELECTRUM: getTransactionValue: Vout[0] Field 1: ScriptPubkey = {[] 1 bcae08581d1e0f6c335d62afd89bfc1a4f70f2f3191847866e3d07ea86104f9b 5120bcae08581d1e0f6c335d62afd89bfc1a4f70f2f3191847866e3d07ea86104f9b 0 witness_v1_taproot} (type: electrum.ScriptPubkey)
ELECTRUM: getTransactionValue: Vout[0] Field 2: Value = 0.10690591 (type: float64)
ELECTRUM: getTransactionValue: Vout[0] has value 0.106906 BTC (10690591 satoshis)
ELECTRUM: getTransactionValue: Vout[0] ScriptPubkey type: electrum.ScriptPubkey
ELECTRUM: getTransactionValue: Vout[0] ScriptPubkey has 5 fields
ELECTRUM: getTransactionValue: Vout[0] ScriptPubkey Field 0: Addresses = [] (type: []string)
ELECTRUM: getTransactionValue: Vout[0] ScriptPubkey Field 1: Asm = 1 bcae08581d1e0f6c335d62afd89bfc1a4f70f2f3191847866e3d07ea86104f9b (type: string)
ELECTRUM: getTransactionValue: Vout[0] ScriptPubkey Field 2: Hex = 5120bcae08581d1e0f6c335d62afd89bfc1a4f70f2f3191847866e3d07ea86104f9b (type: string)
ELECTRUM: getTransactionValue: Vout[0] ScriptPubkey Field 3: ReqSigs = 0 (type: uint32)
ELECTRUM: getTransactionValue: Vout[0] ScriptPubkey Field 4: Type = witness_v1_taproot (type: string)
ELECTRUM: getTransactionValue: Vout[0] extracted script hex from Hex field: 5120bcae08581d1e0f6c335d62afd89bfc1a4f70f2f3191847866e3d07ea86104f9b
ELECTRUM: getTransactionValue: Vout[0] calculated script hash: 3e1ff1200029e270b283707ae71fbc8812fb6e7c3bd2e19d5e45251eec1480de, target: 8c695d50cc3c9b971f716464bca5a0adcd8d5334c79d76ffe4776646c0a2228f
ELECTRUM: getTransactionValue: Vout[0] does not match our script hash, skipping
ELECTRUM: getTransactionValue: Processing Vout entry 1 for transaction 57d7e5a301f0f54500424260dcc2b9825574b77e89a4f019d9af0df573bf443b
ELECTRUM: getTransactionValue: Vout[1] Field 0: N = 1 (type: uint32)
ELECTRUM: getTransactionValue: Vout[1] Field 1: ScriptPubkey = {[] 1 65ec4c7295d0d39b5161b6e707b5c6c799eaf3f16ffadf7607427e472221fc18 512065ec4c7295d0d39b5161b6e707b5c6c799eaf3f16ffadf7607427e472221fc18 0 witness_v1_taproot} (type: electrum.ScriptPubkey)
ELECTRUM: getTransactionValue: Vout[1] Field 2: Value = 4.331e-05 (type: float64)
ELECTRUM: getTransactionValue: Vout[1] has value 0.000043 BTC (4331 satoshis)
ELECTRUM: getTransactionValue: Vout[1] ScriptPubkey type: electrum.ScriptPubkey
ELECTRUM: getTransactionValue: Vout[1] ScriptPubkey has 5 fields
ELECTRUM: getTransactionValue: Vout[1] ScriptPubkey Field 0: Addresses = [] (type: []string)
ELECTRUM: getTransactionValue: Vout[1] ScriptPubkey Field 1: Asm = 1 65ec4c7295d0d39b5161b6e707b5c6c799eaf3f16ffadf7607427e472221fc18 (type: string)
ELECTRUM: getTransactionValue: Vout[1] ScriptPubkey Field 2: Hex = 512065ec4c7295d0d39b5161b6e707b5c6c799eaf3f16ffadf7607427e472221fc18 (type: string)
ELECTRUM: getTransactionValue: Vout[1] ScriptPubkey Field 3: ReqSigs = 0 (type: uint32)
ELECTRUM: getTransactionValue: Vout[1] ScriptPubkey Field 4: Type = witness_v1_taproot (type: string)
ELECTRUM: getTransactionValue: Vout[1] extracted script hex from Hex field: 512065ec4c7295d0d39b5161b6e707b5c6c799eaf3f16ffadf7607427e472221fc18
ELECTRUM: getTransactionValue: Vout[1] calculated script hash: 8c695d50cc3c9b971f716464bca5a0adcd8d5334c79d76ffe4776646c0a2228f, target: 8c695d50cc3c9b971f716464bca5a0adcd8d5334c79d76ffe4776646c0a2228f
ELECTRUM: getTransactionValue: Vout[1] matches our script hash, adding 4331 satoshis
ELECTRUM: buildTransactionDetail: Transaction 57d7e5a301f0f54500424260dcc2b9825574b77e89a4f019d9af0df573bf443b has actual value 4331 satoshis
2025/09/16 14:05:23 ELECTRUM: GetBlockHash called for height: 4661549
2025-09-16 14:05:23.353 [INF] BTWL btcwallet.go:485: BTCWALLET: Received transaction callback - txHash: 57d7e5a301f0f54500424260dcc2b9825574b77e89a4f019d9af0df573bf443b, address: tb1pvhkycu546rfek5tpkmns0dwxc7v74ul3dlad7as8gflywg3plsvqy8mc4j, value: 4331, confirmations: 8545
2025-09-16 14:05:23.353 [INF] BTWL btcwallet.go:509: BTCWALLET: Integrating discovered transaction 57d7e5a301f0f54500424260dcc2b9825574b77e89a4f019d9af0df573bf443b for address tb1pvhkycu546rfek5tpkmns0dwxc7v74ul3dlad7as8gflywg3plsvqy8mc4j (value: 4331, confirmations: 8545)
2025-09-16 14:05:23.353 [INF] BTWL btcwallet.go:545: BTCWALLET: Successfully integrated transaction 57d7e5a301f0f54500424260dcc2b9825574b77e89a4f019d9af0df573bf443b (value: 4331 satoshis, confirmations: 8545)
2025-09-16 14:05:23.353 [INF] BTWL btcwallet.go:493: BTCWALLET: Successfully integrated discovered transaction 57d7e5a301f0f54500424260dcc2b9825574b77e89a4f019d9af0df573bf443b
2025/09/16 14:05:27 ELECTRUM: Script hash 5402d6c137487f5e00d46c16a85ec56d25ab29f8636995d4bf586bc08bbce31e status changed from 5402d6c137487f5e00d46c16a85ec56d25ab29f8636995d4bf586bc08bbce31e to tx_count:0 - new transactions detected!
2025/09/16 14:05:27 ELECTRUM: Handling script hash update for 5402d6c137487f5e00d46c16a85ec56d25ab29f8636995d4bf586bc08bbce31e
2025/09/16 14:05:27 ELECTRUM: Found 0 transactions for script hash 5402d6c137487f5e00d46c16a85ec56d25ab29f8636995d4bf586bc08bbce31e
2025/09/16 14:05:27 ELECTRUM: Script hash 6fc32843e990f987cd411ceb807c95b202cec6c3971e9cb4e6caa2b607feb8f5 status changed from 6fc32843e990f987cd411ceb807c95b202cec6c3971e9cb4e6caa2b607feb8f5 to tx_count:0 - new transactions detected!
2025/09/16 14:05:27 ELECTRUM: Handling script hash update for 6fc32843e990f987cd411ceb807c95b202cec6c3971e9cb4e6caa2b607feb8f5
2025/09/16 14:05:27 ELECTRUM: Found 0 transactions for script hash 6fc32843e990f987cd411ceb807c95b202cec6c3971e9cb4e6caa2b607feb8f5
2025/09/16 14:05:28 ELECTRUM: Script hash b66131e80f4d50ca98ca6c1a4944746699c609136ce4aa4b4f162dd9de3dfe6d status changed from b66131e80f4d50ca98ca6c1a4944746699c609136ce4aa4b4f162dd9de3dfe6d to tx_count:0 - new transactions detected!
2025/09/16 14:05:28 ELECTRUM: Handling script hash update for b66131e80f4d50ca98ca6c1a4944746699c609136ce4aa4b4f162dd9de3dfe6d
2025/09/16 14:05:28 ELECTRUM: Found 0 transactions for script hash b66131e80f4d50ca98ca6c1a4944746699c609136ce4aa4b4f162dd9de3dfe6d
2025/09/16 14:05:28 ELECTRUM: Script hash 8ffe8589aabc0270d07eb3d7eb59003aea385db49b2f2cda6a405ba17ae25436 status changed from 8ffe8589aabc0270d07eb3d7eb59003aea385db49b2f2cda6a405ba17ae25436 to tx_count:0 - new transactions detected!
2025/09/16 14:05:28 ELECTRUM: Handling script hash update for 8ffe8589aabc0270d07eb3d7eb59003aea385db49b2f2cda6a405ba17ae25436
2025/09/16 14:05:28 ELECTRUM: Found 0 transactions for script hash 8ffe8589aabc0270d07eb3d7eb59003aea385db49b2f2cda6a405ba17ae25436
2025/09/16 14:05:28 ELECTRUM: Script hash 1f1546aea3cb0bbe6272bb05f049b1d43ea9cd69a421402946f1e21b67d24a7f status changed from 1f1546aea3cb0bbe6272bb05f049b1d43ea9cd69a421402946f1e21b67d24a7f to tx_count:1,latest_height:4661802 - new transactions detected!
2025/09/16 14:05:28 ELECTRUM: Handling script hash update for 1f1546aea3cb0bbe6272bb05f049b1d43ea9cd69a421402946f1e21b67d24a7f
2025/09/16 14:05:29 ELECTRUM: Found 1 transactions for script hash 1f1546aea3cb0bbe6272bb05f049b1d43ea9cd69a421402946f1e21b67d24a7f
2025/09/16 14:05:29 ELECTRUM: Processing transaction 0 for script hash 1f1546aea3cb0bbe6272bb05f049b1d43ea9cd69a421402946f1e21b67d24a7f
ELECTRUM: buildTransactionDetail called with entry type: *electrum.GetMempoolResult
ELECTRUM: buildTransactionDetail: Transaction 480e83a34f676e6fcff1d82c4b2f7b2132407fd27b73878de31f52da6305fd94 has height: 4661802
ELECTRUM: buildTransactionDetail: About to call GetTransaction for 480e83a34f676e6fcff1d82c4b2f7b2132407fd27b73878de31f52da6305fd94
ELECTRUM: buildTransactionDetail: Getting transaction details for 480e83a34f676e6fcff1d82c4b2f7b2132407fd27b73878de31f52da6305fd94
ELECTRUM: buildTransactionDetail: Successfully got transaction 480e83a34f676e6fcff1d82c4b2f7b2132407fd27b73878de31f52da6305fd94
ELECTRUM: buildTransactionDetail: GetTransaction succeeded for 480e83a34f676e6fcff1d82c4b2f7b2132407fd27b73878de31f52da6305fd94, processing result
ELECTRUM: buildTransactionDetail: Processing transaction result for 480e83a34f676e6fcff1d82c4b2f7b2132407fd27b73878de31f52da6305fd94
ELECTRUM: buildTransactionDetail: Transaction result is not nil for 480e83a34f676e6fcff1d82c4b2f7b2132407fd27b73878de31f52da6305fd94
ELECTRUM: buildTransactionDetail: Attempting to get actual value for transaction 480e83a34f676e6fcff1d82c4b2f7b2132407fd27b73878de31f52da6305fd94
ELECTRUM: getTransactionValue: Transaction result type: *electrum.GetTransactionResult, fields: 12
ELECTRUM: getTransactionValue: Field 0: Blockhash = 000000000000184ff2bbae51760a4abbd4744106a6b30f6ddb96fe9fb4c9fb27 (type: string)
ELECTRUM: getTransactionValue: Field 1: Blocktime = 1758029275 (type: uint64)
ELECTRUM: getTransactionValue: Field 2: Confirmations = 8298 (type: int32)
ELECTRUM: getTransactionValue: Field 3: Hash = bd86ffd16fd7cc0c80eb6e714382a0b2317922fb5a6cd70b23893f7d6ef4f814 (type: string)
ELECTRUM: getTransactionValue: Field 4: Hex = 010000000001013b44bf73f50dafd919f0a4897eb7745582b9c2dc6042420045f5f001a3e5d7570000000000ffffffff02eb1000000000000022512023e490e1e95d4504dd1e0c439166a0d39bf2fd484b8493f47aac2c6b5c45617ffe0da30000000000225120a93a8cba6673228ea32811dfac43d127bd8caf5d31562a3f8013812d98b9be19014042a93481889251b8a32e77dcffde5e58a2412ca94203e41a508f8089da0127d2f42861578088109ed8145b35f54ce495f09a77a6f4a4de4aca30e40ee062d2ba00000000 (type: string)
ELECTRUM: getTransactionValue: Field 5: Locktime = 0 (type: uint32)
ELECTRUM: getTransactionValue: Field 6: Size = 205 (type: uint32)
ELECTRUM: getTransactionValue: Field 7: Time = 1758029275 (type: uint64)
ELECTRUM: getTransactionValue: Field 8: Version = 1 (type: uint32)
ELECTRUM: getTransactionValue: Field 9: Vin = [{ 0x1400027fce0 4294967295 57d7e5a301f0f54500424260dcc2b9825574b77e89a4f019d9af0df573bf443b 0}] (type: []electrum.Vin)
ELECTRUM: getTransactionValue: Field 10: Vout = [{0 {[] 1 23e490e1e95d4504dd1e0c439166a0d39bf2fd484b8493f47aac2c6b5c45617f 512023e490e1e95d4504dd1e0c439166a0d39bf2fd484b8493f47aac2c6b5c45617f 0 witness_v1_taproot} 4.331e-05} {1 {[] 1 a93a8cba6673228ea32811dfac43d127bd8caf5d31562a3f8013812d98b9be19 5120a93a8cba6673228ea32811dfac43d127bd8caf5d31562a3f8013812d98b9be19 0 witness_v1_taproot} 0.1068595}] (type: []electrum.Vout)
ELECTRUM: getTransactionValue: Field 11: Merkle = {[] 0 0} (type: electrum.GetMerkleProofResult)
ELECTRUM: getTransactionValue: Processing 2 Vout entries for transaction 480e83a34f676e6fcff1d82c4b2f7b2132407fd27b73878de31f52da6305fd94
ELECTRUM: getTransactionValue: Processing Vout entry 0 for transaction 480e83a34f676e6fcff1d82c4b2f7b2132407fd27b73878de31f52da6305fd94
ELECTRUM: getTransactionValue: Vout[0] Field 0: N = 0 (type: uint32)
ELECTRUM: getTransactionValue: Vout[0] Field 1: ScriptPubkey = {[] 1 23e490e1e95d4504dd1e0c439166a0d39bf2fd484b8493f47aac2c6b5c45617f 512023e490e1e95d4504dd1e0c439166a0d39bf2fd484b8493f47aac2c6b5c45617f 0 witness_v1_taproot} (type: electrum.ScriptPubkey)
ELECTRUM: getTransactionValue: Vout[0] Field 2: Value = 4.331e-05 (type: float64)
ELECTRUM: getTransactionValue: Vout[0] has value 0.000043 BTC (4331 satoshis)
ELECTRUM: getTransactionValue: Vout[0] ScriptPubkey type: electrum.ScriptPubkey
ELECTRUM: getTransactionValue: Vout[0] ScriptPubkey has 5 fields
ELECTRUM: getTransactionValue: Vout[0] ScriptPubkey Field 0: Addresses = [] (type: []string)
ELECTRUM: getTransactionValue: Vout[0] ScriptPubkey Field 1: Asm = 1 23e490e1e95d4504dd1e0c439166a0d39bf2fd484b8493f47aac2c6b5c45617f (type: string)
ELECTRUM: getTransactionValue: Vout[0] ScriptPubkey Field 2: Hex = 512023e490e1e95d4504dd1e0c439166a0d39bf2fd484b8493f47aac2c6b5c45617f (type: string)
ELECTRUM: getTransactionValue: Vout[0] ScriptPubkey Field 3: ReqSigs = 0 (type: uint32)
ELECTRUM: getTransactionValue: Vout[0] ScriptPubkey Field 4: Type = witness_v1_taproot (type: string)
ELECTRUM: getTransactionValue: Vout[0] extracted script hex from Hex field: 512023e490e1e95d4504dd1e0c439166a0d39bf2fd484b8493f47aac2c6b5c45617f
ELECTRUM: getTransactionValue: Vout[0] calculated script hash: 1f1546aea3cb0bbe6272bb05f049b1d43ea9cd69a421402946f1e21b67d24a7f, target: 1f1546aea3cb0bbe6272bb05f049b1d43ea9cd69a421402946f1e21b67d24a7f
ELECTRUM: getTransactionValue: Vout[0] matches our script hash, adding 4331 satoshis
ELECTRUM: getTransactionValue: Processing Vout entry 1 for transaction 480e83a34f676e6fcff1d82c4b2f7b2132407fd27b73878de31f52da6305fd94
ELECTRUM: getTransactionValue: Vout[1] Field 0: N = 1 (type: uint32)
ELECTRUM: getTransactionValue: Vout[1] Field 1: ScriptPubkey = {[] 1 a93a8cba6673228ea32811dfac43d127bd8caf5d31562a3f8013812d98b9be19 5120a93a8cba6673228ea32811dfac43d127bd8caf5d31562a3f8013812d98b9be19 0 witness_v1_taproot} (type: electrum.ScriptPubkey)
ELECTRUM: getTransactionValue: Vout[1] Field 2: Value = 0.1068595 (type: float64)
ELECTRUM: getTransactionValue: Vout[1] has value 0.106859 BTC (10685950 satoshis)
ELECTRUM: getTransactionValue: Vout[1] ScriptPubkey type: electrum.ScriptPubkey
ELECTRUM: getTransactionValue: Vout[1] ScriptPubkey has 5 fields
ELECTRUM: getTransactionValue: Vout[1] ScriptPubkey Field 0: Addresses = [] (type: []string)
ELECTRUM: getTransactionValue: Vout[1] ScriptPubkey Field 1: Asm = 1 a93a8cba6673228ea32811dfac43d127bd8caf5d31562a3f8013812d98b9be19 (type: string)
ELECTRUM: getTransactionValue: Vout[1] ScriptPubkey Field 2: Hex = 5120a93a8cba6673228ea32811dfac43d127bd8caf5d31562a3f8013812d98b9be19 (type: string)
ELECTRUM: getTransactionValue: Vout[1] ScriptPubkey Field 3: ReqSigs = 0 (type: uint32)
ELECTRUM: getTransactionValue: Vout[1] ScriptPubkey Field 4: Type = witness_v1_taproot (type: string)
ELECTRUM: getTransactionValue: Vout[1] extracted script hex from Hex field: 5120a93a8cba6673228ea32811dfac43d127bd8caf5d31562a3f8013812d98b9be19
ELECTRUM: getTransactionValue: Vout[1] calculated script hash: a1330b9529e9351c100a2383420588cf78c0dce0e68cfa538fbb5335a1eea6dc, target: 1f1546aea3cb0bbe6272bb05f049b1d43ea9cd69a421402946f1e21b67d24a7f
ELECTRUM: getTransactionValue: Vout[1] does not match our script hash, skipping
ELECTRUM: buildTransactionDetail: Transaction 480e83a34f676e6fcff1d82c4b2f7b2132407fd27b73878de31f52da6305fd94 has actual value 4331 satoshis
2025/09/16 14:05:29 ELECTRUM: GetBlockHash called for height: 4661802
2025/09/16 14:05:29 ELECTRUM: Found transaction 480e83a34f676e6fcff1d82c4b2f7b2132407fd27b73878de31f52da6305fd94 for script hash 1f1546aea3cb0bbe6272bb05f049b1d43ea9cd69a421402946f1e21b67d24a7f (confirmations: 8292, value: 4331)
2025/09/16 14:05:29 ELECTRUM: Sending relevant transaction notification for 480e83a34f676e6fcff1d82c4b2f7b2132407fd27b73878de31f52da6305fd94
2025/09/16 14:05:29 ELECTRUM: Relevant transaction notification sent successfully for 480e83a34f676e6fcff1d82c4b2f7b2132407fd27b73878de31f52da6305fd94
2025/09/16 14:05:30 ELECTRUM: Script hash c5c501974b54b604a07b751557f5492a62e0024f3b6de9e8a3c970fe9f4e8f65 status changed from c5c501974b54b604a07b751557f5492a62e0024f3b6de9e8a3c970fe9f4e8f65 to tx_count:0 - new transactions detected!
2025/09/16 14:05:30 ELECTRUM: Handling script hash update for c5c501974b54b604a07b751557f5492a62e0024f3b6de9e8a3c970fe9f4e8f65
2025/09/16 14:05:30 ELECTRUM: Found 0 transactions for script hash c5c501974b54b604a07b751557f5492a62e0024f3b6de9e8a3c970fe9f4e8f65
2025/09/16 14:05:30 ELECTRUM: Script hash c4c6d9d832fdbfd4a966340001ce4a928adc558ad3cff548e1a78f0962aa141a status changed from c4c6d9d832fdbfd4a966340001ce4a928adc558ad3cff548e1a78f0962aa141a to tx_count:0 - new transactions detected!
2025/09/16 14:05:30 ELECTRUM: Handling script hash update for c4c6d9d832fdbfd4a966340001ce4a928adc558ad3cff548e1a78f0962aa141a
2025/09/16 14:05:30 ELECTRUM: Found 0 transactions for script hash c4c6d9d832fdbfd4a966340001ce4a928adc558ad3cff548e1a78f0962aa141a
2025/09/16 14:05:31 ELECTRUM: Script hash e49ffa552cb23af49332713f9fedd2efce14dc2902c11597fda6ea1fb83468cc status changed from e49ffa552cb23af49332713f9fedd2efce14dc2902c11597fda6ea1fb83468cc to tx_count:0 - new transactions detected!
2025/09/16 14:05:31 ELECTRUM: Handling script hash update for e49ffa552cb23af49332713f9fedd2efce14dc2902c11597fda6ea1fb83468cc
2025/09/16 14:05:31 ELECTRUM: Found 0 transactions for script hash e49ffa552cb23af49332713f9fedd2efce14dc2902c11597fda6ea1fb83468cc
2025/09/16 14:05:31 ELECTRUM: Script hash f67a34ebd66063c1a926b52c9a5e00f290e890e3b2a8b3acf99e6ca0840e2c69 status changed from f67a34ebd66063c1a926b52c9a5e00f290e890e3b2a8b3acf99e6ca0840e2c69 to tx_count:1,latest_height:4661302 - new transactions detected!
2025/09/16 14:05:31 ELECTRUM: Handling script hash update for f67a34ebd66063c1a926b52c9a5e00f290e890e3b2a8b3acf99e6ca0840e2c69
2025/09/16 14:05:31 ELECTRUM: Found 1 transactions for script hash f67a34ebd66063c1a926b52c9a5e00f290e890e3b2a8b3acf99e6ca0840e2c69
2025/09/16 14:05:31 ELECTRUM: Processing transaction 0 for script hash f67a34ebd66063c1a926b52c9a5e00f290e890e3b2a8b3acf99e6ca0840e2c69
ELECTRUM: buildTransactionDetail called with entry type: *electrum.GetMempoolResult
ELECTRUM: buildTransactionDetail: Transaction 51abc2a15b01e008362af0075a3616d445af203deaea3abcad4d94f607dbafab has height: 4661302
ELECTRUM: buildTransactionDetail: About to call GetTransaction for 51abc2a15b01e008362af0075a3616d445af203deaea3abcad4d94f607dbafab
ELECTRUM: buildTransactionDetail: Getting transaction details for 51abc2a15b01e008362af0075a3616d445af203deaea3abcad4d94f607dbafab
ELECTRUM: buildTransactionDetail: Successfully got transaction 51abc2a15b01e008362af0075a3616d445af203deaea3abcad4d94f607dbafab
ELECTRUM: buildTransactionDetail: GetTransaction succeeded for 51abc2a15b01e008362af0075a3616d445af203deaea3abcad4d94f607dbafab, processing result
ELECTRUM: buildTransactionDetail: Processing transaction result for 51abc2a15b01e008362af0075a3616d445af203deaea3abcad4d94f607dbafab
ELECTRUM: buildTransactionDetail: Transaction result is not nil for 51abc2a15b01e008362af0075a3616d445af203deaea3abcad4d94f607dbafab
ELECTRUM: buildTransactionDetail: Attempting to get actual value for transaction 51abc2a15b01e008362af0075a3616d445af203deaea3abcad4d94f607dbafab
ELECTRUM: getTransactionValue: Transaction result type: *electrum.GetTransactionResult, fields: 12
ELECTRUM: getTransactionValue: Field 0: Blockhash = 000000000000d9d0b2232466509b2064dc52a17e0281d0a41cb22b82b056a939 (type: string)
ELECTRUM: getTransactionValue: Field 1: Blocktime = 1758029049 (type: uint64)
ELECTRUM: getTransactionValue: Field 2: Confirmations = 8799 (type: int32)
ELECTRUM: getTransactionValue: Field 3: Hash = 2a00084f427029c04184dd7c2a7f005a307033bcca717762d460c4c25fc51494 (type: string)
ELECTRUM: getTransactionValue: Field 4: Hex = 01000000000101637952d19b0f724cc4e7b8c675eb1ab36de90eb2e6a0b6752b0e04955c59cd250100000000ffffffff02b14300000000000022512022e0f3960afc4414df1cfff8ed7cc27261d190f89176ad65ab180d08783e011aa631a30000000000225120f61348d82e1f34ff3a16071de3e7d484a48937fb50cbc50bfc2d17d28182118d014083a3432f882b81365a92edaad1db40f4fa714d1f5b41e4c45adc2a6aacc6f1acef118c51f7129536122f54509d26775587379935aaeeacd730922806abecb83100000000 (type: string)
ELECTRUM: getTransactionValue: Field 5: Locktime = 0 (type: uint32)
ELECTRUM: getTransactionValue: Field 6: Size = 205 (type: uint32)
ELECTRUM: getTransactionValue: Field 7: Time = 1758029049 (type: uint64)
ELECTRUM: getTransactionValue: Field 8: Version = 1 (type: uint32)
ELECTRUM: getTransactionValue: Field 9: Vin = [{ 0x14000412c40 4294967295 25cd595c95040e2b75b6a0e6b20ee96db31aeb75c6b8e7c44c720f9bd1527963 1}] (type: []electrum.Vin)
ELECTRUM: getTransactionValue: Field 10: Vout = [{0 {[] 1 22e0f3960afc4414df1cfff8ed7cc27261d190f89176ad65ab180d08783e011a 512022e0f3960afc4414df1cfff8ed7cc27261d190f89176ad65ab180d08783e011a 0 witness_v1_taproot} 0.00017329} {1 {[] 1 f61348d82e1f34ff3a16071de3e7d484a48937fb50cbc50bfc2d17d28182118d 5120f61348d82e1f34ff3a16071de3e7d484a48937fb50cbc50bfc2d17d28182118d 0 witness_v1_taproot} 0.10695078}] (type: []electrum.Vout)
ELECTRUM: getTransactionValue: Field 11: Merkle = {[] 0 0} (type: electrum.GetMerkleProofResult)
ELECTRUM: getTransactionValue: Processing 2 Vout entries for transaction 51abc2a15b01e008362af0075a3616d445af203deaea3abcad4d94f607dbafab
ELECTRUM: getTransactionValue: Processing Vout entry 0 for transaction 51abc2a15b01e008362af0075a3616d445af203deaea3abcad4d94f607dbafab
ELECTRUM: getTransactionValue: Vout[0] Field 0: N = 0 (type: uint32)
ELECTRUM: getTransactionValue: Vout[0] Field 1: ScriptPubkey = {[] 1 22e0f3960afc4414df1cfff8ed7cc27261d190f89176ad65ab180d08783e011a 512022e0f3960afc4414df1cfff8ed7cc27261d190f89176ad65ab180d08783e011a 0 witness_v1_taproot} (type: electrum.ScriptPubkey)
ELECTRUM: getTransactionValue: Vout[0] Field 2: Value = 0.00017329 (type: float64)
ELECTRUM: getTransactionValue: Vout[0] has value 0.000173 BTC (17329 satoshis)
ELECTRUM: getTransactionValue: Vout[0] ScriptPubkey type: electrum.ScriptPubkey
ELECTRUM: getTransactionValue: Vout[0] ScriptPubkey has 5 fields
ELECTRUM: getTransactionValue: Vout[0] ScriptPubkey Field 0: Addresses = [] (type: []string)
ELECTRUM: getTransactionValue: Vout[0] ScriptPubkey Field 1: Asm = 1 22e0f3960afc4414df1cfff8ed7cc27261d190f89176ad65ab180d08783e011a (type: string)
ELECTRUM: getTransactionValue: Vout[0] ScriptPubkey Field 2: Hex = 512022e0f3960afc4414df1cfff8ed7cc27261d190f89176ad65ab180d08783e011a (type: string)
ELECTRUM: getTransactionValue: Vout[0] ScriptPubkey Field 3: ReqSigs = 0 (type: uint32)
ELECTRUM: getTransactionValue: Vout[0] ScriptPubkey Field 4: Type = witness_v1_taproot (type: string)
ELECTRUM: getTransactionValue: Vout[0] extracted script hex from Hex field: 512022e0f3960afc4414df1cfff8ed7cc27261d190f89176ad65ab180d08783e011a
ELECTRUM: getTransactionValue: Vout[0] calculated script hash: f67a34ebd66063c1a926b52c9a5e00f290e890e3b2a8b3acf99e6ca0840e2c69, target: f67a34ebd66063c1a926b52c9a5e00f290e890e3b2a8b3acf99e6ca0840e2c69
ELECTRUM: getTransactionValue: Vout[0] matches our script hash, adding 17329 satoshis
ELECTRUM: getTransactionValue: Processing Vout entry 1 for transaction 51abc2a15b01e008362af0075a3616d445af203deaea3abcad4d94f607dbafab
ELECTRUM: getTransactionValue: Vout[1] Field 0: N = 1 (type: uint32)
ELECTRUM: getTransactionValue: Vout[1] Field 1: ScriptPubkey = {[] 1 f61348d82e1f34ff3a16071de3e7d484a48937fb50cbc50bfc2d17d28182118d 5120f61348d82e1f34ff3a16071de3e7d484a48937fb50cbc50bfc2d17d28182118d 0 witness_v1_taproot} (type: electrum.ScriptPubkey)
ELECTRUM: getTransactionValue: Vout[1] Field 2: Value = 0.10695078 (type: float64)
ELECTRUM: getTransactionValue: Vout[1] has value 0.106951 BTC (10695078 satoshis)
ELECTRUM: getTransactionValue: Vout[1] ScriptPubkey type: electrum.ScriptPubkey
ELECTRUM: getTransactionValue: Vout[1] ScriptPubkey has 5 fields
ELECTRUM: getTransactionValue: Vout[1] ScriptPubkey Field 0: Addresses = [] (type: []string)
ELECTRUM: getTransactionValue: Vout[1] ScriptPubkey Field 1: Asm = 1 f61348d82e1f34ff3a16071de3e7d484a48937fb50cbc50bfc2d17d28182118d (type: string)
ELECTRUM: getTransactionValue: Vout[1] ScriptPubkey Field 2: Hex = 5120f61348d82e1f34ff3a16071de3e7d484a48937fb50cbc50bfc2d17d28182118d (type: string)
ELECTRUM: getTransactionValue: Vout[1] ScriptPubkey Field 3: ReqSigs = 0 (type: uint32)
ELECTRUM: getTransactionValue: Vout[1] ScriptPubkey Field 4: Type = witness_v1_taproot (type: string)
ELECTRUM: getTransactionValue: Vout[1] extracted script hex from Hex field: 5120f61348d82e1f34ff3a16071de3e7d484a48937fb50cbc50bfc2d17d28182118d
ELECTRUM: getTransactionValue: Vout[1] calculated script hash: 5644f9b92bed87105e1519ba555fe45a4956697de6b7c3ec8ed25ba31e2e215b, target: f67a34ebd66063c1a926b52c9a5e00f290e890e3b2a8b3acf99e6ca0840e2c69
ELECTRUM: getTransactionValue: Vout[1] does not match our script hash, skipping
ELECTRUM: buildTransactionDetail: Transaction 51abc2a15b01e008362af0075a3616d445af203deaea3abcad4d94f607dbafab has actual value 17329 satoshis
2025/09/16 14:05:32 ELECTRUM: GetBlockHash called for height: 4661302
2025/09/16 14:05:32 ELECTRUM: Found transaction 51abc2a15b01e008362af0075a3616d445af203deaea3abcad4d94f607dbafab for script hash f67a34ebd66063c1a926b52c9a5e00f290e890e3b2a8b3acf99e6ca0840e2c69 (confirmations: 8792, value: 17329)
2025/09/16 14:05:32 ELECTRUM: Sending relevant transaction notification for 51abc2a15b01e008362af0075a3616d445af203deaea3abcad4d94f607dbafab
2025/09/16 14:05:32 ELECTRUM: Relevant transaction notification sent successfully for 51abc2a15b01e008362af0075a3616d445af203deaea3abcad4d94f607dbafab
2025/09/16 14:05:32 ELECTRUM: Script hash b4b1be16fa88724c29732edb1ff71e5ab276106ae5fc1021dbec298966da0b83 status changed from b4b1be16fa88724c29732edb1ff71e5ab276106ae5fc1021dbec298966da0b83 to tx_count:0 - new transactions detected!
2025/09/16 14:05:32 ELECTRUM: Handling script hash update for b4b1be16fa88724c29732edb1ff71e5ab276106ae5fc1021dbec298966da0b83
2025/09/16 14:05:33 ELECTRUM: Found 0 transactions for script hash b4b1be16fa88724c29732edb1ff71e5ab276106ae5fc1021dbec298966da0b83
2025/09/16 14:05:33 ELECTRUM: Script hash 6bf1890b216a5372d5a81a5ca9791137d77c1853dd628b5d3aa34d8ec00604a5 status changed from 6bf1890b216a5372d5a81a5ca9791137d77c1853dd628b5d3aa34d8ec00604a5 to tx_count:1,latest_height:4660785 - new transactions detected!
2025/09/16 14:05:33 ELECTRUM: Handling script hash update for 6bf1890b216a5372d5a81a5ca9791137d77c1853dd628b5d3aa34d8ec00604a5
2025/09/16 14:05:33 ELECTRUM: Found 1 transactions for script hash 6bf1890b216a5372d5a81a5ca9791137d77c1853dd628b5d3aa34d8ec00604a5
2025/09/16 14:05:33 ELECTRUM: Processing transaction 0 for script hash 6bf1890b216a5372d5a81a5ca9791137d77c1853dd628b5d3aa34d8ec00604a5
ELECTRUM: buildTransactionDetail called with entry type: *electrum.GetMempoolResult
ELECTRUM: buildTransactionDetail: Transaction 25cd595c95040e2b75b6a0e6b20ee96db31aeb75c6b8e7c44c720f9bd1527963 has height: 4660785
ELECTRUM: buildTransactionDetail: About to call GetTransaction for 25cd595c95040e2b75b6a0e6b20ee96db31aeb75c6b8e7c44c720f9bd1527963
ELECTRUM: buildTransactionDetail: Getting transaction details for 25cd595c95040e2b75b6a0e6b20ee96db31aeb75c6b8e7c44c720f9bd1527963
ELECTRUM: buildTransactionDetail: Successfully got transaction 25cd595c95040e2b75b6a0e6b20ee96db31aeb75c6b8e7c44c720f9bd1527963
ELECTRUM: buildTransactionDetail: GetTransaction succeeded for 25cd595c95040e2b75b6a0e6b20ee96db31aeb75c6b8e7c44c720f9bd1527963, processing result
ELECTRUM: buildTransactionDetail: Processing transaction result for 25cd595c95040e2b75b6a0e6b20ee96db31aeb75c6b8e7c44c720f9bd1527963
ELECTRUM: buildTransactionDetail: Transaction result is not nil for 25cd595c95040e2b75b6a0e6b20ee96db31aeb75c6b8e7c44c720f9bd1527963
ELECTRUM: buildTransactionDetail: Attempting to get actual value for transaction 25cd595c95040e2b75b6a0e6b20ee96db31aeb75c6b8e7c44c720f9bd1527963
ELECTRUM: getTransactionValue: Transaction result type: *electrum.GetTransactionResult, fields: 12
ELECTRUM: getTransactionValue: Field 0: Blockhash = 00000000000000673a2cc7418fcfc9ace5b5884689f671dbb7eeab05b8090e88 (type: string)
ELECTRUM: getTransactionValue: Field 1: Blocktime = 1757981635 (type: uint64)
ELECTRUM: getTransactionValue: Field 2: Confirmations = 9317 (type: int32)
ELECTRUM: getTransactionValue: Field 3: Hash = d8a7630f7dd4ed9c3bc6884807f1c0692b556e3ccb83a37f24f9797fa4c8361f (type: string)
ELECTRUM: getTransactionValue: Field 4: Hex = 010000000001014b917f7478f1ba4c5bb0758c619d0a48850c3ac7fb7d97717d5b7ef22284c2530000000000ffffffff02de2100000000000016001414baa10e325a973a4ab9dc2152fab4bb9a6ea3a0f375a3000000000022512005090923a2d5a8f95f8f50c0e191462e7692094a9307747b0c5580ea43073ea30140202840e6f21166743530d5fbd6eb0a8e2d19ed7be743cc3cc62b24a813ca14627cbb02faf49a90e1c525213516d03bfe986377a51e858356c48dad5efbcdf95a00000000 (type: string)
ELECTRUM: getTransactionValue: Field 5: Locktime = 0 (type: uint32)
ELECTRUM: getTransactionValue: Field 6: Size = 193 (type: uint32)
ELECTRUM: getTransactionValue: Field 7: Time = 1757981635 (type: uint64)
ELECTRUM: getTransactionValue: Field 8: Version = 1 (type: uint32)
ELECTRUM: getTransactionValue: Field 9: Vin = [{ 0x14000409640 4294967295 53c28422f27e5b7d71977dfbc73a0c85480a9d618c75b05b4cbaf178747f914b 0}] (type: []electrum.Vin)
ELECTRUM: getTransactionValue: Field 10: Vout = [{0 {[] 0 14baa10e325a973a4ab9dc2152fab4bb9a6ea3a0 001414baa10e325a973a4ab9dc2152fab4bb9a6ea3a0 0 witness_v0_keyhash} 8.67e-05} {1 {[] 1 05090923a2d5a8f95f8f50c0e191462e7692094a9307747b0c5580ea43073ea3 512005090923a2d5a8f95f8f50c0e191462e7692094a9307747b0c5580ea43073ea3 0 witness_v1_taproot} 0.10712563}] (type: []electrum.Vout)
ELECTRUM: getTransactionValue: Field 11: Merkle = {[] 0 0} (type: electrum.GetMerkleProofResult)
ELECTRUM: getTransactionValue: Processing 2 Vout entries for transaction 25cd595c95040e2b75b6a0e6b20ee96db31aeb75c6b8e7c44c720f9bd1527963
ELECTRUM: getTransactionValue: Processing Vout entry 0 for transaction 25cd595c95040e2b75b6a0e6b20ee96db31aeb75c6b8e7c44c720f9bd1527963
ELECTRUM: getTransactionValue: Vout[0] Field 0: N = 0 (type: uint32)
ELECTRUM: getTransactionValue: Vout[0] Field 1: ScriptPubkey = {[] 0 14baa10e325a973a4ab9dc2152fab4bb9a6ea3a0 001414baa10e325a973a4ab9dc2152fab4bb9a6ea3a0 0 witness_v0_keyhash} (type: electrum.ScriptPubkey)
ELECTRUM: getTransactionValue: Vout[0] Field 2: Value = 8.67e-05 (type: float64)
ELECTRUM: getTransactionValue: Vout[0] has value 0.000087 BTC (8670 satoshis)
ELECTRUM: getTransactionValue: Vout[0] ScriptPubkey type: electrum.ScriptPubkey
ELECTRUM: getTransactionValue: Vout[0] ScriptPubkey has 5 fields
ELECTRUM: getTransactionValue: Vout[0] ScriptPubkey Field 0: Addresses = [] (type: []string)
ELECTRUM: getTransactionValue: Vout[0] ScriptPubkey Field 1: Asm = 0 14baa10e325a973a4ab9dc2152fab4bb9a6ea3a0 (type: string)
ELECTRUM: getTransactionValue: Vout[0] ScriptPubkey Field 2: Hex = 001414baa10e325a973a4ab9dc2152fab4bb9a6ea3a0 (type: string)
ELECTRUM: getTransactionValue: Vout[0] ScriptPubkey Field 3: ReqSigs = 0 (type: uint32)
ELECTRUM: getTransactionValue: Vout[0] ScriptPubkey Field 4: Type = witness_v0_keyhash (type: string)
ELECTRUM: getTransactionValue: Vout[0] extracted script hex from Hex field: 001414baa10e325a973a4ab9dc2152fab4bb9a6ea3a0
ELECTRUM: getTransactionValue: Vout[0] calculated script hash: 6bf1890b216a5372d5a81a5ca9791137d77c1853dd628b5d3aa34d8ec00604a5, target: 6bf1890b216a5372d5a81a5ca9791137d77c1853dd628b5d3aa34d8ec00604a5
ELECTRUM: getTransactionValue: Vout[0] matches our script hash, adding 8670 satoshis
ELECTRUM: getTransactionValue: Processing Vout entry 1 for transaction 25cd595c95040e2b75b6a0e6b20ee96db31aeb75c6b8e7c44c720f9bd1527963
ELECTRUM: getTransactionValue: Vout[1] Field 0: N = 1 (type: uint32)
ELECTRUM: getTransactionValue: Vout[1] Field 1: ScriptPubkey = {[] 1 05090923a2d5a8f95f8f50c0e191462e7692094a9307747b0c5580ea43073ea3 512005090923a2d5a8f95f8f50c0e191462e7692094a9307747b0c5580ea43073ea3 0 witness_v1_taproot} (type: electrum.ScriptPubkey)
ELECTRUM: getTransactionValue: Vout[1] Field 2: Value = 0.10712563 (type: float64)
ELECTRUM: getTransactionValue: Vout[1] has value 0.107126 BTC (10712563 satoshis)
ELECTRUM: getTransactionValue: Vout[1] ScriptPubkey type: electrum.ScriptPubkey
ELECTRUM: getTransactionValue: Vout[1] ScriptPubkey has 5 fields
ELECTRUM: getTransactionValue: Vout[1] ScriptPubkey Field 0: Addresses = [] (type: []string)
ELECTRUM: getTransactionValue: Vout[1] ScriptPubkey Field 1: Asm = 1 05090923a2d5a8f95f8f50c0e191462e7692094a9307747b0c5580ea43073ea3 (type: string)
ELECTRUM: getTransactionValue: Vout[1] ScriptPubkey Field 2: Hex = 512005090923a2d5a8f95f8f50c0e191462e7692094a9307747b0c5580ea43073ea3 (type: string)
ELECTRUM: getTransactionValue: Vout[1] ScriptPubkey Field 3: ReqSigs = 0 (type: uint32)
ELECTRUM: getTransactionValue: Vout[1] ScriptPubkey Field 4: Type = witness_v1_taproot (type: string)
ELECTRUM: getTransactionValue: Vout[1] extracted script hex from Hex field: 512005090923a2d5a8f95f8f50c0e191462e7692094a9307747b0c5580ea43073ea3
ELECTRUM: getTransactionValue: Vout[1] calculated script hash: 222baf51ae983e703d9ecb39f410510ac4514da35620ee9986494c88e20a46a1, target: 6bf1890b216a5372d5a81a5ca9791137d77c1853dd628b5d3aa34d8ec00604a5
ELECTRUM: getTransactionValue: Vout[1] does not match our script hash, skipping
ELECTRUM: buildTransactionDetail: Transaction 25cd595c95040e2b75b6a0e6b20ee96db31aeb75c6b8e7c44c720f9bd1527963 has actual value 8670 satoshis
2025/09/16 14:05:34 ELECTRUM: GetBlockHash called for height: 4660785
2025/09/16 14:05:34 ELECTRUM: Found transaction 25cd595c95040e2b75b6a0e6b20ee96db31aeb75c6b8e7c44c720f9bd1527963 for script hash 6bf1890b216a5372d5a81a5ca9791137d77c1853dd628b5d3aa34d8ec00604a5 (confirmations: 9309, value: 8670)
2025/09/16 14:05:34 ELECTRUM: Sending relevant transaction notification for 25cd595c95040e2b75b6a0e6b20ee96db31aeb75c6b8e7c44c720f9bd1527963
2025/09/16 14:05:34 ELECTRUM: Relevant transaction notification sent successfully for 25cd595c95040e2b75b6a0e6b20ee96db31aeb75c6b8e7c44c720f9bd1527963
2025/09/16 14:05:34 ELECTRUM: Script hash 30311d2d2edd9aabdf8d1684192145260c6f30c8c843ae927758b737aac07235 status changed from 30311d2d2edd9aabdf8d1684192145260c6f30c8c843ae927758b737aac07235 to tx_count:0 - new transactions detected!
2025/09/16 14:05:34 ELECTRUM: Handling script hash update for 30311d2d2edd9aabdf8d1684192145260c6f30c8c843ae927758b737aac07235
2025/09/16 14:05:34 ELECTRUM: Found 0 transactions for script hash 30311d2d2edd9aabdf8d1684192145260c6f30c8c843ae927758b737aac07235
2025/09/16 14:05:35 ELECTRUM: Script hash 8c695d50cc3c9b971f716464bca5a0adcd8d5334c79d76ffe4776646c0a2228f status changed from 8c695d50cc3c9b971f716464bca5a0adcd8d5334c79d76ffe4776646c0a2228f to tx_count:1,latest_height:4661549 - new transactions detected!
2025/09/16 14:05:35 ELECTRUM: Handling script hash update for 8c695d50cc3c9b971f716464bca5a0adcd8d5334c79d76ffe4776646c0a2228f
2025/09/16 14:05:35 ELECTRUM: Found 1 transactions for script hash 8c695d50cc3c9b971f716464bca5a0adcd8d5334c79d76ffe4776646c0a2228f
2025/09/16 14:05:35 ELECTRUM: Processing transaction 0 for script hash 8c695d50cc3c9b971f716464bca5a0adcd8d5334c79d76ffe4776646c0a2228f
ELECTRUM: buildTransactionDetail called with entry type: *electrum.GetMempoolResult
ELECTRUM: buildTransactionDetail: Transaction 57d7e5a301f0f54500424260dcc2b9825574b77e89a4f019d9af0df573bf443b has height: 4661549
ELECTRUM: buildTransactionDetail: About to call GetTransaction for 57d7e5a301f0f54500424260dcc2b9825574b77e89a4f019d9af0df573bf443b
ELECTRUM: buildTransactionDetail: Getting transaction details for 57d7e5a301f0f54500424260dcc2b9825574b77e89a4f019d9af0df573bf443b
ELECTRUM: buildTransactionDetail: Successfully got transaction 57d7e5a301f0f54500424260dcc2b9825574b77e89a4f019d9af0df573bf443b
ELECTRUM: buildTransactionDetail: GetTransaction succeeded for 57d7e5a301f0f54500424260dcc2b9825574b77e89a4f019d9af0df573bf443b, processing result
ELECTRUM: buildTransactionDetail: Processing transaction result for 57d7e5a301f0f54500424260dcc2b9825574b77e89a4f019d9af0df573bf443b
ELECTRUM: buildTransactionDetail: Transaction result is not nil for 57d7e5a301f0f54500424260dcc2b9825574b77e89a4f019d9af0df573bf443b
ELECTRUM: buildTransactionDetail: Attempting to get actual value for transaction 57d7e5a301f0f54500424260dcc2b9825574b77e89a4f019d9af0df573bf443b
ELECTRUM: getTransactionValue: Transaction result type: *electrum.GetTransactionResult, fields: 12
ELECTRUM: getTransactionValue: Field 0: Blockhash = 000000000001e10a952d521ee1dd4fea2b58e4e4e38f36c973ebfc92e90fb7d6 (type: string)
ELECTRUM: getTransactionValue: Field 1: Blocktime = 1758029154 (type: uint64)
ELECTRUM: getTransactionValue: Field 2: Confirmations = 8554 (type: int32)
ELECTRUM: getTransactionValue: Field 3: Hash = 79257b4fbbb8885b6bbc2efecff4e9dfdb799a8871e223780cb54ac1ca15cb15 (type: string)
ELECTRUM: getTransactionValue: Field 4: Hex = 01000000000101abafdb07f6944dadbc3aeaea3d20af45d416365a07f02a3608e0015ba1c2ab510100000000ffffffff021f20a30000000000225120bcae08581d1e0f6c335d62afd89bfc1a4f70f2f3191847866e3d07ea86104f9beb1000000000000022512065ec4c7295d0d39b5161b6e707b5c6c799eaf3f16ffadf7607427e472221fc180140ee89d845610998471bac8849ed2b2273b8d0d3a8bab6f2f3403a904ea66a613d3d68645e2931e79f8f78dc5f46b75e56072a8822e873dee9f6b2b4094de36cd600000000 (type: string)
ELECTRUM: getTransactionValue: Field 5: Locktime = 0 (type: uint32)
ELECTRUM: getTransactionValue: Field 6: Size = 205 (type: uint32)
ELECTRUM: getTransactionValue: Field 7: Time = 1758029154 (type: uint64)
ELECTRUM: getTransactionValue: Field 8: Version = 1 (type: uint32)
ELECTRUM: getTransactionValue: Field 9: Vin = [{ 0x1400040e000 4294967295 51abc2a15b01e008362af0075a3616d445af203deaea3abcad4d94f607dbafab 1}] (type: []electrum.Vin)
ELECTRUM: getTransactionValue: Field 10: Vout = [{0 {[] 1 bcae08581d1e0f6c335d62afd89bfc1a4f70f2f3191847866e3d07ea86104f9b 5120bcae08581d1e0f6c335d62afd89bfc1a4f70f2f3191847866e3d07ea86104f9b 0 witness_v1_taproot} 0.10690591} {1 {[] 1 65ec4c7295d0d39b5161b6e707b5c6c799eaf3f16ffadf7607427e472221fc18 512065ec4c7295d0d39b5161b6e707b5c6c799eaf3f16ffadf7607427e472221fc18 0 witness_v1_taproot} 4.331e-05}] (type: []electrum.Vout)
ELECTRUM: getTransactionValue: Field 11: Merkle = {[] 0 0} (type: electrum.GetMerkleProofResult)
ELECTRUM: getTransactionValue: Processing 2 Vout entries for transaction 57d7e5a301f0f54500424260dcc2b9825574b77e89a4f019d9af0df573bf443b
ELECTRUM: getTransactionValue: Processing Vout entry 0 for transaction 57d7e5a301f0f54500424260dcc2b9825574b77e89a4f019d9af0df573bf443b
ELECTRUM: getTransactionValue: Vout[0] Field 0: N = 0 (type: uint32)
ELECTRUM: getTransactionValue: Vout[0] Field 1: ScriptPubkey = {[] 1 bcae08581d1e0f6c335d62afd89bfc1a4f70f2f3191847866e3d07ea86104f9b 5120bcae08581d1e0f6c335d62afd89bfc1a4f70f2f3191847866e3d07ea86104f9b 0 witness_v1_taproot} (type: electrum.ScriptPubkey)
ELECTRUM: getTransactionValue: Vout[0] Field 2: Value = 0.10690591 (type: float64)
ELECTRUM: getTransactionValue: Vout[0] has value 0.106906 BTC (10690591 satoshis)
ELECTRUM: getTransactionValue: Vout[0] ScriptPubkey type: electrum.ScriptPubkey
ELECTRUM: getTransactionValue: Vout[0] ScriptPubkey has 5 fields
ELECTRUM: getTransactionValue: Vout[0] ScriptPubkey Field 0: Addresses = [] (type: []string)
ELECTRUM: getTransactionValue: Vout[0] ScriptPubkey Field 1: Asm = 1 bcae08581d1e0f6c335d62afd89bfc1a4f70f2f3191847866e3d07ea86104f9b (type: string)
ELECTRUM: getTransactionValue: Vout[0] ScriptPubkey Field 2: Hex = 5120bcae08581d1e0f6c335d62afd89bfc1a4f70f2f3191847866e3d07ea86104f9b (type: string)
ELECTRUM: getTransactionValue: Vout[0] ScriptPubkey Field 3: ReqSigs = 0 (type: uint32)
ELECTRUM: getTransactionValue: Vout[0] ScriptPubkey Field 4: Type = witness_v1_taproot (type: string)
ELECTRUM: getTransactionValue: Vout[0] extracted script hex from Hex field: 5120bcae08581d1e0f6c335d62afd89bfc1a4f70f2f3191847866e3d07ea86104f9b
ELECTRUM: getTransactionValue: Vout[0] calculated script hash: 3e1ff1200029e270b283707ae71fbc8812fb6e7c3bd2e19d5e45251eec1480de, target: 8c695d50cc3c9b971f716464bca5a0adcd8d5334c79d76ffe4776646c0a2228f
ELECTRUM: getTransactionValue: Vout[0] does not match our script hash, skipping
ELECTRUM: getTransactionValue: Processing Vout entry 1 for transaction 57d7e5a301f0f54500424260dcc2b9825574b77e89a4f019d9af0df573bf443b
ELECTRUM: getTransactionValue: Vout[1] Field 0: N = 1 (type: uint32)
ELECTRUM: getTransactionValue: Vout[1] Field 1: ScriptPubkey = {[] 1 65ec4c7295d0d39b5161b6e707b5c6c799eaf3f16ffadf7607427e472221fc18 512065ec4c7295d0d39b5161b6e707b5c6c799eaf3f16ffadf7607427e472221fc18 0 witness_v1_taproot} (type: electrum.ScriptPubkey)
ELECTRUM: getTransactionValue: Vout[1] Field 2: Value = 4.331e-05 (type: float64)
ELECTRUM: getTransactionValue: Vout[1] has value 0.000043 BTC (4331 satoshis)
ELECTRUM: getTransactionValue: Vout[1] ScriptPubkey type: electrum.ScriptPubkey
ELECTRUM: getTransactionValue: Vout[1] ScriptPubkey has 5 fields
ELECTRUM: getTransactionValue: Vout[1] ScriptPubkey Field 0: Addresses = [] (type: []string)
ELECTRUM: getTransactionValue: Vout[1] ScriptPubkey Field 1: Asm = 1 65ec4c7295d0d39b5161b6e707b5c6c799eaf3f16ffadf7607427e472221fc18 (type: string)
ELECTRUM: getTransactionValue: Vout[1] ScriptPubkey Field 2: Hex = 512065ec4c7295d0d39b5161b6e707b5c6c799eaf3f16ffadf7607427e472221fc18 (type: string)
ELECTRUM: getTransactionValue: Vout[1] ScriptPubkey Field 3: ReqSigs = 0 (type: uint32)
ELECTRUM: getTransactionValue: Vout[1] ScriptPubkey Field 4: Type = witness_v1_taproot (type: string)
ELECTRUM: getTransactionValue: Vout[1] extracted script hex from Hex field: 512065ec4c7295d0d39b5161b6e707b5c6c799eaf3f16ffadf7607427e472221fc18
ELECTRUM: getTransactionValue: Vout[1] calculated script hash: 8c695d50cc3c9b971f716464bca5a0adcd8d5334c79d76ffe4776646c0a2228f, target: 8c695d50cc3c9b971f716464bca5a0adcd8d5334c79d76ffe4776646c0a2228f
ELECTRUM: getTransactionValue: Vout[1] matches our script hash, adding 4331 satoshis
ELECTRUM: buildTransactionDetail: Transaction 57d7e5a301f0f54500424260dcc2b9825574b77e89a4f019d9af0df573bf443b has actual value 4331 satoshis
2025/09/16 14:05:35 ELECTRUM: GetBlockHash called for height: 4661549
2025/09/16 14:05:35 ELECTRUM: Found transaction 57d7e5a301f0f54500424260dcc2b9825574b77e89a4f019d9af0df573bf443b for script hash 8c695d50cc3c9b971f716464bca5a0adcd8d5334c79d76ffe4776646c0a2228f (confirmations: 8545, value: 4331)
2025/09/16 14:05:35 ELECTRUM: Sending relevant transaction notification for 57d7e5a301f0f54500424260dcc2b9825574b77e89a4f019d9af0df573bf443b
2025/09/16 14:05:35 ELECTRUM: Relevant transaction notification sent successfully for 57d7e5a301f0f54500424260dcc2b9825574b77e89a4f019d9af0df573bf443b
2025/09/16 14:05:36 ELECTRUM: Script hash e1ad1f932ae867651ec2f60823054c788e2d4777cea966f5a9eb264a24750f03 status changed from e1ad1f932ae867651ec2f60823054c788e2d4777cea966f5a9eb264a24750f03 to tx_count:0 - new transactions detected!
2025/09/16 14:05:36 ELECTRUM: Handling script hash update for e1ad1f932ae867651ec2f60823054c788e2d4777cea966f5a9eb264a24750f03
2025/09/16 14:05:36 ELECTRUM: Found 0 transactions for script hash e1ad1f932ae867651ec2f60823054c788e2d4777cea966f5a9eb264a24750f03
2025/09/16 14:05:36 ELECTRUM: Script hash 15bf6986842102e96df220461b8cfa26e5306ee0eedd007d5dddd821d6745563 status changed from 15bf6986842102e96df220461b8cfa26e5306ee0eedd007d5dddd821d6745563 to tx_count:1,latest_height:4670036 - new transactions detected!
2025/09/16 14:05:36 ELECTRUM: Handling script hash update for 15bf6986842102e96df220461b8cfa26e5306ee0eedd007d5dddd821d6745563
2025/09/16 14:05:36 ELECTRUM: Found 1 transactions for script hash 15bf6986842102e96df220461b8cfa26e5306ee0eedd007d5dddd821d6745563
2025/09/16 14:05:36 ELECTRUM: Processing transaction 0 for script hash 15bf6986842102e96df220461b8cfa26e5306ee0eedd007d5dddd821d6745563
ELECTRUM: buildTransactionDetail called with entry type: *electrum.GetMempoolResult
ELECTRUM: buildTransactionDetail: Transaction 1ecd261bcd0685971ea43cbbd12631a449a1765f67f90c3813c8a6b8c93b86fc has height: 4670036
ELECTRUM: buildTransactionDetail: About to call GetTransaction for 1ecd261bcd0685971ea43cbbd12631a449a1765f67f90c3813c8a6b8c93b86fc
ELECTRUM: buildTransactionDetail: Getting transaction details for 1ecd261bcd0685971ea43cbbd12631a449a1765f67f90c3813c8a6b8c93b86fc
ELECTRUM: buildTransactionDetail: Successfully got transaction 1ecd261bcd0685971ea43cbbd12631a449a1765f67f90c3813c8a6b8c93b86fc
ELECTRUM: buildTransactionDetail: GetTransaction succeeded for 1ecd261bcd0685971ea43cbbd12631a449a1765f67f90c3813c8a6b8c93b86fc, processing result
ELECTRUM: buildTransactionDetail: Processing transaction result for 1ecd261bcd0685971ea43cbbd12631a449a1765f67f90c3813c8a6b8c93b86fc
ELECTRUM: buildTransactionDetail: Transaction result is not nil for 1ecd261bcd0685971ea43cbbd12631a449a1765f67f90c3813c8a6b8c93b86fc
ELECTRUM: buildTransactionDetail: Attempting to get actual value for transaction 1ecd261bcd0685971ea43cbbd12631a449a1765f67f90c3813c8a6b8c93b86fc
ELECTRUM: getTransactionValue: Transaction result type: *electrum.GetTransactionResult, fields: 12
ELECTRUM: getTransactionValue: Field 0: Blockhash = 0000000000015d41dd7639d096da19e5ae0307ffbea46adf233d0c7f779d7ed6 (type: string)
ELECTRUM: getTransactionValue: Field 1: Blocktime = 1758045809 (type: uint64)
ELECTRUM: getTransactionValue: Field 2: Confirmations = 69 (type: int32)
ELECTRUM: getTransactionValue: Field 3: Hash = cf05190df9cf6a90cc51d827f7ee7d2dea6dd0ae479db0836805c5a49d0a21ff (type: string)
ELECTRUM: getTransactionValue: Field 4: Hex = 01000000000101c44822011a52f3c2aa57d9f7a6173a22e1cf6e062c46e3434a3ea5e17dca9c310000000000ffffffff0206430000000000002251206dadec86b602950d982192f31264475290bfe0b7f31e40eeffd5859a62e0ede4c852a200000000002251206cc89a54ee175a70d71d798e0adf3705ce2503da5526d77fd4f70abcb60522f001406f931887910e946d933885a6e1bb12bc8b9dc0fb319b052366fd2dbb2ccb84159e85d10dbd133ac346021695f88d2afeb336da5babb79e2b5c14b476a88f08bb00000000 (type: string)
ELECTRUM: getTransactionValue: Field 5: Locktime = 0 (type: uint32)
ELECTRUM: getTransactionValue: Field 6: Size = 205 (type: uint32)
ELECTRUM: getTransactionValue: Field 7: Time = 1758045809 (type: uint64)
ELECTRUM: getTransactionValue: Field 8: Version = 1 (type: uint32)
ELECTRUM: getTransactionValue: Field 9: Vin = [{ 0x1400040e7a0 4294967295 319cca7de1a53e4a43e3462c066ecfe1223a17a6f7d957aac2f3521a012248c4 0}] (type: []electrum.Vin)
ELECTRUM: getTransactionValue: Field 10: Vout = [{0 {[] 1 6dadec86b602950d982192f31264475290bfe0b7f31e40eeffd5859a62e0ede4 51206dadec86b602950d982192f31264475290bfe0b7f31e40eeffd5859a62e0ede4 0 witness_v1_taproot} 0.00017158} {1 {[] 1 6cc89a54ee175a70d71d798e0adf3705ce2503da5526d77fd4f70abcb60522f0 51206cc89a54ee175a70d71d798e0adf3705ce2503da5526d77fd4f70abcb60522f0 0 witness_v1_taproot} 0.10638024}] (type: []electrum.Vout)
ELECTRUM: getTransactionValue: Field 11: Merkle = {[] 0 0} (type: electrum.GetMerkleProofResult)
ELECTRUM: getTransactionValue: Processing 2 Vout entries for transaction 1ecd261bcd0685971ea43cbbd12631a449a1765f67f90c3813c8a6b8c93b86fc
ELECTRUM: getTransactionValue: Processing Vout entry 0 for transaction 1ecd261bcd0685971ea43cbbd12631a449a1765f67f90c3813c8a6b8c93b86fc
ELECTRUM: getTransactionValue: Vout[0] Field 0: N = 0 (type: uint32)
ELECTRUM: getTransactionValue: Vout[0] Field 1: ScriptPubkey = {[] 1 6dadec86b602950d982192f31264475290bfe0b7f31e40eeffd5859a62e0ede4 51206dadec86b602950d982192f31264475290bfe0b7f31e40eeffd5859a62e0ede4 0 witness_v1_taproot} (type: electrum.ScriptPubkey)
ELECTRUM: getTransactionValue: Vout[0] Field 2: Value = 0.00017158 (type: float64)
ELECTRUM: getTransactionValue: Vout[0] has value 0.000172 BTC (17158 satoshis)
ELECTRUM: getTransactionValue: Vout[0] ScriptPubkey type: electrum.ScriptPubkey
ELECTRUM: getTransactionValue: Vout[0] ScriptPubkey has 5 fields
ELECTRUM: getTransactionValue: Vout[0] ScriptPubkey Field 0: Addresses = [] (type: []string)
ELECTRUM: getTransactionValue: Vout[0] ScriptPubkey Field 1: Asm = 1 6dadec86b602950d982192f31264475290bfe0b7f31e40eeffd5859a62e0ede4 (type: string)
ELECTRUM: getTransactionValue: Vout[0] ScriptPubkey Field 2: Hex = 51206dadec86b602950d982192f31264475290bfe0b7f31e40eeffd5859a62e0ede4 (type: string)
ELECTRUM: getTransactionValue: Vout[0] ScriptPubkey Field 3: ReqSigs = 0 (type: uint32)
ELECTRUM: getTransactionValue: Vout[0] ScriptPubkey Field 4: Type = witness_v1_taproot (type: string)
ELECTRUM: getTransactionValue: Vout[0] extracted script hex from Hex field: 51206dadec86b602950d982192f31264475290bfe0b7f31e40eeffd5859a62e0ede4
ELECTRUM: getTransactionValue: Vout[0] calculated script hash: 15bf6986842102e96df220461b8cfa26e5306ee0eedd007d5dddd821d6745563, target: 15bf6986842102e96df220461b8cfa26e5306ee0eedd007d5dddd821d6745563
ELECTRUM: getTransactionValue: Vout[0] matches our script hash, adding 17158 satoshis
ELECTRUM: getTransactionValue: Processing Vout entry 1 for transaction 1ecd261bcd0685971ea43cbbd12631a449a1765f67f90c3813c8a6b8c93b86fc
ELECTRUM: getTransactionValue: Vout[1] Field 0: N = 1 (type: uint32)
ELECTRUM: getTransactionValue: Vout[1] Field 1: ScriptPubkey = {[] 1 6cc89a54ee175a70d71d798e0adf3705ce2503da5526d77fd4f70abcb60522f0 51206cc89a54ee175a70d71d798e0adf3705ce2503da5526d77fd4f70abcb60522f0 0 witness_v1_taproot} (type: electrum.ScriptPubkey)
ELECTRUM: getTransactionValue: Vout[1] Field 2: Value = 0.10638024 (type: float64)
ELECTRUM: getTransactionValue: Vout[1] has value 0.106380 BTC (10638024 satoshis)
ELECTRUM: getTransactionValue: Vout[1] ScriptPubkey type: electrum.ScriptPubkey
ELECTRUM: getTransactionValue: Vout[1] ScriptPubkey has 5 fields
ELECTRUM: getTransactionValue: Vout[1] ScriptPubkey Field 0: Addresses = [] (type: []string)
ELECTRUM: getTransactionValue: Vout[1] ScriptPubkey Field 1: Asm = 1 6cc89a54ee175a70d71d798e0adf3705ce2503da5526d77fd4f70abcb60522f0 (type: string)
ELECTRUM: getTransactionValue: Vout[1] ScriptPubkey Field 2: Hex = 51206cc89a54ee175a70d71d798e0adf3705ce2503da5526d77fd4f70abcb60522f0 (type: string)
ELECTRUM: getTransactionValue: Vout[1] ScriptPubkey Field 3: ReqSigs = 0 (type: uint32)
ELECTRUM: getTransactionValue: Vout[1] ScriptPubkey Field 4: Type = witness_v1_taproot (type: string)
ELECTRUM: getTransactionValue: Vout[1] extracted script hex from Hex field: 51206cc89a54ee175a70d71d798e0adf3705ce2503da5526d77fd4f70abcb60522f0
ELECTRUM: getTransactionValue: Vout[1] calculated script hash: e86f3f3f4929bec039bb0229be9edb8343b43af2081e5037fb2094134bb9583b, target: 15bf6986842102e96df220461b8cfa26e5306ee0eedd007d5dddd821d6745563
ELECTRUM: getTransactionValue: Vout[1] does not match our script hash, skipping
ELECTRUM: buildTransactionDetail: Transaction 1ecd261bcd0685971ea43cbbd12631a449a1765f67f90c3813c8a6b8c93b86fc has actual value 17158 satoshis
2025/09/16 14:05:37 ELECTRUM: GetBlockHash called for height: 4670036
2025/09/16 14:05:37 ELECTRUM: Found transaction 1ecd261bcd0685971ea43cbbd12631a449a1765f67f90c3813c8a6b8c93b86fc for script hash 15bf6986842102e96df220461b8cfa26e5306ee0eedd007d5dddd821d6745563 (confirmations: 58, value: 17158)
2025/09/16 14:05:37 ELECTRUM: Sending relevant transaction notification for 1ecd261bcd0685971ea43cbbd12631a449a1765f67f90c3813c8a6b8c93b86fc
2025/09/16 14:05:37 ELECTRUM: Relevant transaction notification sent successfully for 1ecd261bcd0685971ea43cbbd12631a449a1765f67f90c3813c8a6b8c93b86fc
2025/09/16 14:05:37 ELECTRUM: Script hash e5d8548e6042aa54fcbebb2539efa284c89350ce19c9141286a2f910de14df05 status changed from e5d8548e6042aa54fcbebb2539efa284c89350ce19c9141286a2f910de14df05 to tx_count:0 - new transactions detected!
2025/09/16 14:05:37 ELECTRUM: Handling script hash update for e5d8548e6042aa54fcbebb2539efa284c89350ce19c9141286a2f910de14df05
2025/09/16 14:05:38 ELECTRUM: Found 0 transactions for script hash e5d8548e6042aa54fcbebb2539efa284c89350ce19c9141286a2f910de14df05
2025/09/16 14:05:38 ELECTRUM: Script hash 28292b8697bd25f1db778ae58cac1627a8e4b8e7a4a5a427ff50d42bafd07e52 status changed from 28292b8697bd25f1db778ae58cac1627a8e4b8e7a4a5a427ff50d42bafd07e52 to tx_count:0 - new transactions detected!
2025/09/16 14:05:38 ELECTRUM: Handling script hash update for 28292b8697bd25f1db778ae58cac1627a8e4b8e7a4a5a427ff50d42bafd07e52
2025/09/16 14:05:38 ELECTRUM: Found 0 transactions for script hash 28292b8697bd25f1db778ae58cac1627a8e4b8e7a4a5a427ff50d42bafd07e52
2025/09/16 14:05:38 ELECTRUM: Script hash 86be3f5bd32e85596af35440487dae22a79e6fb2679998d38f51fc323189b022 status changed from 86be3f5bd32e85596af35440487dae22a79e6fb2679998d38f51fc323189b022 to tx_count:0 - new transactions detected!
2025/09/16 14:05:38 ELECTRUM: Handling script hash update for 86be3f5bd32e85596af35440487dae22a79e6fb2679998d38f51fc323189b022
2025/09/16 14:05:39 ELECTRUM: Found 0 transactions for script hash 86be3f5bd32e85596af35440487dae22a79e6fb2679998d38f51fc323189b022
2025/09/16 14:05:39 ELECTRUM: Script hash 8b874fe06c0a029126d30048dd68ce279f86ab73018e41fbce4e5db15bbd4d68 status changed from 8b874fe06c0a029126d30048dd68ce279f86ab73018e41fbce4e5db15bbd4d68 to tx_count:0 - new transactions detected!
2025/09/16 14:05:39 ELECTRUM: Handling script hash update for 8b874fe06c0a029126d30048dd68ce279f86ab73018e41fbce4e5db15bbd4d68
2025/09/16 14:05:39 ELECTRUM: Found 0 transactions for script hash 8b874fe06c0a029126d30048dd68ce279f86ab73018e41fbce4e5db15bbd4d68
2025/09/16 14:05:39 ELECTRUM: Script hash 0ef136938f4e6ec14f5b140956aa93ab312107d6eed8cc07ab19f19ecfb78117 status changed from 0ef136938f4e6ec14f5b140956aa93ab312107d6eed8cc07ab19f19ecfb78117 to tx_count:0 - new transactions detected!
2025/09/16 14:05:39 ELECTRUM: Handling script hash update for 0ef136938f4e6ec14f5b140956aa93ab312107d6eed8cc07ab19f19ecfb78117
2025/09/16 14:05:40 ELECTRUM: Found 0 transactions for script hash 0ef136938f4e6ec14f5b140956aa93ab312107d6eed8cc07ab19f19ecfb78117
2025/09/16 14:05:40 ELECTRUM: Script hash fb61782f1e6f1393af564ec097b0ea9834062d5649138e20295f647f97a5361c status changed from fb61782f1e6f1393af564ec097b0ea9834062d5649138e20295f647f97a5361c to tx_count:0 - new transactions detected!
2025/09/16 14:05:40 ELECTRUM: Handling script hash update for fb61782f1e6f1393af564ec097b0ea9834062d5649138e20295f647f97a5361c
2025/09/16 14:05:40 ELECTRUM: Found 0 transactions for script hash fb61782f1e6f1393af564ec097b0ea9834062d5649138e20295f647f97a5361c
2025/09/16 14:05:40 ELECTRUM: Script hash 8578ba4feebf5378a3775363d531f253b8fbf9b00df139d1346ef1cbb8d17245 status changed from 8578ba4feebf5378a3775363d531f253b8fbf9b00df139d1346ef1cbb8d17245 to tx_count:1,latest_height:4660782 - new transactions detected!
2025/09/16 14:05:40 ELECTRUM: Handling script hash update for 8578ba4feebf5378a3775363d531f253b8fbf9b00df139d1346ef1cbb8d17245
2025/09/16 14:05:41 ELECTRUM: Found 1 transactions for script hash 8578ba4feebf5378a3775363d531f253b8fbf9b00df139d1346ef1cbb8d17245
2025/09/16 14:05:41 ELECTRUM: Processing transaction 0 for script hash 8578ba4feebf5378a3775363d531f253b8fbf9b00df139d1346ef1cbb8d17245
ELECTRUM: buildTransactionDetail called with entry type: *electrum.GetMempoolResult
ELECTRUM: buildTransactionDetail: Transaction 53c28422f27e5b7d71977dfbc73a0c85480a9d618c75b05b4cbaf178747f914b has height: 4660782
ELECTRUM: buildTransactionDetail: About to call GetTransaction for 53c28422f27e5b7d71977dfbc73a0c85480a9d618c75b05b4cbaf178747f914b
ELECTRUM: buildTransactionDetail: Getting transaction details for 53c28422f27e5b7d71977dfbc73a0c85480a9d618c75b05b4cbaf178747f914b
ELECTRUM: buildTransactionDetail: Successfully got transaction 53c28422f27e5b7d71977dfbc73a0c85480a9d618c75b05b4cbaf178747f914b
ELECTRUM: buildTransactionDetail: GetTransaction succeeded for 53c28422f27e5b7d71977dfbc73a0c85480a9d618c75b05b4cbaf178747f914b, processing result
ELECTRUM: buildTransactionDetail: Processing transaction result for 53c28422f27e5b7d71977dfbc73a0c85480a9d618c75b05b4cbaf178747f914b
ELECTRUM: buildTransactionDetail: Transaction result is not nil for 53c28422f27e5b7d71977dfbc73a0c85480a9d618c75b05b4cbaf178747f914b
ELECTRUM: buildTransactionDetail: Attempting to get actual value for transaction 53c28422f27e5b7d71977dfbc73a0c85480a9d618c75b05b4cbaf178747f914b
ELECTRUM: getTransactionValue: Transaction result type: *electrum.GetTransactionResult, fields: 12
ELECTRUM: getTransactionValue: Field 0: Blockhash = 0000000000000042e460b9fad2e9532cf1cc3f4170a53d9d26ab6e78ff236847 (type: string)
ELECTRUM: getTransactionValue: Field 1: Blocktime = 1757981159 (type: uint64)
ELECTRUM: getTransactionValue: Field 2: Confirmations = 9324 (type: int32)
ELECTRUM: getTransactionValue: Field 3: Hash = 15c263df20efdbc1e9a831e492e4448bfae81a419aebddaf1cdaa9581e5886ec (type: string)
ELECTRUM: getTransactionValue: Field 4: Hex = 01000000000101e1a363336ff7bf5c9cfe66dd6f03620ebcf0a6c9a8500fcd9ad509606e08c27f0000000000ffffffff026198a300000000002251201edf63902042b3252443e16248200720e90b315f7e4512f05583cc0e49e6c07dd721000000000000225120669dc55941fc359c7d17b11951e6fb61c292c6d2a1bc1cc85db45026c7a5f78f0140a7bf98f7dbc055da2864c132b6e28616cee30297c3b4432b31f725f1f3eac4f52fa39ab8a351aa1c2a07848c8657f223f648ba92739e8ca06bd8acf140ecacbb00000000 (type: string)
ELECTRUM: getTransactionValue: Field 5: Locktime = 0 (type: uint32)
ELECTRUM: getTransactionValue: Field 6: Size = 205 (type: uint32)
ELECTRUM: getTransactionValue: Field 7: Time = 1757981159 (type: uint64)
ELECTRUM: getTransactionValue: Field 8: Version = 1 (type: uint32)
ELECTRUM: getTransactionValue: Field 9: Vin = [{ 0x14000406480 4294967295 7fc2086e6009d59acd0f50a8c9a6f0bc0e62036fdd66fe9c5cbff76f3363a3e1 0}] (type: []electrum.Vin)
ELECTRUM: getTransactionValue: Field 10: Vout = [{0 {[] 1 1edf63902042b3252443e16248200720e90b315f7e4512f05583cc0e49e6c07d 51201edf63902042b3252443e16248200720e90b315f7e4512f05583cc0e49e6c07d 0 witness_v1_taproot} 0.10721377} {1 {[] 1 669dc55941fc359c7d17b11951e6fb61c292c6d2a1bc1cc85db45026c7a5f78f 5120669dc55941fc359c7d17b11951e6fb61c292c6d2a1bc1cc85db45026c7a5f78f 0 witness_v1_taproot} 8.663e-05}] (type: []electrum.Vout)
ELECTRUM: getTransactionValue: Field 11: Merkle = {[] 0 0} (type: electrum.GetMerkleProofResult)
ELECTRUM: getTransactionValue: Processing 2 Vout entries for transaction 53c28422f27e5b7d71977dfbc73a0c85480a9d618c75b05b4cbaf178747f914b
ELECTRUM: getTransactionValue: Processing Vout entry 0 for transaction 53c28422f27e5b7d71977dfbc73a0c85480a9d618c75b05b4cbaf178747f914b
ELECTRUM: getTransactionValue: Vout[0] Field 0: N = 0 (type: uint32)
ELECTRUM: getTransactionValue: Vout[0] Field 1: ScriptPubkey = {[] 1 1edf63902042b3252443e16248200720e90b315f7e4512f05583cc0e49e6c07d 51201edf63902042b3252443e16248200720e90b315f7e4512f05583cc0e49e6c07d 0 witness_v1_taproot} (type: electrum.ScriptPubkey)
ELECTRUM: getTransactionValue: Vout[0] Field 2: Value = 0.10721377 (type: float64)
ELECTRUM: getTransactionValue: Vout[0] has value 0.107214 BTC (10721377 satoshis)
ELECTRUM: getTransactionValue: Vout[0] ScriptPubkey type: electrum.ScriptPubkey
ELECTRUM: getTransactionValue: Vout[0] ScriptPubkey has 5 fields
ELECTRUM: getTransactionValue: Vout[0] ScriptPubkey Field 0: Addresses = [] (type: []string)
ELECTRUM: getTransactionValue: Vout[0] ScriptPubkey Field 1: Asm = 1 1edf63902042b3252443e16248200720e90b315f7e4512f05583cc0e49e6c07d (type: string)
ELECTRUM: getTransactionValue: Vout[0] ScriptPubkey Field 2: Hex = 51201edf63902042b3252443e16248200720e90b315f7e4512f05583cc0e49e6c07d (type: string)
ELECTRUM: getTransactionValue: Vout[0] ScriptPubkey Field 3: ReqSigs = 0 (type: uint32)
ELECTRUM: getTransactionValue: Vout[0] ScriptPubkey Field 4: Type = witness_v1_taproot (type: string)
ELECTRUM: getTransactionValue: Vout[0] extracted script hex from Hex field: 51201edf63902042b3252443e16248200720e90b315f7e4512f05583cc0e49e6c07d
ELECTRUM: getTransactionValue: Vout[0] calculated script hash: ecafa67b1773168b4fb6c72f570956f426e9587530e4e08c911f95c5e7bf21ea, target: 8578ba4feebf5378a3775363d531f253b8fbf9b00df139d1346ef1cbb8d17245
ELECTRUM: getTransactionValue: Vout[0] does not match our script hash, skipping
ELECTRUM: getTransactionValue: Processing Vout entry 1 for transaction 53c28422f27e5b7d71977dfbc73a0c85480a9d618c75b05b4cbaf178747f914b
ELECTRUM: getTransactionValue: Vout[1] Field 0: N = 1 (type: uint32)
ELECTRUM: getTransactionValue: Vout[1] Field 1: ScriptPubkey = {[] 1 669dc55941fc359c7d17b11951e6fb61c292c6d2a1bc1cc85db45026c7a5f78f 5120669dc55941fc359c7d17b11951e6fb61c292c6d2a1bc1cc85db45026c7a5f78f 0 witness_v1_taproot} (type: electrum.ScriptPubkey)
ELECTRUM: getTransactionValue: Vout[1] Field 2: Value = 8.663e-05 (type: float64)
ELECTRUM: getTransactionValue: Vout[1] has value 0.000087 BTC (8663 satoshis)
ELECTRUM: getTransactionValue: Vout[1] ScriptPubkey type: electrum.ScriptPubkey
ELECTRUM: getTransactionValue: Vout[1] ScriptPubkey has 5 fields
ELECTRUM: getTransactionValue: Vout[1] ScriptPubkey Field 0: Addresses = [] (type: []string)
ELECTRUM: getTransactionValue: Vout[1] ScriptPubkey Field 1: Asm = 1 669dc55941fc359c7d17b11951e6fb61c292c6d2a1bc1cc85db45026c7a5f78f (type: string)
ELECTRUM: getTransactionValue: Vout[1] ScriptPubkey Field 2: Hex = 5120669dc55941fc359c7d17b11951e6fb61c292c6d2a1bc1cc85db45026c7a5f78f (type: string)
ELECTRUM: getTransactionValue: Vout[1] ScriptPubkey Field 3: ReqSigs = 0 (type: uint32)
ELECTRUM: getTransactionValue: Vout[1] ScriptPubkey Field 4: Type = witness_v1_taproot (type: string)
ELECTRUM: getTransactionValue: Vout[1] extracted script hex from Hex field: 5120669dc55941fc359c7d17b11951e6fb61c292c6d2a1bc1cc85db45026c7a5f78f
ELECTRUM: getTransactionValue: Vout[1] calculated script hash: 8578ba4feebf5378a3775363d531f253b8fbf9b00df139d1346ef1cbb8d17245, target: 8578ba4feebf5378a3775363d531f253b8fbf9b00df139d1346ef1cbb8d17245
ELECTRUM: getTransactionValue: Vout[1] matches our script hash, adding 8663 satoshis
ELECTRUM: buildTransactionDetail: Transaction 53c28422f27e5b7d71977dfbc73a0c85480a9d618c75b05b4cbaf178747f914b has actual value 8663 satoshis
2025/09/16 14:05:41 ELECTRUM: GetBlockHash called for height: 4660782
2025/09/16 14:05:41 ELECTRUM: Found transaction 53c28422f27e5b7d71977dfbc73a0c85480a9d618c75b05b4cbaf178747f914b for script hash 8578ba4feebf5378a3775363d531f253b8fbf9b00df139d1346ef1cbb8d17245 (confirmations: 9312, value: 8663)
2025/09/16 14:05:41 ELECTRUM: Sending relevant transaction notification for 53c28422f27e5b7d71977dfbc73a0c85480a9d618c75b05b4cbaf178747f914b
2025/09/16 14:05:41 ELECTRUM: Relevant transaction notification sent successfully for 53c28422f27e5b7d71977dfbc73a0c85480a9d618c75b05b4cbaf178747f914b
2025/09/16 14:05:41 ELECTRUM: Script hash e099d9fde9213ef12ff365704a11cffd8f3bcb116dbdd10b3c5175d8508bac33 status changed from e099d9fde9213ef12ff365704a11cffd8f3bcb116dbdd10b3c5175d8508bac33 to tx_count:0 - new transactions detected!
2025/09/16 14:05:41 ELECTRUM: Handling script hash update for e099d9fde9213ef12ff365704a11cffd8f3bcb116dbdd10b3c5175d8508bac33
2025/09/16 14:05:42 ELECTRUM: Found 0 transactions for script hash e099d9fde9213ef12ff365704a11cffd8f3bcb116dbdd10b3c5175d8508bac33
2025/09/16 14:05:42 ELECTRUM: Script hash 5987449d703426b3d8882ca6a898953f5475d0e7579d6c3c11c28a2d2279d2a1 status changed from 5987449d703426b3d8882ca6a898953f5475d0e7579d6c3c11c28a2d2279d2a1 to tx_count:1,latest_height:4667133 - new transactions detected!
2025/09/16 14:05:42 ELECTRUM: Handling script hash update for 5987449d703426b3d8882ca6a898953f5475d0e7579d6c3c11c28a2d2279d2a1
2025/09/16 14:05:42 ELECTRUM: Found 1 transactions for script hash 5987449d703426b3d8882ca6a898953f5475d0e7579d6c3c11c28a2d2279d2a1
2025/09/16 14:05:42 ELECTRUM: Processing transaction 0 for script hash 5987449d703426b3d8882ca6a898953f5475d0e7579d6c3c11c28a2d2279d2a1
ELECTRUM: buildTransactionDetail called with entry type: *electrum.GetMempoolResult
ELECTRUM: buildTransactionDetail: Transaction 319cca7de1a53e4a43e3462c066ecfe1223a17a6f7d957aac2f3521a012248c4 has height: 4667133
ELECTRUM: buildTransactionDetail: About to call GetTransaction for 319cca7de1a53e4a43e3462c066ecfe1223a17a6f7d957aac2f3521a012248c4
ELECTRUM: buildTransactionDetail: Getting transaction details for 319cca7de1a53e4a43e3462c066ecfe1223a17a6f7d957aac2f3521a012248c4
2025-09-16 14:05:42.898 [DBG] LTND lnd.go:727: Syncing to block chain rev=08ae35 best_block_time="2025-09-16 14:05:13 -0400 EDT" is_synced=false
ELECTRUM: buildTransactionDetail: Successfully got transaction 319cca7de1a53e4a43e3462c066ecfe1223a17a6f7d957aac2f3521a012248c4
ELECTRUM: buildTransactionDetail: GetTransaction succeeded for 319cca7de1a53e4a43e3462c066ecfe1223a17a6f7d957aac2f3521a012248c4, processing result
ELECTRUM: buildTransactionDetail: Processing transaction result for 319cca7de1a53e4a43e3462c066ecfe1223a17a6f7d957aac2f3521a012248c4
ELECTRUM: buildTransactionDetail: Transaction result is not nil for 319cca7de1a53e4a43e3462c066ecfe1223a17a6f7d957aac2f3521a012248c4
ELECTRUM: buildTransactionDetail: Attempting to get actual value for transaction 319cca7de1a53e4a43e3462c066ecfe1223a17a6f7d957aac2f3521a012248c4
ELECTRUM: getTransactionValue: Transaction result type: *electrum.GetTransactionResult, fields: 12
ELECTRUM: getTransactionValue: Field 0: Blockhash = 00000000000250b139dcd3b1c9c71b8974b271315c97bec585495f4f7e529dc3 (type: string)
ELECTRUM: getTransactionValue: Field 1: Blocktime = 1758039166 (type: uint64)
ELECTRUM: getTransactionValue: Field 2: Confirmations = 2974 (type: int32)
ELECTRUM: getTransactionValue: Field 3: Hash = 91bf7327473c9bc0234f3d934656c53ec09bbc1794cf2b3fa87f8cfd984e456f (type: string)
ELECTRUM: getTransactionValue: Field 4: Hex = 01000000000101ceb52dfd276932f6c9e8f89a18ccef81286b0eeef970d8e6a0ee866ba09ab8700100000000ffffffff026a96a20000000000225120a26e00c992e2f66cd6fef339fbf84e2b0d9e0358286aa6ea9c00d9ca6684224c76430000000000002251206ba924bcb3eed3e836c60487f1f3dc5ddb9e206186b4ac37e2cacf75bd52754f01400e4892d04983c7415e5baa0a8b7e25b02f74a747cdf60eb29a20aafc131bc9e7d28e484f53ab8f25a5262d7f8f94c4947dcdce9606f53a8e445fd10505d9855800000000 (type: string)
ELECTRUM: getTransactionValue: Field 5: Locktime = 0 (type: uint32)
ELECTRUM: getTransactionValue: Field 6: Size = 205 (type: uint32)
ELECTRUM: getTransactionValue: Field 7: Time = 1758039166 (type: uint64)
ELECTRUM: getTransactionValue: Field 8: Version = 1 (type: uint32)
ELECTRUM: getTransactionValue: Field 9: Vin = [{ 0x140004071c0 4294967295 70b89aa06b86eea0e6d870f9ee0e6b2881efcc189af8e8c9f6326927fd2db5ce 1}] (type: []electrum.Vin)
ELECTRUM: getTransactionValue: Field 10: Vout = [{0 {[] 1 a26e00c992e2f66cd6fef339fbf84e2b0d9e0358286aa6ea9c00d9ca6684224c 5120a26e00c992e2f66cd6fef339fbf84e2b0d9e0358286aa6ea9c00d9ca6684224c 0 witness_v1_taproot} 0.10655338} {1 {[] 1 6ba924bcb3eed3e836c60487f1f3dc5ddb9e206186b4ac37e2cacf75bd52754f 51206ba924bcb3eed3e836c60487f1f3dc5ddb9e206186b4ac37e2cacf75bd52754f 0 witness_v1_taproot} 0.0001727}] (type: []electrum.Vout)
ELECTRUM: getTransactionValue: Field 11: Merkle = {[] 0 0} (type: electrum.GetMerkleProofResult)
ELECTRUM: getTransactionValue: Processing 2 Vout entries for transaction 319cca7de1a53e4a43e3462c066ecfe1223a17a6f7d957aac2f3521a012248c4
ELECTRUM: getTransactionValue: Processing Vout entry 0 for transaction 319cca7de1a53e4a43e3462c066ecfe1223a17a6f7d957aac2f3521a012248c4
ELECTRUM: getTransactionValue: Vout[0] Field 0: N = 0 (type: uint32)
ELECTRUM: getTransactionValue: Vout[0] Field 1: ScriptPubkey = {[] 1 a26e00c992e2f66cd6fef339fbf84e2b0d9e0358286aa6ea9c00d9ca6684224c 5120a26e00c992e2f66cd6fef339fbf84e2b0d9e0358286aa6ea9c00d9ca6684224c 0 witness_v1_taproot} (type: electrum.ScriptPubkey)
ELECTRUM: getTransactionValue: Vout[0] Field 2: Value = 0.10655338 (type: float64)
ELECTRUM: getTransactionValue: Vout[0] has value 0.106553 BTC (10655338 satoshis)
ELECTRUM: getTransactionValue: Vout[0] ScriptPubkey type: electrum.ScriptPubkey
ELECTRUM: getTransactionValue: Vout[0] ScriptPubkey has 5 fields
ELECTRUM: getTransactionValue: Vout[0] ScriptPubkey Field 0: Addresses = [] (type: []string)
ELECTRUM: getTransactionValue: Vout[0] ScriptPubkey Field 1: Asm = 1 a26e00c992e2f66cd6fef339fbf84e2b0d9e0358286aa6ea9c00d9ca6684224c (type: string)
ELECTRUM: getTransactionValue: Vout[0] ScriptPubkey Field 2: Hex = 5120a26e00c992e2f66cd6fef339fbf84e2b0d9e0358286aa6ea9c00d9ca6684224c (type: string)
ELECTRUM: getTransactionValue: Vout[0] ScriptPubkey Field 3: ReqSigs = 0 (type: uint32)
ELECTRUM: getTransactionValue: Vout[0] ScriptPubkey Field 4: Type = witness_v1_taproot (type: string)
ELECTRUM: getTransactionValue: Vout[0] extracted script hex from Hex field: 5120a26e00c992e2f66cd6fef339fbf84e2b0d9e0358286aa6ea9c00d9ca6684224c
ELECTRUM: getTransactionValue: Vout[0] calculated script hash: 285267eb98af21c308e1f0497341c7158d33f4401a11d6c74bc5cb5c78db664c, target: 5987449d703426b3d8882ca6a898953f5475d0e7579d6c3c11c28a2d2279d2a1
ELECTRUM: getTransactionValue: Vout[0] does not match our script hash, skipping
ELECTRUM: getTransactionValue: Processing Vout entry 1 for transaction 319cca7de1a53e4a43e3462c066ecfe1223a17a6f7d957aac2f3521a012248c4
ELECTRUM: getTransactionValue: Vout[1] Field 0: N = 1 (type: uint32)
ELECTRUM: getTransactionValue: Vout[1] Field 1: ScriptPubkey = {[] 1 6ba924bcb3eed3e836c60487f1f3dc5ddb9e206186b4ac37e2cacf75bd52754f 51206ba924bcb3eed3e836c60487f1f3dc5ddb9e206186b4ac37e2cacf75bd52754f 0 witness_v1_taproot} (type: electrum.ScriptPubkey)
ELECTRUM: getTransactionValue: Vout[1] Field 2: Value = 0.0001727 (type: float64)
ELECTRUM: getTransactionValue: Vout[1] has value 0.000173 BTC (17270 satoshis)
ELECTRUM: getTransactionValue: Vout[1] ScriptPubkey type: electrum.ScriptPubkey
ELECTRUM: getTransactionValue: Vout[1] ScriptPubkey has 5 fields
ELECTRUM: getTransactionValue: Vout[1] ScriptPubkey Field 0: Addresses = [] (type: []string)
ELECTRUM: getTransactionValue: Vout[1] ScriptPubkey Field 1: Asm = 1 6ba924bcb3eed3e836c60487f1f3dc5ddb9e206186b4ac37e2cacf75bd52754f (type: string)
ELECTRUM: getTransactionValue: Vout[1] ScriptPubkey Field 2: Hex = 51206ba924bcb3eed3e836c60487f1f3dc5ddb9e206186b4ac37e2cacf75bd52754f (type: string)
ELECTRUM: getTransactionValue: Vout[1] ScriptPubkey Field 3: ReqSigs = 0 (type: uint32)
ELECTRUM: getTransactionValue: Vout[1] ScriptPubkey Field 4: Type = witness_v1_taproot (type: string)
ELECTRUM: getTransactionValue: Vout[1] extracted script hex from Hex field: 51206ba924bcb3eed3e836c60487f1f3dc5ddb9e206186b4ac37e2cacf75bd52754f
ELECTRUM: getTransactionValue: Vout[1] calculated script hash: 5987449d703426b3d8882ca6a898953f5475d0e7579d6c3c11c28a2d2279d2a1, target: 5987449d703426b3d8882ca6a898953f5475d0e7579d6c3c11c28a2d2279d2a1
ELECTRUM: getTransactionValue: Vout[1] matches our script hash, adding 17270 satoshis
ELECTRUM: buildTransactionDetail: Transaction 319cca7de1a53e4a43e3462c066ecfe1223a17a6f7d957aac2f3521a012248c4 has actual value 17270 satoshis
2025/09/16 14:05:43 ELECTRUM: GetBlockHash called for height: 4667133
2025/09/16 14:05:43 ELECTRUM: Found transaction 319cca7de1a53e4a43e3462c066ecfe1223a17a6f7d957aac2f3521a012248c4 for script hash 5987449d703426b3d8882ca6a898953f5475d0e7579d6c3c11c28a2d2279d2a1 (confirmations: 2961, value: 17270)
2025/09/16 14:05:43 ELECTRUM: Sending relevant transaction notification for 319cca7de1a53e4a43e3462c066ecfe1223a17a6f7d957aac2f3521a012248c4
2025/09/16 14:05:43 ELECTRUM: Relevant transaction notification sent successfully for 319cca7de1a53e4a43e3462c066ecfe1223a17a6f7d957aac2f3521a012248c4
2025/09/16 14:05:43 ELECTRUM: Script hash ca676392dcbc659e23aa827453de1938add752fb16394cdd5252328fe3faa89e status changed from ca676392dcbc659e23aa827453de1938add752fb16394cdd5252328fe3faa89e to tx_count:0 - new transactions detected!
2025/09/16 14:05:43 ELECTRUM: Handling script hash update for ca676392dcbc659e23aa827453de1938add752fb16394cdd5252328fe3faa89e
2025/09/16 14:05:43 ELECTRUM: Found 0 transactions for script hash ca676392dcbc659e23aa827453de1938add752fb16394cdd5252328fe3faa89e
2025/09/16 14:05:43 ELECTRUM: GetBestBlock called
2025/09/16 14:05:43 ELECTRUM: Subscribing to headers to get current height
2025/09/16 14:05:44 ELECTRUM: Script hash f5c33ca4f183067b5c6f0c90abf586cb7bfac7aa4718bbbb54d982ae17efdc4e status changed from f5c33ca4f183067b5c6f0c90abf586cb7bfac7aa4718bbbb54d982ae17efdc4e to tx_count:1,latest_height:4665879 - new transactions detected!
2025/09/16 14:05:44 ELECTRUM: Handling script hash update for f5c33ca4f183067b5c6f0c90abf586cb7bfac7aa4718bbbb54d982ae17efdc4e
2025/09/16 14:05:44 ELECTRUM: Got current height 4670107 from headers subscription
2025/09/16 14:05:44 ELECTRUM: Returning hash 0000000000001f991120b00aee0ee0a04b03a665089f5f2746b041ad24649e8f for height 4670107 (from headers subscription)
2025/09/16 14:05:44 ELECTRUM: GetBlockHeader called for hash: 0000000000001f991120b00aee0ee0a04b03a665089f5f2746b041ad24649e8f
2025/09/16 14:05:44 ELECTRUM: GetBestBlock called
2025/09/16 14:05:44 ELECTRUM: Subscribing to headers to get current height
2025/09/16 14:05:44 ELECTRUM: Found 1 transactions for script hash f5c33ca4f183067b5c6f0c90abf586cb7bfac7aa4718bbbb54d982ae17efdc4e
2025/09/16 14:05:44 ELECTRUM: Processing transaction 0 for script hash f5c33ca4f183067b5c6f0c90abf586cb7bfac7aa4718bbbb54d982ae17efdc4e
ELECTRUM: buildTransactionDetail called with entry type: *electrum.GetMempoolResult
ELECTRUM: buildTransactionDetail: Transaction 70b89aa06b86eea0e6d870f9ee0e6b2881efcc189af8e8c9f6326927fd2db5ce has height: 4665879
ELECTRUM: buildTransactionDetail: About to call GetTransaction for 70b89aa06b86eea0e6d870f9ee0e6b2881efcc189af8e8c9f6326927fd2db5ce
ELECTRUM: buildTransactionDetail: Getting transaction details for 70b89aa06b86eea0e6d870f9ee0e6b2881efcc189af8e8c9f6326927fd2db5ce
2025/09/16 14:05:44 ELECTRUM: Got current height 4670107 from headers subscription
2025/09/16 14:05:44 ELECTRUM: Returning hash 0000000000001f991120b00aee0ee0a04b03a665089f5f2746b041ad24649e8f for height 4670107 (from headers subscription)
ELECTRUM: buildTransactionDetail: Successfully got transaction 70b89aa06b86eea0e6d870f9ee0e6b2881efcc189af8e8c9f6326927fd2db5ce
ELECTRUM: buildTransactionDetail: GetTransaction succeeded for 70b89aa06b86eea0e6d870f9ee0e6b2881efcc189af8e8c9f6326927fd2db5ce, processing result
ELECTRUM: buildTransactionDetail: Processing transaction result for 70b89aa06b86eea0e6d870f9ee0e6b2881efcc189af8e8c9f6326927fd2db5ce
ELECTRUM: buildTransactionDetail: Transaction result is not nil for 70b89aa06b86eea0e6d870f9ee0e6b2881efcc189af8e8c9f6326927fd2db5ce
ELECTRUM: buildTransactionDetail: Attempting to get actual value for transaction 70b89aa06b86eea0e6d870f9ee0e6b2881efcc189af8e8c9f6326927fd2db5ce
2025-09-16 14:05:44.599 [DBG] LTND lnd.go:727: Syncing to block chain rev=08ae35 best_block_time="2025-09-16 14:05:42 -0400 EDT" is_synced=false
ELECTRUM: getTransactionValue: Transaction result type: *electrum.GetTransactionResult, fields: 12
ELECTRUM: getTransactionValue: Field 0: Blockhash = 000000000000116242136073a4a852db7fe9d1df3a40fd8cc63406bb09ad832f (type: string)
ELECTRUM: getTransactionValue: Field 1: Blocktime = 1758036367 (type: uint64)
ELECTRUM: getTransactionValue: Field 2: Confirmations = 4229 (type: int32)
ELECTRUM: getTransactionValue: Field 3: Hash = 7dd5a01e353db4e588a83daebd2247317de97d2d2d52c2759f3568d5d65dd51a (type: string)
ELECTRUM: getTransactionValue: Field 4: Hex = 0100000000010194fd0563da521fe38d87737bd27f4032217b2f4b2cd8f1cf6f6e674fa3830e480100000000ffffffff02e632000000000000225120231e4bfd36e669261db29820b56ccf47e15d653550d3b34e069e81678e0acaf37cdaa200000000002251203ab4fb974815d5bbd4311d2b5a0b2fcbff49a01ff0db93dda6aaca61d0da914e0140f4b195521857f4498c883a2017dce416f1111fcc162d15c43cbc7dbd42b33b3f52c608e0fa222cbcfa184c1f915a637152fcc5fb35edf8c3c165124ba67c7a0d00000000 (type: string)
ELECTRUM: getTransactionValue: Field 5: Locktime = 0 (type: uint32)
ELECTRUM: getTransactionValue: Field 6: Size = 205 (type: uint32)
ELECTRUM: getTransactionValue: Field 7: Time = 1758036367 (type: uint64)
ELECTRUM: getTransactionValue: Field 8: Version = 1 (type: uint32)
ELECTRUM: getTransactionValue: Field 9: Vin = [{ 0x1400040fd00 4294967295 480e83a34f676e6fcff1d82c4b2f7b2132407fd27b73878de31f52da6305fd94 1}] (type: []electrum.Vin)
ELECTRUM: getTransactionValue: Field 10: Vout = [{0 {[] 1 231e4bfd36e669261db29820b56ccf47e15d653550d3b34e069e81678e0acaf3 5120231e4bfd36e669261db29820b56ccf47e15d653550d3b34e069e81678e0acaf3 0 witness_v1_taproot} 0.0001303} {1 {[] 1 3ab4fb974815d5bbd4311d2b5a0b2fcbff49a01ff0db93dda6aaca61d0da914e 51203ab4fb974815d5bbd4311d2b5a0b2fcbff49a01ff0db93dda6aaca61d0da914e 0 witness_v1_taproot} 0.10672764}] (type: []electrum.Vout)
ELECTRUM: getTransactionValue: Field 11: Merkle = {[] 0 0} (type: electrum.GetMerkleProofResult)
ELECTRUM: getTransactionValue: Processing 2 Vout entries for transaction 70b89aa06b86eea0e6d870f9ee0e6b2881efcc189af8e8c9f6326927fd2db5ce
ELECTRUM: getTransactionValue: Processing Vout entry 0 for transaction 70b89aa06b86eea0e6d870f9ee0e6b2881efcc189af8e8c9f6326927fd2db5ce
ELECTRUM: getTransactionValue: Vout[0] Field 0: N = 0 (type: uint32)
ELECTRUM: getTransactionValue: Vout[0] Field 1: ScriptPubkey = {[] 1 231e4bfd36e669261db29820b56ccf47e15d653550d3b34e069e81678e0acaf3 5120231e4bfd36e669261db29820b56ccf47e15d653550d3b34e069e81678e0acaf3 0 witness_v1_taproot} (type: electrum.ScriptPubkey)
ELECTRUM: getTransactionValue: Vout[0] Field 2: Value = 0.0001303 (type: float64)
ELECTRUM: getTransactionValue: Vout[0] has value 0.000130 BTC (13030 satoshis)
ELECTRUM: getTransactionValue: Vout[0] ScriptPubkey type: electrum.ScriptPubkey
ELECTRUM: getTransactionValue: Vout[0] ScriptPubkey has 5 fields
ELECTRUM: getTransactionValue: Vout[0] ScriptPubkey Field 0: Addresses = [] (type: []string)
ELECTRUM: getTransactionValue: Vout[0] ScriptPubkey Field 1: Asm = 1 231e4bfd36e669261db29820b56ccf47e15d653550d3b34e069e81678e0acaf3 (type: string)
ELECTRUM: getTransactionValue: Vout[0] ScriptPubkey Field 2: Hex = 5120231e4bfd36e669261db29820b56ccf47e15d653550d3b34e069e81678e0acaf3 (type: string)
ELECTRUM: getTransactionValue: Vout[0] ScriptPubkey Field 3: ReqSigs = 0 (type: uint32)
ELECTRUM: getTransactionValue: Vout[0] ScriptPubkey Field 4: Type = witness_v1_taproot (type: string)
ELECTRUM: getTransactionValue: Vout[0] extracted script hex from Hex field: 5120231e4bfd36e669261db29820b56ccf47e15d653550d3b34e069e81678e0acaf3
ELECTRUM: getTransactionValue: Vout[0] calculated script hash: f5c33ca4f183067b5c6f0c90abf586cb7bfac7aa4718bbbb54d982ae17efdc4e, target: f5c33ca4f183067b5c6f0c90abf586cb7bfac7aa4718bbbb54d982ae17efdc4e
ELECTRUM: getTransactionValue: Vout[0] matches our script hash, adding 13030 satoshis
ELECTRUM: getTransactionValue: Processing Vout entry 1 for transaction 70b89aa06b86eea0e6d870f9ee0e6b2881efcc189af8e8c9f6326927fd2db5ce
ELECTRUM: getTransactionValue: Vout[1] Field 0: N = 1 (type: uint32)
ELECTRUM: getTransactionValue: Vout[1] Field 1: ScriptPubkey = {[] 1 3ab4fb974815d5bbd4311d2b5a0b2fcbff49a01ff0db93dda6aaca61d0da914e 51203ab4fb974815d5bbd4311d2b5a0b2fcbff49a01ff0db93dda6aaca61d0da914e 0 witness_v1_taproot} (type: electrum.ScriptPubkey)
ELECTRUM: getTransactionValue: Vout[1] Field 2: Value = 0.10672764 (type: float64)
ELECTRUM: getTransactionValue: Vout[1] has value 0.106728 BTC (10672764 satoshis)
ELECTRUM: getTransactionValue: Vout[1] ScriptPubkey type: electrum.ScriptPubkey
ELECTRUM: getTransactionValue: Vout[1] ScriptPubkey has 5 fields
ELECTRUM: getTransactionValue: Vout[1] ScriptPubkey Field 0: Addresses = [] (type: []string)
ELECTRUM: getTransactionValue: Vout[1] ScriptPubkey Field 1: Asm = 1 3ab4fb974815d5bbd4311d2b5a0b2fcbff49a01ff0db93dda6aaca61d0da914e (type: string)
ELECTRUM: getTransactionValue: Vout[1] ScriptPubkey Field 2: Hex = 51203ab4fb974815d5bbd4311d2b5a0b2fcbff49a01ff0db93dda6aaca61d0da914e (type: string)
ELECTRUM: getTransactionValue: Vout[1] ScriptPubkey Field 3: ReqSigs = 0 (type: uint32)
ELECTRUM: getTransactionValue: Vout[1] ScriptPubkey Field 4: Type = witness_v1_taproot (type: string)
ELECTRUM: getTransactionValue: Vout[1] extracted script hex from Hex field: 51203ab4fb974815d5bbd4311d2b5a0b2fcbff49a01ff0db93dda6aaca61d0da914e
ELECTRUM: getTransactionValue: Vout[1] calculated script hash: b7aae3c97d4769611aee910825b7118d7ad2151c446f074416f7bf72160dcfd2, target: f5c33ca4f183067b5c6f0c90abf586cb7bfac7aa4718bbbb54d982ae17efdc4e
ELECTRUM: getTransactionValue: Vout[1] does not match our script hash, skipping
ELECTRUM: buildTransactionDetail: Transaction 70b89aa06b86eea0e6d870f9ee0e6b2881efcc189af8e8c9f6326927fd2db5ce has actual value 13030 satoshis
2025/09/16 14:05:44 ELECTRUM: GetBlockHash called for height: 4665879
2025/09/16 14:05:45 ELECTRUM: Found transaction 70b89aa06b86eea0e6d870f9ee0e6b2881efcc189af8e8c9f6326927fd2db5ce for script hash f5c33ca4f183067b5c6f0c90abf586cb7bfac7aa4718bbbb54d982ae17efdc4e (confirmations: 4229, value: 13030)
2025/09/16 14:05:45 ELECTRUM: Sending relevant transaction notification for 70b89aa06b86eea0e6d870f9ee0e6b2881efcc189af8e8c9f6326927fd2db5ce
2025/09/16 14:05:45 ELECTRUM: Relevant transaction notification sent successfully for 70b89aa06b86eea0e6d870f9ee0e6b2881efcc189af8e8c9f6326927fd2db5ce
2025/09/16 14:05:45 ELECTRUM: Script hash 772c610aa6b1b17496234e4d5e817a7bb5a9bedae737ff88e3f62109756fbe0f status changed from 772c610aa6b1b17496234e4d5e817a7bb5a9bedae737ff88e3f62109756fbe0f to tx_count:0 - new transactions detected!
2025/09/16 14:05:45 ELECTRUM: Handling script hash update for 772c610aa6b1b17496234e4d5e817a7bb5a9bedae737ff88e3f62109756fbe0f
2025/09/16 14:05:45 ELECTRUM: Found 0 transactions for script hash 772c610aa6b1b17496234e4d5e817a7bb5a9bedae737ff88e3f62109756fbe0f
2025/09/16 14:05:45 ELECTRUM: GetBestBlock called
2025/09/16 14:05:45 ELECTRUM: Subscribing to headers to get current height
2025/09/16 14:05:45 ELECTRUM: Script hash c9d8bc157913c0cdb12c85d685798b196f5db58e760e18e83102d6b04d1963c3 status changed from c9d8bc157913c0cdb12c85d685798b196f5db58e760e18e83102d6b04d1963c3 to tx_count:0 - new transactions detected!
2025/09/16 14:05:45 ELECTRUM: Handling script hash update for c9d8bc157913c0cdb12c85d685798b196f5db58e760e18e83102d6b04d1963c3
2025/09/16 14:05:45 ELECTRUM: Got current height 4670109 from headers subscription
2025/09/16 14:05:45 ELECTRUM: Returning hash 00000000ecbdc3b1d205c7966268d577e9c1798dce29b4f6bddb8a31c13f1de5 for height 4670109 (from headers subscription)
2025/09/16 14:05:45 ELECTRUM: GetBlockHeader called for hash: 00000000ecbdc3b1d205c7966268d577e9c1798dce29b4f6bddb8a31c13f1de5
2025/09/16 14:05:45 ELECTRUM: GetBestBlock called
2025/09/16 14:05:45 ELECTRUM: Subscribing to headers to get current height
2025/09/16 14:05:45 ELECTRUM: Found 0 transactions for script hash c9d8bc157913c0cdb12c85d685798b196f5db58e760e18e83102d6b04d1963c3
2025/09/16 14:05:46 ELECTRUM: Got current height 4670109 from headers subscription
2025/09/16 14:05:46 ELECTRUM: Returning hash 00000000ecbdc3b1d205c7966268d577e9c1798dce29b4f6bddb8a31c13f1de5 for height 4670109 (from headers subscription)
2025/09/16 14:05:46 ELECTRUM: Script hash a316d302121d1b62c9b4ec3de415b72930916c9b2fecde6d85dcb59e82024e3d status changed from a316d302121d1b62c9b4ec3de415b72930916c9b2fecde6d85dcb59e82024e3d to tx_count:0 - new transactions detected!
2025/09/16 14:05:46 ELECTRUM: Handling script hash update for a316d302121d1b62c9b4ec3de415b72930916c9b2fecde6d85dcb59e82024e3d
2025-09-16 14:05:46.299 [DBG] LTND lnd.go:727: Syncing to block chain rev=08ae35 best_block_time="2025-09-16 14:25:44 -0400 EDT" is_synced=false
2025/09/16 14:05:46 ELECTRUM: Found 0 transactions for script hash a316d302121d1b62c9b4ec3de415b72930916c9b2fecde6d85dcb59e82024e3d
2025/09/16 14:05:47 ELECTRUM: GetBestBlock called
2025/09/16 14:05:47 ELECTRUM: Subscribing to headers to get current height
2025/09/16 14:05:47 ELECTRUM: Got current height 4670109 from headers subscription
2025/09/16 14:05:47 ELECTRUM: Returning hash 00000000ecbdc3b1d205c7966268d577e9c1798dce29b4f6bddb8a31c13f1de5 for height 4670109 (from headers subscription)
2025/09/16 14:05:47 ELECTRUM: GetBlockHeader called for hash: 00000000ecbdc3b1d205c7966268d577e9c1798dce29b4f6bddb8a31c13f1de5
2025/09/16 14:05:47 ELECTRUM: GetBestBlock called
2025/09/16 14:05:47 ELECTRUM: Subscribing to headers to get current height
2025/09/16 14:05:47 ELECTRUM: Got current height 4670109 from headers subscription
2025/09/16 14:05:47 ELECTRUM: Returning hash 00000000ecbdc3b1d205c7966268d577e9c1798dce29b4f6bddb8a31c13f1de5 for height 4670109 (from headers subscription)
2025-09-16 14:05:48.005 [DBG] LTND lnd.go:727: Syncing to block chain rev=08ae35 best_block_time="2025-09-16 14:25:44 -0400 EDT" is_synced=false
2025/09/16 14:05:48 ELECTRUM: GetBestBlock called
2025/09/16 14:05:48 ELECTRUM: Subscribing to headers to get current height
2025/09/16 14:05:48 ELECTRUM: Got current height 4670109 from headers subscription
2025/09/16 14:05:48 ELECTRUM: Returning hash 00000000ecbdc3b1d205c7966268d577e9c1798dce29b4f6bddb8a31c13f1de5 for height 4670109 (from headers subscription)
2025/09/16 14:05:48 ELECTRUM: Checking for new blocks - current: 4670109, last known: 4670092
2025/09/16 14:05:48 ELECTRUM: New block detected! Height: 4670109 (was 4670092)
2025/09/16 14:05:48 ELECTRUM: Sending block connected notification for height 4670109
2025/09/16 14:05:48 ELECTRUM: Block notification sent successfully for height 4670109
2025/09/16 14:05:49 ELECTRUM: GetBestBlock called
2025/09/16 14:05:49 ELECTRUM: Subscribing to headers to get current height
2025/09/16 14:05:49 ELECTRUM: Got current height 4670109 from headers subscription
2025/09/16 14:05:49 ELECTRUM: Returning hash 00000000ecbdc3b1d205c7966268d577e9c1798dce29b4f6bddb8a31c13f1de5 for height 4670109 (from headers subscription)
2025/09/16 14:05:49 ELECTRUM: GetBlockHeader called for hash: 00000000ecbdc3b1d205c7966268d577e9c1798dce29b4f6bddb8a31c13f1de5
2025/09/16 14:05:49 ELECTRUM: GetBestBlock called
2025/09/16 14:05:49 ELECTRUM: Subscribing to headers to get current height
2025/09/16 14:05:49 ELECTRUM: GetBestBlock called
2025/09/16 14:05:49 ELECTRUM: Subscribing to headers to get current height
2025/09/16 14:05:49 ELECTRUM: Got current height 4670110 from headers subscription
2025/09/16 14:05:49 ELECTRUM: Returning hash 000000000000167d25341bb9d321f4a845bcc1732be1d58ccb14d1cd0c2a29af for height 4670110 (from headers subscription)
2025/09/16 14:05:49 ELECTRUM: Got current height 4670110 from headers subscription
2025/09/16 14:05:49 ELECTRUM: Returning hash 000000000000167d25341bb9d321f4a845bcc1732be1d58ccb14d1cd0c2a29af for height 4670110 (from headers subscription)
2025/09/16 14:05:49 ELECTRUM: Checking for new blocks - current: 4670110, last known: 4670093
2025/09/16 14:05:49 ELECTRUM: New block detected! Height: 4670110 (was 4670093)
2025/09/16 14:05:49 ELECTRUM: Sending block connected notification for height 4670110
2025/09/16 14:05:49 ELECTRUM: Block notification sent successfully for height 4670110
2025/09/16 14:05:49 ELECTRUM: GetBestBlock called
2025/09/16 14:05:49 ELECTRUM: Subscribing to headers to get current height
2025/09/16 14:05:49 ELECTRUM: Got current height 4670110 from headers subscription
2025/09/16 14:05:49 ELECTRUM: Returning hash 000000000000167d25341bb9d321f4a845bcc1732be1d58ccb14d1cd0c2a29af for height 4670110 (from headers subscription)
2025/09/16 14:05:49 ELECTRUM: Checking for new blocks - current: 4670110, last known: 4670093
2025/09/16 14:05:49 ELECTRUM: New block detected! Height: 4670110 (was 4670093)
2025/09/16 14:05:49 ELECTRUM: Sending block connected notification for height 4670110
2025/09/16 14:05:49 ELECTRUM: Block notification sent successfully for height 4670110
2025-09-16 14:06:13.321 [DBG] LTND lnd.go:727: Syncing to block chain rev=08ae35 best_block_time="2025-09-16 14:25:44 -0400 EDT" is_synced=false
2025/09/16 14:06:14 ELECTRUM: GetBestBlock called
2025/09/16 14:06:14 ELECTRUM: Subscribing to headers to get current height
2025/09/16 14:06:14 ELECTRUM: Got current height 4670114 from headers subscription
2025/09/16 14:06:14 ELECTRUM: Returning hash 000000000004187474d41e10f5aabb992440185b19cc28cd9bf4521ffd56860b for height 4670114 (from headers subscription)
2025/09/16 14:06:14 ELECTRUM: GetBlockHeader called for hash: 000000000004187474d41e10f5aabb992440185b19cc28cd9bf4521ffd56860b
2025/09/16 14:06:14 ELECTRUM: GetBestBlock called
2025/09/16 14:06:14 ELECTRUM: Subscribing to headers to get current height
2025/09/16 14:06:14 ELECTRUM: Got current height 4670114 from headers subscription
2025/09/16 14:06:14 ELECTRUM: Returning hash 000000000004187474d41e10f5aabb992440185b19cc28cd9bf4521ffd56860b for height 4670114 (from headers subscription)
2025-09-16 14:06:15.017 [DBG] LTND lnd.go:727: Syncing to block chain rev=08ae35 best_block_time="2025-09-16 14:06:08 -0400 EDT" is_synced=false
2025/09/16 14:06:16 ELECTRUM: GetBestBlock called
2025/09/16 14:06:16 ELECTRUM: Subscribing to headers to get current height
2025/09/16 14:06:16 ELECTRUM: Got current height 4670115 from headers subscription
2025/09/16 14:06:16 ELECTRUM: Returning hash 000000000001c454fb62bcf6885241b7ec9a2b3535343070ac4c1e93b88588c9 for height 4670115 (from headers subscription)
2025/09/16 14:06:16 ELECTRUM: GetBlockHeader called for hash: 000000000001c454fb62bcf6885241b7ec9a2b3535343070ac4c1e93b88588c9
2025/09/16 14:06:16 ELECTRUM: GetBestBlock called
2025/09/16 14:06:16 ELECTRUM: Subscribing to headers to get current height
2025/09/16 14:06:16 ELECTRUM: Got current height 4670115 from headers subscription
2025/09/16 14:06:16 ELECTRUM: Returning hash 000000000001c454fb62bcf6885241b7ec9a2b3535343070ac4c1e93b88588c9 for height 4670115 (from headers subscription)
2025-09-16 14:06:16.719 [DBG] LTND lnd.go:727: Syncing to block chain rev=08ae35 best_block_time="2025-09-16 14:06:13 -0400 EDT" is_synced=false
2025/09/16 14:06:17 ELECTRUM: GetBestBlock called
2025/09/16 14:06:17 ELECTRUM: Subscribing to headers to get current height
2025/09/16 14:06:17 ELECTRUM: Got current height 4670115 from headers subscription
2025/09/16 14:06:17 ELECTRUM: Returning hash 000000000001c454fb62bcf6885241b7ec9a2b3535343070ac4c1e93b88588c9 for height 4670115 (from headers subscription)
2025/09/16 14:06:17 ELECTRUM: GetBlockHeader called for hash: 000000000001c454fb62bcf6885241b7ec9a2b3535343070ac4c1e93b88588c9
2025/09/16 14:06:17 ELECTRUM: GetBestBlock called
2025/09/16 14:06:17 ELECTRUM: Subscribing to headers to get current height
2025/09/16 14:06:18 ELECTRUM: GetBestBlock called
2025/09/16 14:06:18 ELECTRUM: Subscribing to headers to get current height
2025/09/16 14:06:18 ELECTRUM: Got current height 4670115 from headers subscription
2025/09/16 14:06:18 ELECTRUM: Returning hash 000000000001c454fb62bcf6885241b7ec9a2b3535343070ac4c1e93b88588c9 for height 4670115 (from headers subscription)
2025/09/16 14:06:18 ELECTRUM: Got current height 4670115 from headers subscription
2025/09/16 14:06:18 ELECTRUM: Returning hash 000000000001c454fb62bcf6885241b7ec9a2b3535343070ac4c1e93b88588c9 for height 4670115 (from headers subscription)
2025/09/16 14:06:18 ELECTRUM: Checking for new blocks - current: 4670115, last known: 4670109
2025/09/16 14:06:18 ELECTRUM: New block detected! Height: 4670115 (was 4670109)
2025/09/16 14:06:18 ELECTRUM: Sending block connected notification for height 4670115
2025/09/16 14:06:18 ELECTRUM: Block notification sent successfully for height 4670115
2025-09-16 14:06:18.421 [DBG] LTND lnd.go:727: Syncing to block chain rev=08ae35 best_block_time="2025-09-16 14:06:13 -0400 EDT" is_synced=false
2025/09/16 14:06:19 ELECTRUM: GetBestBlock called
2025/09/16 14:06:19 ELECTRUM: Subscribing to headers to get current height
2025/09/16 14:06:19 ELECTRUM: GetBestBlock called
2025/09/16 14:06:19 ELECTRUM: Subscribing to headers to get current height
2025/09/16 14:06:19 ELECTRUM: Got current height 4670115 from headers subscription
2025/09/16 14:06:19 ELECTRUM: Returning hash 000000000001c454fb62bcf6885241b7ec9a2b3535343070ac4c1e93b88588c9 for height 4670115 (from headers subscription)
2025/09/16 14:06:19 ELECTRUM: Checking for new blocks - current: 4670115, last known: 4670110
2025/09/16 14:06:19 ELECTRUM: New block detected! Height: 4670115 (was 4670110)
2025/09/16 14:06:19 ELECTRUM: Sending block connected notification for height 4670115
2025/09/16 14:06:19 ELECTRUM: Block notification sent successfully for height 4670115
2025/09/16 14:06:19 ELECTRUM: GetBestBlock called
2025/09/16 14:06:19 ELECTRUM: Subscribing to headers to get current height
2025/09/16 14:06:19 ELECTRUM: Got current height 4670115 from headers subscription
2025/09/16 14:06:19 ELECTRUM: Returning hash 000000000001c454fb62bcf6885241b7ec9a2b3535343070ac4c1e93b88588c9 for height 4670115 (from headers subscription)
2025/09/16 14:06:19 ELECTRUM: Got current height 4670115 from headers subscription
2025/09/16 14:06:19 ELECTRUM: Returning hash 000000000001c454fb62bcf6885241b7ec9a2b3535343070ac4c1e93b88588c9 for height 4670115 (from headers subscription)
2025/09/16 14:06:19 ELECTRUM: Checking for new blocks - current: 4670115, last known: 4670110
2025/09/16 14:06:19 ELECTRUM: New block detected! Height: 4670115 (was 4670110)
2025/09/16 14:06:19 ELECTRUM: Sending block connected notification for height 4670115
2025/09/16 14:06:19 ELECTRUM: Block notification sent successfully for height 4670115
2025/09/16 14:06:19 ELECTRUM: GetBlockHeader called for hash: 000000000001c454fb62bcf6885241b7ec9a2b3535343070ac4c1e93b88588c9
2025/09/16 14:06:19 ELECTRUM: GetBestBlock called
2025/09/16 14:06:19 ELECTRUM: Subscribing to headers to get current height
2025/09/16 14:06:20 ELECTRUM: Got current height 4670115 from headers subscription
2025/09/16 14:06:20 ELECTRUM: Returning hash 000000000001c454fb62bcf6885241b7ec9a2b3535343070ac4c1e93b88588c9 for height 4670115 (from headers subscription)
2025-09-16 14:06:20.491 [DBG] LTND lnd.go:727: Syncing to block chain rev=08ae35 best_block_time="2025-09-16 14:06:13 -0400 EDT" is_synced=false
2025/09/16 14:06:21 ELECTRUM: GetBestBlock called
2025/09/16 14:06:21 ELECTRUM: Subscribing to headers to get current height
2025/09/16 14:06:21 ELECTRUM: Got current height 4670116 from headers subscription
2025/09/16 14:06:21 ELECTRUM: Returning hash 0000000000005f6fdba4cdd6dbb131b454e8e03194a5d05f6c781e58f0c1aad3 for height 4670116 (from headers subscription)
2025/09/16 14:06:21 ELECTRUM: GetBlockHeader called for hash: 0000000000005f6fdba4cdd6dbb131b454e8e03194a5d05f6c781e58f0c1aad3
2025/09/16 14:06:21 ELECTRUM: GetBestBlock called
2025/09/16 14:06:21 ELECTRUM: Subscribing to headers to get current height
2025/09/16 14:06:21 ELECTRUM: Got current height 4670116 from headers subscription
2025/09/16 14:06:21 ELECTRUM: Returning hash 0000000000005f6fdba4cdd6dbb131b454e8e03194a5d05f6c781e58f0c1aad3 for height 4670116 (from headers subscription)
2025-09-16 14:06:22.190 [DBG] LTND lnd.go:727: Syncing to block chain rev=08ae35 best_block_time="2025-09-16 14:06:14 -0400 EDT" is_synced=false
2025/09/16 14:06:23 ELECTRUM: GetBestBlock called
2025/09/16 14:06:23 ELECTRUM: Subscribing to headers to get current height
2025/09/16 14:06:23 ELECTRUM: Got current height 4670116 from headers subscription
2025/09/16 14:06:23 ELECTRUM: Returning hash 0000000000005f6fdba4cdd6dbb131b454e8e03194a5d05f6c781e58f0c1aad3 for height 4670116 (from headers subscription)
2025/09/16 14:06:23 ELECTRUM: GetBlockHeader called for hash: 0000000000005f6fdba4cdd6dbb131b454e8e03194a5d05f6c781e58f0c1aad3
2025/09/16 14:06:23 ELECTRUM: GetBestBlock called
2025/09/16 14:06:23 ELECTRUM: Subscribing to headers to get current height
2025/09/16 14:06:23 ELECTRUM: Got current height 4670116 from headers subscription
2025/09/16 14:06:23 ELECTRUM: Returning hash 0000000000005f6fdba4cdd6dbb131b454e8e03194a5d05f6c781e58f0c1aad3 for height 4670116 (from headers subscription)
2025-09-16 14:06:23.891 [DBG] LTND lnd.go:727: Syncing to block chain rev=08ae35 best_block_time="2025-09-16 14:06:14 -0400 EDT" is_synced=false
2025/09/16 14:06:24 ELECTRUM: GetBestBlock called
2025/09/16 14:06:24 ELECTRUM: Subscribing to headers to get current height
2025/09/16 14:06:25 ELECTRUM: Got current height 4670117 from headers subscription
2025/09/16 14:06:25 ELECTRUM: Returning hash 000000000000021be7e272a8b3111bb00d1a13877313e01baab030cac8fb9942 for height 4670117 (from headers subscription)
2025/09/16 14:06:25 ELECTRUM: GetBlockHeader called for hash: 000000000000021be7e272a8b3111bb00d1a13877313e01baab030cac8fb9942
2025/09/16 14:06:25 ELECTRUM: GetBestBlock called
2025/09/16 14:06:25 ELECTRUM: Subscribing to headers to get current height
2025/09/16 14:06:25 ELECTRUM: Got current height 4670117 from headers subscription
2025/09/16 14:06:25 ELECTRUM: Returning hash 000000000000021be7e272a8b3111bb00d1a13877313e01baab030cac8fb9942 for height 4670117 (from headers subscription)
2025-09-16 14:06:25.587 [DBG] LTND lnd.go:727: Syncing to block chain rev=08ae35 best_block_time="2025-09-16 14:06:20 -0400 EDT" is_synced=false
2025/09/16 14:06:26 ELECTRUM: GetBestBlock called
2025/09/16 14:06:26 ELECTRUM: Subscribing to headers to get current height
2025/09/16 14:06:26 ELECTRUM: Got current height 4670117 from headers subscription
2025/09/16 14:06:26 ELECTRUM: Returning hash 000000000000021be7e272a8b3111bb00d1a13877313e01baab030cac8fb9942 for height 4670117 (from headers subscription)
2025/09/16 14:06:26 ELECTRUM: GetBlockHeader called for hash: 000000000000021be7e272a8b3111bb00d1a13877313e01baab030cac8fb9942
2025/09/16 14:06:26 ELECTRUM: GetBestBlock called
2025/09/16 14:06:26 ELECTRUM: Subscribing to headers to get current height
2025/09/16 14:06:27 ELECTRUM: Got current height 4670117 from headers subscription
2025/09/16 14:06:27 ELECTRUM: Returning hash 000000000000021be7e272a8b3111bb00d1a13877313e01baab030cac8fb9942 for height 4670117 (from headers subscription)
2025-09-16 14:06:27.290 [DBG] LTND lnd.go:727: Syncing to block chain rev=08ae35 best_block_time="2025-09-16 14:06:20 -0400 EDT" is_synced=false
2025/09/16 14:06:28 ELECTRUM: GetBestBlock called
2025/09/16 14:06:28 ELECTRUM: Subscribing to headers to get current height
2025/09/16 14:06:28 ELECTRUM: Got current height 4670117 from headers subscription
2025/09/16 14:06:28 ELECTRUM: Returning hash 000000000000021be7e272a8b3111bb00d1a13877313e01baab030cac8fb9942 for height 4670117 (from headers subscription)
2025/09/16 14:06:28 ELECTRUM: GetBlockHeader called for hash: 000000000000021be7e272a8b3111bb00d1a13877313e01baab030cac8fb9942
2025/09/16 14:06:28 ELECTRUM: GetBestBlock called
2025/09/16 14:06:28 ELECTRUM: Subscribing to headers to get current height
2025/09/16 14:06:28 ELECTRUM: Got current height 4670117 from headers subscription
2025/09/16 14:06:28 ELECTRUM: Returning hash 000000000000021be7e272a8b3111bb00d1a13877313e01baab030cac8fb9942 for height 4670117 (from headers subscription)
2025-09-16 14:06:28.988 [DBG] LTND lnd.go:727: Syncing to block chain rev=08ae35 best_block_time="2025-09-16 14:06:20 -0400 EDT" is_synced=false
2025/09/16 14:06:29 ELECTRUM: GetBestBlock called
2025/09/16 14:06:29 ELECTRUM: Subscribing to headers to get current height
2025/09/16 14:06:30 ELECTRUM: Got current height 4670118 from headers subscription
2025/09/16 14:06:30 ELECTRUM: Returning hash 00000000000037bb6dbaf372bbee14855c1084984590620717a003a4ea8dcfc1 for height 4670118 (from headers subscription)
2025/09/16 14:06:30 ELECTRUM: GetBlockHeader called for hash: 00000000000037bb6dbaf372bbee14855c1084984590620717a003a4ea8dcfc1
2025/09/16 14:06:30 ELECTRUM: GetBestBlock called
2025/09/16 14:06:30 ELECTRUM: Subscribing to headers to get current height
2025/09/16 14:06:30 ELECTRUM: Got current height 4670119 from headers subscription
2025/09/16 14:06:30 ELECTRUM: Returning hash 000000000000080368646434c39f07ca46341e9626ad8e788183729d220e75bb for height 4670119 (from headers subscription)
2025/09/16 14:06:48 ELECTRUM: GetBestBlock called
2025/09/16 14:06:48 ELECTRUM: Subscribing to headers to get current height
2025/09/16 14:06:48 ELECTRUM: Got current height 4670128 from headers subscription
2025/09/16 14:06:48 ELECTRUM: Returning hash 0000000000016a96be120d7cafc8c5a8b3bb2ee2da62f284a282a55da5d83b21 for height 4670128 (from headers subscription)
2025/09/16 14:06:48 ELECTRUM: Checking for new blocks - current: 4670128, last known: 4670115
2025/09/16 14:06:48 ELECTRUM: New block detected! Height: 4670128 (was 4670115)
2025/09/16 14:06:48 ELECTRUM: Sending block connected notification for height 4670128
2025/09/16 14:06:48 ELECTRUM: Block notification sent successfully for height 4670128
2025/09/16 14:06:49 ELECTRUM: GetBestBlock called
2025/09/16 14:06:49 ELECTRUM: Subscribing to headers to get current height
2025/09/16 14:06:49 ELECTRUM: GetBestBlock called
2025/09/16 14:06:49 ELECTRUM: Subscribing to headers to get current height
2025/09/16 14:06:49 ELECTRUM: Got current height 4670128 from headers subscription
2025/09/16 14:06:49 ELECTRUM: Returning hash 0000000000016a96be120d7cafc8c5a8b3bb2ee2da62f284a282a55da5d83b21 for height 4670128 (from headers subscription)
2025/09/16 14:06:49 ELECTRUM: Checking for new blocks - current: 4670128, last known: 4670115
2025/09/16 14:06:49 ELECTRUM: New block detected! Height: 4670128 (was 4670115)
2025/09/16 14:06:49 ELECTRUM: Sending block connected notification for height 4670128
2025/09/16 14:06:49 ELECTRUM: Block notification sent successfully for height 4670128
2025/09/16 14:06:49 ELECTRUM: Got current height 4670128 from headers subscription
2025/09/16 14:06:49 ELECTRUM: Returning hash 0000000000016a96be120d7cafc8c5a8b3bb2ee2da62f284a282a55da5d83b21 for height 4670128 (from headers subscription)
2025/09/16 14:06:49 ELECTRUM: Checking for new blocks - current: 4670128, last known: 4670115
2025/09/16 14:06:49 ELECTRUM: New block detected! Height: 4670128 (was 4670115)
2025/09/16 14:06:49 ELECTRUM: Sending block connected notification for height 4670128
2025/09/16 14:06:49 ELECTRUM: Block notification sent successfully for height 4670128
2025-09-16 14:06:54.840 [DBG] LTND lnd.go:727: Syncing to block chain rev=08ae35 best_block_time="2025-09-16 14:06:24 -0400 EDT" is_synced=false
2025/09/16 14:06:55 ELECTRUM: GetBestBlock called
2025/09/16 14:06:55 ELECTRUM: Subscribing to headers to get current height
2025/09/16 14:06:56 ELECTRUM: Got current height 4670131 from headers subscription
2025/09/16 14:06:56 ELECTRUM: Returning hash 000000000003341c2866e18c9c436cd585ea47b8a3666fa330184d9d91f2cc24 for height 4670131 (from headers subscription)
2025/09/16 14:06:56 ELECTRUM: GetBlockHeader called for hash: 000000000003341c2866e18c9c436cd585ea47b8a3666fa330184d9d91f2cc24
2025/09/16 14:06:56 ELECTRUM: GetBestBlock called
2025/09/16 14:06:56 ELECTRUM: Subscribing to headers to get current height
2025/09/16 14:06:56 ELECTRUM: Got current height 4670131 from headers subscription
2025/09/16 14:06:56 ELECTRUM: Returning hash 000000000003341c2866e18c9c436cd585ea47b8a3666fa330184d9d91f2cc24 for height 4670131 (from headers subscription)
2025-09-16 14:06:56.540 [DBG] LTND lnd.go:727: Syncing to block chain rev=08ae35 best_block_time="2025-09-16 14:06:51 -0400 EDT" is_synced=false
2025/09/16 14:06:57 ELECTRUM: GetBestBlock called
2025/09/16 14:06:57 ELECTRUM: Subscribing to headers to get current height
2025/09/16 14:06:57 ELECTRUM: Got current height 4670133 from headers subscription
2025/09/16 14:06:57 ELECTRUM: Returning hash 0000000000000f1696898333057872c3e28298132b0d1572d3e368583cf17939 for height 4670133 (from headers subscription)
2025/09/16 14:06:57 ELECTRUM: GetBlockHeader called for hash: 0000000000000f1696898333057872c3e28298132b0d1572d3e368583cf17939
2025/09/16 14:06:57 ELECTRUM: GetBestBlock called
2025/09/16 14:06:57 ELECTRUM: Subscribing to headers to get current height
2025/09/16 14:06:58 ELECTRUM: Got current height 4670133 from headers subscription
2025/09/16 14:06:58 ELECTRUM: Returning hash 0000000000000f1696898333057872c3e28298132b0d1572d3e368583cf17939 for height 4670133 (from headers subscription)
2025-09-16 14:06:58.238 [DBG] LTND lnd.go:727: Syncing to block chain rev=08ae35 best_block_time="2025-09-16 14:07:05 -0400 EDT" is_synced=false
2025/09/16 14:06:59 ELECTRUM: GetBestBlock called
2025/09/16 14:06:59 ELECTRUM: Subscribing to headers to get current height
2025/09/16 14:06:59 ELECTRUM: Got current height 4670133 from headers subscription
2025/09/16 14:06:59 ELECTRUM: Returning hash 0000000000000f1696898333057872c3e28298132b0d1572d3e368583cf17939 for height 4670133 (from headers subscription)
2025/09/16 14:06:59 ELECTRUM: GetBlockHeader called for hash: 0000000000000f1696898333057872c3e28298132b0d1572d3e368583cf17939
2025/09/16 14:06:59 ELECTRUM: GetBestBlock called
2025/09/16 14:06:59 ELECTRUM: Subscribing to headers to get current height
2025/09/16 14:06:59 ELECTRUM: Got current height 4670133 from headers subscription
2025/09/16 14:06:59 ELECTRUM: Returning hash 0000000000000f1696898333057872c3e28298132b0d1572d3e368583cf17939 for height 4670133 (from headers subscription)
2025-09-16 14:06:59.936 [DBG] LTND lnd.go:727: Syncing to block chain rev=08ae35 best_block_time="2025-09-16 14:07:05 -0400 EDT" is_synced=false
2025/09/16 14:07:00 ELECTRUM: GetBestBlock called
2025/09/16 14:07:00 ELECTRUM: Subscribing to headers to get current height
2025/09/16 14:07:01 ELECTRUM: Got current height 4670134 from headers subscription
2025/09/16 14:07:01 ELECTRUM: Returning hash 000000000002c72176251bdc83a86f01f9b93a402d2176c7efad1c52a7432245 for height 4670134 (from headers subscription)
2025/09/16 14:07:01 ELECTRUM: GetBlockHeader called for hash: 000000000002c72176251bdc83a86f01f9b93a402d2176c7efad1c52a7432245
2025/09/16 14:07:01 ELECTRUM: GetBestBlock called
2025/09/16 14:07:01 ELECTRUM: Subscribing to headers to get current height
2025/09/16 14:07:01 ELECTRUM: Got current height 4670134 from headers subscription
2025/09/16 14:07:01 ELECTRUM: Returning hash 000000000002c72176251bdc83a86f01f9b93a402d2176c7efad1c52a7432245 for height 4670134 (from headers subscription)
2025-09-16 14:07:01.646 [DBG] LTND lnd.go:727: Syncing to block chain rev=08ae35 best_block_time="2025-09-16 14:07:04 -0400 EDT" is_synced=false
2025/09/16 14:07:02 ELECTRUM: GetBestBlock called
2025/09/16 14:07:02 ELECTRUM: Subscribing to headers to get current height
2025/09/16 14:07:02 ELECTRUM: Got current height 4670134 from headers subscription
2025/09/16 14:07:02 ELECTRUM: Returning hash 000000000002c72176251bdc83a86f01f9b93a402d2176c7efad1c52a7432245 for height 4670134 (from headers subscription)
2025/09/16 14:07:02 ELECTRUM: GetBlockHeader called for hash: 000000000002c72176251bdc83a86f01f9b93a402d2176c7efad1c52a7432245
2025/09/16 14:07:02 ELECTRUM: GetBestBlock called
2025/09/16 14:07:02 ELECTRUM: Subscribing to headers to get current height
2025/09/16 14:07:03 ELECTRUM: Got current height 4670134 from headers subscription
2025/09/16 14:07:03 ELECTRUM: Returning hash 000000000002c72176251bdc83a86f01f9b93a402d2176c7efad1c52a7432245 for height 4670134 (from headers subscription)
2025-09-16 14:07:03.352 [DBG] LTND lnd.go:727: Syncing to block chain rev=08ae35 best_block_time="2025-09-16 14:07:04 -0400 EDT" is_synced=false
2025/09/16 14:07:04 ELECTRUM: GetBestBlock called
2025/09/16 14:07:04 ELECTRUM: Subscribing to headers to get current height
2025/09/16 14:07:04 ELECTRUM: Got current height 4670135 from headers subscription
2025/09/16 14:07:04 ELECTRUM: Returning hash 00000000000124c8d175dd05b8b7b2a16d657ee47728708f7fc33696776ca795 for height 4670135 (from headers subscription)
2025/09/16 14:07:04 ELECTRUM: GetBlockHeader called for hash: 00000000000124c8d175dd05b8b7b2a16d657ee47728708f7fc33696776ca795
2025/09/16 14:07:04 ELECTRUM: GetBestBlock called
2025/09/16 14:07:04 ELECTRUM: Subscribing to headers to get current height
2025/09/16 14:07:04 ELECTRUM: Got current height 4670135 from headers subscription
2025/09/16 14:07:04 ELECTRUM: Returning hash 00000000000124c8d175dd05b8b7b2a16d657ee47728708f7fc33696776ca795 for height 4670135 (from headers subscription)
2025-09-16 14:07:05.048 [DBG] LTND lnd.go:727: Syncing to block chain rev=08ae35 best_block_time="2025-09-16 14:07:06 -0400 EDT" is_synced=false
2025/09/16 14:07:06 ELECTRUM: GetBestBlock called
2025/09/16 14:07:06 ELECTRUM: Subscribing to headers to get current height
2025/09/16 14:07:06 ELECTRUM: Got current height 4670135 from headers subscription
2025/09/16 14:07:06 ELECTRUM: Returning hash 00000000000124c8d175dd05b8b7b2a16d657ee47728708f7fc33696776ca795 for height 4670135 (from headers subscription)
2025/09/16 14:07:06 ELECTRUM: GetBlockHeader called for hash: 00000000000124c8d175dd05b8b7b2a16d657ee47728708f7fc33696776ca795
2025/09/16 14:07:06 ELECTRUM: GetBestBlock called
2025/09/16 14:07:06 ELECTRUM: Subscribing to headers to get current height
2025/09/16 14:07:06 ELECTRUM: Got current height 4670135 from headers subscription
2025/09/16 14:07:06 ELECTRUM: Returning hash 00000000000124c8d175dd05b8b7b2a16d657ee47728708f7fc33696776ca795 for height 4670135 (from headers subscription)
2025-09-16 14:07:06.747 [DBG] LTND lnd.go:727: Syncing to block chain rev=08ae35 best_block_time="2025-09-16 14:07:06 -0400 EDT" is_synced=false
2025/09/16 14:07:07 ELECTRUM: GetBestBlock called
2025/09/16 14:07:07 ELECTRUM: Subscribing to headers to get current height
2025/09/16 14:07:07 ELECTRUM: Got current height 4670137 from headers subscription
2025/09/16 14:07:07 ELECTRUM: Returning hash 0000000000000d43876620805ed2b4989928ab8e4320eff318e6dd2365d4a223 for height 4670137 (from headers subscription)
2025/09/16 14:07:07 ELECTRUM: GetBlockHeader called for hash: 0000000000000d43876620805ed2b4989928ab8e4320eff318e6dd2365d4a223
2025/09/16 14:07:07 ELECTRUM: GetBestBlock called
2025/09/16 14:07:07 ELECTRUM: Subscribing to headers to get current height
2025/09/16 14:07:08 ELECTRUM: Got current height 4670137 from headers subscription
2025/09/16 14:07:08 ELECTRUM: Returning hash 0000000000000d43876620805ed2b4989928ab8e4320eff318e6dd2365d4a223 for height 4670137 (from headers subscription)
2025-09-16 14:07:08.461 [DBG] LTND lnd.go:727: Syncing to block chain rev=08ae35 best_block_time="2025-09-16 14:07:07 -0400 EDT" is_synced=false
2025/09/16 14:07:09 ELECTRUM: GetBestBlock called
2025/09/16 14:07:09 ELECTRUM: Subscribing to headers to get current height
2025/09/16 14:07:09 ELECTRUM: Got current height 4670137 from headers subscription
2025/09/16 14:07:09 ELECTRUM: Returning hash 0000000000000d43876620805ed2b4989928ab8e4320eff318e6dd2365d4a223 for height 4670137 (from headers subscription)
2025/09/16 14:07:09 ELECTRUM: GetBlockHeader called for hash: 0000000000000d43876620805ed2b4989928ab8e4320eff318e6dd2365d4a223
2025/09/16 14:07:09 ELECTRUM: GetBestBlock called
2025/09/16 14:07:09 ELECTRUM: Subscribing to headers to get current height
2025/09/16 14:07:09 ELECTRUM: Got current height 4670137 from headers subscription
2025/09/16 14:07:09 ELECTRUM: Returning hash 0000000000000d43876620805ed2b4989928ab8e4320eff318e6dd2365d4a223 for height 4670137 (from headers subscription)
2025-09-16 14:07:10.163 [DBG] LTND lnd.go:727: Syncing to block chain rev=08ae35 best_block_time="2025-09-16 14:07:07 -0400 EDT" is_synced=false
2025/09/16 14:07:11 ELECTRUM: GetBestBlock called
2025/09/16 14:07:11 ELECTRUM: Subscribing to headers to get current height
2025/09/16 14:07:11 ELECTRUM: Got current height 4670138 from headers subscription
2025/09/16 14:07:11 ELECTRUM: Returning hash 0000000000000e47cdb623f2798f244a90b04bc9ccd3becae967245eeb1c6f86 for height 4670138 (from headers subscription)
2025/09/16 14:07:11 ELECTRUM: GetBlockHeader called for hash: 0000000000000e47cdb623f2798f244a90b04bc9ccd3becae967245eeb1c6f86
2025/09/16 14:07:11 ELECTRUM: GetBestBlock called
2025/09/16 14:07:11 ELECTRUM: Subscribing to headers to get current height
2025/09/16 14:07:11 ELECTRUM: Got current height 4670138 from headers subscription
2025/09/16 14:07:11 ELECTRUM: Returning hash 0000000000000e47cdb623f2798f244a90b04bc9ccd3becae967245eeb1c6f86 for height 4670138 (from headers subscription)
2025-09-16 14:07:11.863 [DBG] LTND lnd.go:727: Syncing to block chain rev=08ae35 best_block_time="2025-09-16 14:07:07 -0400 EDT" is_synced=false
2025/09/16 14:07:12 ELECTRUM: GetBestBlock called
2025/09/16 14:07:12 ELECTRUM: Subscribing to headers to get current height
2025/09/16 14:07:13 ELECTRUM: Got current height 4670139 from headers subscription
2025/09/16 14:07:13 ELECTRUM: Returning hash 0000000000029a6997e401c250d999b3e7572ea92e10bcae00cb9ef78b44260c for height 4670139 (from headers subscription)
2025/09/16 14:07:13 ELECTRUM: GetBlockHeader called for hash: 0000000000029a6997e401c250d999b3e7572ea92e10bcae00cb9ef78b44260c
2025/09/16 14:07:13 ELECTRUM: GetBestBlock called
2025/09/16 14:07:13 ELECTRUM: Subscribing to headers to get current height
2025/09/16 14:07:13 ELECTRUM: Got current height 4670139 from headers subscription
2025/09/16 14:07:13 ELECTRUM: Returning hash 0000000000029a6997e401c250d999b3e7572ea92e10bcae00cb9ef78b44260c for height 4670139 (from headers subscription)
2025-09-16 14:07:13.892 [DBG] LTND lnd.go:727: Syncing to block chain rev=08ae35 best_block_time="2025-09-16 14:07:10 -0400 EDT" is_synced=false
2025/09/16 14:07:14 ELECTRUM: GetBestBlock called
2025/09/16 14:07:14 ELECTRUM: Subscribing to headers to get current height
2025/09/16 14:07:15 ELECTRUM: Got current height 4670140 from headers subscription
2025/09/16 14:07:15 ELECTRUM: Returning hash 000000000001761c4c53450442ded7a3387d2ca661d1b8c9fc601d8cca8cddab for height 4670140 (from headers subscription)
2025/09/16 14:07:15 ELECTRUM: GetBlockHeader called for hash: 000000000001761c4c53450442ded7a3387d2ca661d1b8c9fc601d8cca8cddab
2025/09/16 14:07:15 ELECTRUM: GetBestBlock called
2025/09/16 14:07:15 ELECTRUM: Subscribing to headers to get current height
2025/09/16 14:07:15 ELECTRUM: Got current height 4670140 from headers subscription
2025/09/16 14:07:15 ELECTRUM: Returning hash 000000000001761c4c53450442ded7a3387d2ca661d1b8c9fc601d8cca8cddab for height 4670140 (from headers subscription)
2025-09-16 14:07:15.595 [DBG] LTND lnd.go:727: Syncing to block chain rev=08ae35 best_block_time="2025-09-16 14:07:12 -0400 EDT" is_synced=false
2025/09/16 14:07:16 ELECTRUM: GetBestBlock called
2025/09/16 14:07:16 ELECTRUM: Subscribing to headers to get current height
2025/09/16 14:07:16 ELECTRUM: Got current height 4670140 from headers subscription
2025/09/16 14:07:16 ELECTRUM: Returning hash 000000000001761c4c53450442ded7a3387d2ca661d1b8c9fc601d8cca8cddab for height 4670140 (from headers subscription)
2025/09/16 14:07:16 ELECTRUM: GetBlockHeader called for hash: 000000000001761c4c53450442ded7a3387d2ca661d1b8c9fc601d8cca8cddab
2025/09/16 14:07:16 ELECTRUM: GetBestBlock called
2025/09/16 14:07:16 ELECTRUM: Subscribing to headers to get current height
2025/09/16 14:07:17 ELECTRUM: Got current height 4670140 from headers subscription
2025/09/16 14:07:17 ELECTRUM: Returning hash 000000000001761c4c53450442ded7a3387d2ca661d1b8c9fc601d8cca8cddab for height 4670140 (from headers subscription)
2025-09-16 14:07:17.295 [DBG] LTND lnd.go:727: Syncing to block chain rev=08ae35 best_block_time="2025-09-16 14:07:12 -0400 EDT" is_synced=false
2025/09/16 14:07:18 ELECTRUM: GetBestBlock called
2025/09/16 14:07:18 ELECTRUM: Subscribing to headers to get current height
2025/09/16 14:07:18 ELECTRUM: GetBestBlock called
2025/09/16 14:07:18 ELECTRUM: Subscribing to headers to get current height
2025/09/16 14:07:18 ELECTRUM: Got current height 4670140 from headers subscription
2025/09/16 14:07:18 ELECTRUM: Returning hash 000000000001761c4c53450442ded7a3387d2ca661d1b8c9fc601d8cca8cddab for height 4670140 (from headers subscription)
2025/09/16 14:07:18 ELECTRUM: Checking for new blocks - current: 4670140, last known: 4670128
2025/09/16 14:07:18 ELECTRUM: New block detected! Height: 4670140 (was 4670128)
2025/09/16 14:07:18 ELECTRUM: Sending block connected notification for height 4670140
2025/09/16 14:07:18 ELECTRUM: Block notification sent successfully for height 4670140
2025/09/16 14:07:18 ELECTRUM: Got current height 4670141 from headers subscription
2025/09/16 14:07:18 ELECTRUM: Returning hash 0000000000010342db58f06b286b69a2f9e5540fac1291261103d1d00da2ccf3 for height 4670141 (from headers subscription)
2025/09/16 14:07:18 ELECTRUM: GetBlockHeader called for hash: 0000000000010342db58f06b286b69a2f9e5540fac1291261103d1d00da2ccf3
2025/09/16 14:07:18 ELECTRUM: GetBestBlock called
2025/09/16 14:07:18 ELECTRUM: Subscribing to headers to get current height
2025/09/16 14:07:18 ELECTRUM: Got current height 4670141 from headers subscription
2025/09/16 14:07:18 ELECTRUM: Returning hash 0000000000010342db58f06b286b69a2f9e5540fac1291261103d1d00da2ccf3 for height 4670141 (from headers subscription)
2025-09-16 14:07:19.001 [DBG] LTND lnd.go:727: Syncing to block chain rev=08ae35 best_block_time="2025-09-16 14:07:23 -0400 EDT" is_synced=false
2025/09/16 14:07:19 ELECTRUM: GetBestBlock called
2025/09/16 14:07:19 ELECTRUM: Subscribing to headers to get current height
2025/09/16 14:07:19 ELECTRUM: Got current height 4670141 from headers subscription
2025/09/16 14:07:19 ELECTRUM: Returning hash 0000000000010342db58f06b286b69a2f9e5540fac1291261103d1d00da2ccf3 for height 4670141 (from headers subscription)
2025/09/16 14:07:19 ELECTRUM: Checking for new blocks - current: 4670141, last known: 4670128
2025/09/16 14:07:19 ELECTRUM: New block detected! Height: 4670141 (was 4670128)
2025/09/16 14:07:19 ELECTRUM: Sending block connected notification for height 4670141
2025/09/16 14:07:19 ELECTRUM: Block notification sent successfully for height 4670141
2025/09/16 14:07:19 ELECTRUM: GetBestBlock called
2025/09/16 14:07:19 ELECTRUM: Subscribing to headers to get current height
2025/09/16 14:07:19 ELECTRUM: Got current height 4670141 from headers subscription
2025/09/16 14:07:19 ELECTRUM: Returning hash 0000000000010342db58f06b286b69a2f9e5540fac1291261103d1d00da2ccf3 for height 4670141 (from headers subscription)
2025/09/16 14:07:19 ELECTRUM: Checking for new blocks - current: 4670141, last known: 4670128
2025/09/16 14:07:19 ELECTRUM: New block detected! Height: 4670141 (was 4670128)
2025/09/16 14:07:19 ELECTRUM: Sending block connected notification for height 4670141
2025/09/16 14:07:19 ELECTRUM: Block notification sent successfully for height 4670141
2025/09/16 14:07:20 ELECTRUM: GetBestBlock called
2025/09/16 14:07:20 ELECTRUM: Subscribing to headers to get current height
2025/09/16 14:07:20 ELECTRUM: Got current height 4670141 from headers subscription
2025/09/16 14:07:20 ELECTRUM: Returning hash 0000000000010342db58f06b286b69a2f9e5540fac1291261103d1d00da2ccf3 for height 4670141 (from headers subscription)
2025/09/16 14:07:20 ELECTRUM: GetBlockHeader called for hash: 0000000000010342db58f06b286b69a2f9e5540fac1291261103d1d00da2ccf3
2025/09/16 14:07:20 ELECTRUM: GetBestBlock called
2025/09/16 14:07:20 ELECTRUM: Subscribing to headers to get current height
2025/09/16 14:07:20 ELECTRUM: Got current height 4670141 from headers subscription
2025/09/16 14:07:20 ELECTRUM: Returning hash 0000000000010342db58f06b286b69a2f9e5540fac1291261103d1d00da2ccf3 for height 4670141 (from headers subscription)
2025-09-16 14:07:20.697 [DBG] LTND lnd.go:727: Syncing to block chain rev=08ae35 best_block_time="2025-09-16 14:07:23 -0400 EDT" is_synced=false
2025/09/16 14:07:21 ELECTRUM: GetBestBlock called
2025/09/16 14:07:21 ELECTRUM: Subscribing to headers to get current height
2025/09/16 14:07:21 ELECTRUM: Got current height 4670141 from headers subscription
2025/09/16 14:07:21 ELECTRUM: Returning hash 0000000000010342db58f06b286b69a2f9e5540fac1291261103d1d00da2ccf3 for height 4670141 (from headers subscription)
2025/09/16 14:07:21 ELECTRUM: GetBlockHeader called for hash: 0000000000010342db58f06b286b69a2f9e5540fac1291261103d1d00da2ccf3
2025/09/16 14:07:21 ELECTRUM: GetBestBlock called
2025/09/16 14:07:21 ELECTRUM: Subscribing to headers to get current height
2025/09/16 14:07:22 ELECTRUM: Got current height 4670142 from headers subscription
2025/09/16 14:07:22 ELECTRUM: Returning hash 0000000000003b678f2d107753b26343ed8a10ebaac03877d1e4d193ed07960d for height 4670142 (from headers subscription)
2025-09-16 14:07:46.667 [DBG] LTND lnd.go:727: Syncing to block chain rev=08ae35 best_block_time="2025-09-16 14:07:23 -0400 EDT" is_synced=false
2025/09/16 14:07:47 ELECTRUM: GetBestBlock called
2025/09/16 14:07:47 ELECTRUM: Subscribing to headers to get current height
2025/09/16 14:07:47 ELECTRUM: Got current height 4670155 from headers subscription
2025/09/16 14:07:47 ELECTRUM: Returning hash 0000000000002b1643508ac5aea876f424413b212fb1cacd6f049d12d6e4e100 for height 4670155 (from headers subscription)
2025/09/16 14:07:47 ELECTRUM: GetBlockHeader called for hash: 0000000000002b1643508ac5aea876f424413b212fb1cacd6f049d12d6e4e100
2025/09/16 14:07:47 ELECTRUM: GetBestBlock called
2025/09/16 14:07:47 ELECTRUM: Subscribing to headers to get current height
2025/09/16 14:07:48 ELECTRUM: GetBestBlock called
2025/09/16 14:07:48 ELECTRUM: Subscribing to headers to get current height
2025/09/16 14:07:48 ELECTRUM: Got current height 4670155 from headers subscription
2025/09/16 14:07:48 ELECTRUM: Returning hash 0000000000002b1643508ac5aea876f424413b212fb1cacd6f049d12d6e4e100 for height 4670155 (from headers subscription)
2025/09/16 14:07:48 ELECTRUM: Got current height 4670155 from headers subscription
2025/09/16 14:07:48 ELECTRUM: Returning hash 0000000000002b1643508ac5aea876f424413b212fb1cacd6f049d12d6e4e100 for height 4670155 (from headers subscription)
2025/09/16 14:07:48 ELECTRUM: Checking for new blocks - current: 4670155, last known: 4670140
2025/09/16 14:07:48 ELECTRUM: New block detected! Height: 4670155 (was 4670140)
2025/09/16 14:07:48 ELECTRUM: Sending block connected notification for height 4670155
2025/09/16 14:07:48 ELECTRUM: Block notification sent successfully for height 4670155
2025-09-16 14:07:48.364 [DBG] LTND lnd.go:727: Syncing to block chain rev=08ae35 best_block_time="2025-09-16 14:07:51 -0400 EDT" is_synced=false
2025/09/16 14:07:49 ELECTRUM: GetBestBlock called
2025/09/16 14:07:49 ELECTRUM: Subscribing to headers to get current height
2025/09/16 14:07:49 ELECTRUM: GetBestBlock called
2025/09/16 14:07:49 ELECTRUM: Subscribing to headers to get current height
2025/09/16 14:07:49 ELECTRUM: Got current height 4670156 from headers subscription
2025/09/16 14:07:49 ELECTRUM: Returning hash 0000000000028859e8089f1e520c772787c8bbc12a61b22c53ba763ed3272d11 for height 4670156 (from headers subscription)
2025/09/16 14:07:49 ELECTRUM: Checking for new blocks - current: 4670156, last known: 4670141
2025/09/16 14:07:49 ELECTRUM: New block detected! Height: 4670156 (was 4670141)
2025/09/16 14:07:49 ELECTRUM: Sending block connected notification for height 4670156
2025/09/16 14:07:49 ELECTRUM: Block notification sent successfully for height 4670156
2025/09/16 14:07:49 ELECTRUM: Got current height 4670156 from headers subscription
2025/09/16 14:07:49 ELECTRUM: Returning hash 0000000000028859e8089f1e520c772787c8bbc12a61b22c53ba763ed3272d11 for height 4670156 (from headers subscription)
2025/09/16 14:07:49 ELECTRUM: GetBlockHeader called for hash: 0000000000028859e8089f1e520c772787c8bbc12a61b22c53ba763ed3272d11
2025/09/16 14:07:49 ELECTRUM: GetBestBlock called
2025/09/16 14:07:49 ELECTRUM: Subscribing to headers to get current height
2025/09/16 14:07:49 ELECTRUM: GetBestBlock called
2025/09/16 14:07:49 ELECTRUM: Subscribing to headers to get current height
2025/09/16 14:07:49 ELECTRUM: Got current height 4670156 from headers subscription
2025/09/16 14:07:49 ELECTRUM: Returning hash 0000000000028859e8089f1e520c772787c8bbc12a61b22c53ba763ed3272d11 for height 4670156 (from headers subscription)
2025/09/16 14:07:49 ELECTRUM: Got current height 4670156 from headers subscription
2025/09/16 14:07:49 ELECTRUM: Returning hash 0000000000028859e8089f1e520c772787c8bbc12a61b22c53ba763ed3272d11 for height 4670156 (from headers subscription)
2025/09/16 14:07:49 ELECTRUM: Checking for new blocks - current: 4670156, last known: 4670141
2025/09/16 14:07:49 ELECTRUM: New block detected! Height: 4670156 (was 4670141)
2025/09/16 14:07:49 ELECTRUM: Sending block connected notification for height 4670156
2025/09/16 14:07:49 ELECTRUM: Block notification sent successfully for height 4670156
2025-09-16 14:07:50.062 [DBG] LTND lnd.go:727: Syncing to block chain rev=08ae35 best_block_time="2025-09-16 14:07:46 -0400 EDT" is_synced=false
2025/09/16 14:07:51 ELECTRUM: GetBestBlock called
2025/09/16 14:07:51 ELECTRUM: Subscribing to headers to get current height
2025/09/16 14:07:51 ELECTRUM: Got current height 4670157 from headers subscription
2025/09/16 14:07:51 ELECTRUM: Returning hash 000000000000072d23b3bcb5f3bf5ddfa40c74f36f04d33320023d0371e674e1 for height 4670157 (from headers subscription)
2025/09/16 14:07:51 ELECTRUM: GetBlockHeader called for hash: 000000000000072d23b3bcb5f3bf5ddfa40c74f36f04d33320023d0371e674e1
2025/09/16 14:07:51 ELECTRUM: GetBestBlock called
2025/09/16 14:07:51 ELECTRUM: Subscribing to headers to get current height
2025/09/16 14:07:51 ELECTRUM: Got current height 4670157 from headers subscription
2025/09/16 14:07:51 ELECTRUM: Returning hash 000000000000072d23b3bcb5f3bf5ddfa40c74f36f04d33320023d0371e674e1 for height 4670157 (from headers subscription)
2025-09-16 14:07:51.765 [DBG] LTND lnd.go:727: Syncing to block chain rev=08ae35 best_block_time="2025-09-16 14:07:52 -0400 EDT" is_synced=false
2025/09/16 14:07:52 ELECTRUM: GetBestBlock called
2025/09/16 14:07:52 ELECTRUM: Subscribing to headers to get current height
2025/09/16 14:07:52 ELECTRUM: Got current height 4670157 from headers subscription
2025/09/16 14:07:52 ELECTRUM: Returning hash 000000000000072d23b3bcb5f3bf5ddfa40c74f36f04d33320023d0371e674e1 for height 4670157 (from headers subscription)
2025/09/16 14:07:52 ELECTRUM: GetBlockHeader called for hash: 000000000000072d23b3bcb5f3bf5ddfa40c74f36f04d33320023d0371e674e1
2025/09/16 14:07:52 ELECTRUM: GetBestBlock called
2025/09/16 14:07:52 ELECTRUM: Subscribing to headers to get current height
2025/09/16 14:07:53 ELECTRUM: Got current height 4670157 from headers subscription
2025/09/16 14:07:53 ELECTRUM: Returning hash 000000000000072d23b3bcb5f3bf5ddfa40c74f36f04d33320023d0371e674e1 for height 4670157 (from headers subscription)
2025-09-16 14:07:53.465 [DBG] LTND lnd.go:727: Syncing to block chain rev=08ae35 best_block_time="2025-09-16 14:07:52 -0400 EDT" is_synced=false
2025/09/16 14:07:54 ELECTRUM: GetBestBlock called
2025/09/16 14:07:54 ELECTRUM: Subscribing to headers to get current height
2025/09/16 14:07:54 ELECTRUM: Got current height 4670158 from headers subscription
2025/09/16 14:07:54 ELECTRUM: Returning hash 000000000000292db3cda285467903490732398c0f6b09272ac955b0c2810f90 for height 4670158 (from headers subscription)
2025/09/16 14:07:54 ELECTRUM: GetBlockHeader called for hash: 000000000000292db3cda285467903490732398c0f6b09272ac955b0c2810f90
2025/09/16 14:07:54 ELECTRUM: GetBestBlock called
2025/09/16 14:07:54 ELECTRUM: Subscribing to headers to get current height
2025/09/16 14:07:54 ELECTRUM: Got current height 4670158 from headers subscription
2025/09/16 14:07:54 ELECTRUM: Returning hash 000000000000292db3cda285467903490732398c0f6b09272ac955b0c2810f90 for height 4670158 (from headers subscription)
2025-09-16 14:07:55.161 [DBG] LTND lnd.go:727: Syncing to block chain rev=08ae35 best_block_time="2025-09-16 14:07:54 -0400 EDT" is_synced=false
2025/09/16 14:07:56 ELECTRUM: GetBestBlock called
2025/09/16 14:07:56 ELECTRUM: Subscribing to headers to get current height
2025/09/16 14:07:56 ELECTRUM: Got current height 4670159 from headers subscription
2025/09/16 14:07:56 ELECTRUM: Returning hash 000000007f934fbea5b7d4ab75974cb98df4215e9026626be04f10640eb70b0f for height 4670159 (from headers subscription)
2025/09/16 14:07:56 ELECTRUM: GetBlockHeader called for hash: 000000007f934fbea5b7d4ab75974cb98df4215e9026626be04f10640eb70b0f
2025/09/16 14:07:56 ELECTRUM: GetBestBlock called
2025/09/16 14:07:56 ELECTRUM: Subscribing to headers to get current height
2025/09/16 14:07:56 ELECTRUM: Got current height 4670159 from headers subscription
2025/09/16 14:07:56 ELECTRUM: Returning hash 000000007f934fbea5b7d4ab75974cb98df4215e9026626be04f10640eb70b0f for height 4670159 (from headers subscription)
2025-09-16 14:07:56.858 [DBG] LTND lnd.go:727: Syncing to block chain rev=08ae35 best_block_time="2025-09-16 14:27:55 -0400 EDT" is_synced=false
2025/09/16 14:07:57 ELECTRUM: GetBestBlock called
2025/09/16 14:07:57 ELECTRUM: Subscribing to headers to get current height
2025/09/16 14:07:58 ELECTRUM: Got current height 4670159 from headers subscription
2025/09/16 14:07:58 ELECTRUM: Returning hash 000000007f934fbea5b7d4ab75974cb98df4215e9026626be04f10640eb70b0f for height 4670159 (from headers subscription)
2025/09/16 14:07:58 ELECTRUM: GetBlockHeader called for hash: 000000007f934fbea5b7d4ab75974cb98df4215e9026626be04f10640eb70b0f
2025/09/16 14:07:58 ELECTRUM: GetBestBlock called
2025/09/16 14:07:58 ELECTRUM: Subscribing to headers to get current height
2025/09/16 14:07:58 ELECTRUM: Got current height 4670159 from headers subscription
2025/09/16 14:07:58 ELECTRUM: Returning hash 000000007f934fbea5b7d4ab75974cb98df4215e9026626be04f10640eb70b0f for height 4670159 (from headers subscription)
2025-09-16 14:07:58.575 [DBG] LTND lnd.go:727: Syncing to block chain rev=08ae35 best_block_time="2025-09-16 14:27:55 -0400 EDT" is_synced=false
2025/09/16 14:07:59 ELECTRUM: GetBestBlock called
2025/09/16 14:07:59 ELECTRUM: Subscribing to headers to get current height
2025/09/16 14:07:59 ELECTRUM: Got current height 4670160 from headers subscription
2025/09/16 14:07:59 ELECTRUM: Returning hash 00000000000043d1dbbe39b01c04ae695041e5dac9dc37ad6c965f7609121fd2 for height 4670160 (from headers subscription)
2025/09/16 14:07:59 ELECTRUM: GetBlockHeader called for hash: 00000000000043d1dbbe39b01c04ae695041e5dac9dc37ad6c965f7609121fd2
2025/09/16 14:07:59 ELECTRUM: GetBestBlock called
2025/09/16 14:07:59 ELECTRUM: Subscribing to headers to get current height
2025/09/16 14:08:00 ELECTRUM: Got current height 4670160 from headers subscription
2025/09/16 14:08:00 ELECTRUM: Returning hash 00000000000043d1dbbe39b01c04ae695041e5dac9dc37ad6c965f7609121fd2 for height 4670160 (from headers subscription)
2025-09-16 14:08:00.273 [DBG] LTND lnd.go:727: Syncing to block chain rev=08ae35 best_block_time="2025-09-16 14:08:01 -0400 EDT" is_synced=false
2025/09/16 14:08:01 ELECTRUM: GetBestBlock called
2025/09/16 14:08:01 ELECTRUM: Subscribing to headers to get current height
2025/09/16 14:08:01 ELECTRUM: Got current height 4670160 from headers subscription
2025/09/16 14:08:01 ELECTRUM: Returning hash 00000000000043d1dbbe39b01c04ae695041e5dac9dc37ad6c965f7609121fd2 for height 4670160 (from headers subscription)
2025/09/16 14:08:01 ELECTRUM: GetBlockHeader called for hash: 00000000000043d1dbbe39b01c04ae695041e5dac9dc37ad6c965f7609121fd2
2025/09/16 14:08:01 ELECTRUM: GetBestBlock called
2025/09/16 14:08:01 ELECTRUM: Subscribing to headers to get current height
2025/09/16 14:08:01 ELECTRUM: Got current height 4670160 from headers subscription
2025/09/16 14:08:01 ELECTRUM: Returning hash 00000000000043d1dbbe39b01c04ae695041e5dac9dc37ad6c965f7609121fd2 for height 4670160 (from headers subscription)
2025-09-16 14:08:01.977 [DBG] LTND lnd.go:727: Syncing to block chain rev=08ae35 best_block_time="2025-09-16 14:08:01 -0400 EDT" is_synced=false
2025/09/16 14:08:02 ELECTRUM: GetBestBlock called
2025/09/16 14:08:02 ELECTRUM: Subscribing to headers to get current height
2025/09/16 14:08:03 ELECTRUM: Got current height 4670161 from headers subscription
2025/09/16 14:08:03 ELECTRUM: Returning hash 00000000000033c5be14a1097b23bf23ea44dae7720decad849d5ef6a433d745 for height 4670161 (from headers subscription)
2025/09/16 14:08:03 ELECTRUM: GetBlockHeader called for hash: 00000000000033c5be14a1097b23bf23ea44dae7720decad849d5ef6a433d745
2025/09/16 14:08:03 ELECTRUM: GetBestBlock called
2025/09/16 14:08:03 ELECTRUM: Subscribing to headers to get current height
2025/09/16 14:08:03 ELECTRUM: Got current height 4670161 from headers subscription
2025/09/16 14:08:03 ELECTRUM: Returning hash 00000000000033c5be14a1097b23bf23ea44dae7720decad849d5ef6a433d745 for height 4670161 (from headers subscription)
2025-09-16 14:08:03.678 [DBG] LTND lnd.go:727: Syncing to block chain rev=08ae35 best_block_time="2025-09-16 14:08:04 -0400 EDT" is_synced=false
2025/09/16 14:08:04 ELECTRUM: GetBestBlock called
2025/09/16 14:08:04 ELECTRUM: Subscribing to headers to get current height
2025/09/16 14:08:04 ELECTRUM: Got current height 4670161 from headers subscription
2025/09/16 14:08:04 ELECTRUM: Returning hash 00000000000033c5be14a1097b23bf23ea44dae7720decad849d5ef6a433d745 for height 4670161 (from headers subscription)
2025/09/16 14:08:04 ELECTRUM: GetBlockHeader called for hash: 00000000000033c5be14a1097b23bf23ea44dae7720decad849d5ef6a433d745
2025/09/16 14:08:04 ELECTRUM: GetBestBlock called
2025/09/16 14:08:04 ELECTRUM: Subscribing to headers to get current height
2025/09/16 14:08:05 ELECTRUM: Got current height 4670161 from headers subscription
2025/09/16 14:08:05 ELECTRUM: Returning hash 00000000000033c5be14a1097b23bf23ea44dae7720decad849d5ef6a433d745 for height 4670161 (from headers subscription)
2025-09-16 14:08:05.377 [DBG] LTND lnd.go:727: Syncing to block chain rev=08ae35 best_block_time="2025-09-16 14:08:04 -0400 EDT" is_synced=false
2025/09/16 14:08:06 ELECTRUM: GetBestBlock called
2025/09/16 14:08:06 ELECTRUM: Subscribing to headers to get current height
2025/09/16 14:08:06 ELECTRUM: Got current height 4670161 from headers subscription
2025/09/16 14:08:06 ELECTRUM: Returning hash 00000000000033c5be14a1097b23bf23ea44dae7720decad849d5ef6a433d745 for height 4670161 (from headers subscription)
2025/09/16 14:08:06 ELECTRUM: GetBlockHeader called for hash: 00000000000033c5be14a1097b23bf23ea44dae7720decad849d5ef6a433d745
2025/09/16 14:08:06 ELECTRUM: GetBestBlock called
2025/09/16 14:08:06 ELECTRUM: Subscribing to headers to get current height
2025/09/16 14:08:06 ELECTRUM: Got current height 4670161 from headers subscription
2025/09/16 14:08:06 ELECTRUM: Returning hash 00000000000033c5be14a1097b23bf23ea44dae7720decad849d5ef6a433d745 for height 4670161 (from headers subscription)
2025-09-16 14:08:07.092 [DBG] LTND lnd.go:727: Syncing to block chain rev=08ae35 best_block_time="2025-09-16 14:08:04 -0400 EDT" is_synced=false
2025/09/16 14:08:08 ELECTRUM: GetBestBlock called
2025/09/16 14:08:08 ELECTRUM: Subscribing to headers to get current height
2025/09/16 14:08:08 ELECTRUM: Got current height 4670162 from headers subscription
2025/09/16 14:08:08 ELECTRUM: Returning hash 000000000000406f9c711e88525e4896af4745043d9c4563f0dd6b7534ced3bd for height 4670162 (from headers subscription)
2025/09/16 14:08:08 ELECTRUM: GetBlockHeader called for hash: 000000000000406f9c711e88525e4896af4745043d9c4563f0dd6b7534ced3bd
2025/09/16 14:08:08 ELECTRUM: GetBestBlock called
2025/09/16 14:08:08 ELECTRUM: Subscribing to headers to get current height
2025/09/16 14:08:08 ELECTRUM: Got current height 4670162 from headers subscription
2025/09/16 14:08:08 ELECTRUM: Returning hash 000000000000406f9c711e88525e4896af4745043d9c4563f0dd6b7534ced3bd for height 4670162 (from headers subscription)
2025-09-16 14:08:08.790 [DBG] LTND lnd.go:727: Syncing to block chain rev=08ae35 best_block_time="2025-09-16 14:08:13 -0400 EDT" is_synced=false
2025/09/16 14:08:09 ELECTRUM: GetBestBlock called
2025/09/16 14:08:09 ELECTRUM: Subscribing to headers to get current height
2025/09/16 14:08:10 ELECTRUM: Got current height 4670162 from headers subscription
2025/09/16 14:08:10 ELECTRUM: Returning hash 000000000000406f9c711e88525e4896af4745043d9c4563f0dd6b7534ced3bd for height 4670162 (from headers subscription)
2025/09/16 14:08:10 ELECTRUM: GetBlockHeader called for hash: 000000000000406f9c711e88525e4896af4745043d9c4563f0dd6b7534ced3bd
2025/09/16 14:08:10 ELECTRUM: GetBestBlock called
2025/09/16 14:08:10 ELECTRUM: Subscribing to headers to get current height
2025/09/16 14:08:10 ELECTRUM: Got current height 4670162 from headers subscription
2025/09/16 14:08:10 ELECTRUM: Returning hash 000000000000406f9c711e88525e4896af4745043d9c4563f0dd6b7534ced3bd for height 4670162 (from headers subscription)
2025-09-16 14:08:10.496 [DBG] LTND lnd.go:727: Syncing to block chain rev=08ae35 best_block_time="2025-09-16 14:08:13 -0400 EDT" is_synced=false
2025/09/16 14:08:11 ELECTRUM: GetBestBlock called
2025/09/16 14:08:11 ELECTRUM: Subscribing to headers to get current height
2025/09/16 14:08:11 ELECTRUM: Got current height 4670163 from headers subscription
2025/09/16 14:08:11 ELECTRUM: Returning hash 000000000000470faa5139b4dab5f83f4b84a271f54e1a568834709c2c1915a3 for height 4670163 (from headers subscription)
2025/09/16 14:08:11 ELECTRUM: GetBlockHeader called for hash: 000000000000470faa5139b4dab5f83f4b84a271f54e1a568834709c2c1915a3
2025/09/16 14:08:11 ELECTRUM: GetBestBlock called
2025/09/16 14:08:11 ELECTRUM: Subscribing to headers to get current height
2025/09/16 14:08:11 ELECTRUM: Got current height 4670163 from headers subscription
2025/09/16 14:08:11 ELECTRUM: Returning hash 000000000000470faa5139b4dab5f83f4b84a271f54e1a568834709c2c1915a3 for height 4670163 (from headers subscription)
2025-09-16 14:08:12.196 [DBG] LTND lnd.go:727: Syncing to block chain rev=08ae35 best_block_time="2025-09-16 14:08:15 -0400 EDT" is_synced=false
2025/09/16 14:08:13 ELECTRUM: GetBestBlock called
2025/09/16 14:08:13 ELECTRUM: Subscribing to headers to get current height
2025/09/16 14:08:13 ELECTRUM: Got current height 4670164 from headers subscription
2025/09/16 14:08:13 ELECTRUM: Returning hash 0000000000022659372fbc4cd6aac81506cf7045a9b34fa6145467a144cf6e71 for height 4670164 (from headers subscription)
2025/09/16 14:08:13 ELECTRUM: GetBlockHeader called for hash: 0000000000022659372fbc4cd6aac81506cf7045a9b34fa6145467a144cf6e71
2025/09/16 14:08:13 ELECTRUM: GetBestBlock called
2025/09/16 14:08:13 ELECTRUM: Subscribing to headers to get current height
2025/09/16 14:08:13 ELECTRUM: Got current height 4670164 from headers subscription
2025/09/16 14:08:13 ELECTRUM: Returning hash 0000000000022659372fbc4cd6aac81506cf7045a9b34fa6145467a144cf6e71 for height 4670164 (from headers subscription)
2025-09-16 14:08:13.895 [DBG] LTND lnd.go:727: Syncing to block chain rev=08ae35 best_block_time="2025-09-16 14:08:10 -0400 EDT" is_synced=false
2025/09/16 14:08:14 ELECTRUM: GetBestBlock called
2025/09/16 14:08:14 ELECTRUM: Subscribing to headers to get current height
2025/09/16 14:08:15 ELECTRUM: Got current height 4670164 from headers subscription
2025/09/16 14:08:15 ELECTRUM: Returning hash 0000000000022659372fbc4cd6aac81506cf7045a9b34fa6145467a144cf6e71 for height 4670164 (from headers subscription)
2025/09/16 14:08:15 ELECTRUM: GetBlockHeader called for hash: 0000000000022659372fbc4cd6aac81506cf7045a9b34fa6145467a144cf6e71
2025/09/16 14:08:15 ELECTRUM: GetBestBlock called
2025/09/16 14:08:15 ELECTRUM: Subscribing to headers to get current height
2025/09/16 14:08:15 ELECTRUM: Got current height 4670164 from headers subscription
2025/09/16 14:08:15 ELECTRUM: Returning hash 0000000000022659372fbc4cd6aac81506cf7045a9b34fa6145467a144cf6e71 for height 4670164 (from headers subscription)
2025-09-16 14:08:15.596 [DBG] LTND lnd.go:727: Syncing to block chain rev=08ae35 best_block_time="2025-09-16 14:08:10 -0400 EDT" is_synced=false
2025/09/16 14:08:16 ELECTRUM: GetBestBlock called
2025/09/16 14:08:16 ELECTRUM: Subscribing to headers to get current height
2025/09/16 14:08:16 ELECTRUM: Got current height 4670164 from headers subscription
2025/09/16 14:08:16 ELECTRUM: Returning hash 0000000000022659372fbc4cd6aac81506cf7045a9b34fa6145467a144cf6e71 for height 4670164 (from headers subscription)
2025/09/16 14:08:16 ELECTRUM: GetBlockHeader called for hash: 0000000000022659372fbc4cd6aac81506cf7045a9b34fa6145467a144cf6e71
2025/09/16 14:08:16 ELECTRUM: GetBestBlock called
2025/09/16 14:08:16 ELECTRUM: Subscribing to headers to get current height
2025/09/16 14:08:17 ELECTRUM: Got current height 4670164 from headers subscription
2025/09/16 14:08:17 ELECTRUM: Returning hash 0000000000022659372fbc4cd6aac81506cf7045a9b34fa6145467a144cf6e71 for height 4670164 (from headers subscription)
2025-09-16 14:08:17.435 [DBG] LTND lnd.go:727: Syncing to block chain rev=08ae35 best_block_time="2025-09-16 14:08:10 -0400 EDT" is_synced=false
2025/09/16 14:08:18 ELECTRUM: GetBestBlock called
2025/09/16 14:08:18 ELECTRUM: Subscribing to headers to get current height
2025/09/16 14:08:18 ELECTRUM: Got current height 4670165 from headers subscription
2025/09/16 14:08:18 ELECTRUM: Returning hash 0000000000036c2ce6d288dd4158abf4ddd3c32dbd125c4c634b44956ae3b69b for height 4670165 (from headers subscription)
2025/09/16 14:08:18 ELECTRUM: Checking for new blocks - current: 4670165, last known: 4670155
2025/09/16 14:08:18 ELECTRUM: New block detected! Height: 4670165 (was 4670155)
2025/09/16 14:08:18 ELECTRUM: Sending block connected notification for height 4670165
2025/09/16 14:08:18 ELECTRUM: Block notification sent successfully for height 4670165
2025/09/16 14:08:18 ELECTRUM: GetBestBlock called
2025/09/16 14:08:18 ELECTRUM: Subscribing to headers to get current height
2025/09/16 14:08:18 ELECTRUM: Got current height 4670165 from headers subscription
2025/09/16 14:08:18 ELECTRUM: Returning hash 0000000000036c2ce6d288dd4158abf4ddd3c32dbd125c4c634b44956ae3b69b for height 4670165 (from headers subscription)
2025/09/16 14:08:18 ELECTRUM: GetBlockHeader called for hash: 0000000000036c2ce6d288dd4158abf4ddd3c32dbd125c4c634b44956ae3b69b
2025/09/16 14:08:18 ELECTRUM: GetBestBlock called
2025/09/16 14:08:18 ELECTRUM: Subscribing to headers to get current height
2025/09/16 14:08:18 ELECTRUM: Got current height 4670165 from headers subscription
2025/09/16 14:08:18 ELECTRUM: Returning hash 0000000000036c2ce6d288dd4158abf4ddd3c32dbd125c4c634b44956ae3b69b for height 4670165 (from headers subscription)
2025-09-16 14:08:19.139 [DBG] LTND lnd.go:727: Syncing to block chain rev=08ae35 best_block_time="2025-09-16 14:08:20 -0400 EDT" is_synced=false
2025/09/16 14:08:19 ELECTRUM: GetBestBlock called
2025/09/16 14:08:19 ELECTRUM: Subscribing to headers to get current height
2025/09/16 14:08:19 ELECTRUM: Got current height 4670166 from headers subscription
2025/09/16 14:08:19 ELECTRUM: Returning hash 0000000000001654b785636d94c81e36ab94a8a5ddc984723338404e632b6a11 for height 4670166 (from headers subscription)
2025/09/16 14:08:19 ELECTRUM: Checking for new blocks - current: 4670166, last known: 4670156
2025/09/16 14:08:19 ELECTRUM: New block detected! Height: 4670166 (was 4670156)
2025/09/16 14:08:19 ELECTRUM: Sending block connected notification for height 4670166
2025/09/16 14:08:19 ELECTRUM: Block notification sent successfully for height 4670166
2025/09/16 14:08:19 ELECTRUM: GetBestBlock called
2025/09/16 14:08:19 ELECTRUM: Subscribing to headers to get current height
2025/09/16 14:08:19 ELECTRUM: Got current height 4670166 from headers subscription
2025/09/16 14:08:19 ELECTRUM: Returning hash 0000000000001654b785636d94c81e36ab94a8a5ddc984723338404e632b6a11 for height 4670166 (from headers subscription)
2025/09/16 14:08:19 ELECTRUM: Checking for new blocks - current: 4670166, last known: 4670156
2025/09/16 14:08:19 ELECTRUM: New block detected! Height: 4670166 (was 4670156)
2025/09/16 14:08:19 ELECTRUM: Sending block connected notification for height 4670166
2025/09/16 14:08:19 ELECTRUM: Block notification sent successfully for height 4670166
2025/09/16 14:08:20 ELECTRUM: GetBestBlock called
2025/09/16 14:08:20 ELECTRUM: Subscribing to headers to get current height
2025/09/16 14:08:20 ELECTRUM: Got current height 4670166 from headers subscription
2025/09/16 14:08:20 ELECTRUM: Returning hash 0000000000001654b785636d94c81e36ab94a8a5ddc984723338404e632b6a11 for height 4670166 (from headers subscription)
2025/09/16 14:08:20 ELECTRUM: GetBlockHeader called for hash: 0000000000001654b785636d94c81e36ab94a8a5ddc984723338404e632b6a11
2025/09/16 14:08:20 ELECTRUM: GetBestBlock called
2025/09/16 14:08:20 ELECTRUM: Subscribing to headers to get current height
2025/09/16 14:08:20 ELECTRUM: Got current height 4670167 from headers subscription
2025/09/16 14:08:20 ELECTRUM: Returning hash 000000000000330bcf0b8f0f9b43d414a50d9701be3f65a2c21c855168d9dba8 for height 4670167 (from headers subscription)
2025-09-16 14:08:44.013 [DBG] LTND lnd.go:727: Syncing to block chain rev=08ae35 best_block_time="2025-09-16 14:08:29 -0400 EDT" is_synced=false
2025/09/16 14:08:45 ELECTRUM: GetBestBlock called
2025/09/16 14:08:45 ELECTRUM: Subscribing to headers to get current height
2025/09/16 14:08:45 ELECTRUM: Got current height 4670176 from headers subscription
2025/09/16 14:08:45 ELECTRUM: Returning hash 000000000002bbe58c24e04fc38283d41dff8886010b4e44b2cd69e5f0e499c2 for height 4670176 (from headers subscription)
2025/09/16 14:08:45 ELECTRUM: GetBlockHeader called for hash: 000000000002bbe58c24e04fc38283d41dff8886010b4e44b2cd69e5f0e499c2
2025/09/16 14:08:45 ELECTRUM: GetBestBlock called
2025/09/16 14:08:45 ELECTRUM: Subscribing to headers to get current height
2025/09/16 14:08:45 ELECTRUM: Got current height 4670177 from headers subscription
2025/09/16 14:08:45 ELECTRUM: Returning hash 00000000000010fa60b82981cc121086303fd83b23a8edabd170e58b9647e357 for height 4670177 (from headers subscription)
2025/09/16 14:08:48 ELECTRUM: GetBestBlock called
2025/09/16 14:08:48 ELECTRUM: Subscribing to headers to get current height
2025/09/16 14:08:48 ELECTRUM: Got current height 4670178 from headers subscription
2025/09/16 14:08:48 ELECTRUM: Returning hash 0000000000001d986cf88d35552fb03b16e0d7afb928b90d068d7a110bb7e532 for height 4670178 (from headers subscription)
2025/09/16 14:08:48 ELECTRUM: Checking for new blocks - current: 4670178, last known: 4670165
2025/09/16 14:08:48 ELECTRUM: New block detected! Height: 4670178 (was 4670165)
2025/09/16 14:08:48 ELECTRUM: Sending block connected notification for height 4670178
2025/09/16 14:08:48 ELECTRUM: Block notification sent successfully for height 4670178
2025/09/16 14:08:49 ELECTRUM: GetBestBlock called
2025/09/16 14:08:49 ELECTRUM: Subscribing to headers to get current height
2025/09/16 14:08:49 ELECTRUM: Got current height 4670179 from headers subscription
2025/09/16 14:08:49 ELECTRUM: Returning hash 000000000000245eea0e7ef453f8d7ebee216d771683dee168e6f93e2eb7203b for height 4670179 (from headers subscription)
2025/09/16 14:08:49 ELECTRUM: Checking for new blocks - current: 4670179, last known: 4670166
2025/09/16 14:08:49 ELECTRUM: New block detected! Height: 4670179 (was 4670166)
2025/09/16 14:08:49 ELECTRUM: Sending block connected notification for height 4670179
2025/09/16 14:08:49 ELECTRUM: Block notification sent successfully for height 4670179
2025/09/16 14:08:49 ELECTRUM: GetBestBlock called
2025/09/16 14:08:49 ELECTRUM: Subscribing to headers to get current height
2025/09/16 14:08:49 ELECTRUM: Got current height 4670179 from headers subscription
2025/09/16 14:08:49 ELECTRUM: Returning hash 000000000000245eea0e7ef453f8d7ebee216d771683dee168e6f93e2eb7203b for height 4670179 (from headers subscription)
2025/09/16 14:08:49 ELECTRUM: Checking for new blocks - current: 4670179, last known: 4670166
2025/09/16 14:08:49 ELECTRUM: New block detected! Height: 4670179 (was 4670166)
2025/09/16 14:08:49 ELECTRUM: Sending block connected notification for height 4670179
2025/09/16 14:08:49 ELECTRUM: Block notification sent successfully for height 4670179
2025-09-16 14:09:09.968 [DBG] LTND lnd.go:727: Syncing to block chain rev=08ae35 best_block_time="2025-09-16 14:08:42 -0400 EDT" is_synced=false
2025/09/16 14:09:10 ELECTRUM: GetBestBlock called
2025/09/16 14:09:10 ELECTRUM: Subscribing to headers to get current height
2025/09/16 14:09:11 ELECTRUM: Got current height 4670186 from headers subscription
2025/09/16 14:09:11 ELECTRUM: Returning hash 000000000000f7b0f1f202646d2633493327ab77720fd45f5fd1387701f09432 for height 4670186 (from headers subscription)
2025/09/16 14:09:11 ELECTRUM: GetBlockHeader called for hash: 000000000000f7b0f1f202646d2633493327ab77720fd45f5fd1387701f09432
2025/09/16 14:09:11 ELECTRUM: GetBestBlock called
2025/09/16 14:09:11 ELECTRUM: Subscribing to headers to get current height
2025/09/16 14:09:11 ELECTRUM: Got current height 4670186 from headers subscription
2025/09/16 14:09:11 ELECTRUM: Returning hash 000000000000f7b0f1f202646d2633493327ab77720fd45f5fd1387701f09432 for height 4670186 (from headers subscription)
2025-09-16 14:09:11.665 [DBG] LTND lnd.go:727: Syncing to block chain rev=08ae35 best_block_time="2025-09-16 14:09:06 -0400 EDT" is_synced=false
2025/09/16 14:09:12 ELECTRUM: GetBestBlock called
2025/09/16 14:09:12 ELECTRUM: Subscribing to headers to get current height
2025/09/16 14:09:12 ELECTRUM: Got current height 4670186 from headers subscription
2025/09/16 14:09:12 ELECTRUM: Returning hash 000000000000f7b0f1f202646d2633493327ab77720fd45f5fd1387701f09432 for height 4670186 (from headers subscription)
2025/09/16 14:09:12 ELECTRUM: GetBlockHeader called for hash: 000000000000f7b0f1f202646d2633493327ab77720fd45f5fd1387701f09432
2025/09/16 14:09:12 ELECTRUM: GetBestBlock called
2025/09/16 14:09:12 ELECTRUM: Subscribing to headers to get current height
2025/09/16 14:09:13 ELECTRUM: Got current height 4670186 from headers subscription
2025/09/16 14:09:13 ELECTRUM: Returning hash 000000000000f7b0f1f202646d2633493327ab77720fd45f5fd1387701f09432 for height 4670186 (from headers subscription)
2025-09-16 14:09:13.367 [DBG] LTND lnd.go:727: Syncing to block chain rev=08ae35 best_block_time="2025-09-16 14:09:06 -0400 EDT" is_synced=false
2025/09/16 14:09:14 ELECTRUM: GetBestBlock called
2025/09/16 14:09:14 ELECTRUM: Subscribing to headers to get current height
2025/09/16 14:09:14 ELECTRUM: Got current height 4670186 from headers subscription
2025/09/16 14:09:14 ELECTRUM: Returning hash 000000000000f7b0f1f202646d2633493327ab77720fd45f5fd1387701f09432 for height 4670186 (from headers subscription)
2025/09/16 14:09:14 ELECTRUM: GetBlockHeader called for hash: 000000000000f7b0f1f202646d2633493327ab77720fd45f5fd1387701f09432
2025/09/16 14:09:14 ELECTRUM: GetBestBlock called
2025/09/16 14:09:14 ELECTRUM: Subscribing to headers to get current height
2025/09/16 14:09:14 ELECTRUM: Got current height 4670186 from headers subscription
2025/09/16 14:09:14 ELECTRUM: Returning hash 000000000000f7b0f1f202646d2633493327ab77720fd45f5fd1387701f09432 for height 4670186 (from headers subscription)
2025-09-16 14:09:15.071 [DBG] LTND lnd.go:727: Syncing to block chain rev=08ae35 best_block_time="2025-09-16 14:09:06 -0400 EDT" is_synced=false
2025/09/16 14:09:16 ELECTRUM: GetBestBlock called
2025/09/16 14:09:16 ELECTRUM: Subscribing to headers to get current height
2025/09/16 14:09:16 ELECTRUM: Got current height 4670187 from headers subscription
2025/09/16 14:09:16 ELECTRUM: Returning hash 00000000000113e32dd8d4c4590bfc71c3966a4636da3a5f8a656f7e42431dea for height 4670187 (from headers subscription)
2025/09/16 14:09:16 ELECTRUM: GetBlockHeader called for hash: 00000000000113e32dd8d4c4590bfc71c3966a4636da3a5f8a656f7e42431dea
2025/09/16 14:09:16 ELECTRUM: GetBestBlock called
2025/09/16 14:09:16 ELECTRUM: Subscribing to headers to get current height
2025/09/16 14:09:16 ELECTRUM: Got current height 4670187 from headers subscription
2025/09/16 14:09:16 ELECTRUM: Returning hash 00000000000113e32dd8d4c4590bfc71c3966a4636da3a5f8a656f7e42431dea for height 4670187 (from headers subscription)
2025-09-16 14:09:16.777 [DBG] LTND lnd.go:727: Syncing to block chain rev=08ae35 best_block_time="2025-09-16 14:09:16 -0400 EDT" is_synced=false
2025/09/16 14:09:17 ELECTRUM: GetBestBlock called
2025/09/16 14:09:17 ELECTRUM: Subscribing to headers to get current height
2025/09/16 14:09:18 ELECTRUM: Got current height 4670187 from headers subscription
2025/09/16 14:09:18 ELECTRUM: Returning hash 00000000000113e32dd8d4c4590bfc71c3966a4636da3a5f8a656f7e42431dea for height 4670187 (from headers subscription)
2025/09/16 14:09:18 ELECTRUM: GetBlockHeader called for hash: 00000000000113e32dd8d4c4590bfc71c3966a4636da3a5f8a656f7e42431dea
2025/09/16 14:09:18 ELECTRUM: GetBestBlock called
2025/09/16 14:09:18 ELECTRUM: Subscribing to headers to get current height
2025/09/16 14:09:18 ELECTRUM: GetBestBlock called
2025/09/16 14:09:18 ELECTRUM: Subscribing to headers to get current height
2025/09/16 14:09:18 ELECTRUM: Got current height 4670188 from headers subscription
2025/09/16 14:09:18 ELECTRUM: Returning hash 0000000000017c2ff635140c51d4832454db9851aa46e9fb6ecaaa18373e2b99 for height 4670188 (from headers subscription)
2025/09/16 14:09:18 ELECTRUM: Got current height 4670188 from headers subscription
2025/09/16 14:09:18 ELECTRUM: Returning hash 0000000000017c2ff635140c51d4832454db9851aa46e9fb6ecaaa18373e2b99 for height 4670188 (from headers subscription)
2025/09/16 14:09:18 ELECTRUM: Checking for new blocks - current: 4670188, last known: 4670178
2025/09/16 14:09:18 ELECTRUM: New block detected! Height: 4670188 (was 4670178)
2025/09/16 14:09:18 ELECTRUM: Sending block connected notification for height 4670188
2025/09/16 14:09:18 ELECTRUM: Block notification sent successfully for height 4670188
2025/09/16 14:09:19 ELECTRUM: GetBestBlock called
2025/09/16 14:09:19 ELECTRUM: Subscribing to headers to get current height
2025/09/16 14:09:19 ELECTRUM: Got current height 4670188 from headers subscription
2025/09/16 14:09:19 ELECTRUM: Returning hash 0000000000017c2ff635140c51d4832454db9851aa46e9fb6ecaaa18373e2b99 for height 4670188 (from headers subscription)
2025/09/16 14:09:19 ELECTRUM: Checking for new blocks - current: 4670188, last known: 4670179
2025/09/16 14:09:19 ELECTRUM: New block detected! Height: 4670188 (was 4670179)
2025/09/16 14:09:19 ELECTRUM: Sending block connected notification for height 4670188
2025/09/16 14:09:19 ELECTRUM: Block notification sent successfully for height 4670188
2025/09/16 14:09:19 ELECTRUM: GetBestBlock called
2025/09/16 14:09:19 ELECTRUM: Subscribing to headers to get current height
2025/09/16 14:09:19 ELECTRUM: Got current height 4670188 from headers subscription
2025/09/16 14:09:19 ELECTRUM: Returning hash 0000000000017c2ff635140c51d4832454db9851aa46e9fb6ecaaa18373e2b99 for height 4670188 (from headers subscription)
2025/09/16 14:09:19 ELECTRUM: Checking for new blocks - current: 4670188, last known: 4670179
2025/09/16 14:09:19 ELECTRUM: New block detected! Height: 4670188 (was 4670179)
2025/09/16 14:09:19 ELECTRUM: Sending block connected notification for height 4670188
2025/09/16 14:09:19 ELECTRUM: Block notification sent successfully for height 4670188
2025-09-16 14:09:29.026 [DBG] RPCS interceptor.go:775: [/lnrpc.Lightning/WalletBalance] requested
2025-09-16 14:09:29.026 [INF] BTWL btcwallet.go:851: BTCWALLET: ConfirmedBalance called with confs=0, accountFilter=default
2025-09-16 14:09:29.026 [INF] BTWL btcwallet.go:1569: BTCWALLET: Adding 8 discovered Electrum transactions to witness outputs
2025-09-16 14:09:29.026 [INF] BTWL btcwallet.go:851: BTCWALLET: ConfirmedBalance called with confs=1, accountFilter=default
2025-09-16 14:09:29.026 [INF] BTWL btcwallet.go:1569: BTCWALLET: Adding 8 discovered Electrum transactions to witness outputs
2025-09-16 14:09:29.026 [DBG] RPCS rpcserver.go:3746: [walletbalance] Total balance=0.00090782 BTC (confirmed=0.00090782 BTC, unconfirmed=0 BTC, locked=0 BTC)
2025-09-16 14:09:41.608 [DBG] LTND lnd.go:727: Syncing to block chain rev=08ae35 best_block_time="2025-09-16 14:09:16 -0400 EDT" is_synced=false
2025/09/16 14:09:42 ELECTRUM: GetBestBlock called
2025/09/16 14:09:42 ELECTRUM: Subscribing to headers to get current height
2025/09/16 14:09:42 ELECTRUM: Got current height 4670201 from headers subscription
2025/09/16 14:09:42 ELECTRUM: Returning hash 0000000000022001ac74dad065a2640640dced6357f9b57d27dc349cf154199b for height 4670201 (from headers subscription)
2025/09/16 14:09:42 ELECTRUM: GetBlockHeader called for hash: 0000000000022001ac74dad065a2640640dced6357f9b57d27dc349cf154199b
2025/09/16 14:09:42 ELECTRUM: GetBestBlock called
2025/09/16 14:09:42 ELECTRUM: Subscribing to headers to get current height
2025/09/16 14:09:43 ELECTRUM: Got current height 4670202 from headers subscription
2025/09/16 14:09:43 ELECTRUM: Returning hash 0000000000028df8c079d33506b3f72b0c72a8c76841cd3ccc4294442de56d2c for height 4670202 (from headers subscription)
2025/09/16 14:09:48 ELECTRUM: GetBestBlock called
2025/09/16 14:09:48 ELECTRUM: Subscribing to headers to get current height
2025/09/16 14:09:48 ELECTRUM: Got current height 4670205 from headers subscription
2025/09/16 14:09:48 ELECTRUM: Returning hash 000000000000eb0cce1ad49d42594454fc137be229513494643b4541204ffac4 for height 4670205 (from headers subscription)
2025/09/16 14:09:48 ELECTRUM: Checking for new blocks - current: 4670205, last known: 4670188
2025/09/16 14:09:48 ELECTRUM: New block detected! Height: 4670205 (was 4670188)
2025/09/16 14:09:48 ELECTRUM: Sending block connected notification for height 4670205
2025/09/16 14:09:48 ELECTRUM: Block notification sent successfully for height 4670205
2025/09/16 14:09:49 ELECTRUM: GetBestBlock called
2025/09/16 14:09:49 ELECTRUM: Subscribing to headers to get current height
2025/09/16 14:09:49 ELECTRUM: GetBestBlock called
2025/09/16 14:09:49 ELECTRUM: Subscribing to headers to get current height
2025/09/16 14:09:49 ELECTRUM: Got current height 4670206 from headers subscription
2025/09/16 14:09:49 ELECTRUM: Returning hash 0000000066e37b4cc6400263d858da88ee03e60ff25a035f1657e3aa5f6d341b for height 4670206 (from headers subscription)
2025/09/16 14:09:49 ELECTRUM: Checking for new blocks - current: 4670206, last known: 4670188
2025/09/16 14:09:49 ELECTRUM: New block detected! Height: 4670206 (was 4670188)
2025/09/16 14:09:49 ELECTRUM: Sending block connected notification for height 4670206
2025/09/16 14:09:49 ELECTRUM: Block notification sent successfully for height 4670206
2025/09/16 14:09:49 ELECTRUM: Got current height 4670206 from headers subscription
2025/09/16 14:09:49 ELECTRUM: Returning hash 0000000066e37b4cc6400263d858da88ee03e60ff25a035f1657e3aa5f6d341b for height 4670206 (from headers subscription)
2025/09/16 14:09:49 ELECTRUM: Checking for new blocks - current: 4670206, last known: 4670188
2025/09/16 14:09:49 ELECTRUM: New block detected! Height: 4670206 (was 4670188)
2025/09/16 14:09:49 ELECTRUM: Sending block connected notification for height 4670206
2025/09/16 14:09:49 ELECTRUM: Block notification sent successfully for height 4670206
2025-09-16 14:10:08.704 [DBG] LTND lnd.go:727: Syncing to block chain rev=08ae35 best_block_time="2025-09-16 14:09:40 -0400 EDT" is_synced=false
2025/09/16 14:10:09 ELECTRUM: GetBestBlock called
2025/09/16 14:10:09 ELECTRUM: Subscribing to headers to get current height
2025/09/16 14:10:09 ELECTRUM: Got current height 4670217 from headers subscription
2025/09/16 14:10:09 ELECTRUM: Returning hash 0000000000016976e47c8fe32846745e6a113b8ddc4cab845e9148cf2e329608 for height 4670217 (from headers subscription)
2025/09/16 14:10:09 ELECTRUM: GetBlockHeader called for hash: 0000000000016976e47c8fe32846745e6a113b8ddc4cab845e9148cf2e329608
2025/09/16 14:10:09 ELECTRUM: GetBestBlock called
2025/09/16 14:10:09 ELECTRUM: Subscribing to headers to get current height
2025/09/16 14:10:10 ELECTRUM: Got current height 4670217 from headers subscription
2025/09/16 14:10:10 ELECTRUM: Returning hash 0000000000016976e47c8fe32846745e6a113b8ddc4cab845e9148cf2e329608 for height 4670217 (from headers subscription)
2025-09-16 14:10:10.416 [DBG] LTND lnd.go:727: Syncing to block chain rev=08ae35 best_block_time="2025-09-16 14:10:05 -0400 EDT" is_synced=false
2025/09/16 14:10:11 ELECTRUM: GetBestBlock called
2025/09/16 14:10:11 ELECTRUM: Subscribing to headers to get current height
2025/09/16 14:10:11 ELECTRUM: Got current height 4670218 from headers subscription
2025/09/16 14:10:11 ELECTRUM: Returning hash 00000000000042b604375a866dcf13b40c91856a09a5b6c48db9f561645e84f4 for height 4670218 (from headers subscription)
2025/09/16 14:10:11 ELECTRUM: GetBlockHeader called for hash: 00000000000042b604375a866dcf13b40c91856a09a5b6c48db9f561645e84f4
2025/09/16 14:10:11 ELECTRUM: GetBestBlock called
2025/09/16 14:10:11 ELECTRUM: Subscribing to headers to get current height
2025/09/16 14:10:11 ELECTRUM: Got current height 4670218 from headers subscription
2025/09/16 14:10:11 ELECTRUM: Returning hash 00000000000042b604375a866dcf13b40c91856a09a5b6c48db9f561645e84f4 for height 4670218 (from headers subscription)
2025-09-16 14:10:12.120 [DBG] LTND lnd.go:727: Syncing to block chain rev=08ae35 best_block_time="2025-09-16 14:10:09 -0400 EDT" is_synced=false
2025/09/16 14:10:13 ELECTRUM: GetBestBlock called
2025/09/16 14:10:13 ELECTRUM: Subscribing to headers to get current height
2025/09/16 14:10:13 ELECTRUM: Got current height 4670218 from headers subscription
2025/09/16 14:10:13 ELECTRUM: Returning hash 00000000000042b604375a866dcf13b40c91856a09a5b6c48db9f561645e84f4 for height 4670218 (from headers subscription)
2025/09/16 14:10:13 ELECTRUM: GetBlockHeader called for hash: 00000000000042b604375a866dcf13b40c91856a09a5b6c48db9f561645e84f4
2025/09/16 14:10:13 ELECTRUM: GetBestBlock called
2025/09/16 14:10:13 ELECTRUM: Subscribing to headers to get current height
2025/09/16 14:10:13 ELECTRUM: Got current height 4670219 from headers subscription
2025/09/16 14:10:13 ELECTRUM: Returning hash 0000000000000e8b2e3a863ab83b538518f4b3a39e5d0403d5cf9a8c391664e6 for height 4670219 (from headers subscription)
2025/09/16 14:10:18 ELECTRUM: GetBestBlock called
2025/09/16 14:10:18 ELECTRUM: Subscribing to headers to get current height
2025/09/16 14:10:18 ELECTRUM: Got current height 4670221 from headers subscription
2025/09/16 14:10:18 ELECTRUM: Returning hash 0000000000033de6e0364f2ad40e0f330a9cdd01548e6293d32d7cecceba58d2 for height 4670221 (from headers subscription)
2025/09/16 14:10:18 ELECTRUM: Checking for new blocks - current: 4670221, last known: 4670205
2025/09/16 14:10:18 ELECTRUM: New block detected! Height: 4670221 (was 4670205)
2025/09/16 14:10:18 ELECTRUM: Sending block connected notification for height 4670221
2025/09/16 14:10:18 ELECTRUM: Block notification sent successfully for height 4670221
2025/09/16 14:10:19 ELECTRUM: GetBestBlock called
2025/09/16 14:10:19 ELECTRUM: Subscribing to headers to get current height
2025/09/16 14:10:19 ELECTRUM: Got current height 4670221 from headers subscription
2025/09/16 14:10:19 ELECTRUM: Returning hash 0000000000033de6e0364f2ad40e0f330a9cdd01548e6293d32d7cecceba58d2 for height 4670221 (from headers subscription)
2025/09/16 14:10:19 ELECTRUM: Checking for new blocks - current: 4670221, last known: 4670206
2025/09/16 14:10:19 ELECTRUM: New block detected! Height: 4670221 (was 4670206)
2025/09/16 14:10:19 ELECTRUM: Sending block connected notification for height 4670221
2025/09/16 14:10:19 ELECTRUM: Block notification sent successfully for height 4670221
2025/09/16 14:10:19 ELECTRUM: GetBestBlock called
2025/09/16 14:10:19 ELECTRUM: Subscribing to headers to get current height
2025/09/16 14:10:19 ELECTRUM: Got current height 4670222 from headers subscription
2025/09/16 14:10:19 ELECTRUM: Returning hash 000000000002f2575dd34312780f939a2d08db50eabecc4716e47b32d5954b2d for height 4670222 (from headers subscription)
2025/09/16 14:10:19 ELECTRUM: Checking for new blocks - current: 4670222, last known: 4670206
2025/09/16 14:10:19 ELECTRUM: New block detected! Height: 4670222 (was 4670206)
2025/09/16 14:10:19 ELECTRUM: Sending block connected notification for height 4670222
2025/09/16 14:10:19 ELECTRUM: Block notification sent successfully for height 4670222
2025-09-16 14:10:37.212 [DBG] LTND lnd.go:727: Syncing to block chain rev=08ae35 best_block_time="2025-09-16 14:10:09 -0400 EDT" is_synced=false
2025/09/16 14:10:38 ELECTRUM: GetBestBlock called
2025/09/16 14:10:38 ELECTRUM: Subscribing to headers to get current height
2025/09/16 14:10:38 ELECTRUM: Got current height 4670231 from headers subscription
2025/09/16 14:10:38 ELECTRUM: Returning hash 00000000000398ff8b123494f3fa00e25ba1e8b8a68687063a6048f960324808 for height 4670231 (from headers subscription)
2025/09/16 14:10:38 ELECTRUM: GetBlockHeader called for hash: 00000000000398ff8b123494f3fa00e25ba1e8b8a68687063a6048f960324808
2025/09/16 14:10:38 ELECTRUM: GetBestBlock called
2025/09/16 14:10:38 ELECTRUM: Subscribing to headers to get current height
2025/09/16 14:10:38 ELECTRUM: Got current height 4670232 from headers subscription
2025/09/16 14:10:38 ELECTRUM: Returning hash 000000000000d77f7a7546d702e4f2f7789c14a120ae18358f76490a3c4cf677 for height 4670232 (from headers subscription)
2025/09/16 14:10:48 ELECTRUM: GetBestBlock called
2025/09/16 14:10:48 ELECTRUM: Subscribing to headers to get current height
2025/09/16 14:10:48 ELECTRUM: Got current height 4670238 from headers subscription
2025/09/16 14:10:48 ELECTRUM: Returning hash 00000000000048eee882c04d685076d30249bee7dd188fc8c6ca202d9bb99ffc for height 4670238 (from headers subscription)
2025/09/16 14:10:48 ELECTRUM: Checking for new blocks - current: 4670238, last known: 4670221
2025/09/16 14:10:48 ELECTRUM: New block detected! Height: 4670238 (was 4670221)
2025/09/16 14:10:48 ELECTRUM: Sending block connected notification for height 4670238
2025/09/16 14:10:48 ELECTRUM: Block notification sent successfully for height 4670238
2025/09/16 14:10:49 ELECTRUM: GetBestBlock called
2025/09/16 14:10:49 ELECTRUM: Subscribing to headers to get current height
2025/09/16 14:10:49 ELECTRUM: Got current height 4670239 from headers subscription
2025/09/16 14:10:49 ELECTRUM: Returning hash 000000000001e77193f1fbbbc3dce655ab3ec288233dec1af180107567585b81 for height 4670239 (from headers subscription)
2025/09/16 14:10:49 ELECTRUM: Checking for new blocks - current: 4670239, last known: 4670221
2025/09/16 14:10:49 ELECTRUM: New block detected! Height: 4670239 (was 4670221)
2025/09/16 14:10:49 ELECTRUM: Sending block connected notification for height 4670239
2025/09/16 14:10:49 ELECTRUM: Block notification sent successfully for height 4670239
2025/09/16 14:10:49 ELECTRUM: GetBestBlock called
2025/09/16 14:10:49 ELECTRUM: Subscribing to headers to get current height
2025/09/16 14:10:49 ELECTRUM: Got current height 4670239 from headers subscription
2025/09/16 14:10:49 ELECTRUM: Returning hash 000000000001e77193f1fbbbc3dce655ab3ec288233dec1af180107567585b81 for height 4670239 (from headers subscription)
2025/09/16 14:10:49 ELECTRUM: Checking for new blocks - current: 4670239, last known: 4670222
2025/09/16 14:10:49 ELECTRUM: New block detected! Height: 4670239 (was 4670222)
2025/09/16 14:10:49 ELECTRUM: Sending block connected notification for height 4670239
2025/09/16 14:10:49 ELECTRUM: Block notification sent successfully for height 4670239
2025-09-16 14:11:02.190 [DBG] LTND lnd.go:727: Syncing to block chain rev=08ae35 best_block_time="2025-09-16 14:10:34 -0400 EDT" is_synced=false
2025/09/16 14:11:03 ELECTRUM: GetBestBlock called
2025/09/16 14:11:03 ELECTRUM: Subscribing to headers to get current height
2025/09/16 14:11:03 ELECTRUM: Got current height 4670244 from headers subscription
2025/09/16 14:11:03 ELECTRUM: Returning hash 000000000002cee69342988964288eceec92bcb756ea0a33e4d7af44fb044aa9 for height 4670244 (from headers subscription)
2025/09/16 14:11:03 ELECTRUM: GetBlockHeader called for hash: 000000000002cee69342988964288eceec92bcb756ea0a33e4d7af44fb044aa9
2025/09/16 14:11:03 ELECTRUM: GetBestBlock called
2025/09/16 14:11:03 ELECTRUM: Subscribing to headers to get current height
2025/09/16 14:11:03 ELECTRUM: Got current height 4670244 from headers subscription
2025/09/16 14:11:03 ELECTRUM: Returning hash 000000000002cee69342988964288eceec92bcb756ea0a33e4d7af44fb044aa9 for height 4670244 (from headers subscription)
2025-09-16 14:11:03.908 [DBG] LTND lnd.go:727: Syncing to block chain rev=08ae35 best_block_time="2025-09-16 14:10:58 -0400 EDT" is_synced=false
2025/09/16 14:11:04 ELECTRUM: GetBestBlock called
2025/09/16 14:11:04 ELECTRUM: Subscribing to headers to get current height
2025/09/16 14:11:05 ELECTRUM: Got current height 4670244 from headers subscription
2025/09/16 14:11:05 ELECTRUM: Returning hash 000000000002cee69342988964288eceec92bcb756ea0a33e4d7af44fb044aa9 for height 4670244 (from headers subscription)
2025/09/16 14:11:05 ELECTRUM: GetBlockHeader called for hash: 000000000002cee69342988964288eceec92bcb756ea0a33e4d7af44fb044aa9
2025/09/16 14:11:05 ELECTRUM: GetBestBlock called
2025/09/16 14:11:05 ELECTRUM: Subscribing to headers to get current height
2025/09/16 14:11:05 ELECTRUM: Got current height 4670244 from headers subscription
2025/09/16 14:11:05 ELECTRUM: Returning hash 000000000002cee69342988964288eceec92bcb756ea0a33e4d7af44fb044aa9 for height 4670244 (from headers subscription)
2025-09-16 14:11:05.652 [DBG] LTND lnd.go:727: Syncing to block chain rev=08ae35 best_block_time="2025-09-16 14:10:58 -0400 EDT" is_synced=false
2025/09/16 14:11:06 ELECTRUM: GetBestBlock called
2025/09/16 14:11:06 ELECTRUM: Subscribing to headers to get current height
2025/09/16 14:11:06 ELECTRUM: Got current height 4670245 from headers subscription
2025/09/16 14:11:06 ELECTRUM: Returning hash 00000000000230b99854790cd9a53adb224854d8fe830bb1544bc704eabd8c21 for height 4670245 (from headers subscription)
2025/09/16 14:11:06 ELECTRUM: GetBlockHeader called for hash: 00000000000230b99854790cd9a53adb224854d8fe830bb1544bc704eabd8c21
2025/09/16 14:11:06 ELECTRUM: GetBestBlock called
2025/09/16 14:11:06 ELECTRUM: Subscribing to headers to get current height
2025/09/16 14:11:07 ELECTRUM: Got current height 4670245 from headers subscription
2025/09/16 14:11:07 ELECTRUM: Returning hash 00000000000230b99854790cd9a53adb224854d8fe830bb1544bc704eabd8c21 for height 4670245 (from headers subscription)
2025-09-16 14:11:07.351 [DBG] LTND lnd.go:727: Syncing to block chain rev=08ae35 best_block_time="2025-09-16 14:11:00 -0400 EDT" is_synced=false
2025/09/16 14:11:08 ELECTRUM: GetBestBlock called
2025/09/16 14:11:08 ELECTRUM: Subscribing to headers to get current height
2025/09/16 14:11:08 ELECTRUM: Got current height 4670246 from headers subscription
2025/09/16 14:11:08 ELECTRUM: Returning hash 0000000000011af053580b12bb26f960549ac9412bd135d7e5bc4cf906a7413f for height 4670246 (from headers subscription)
2025/09/16 14:11:08 ELECTRUM: GetBlockHeader called for hash: 0000000000011af053580b12bb26f960549ac9412bd135d7e5bc4cf906a7413f
2025/09/16 14:11:08 ELECTRUM: GetBestBlock called
2025/09/16 14:11:08 ELECTRUM: Subscribing to headers to get current height
2025/09/16 14:11:08 ELECTRUM: Got current height 4670246 from headers subscription
2025/09/16 14:11:08 ELECTRUM: Returning hash 0000000000011af053580b12bb26f960549ac9412bd135d7e5bc4cf906a7413f for height 4670246 (from headers subscription)
2025-09-16 14:11:09.055 [DBG] LTND lnd.go:727: Syncing to block chain rev=08ae35 best_block_time="2025-09-16 14:11:06 -0400 EDT" is_synced=false
2025/09/16 14:11:10 ELECTRUM: GetBestBlock called
2025/09/16 14:11:10 ELECTRUM: Subscribing to headers to get current height
2025/09/16 14:11:10 ELECTRUM: Got current height 4670247 from headers subscription
2025/09/16 14:11:10 ELECTRUM: Returning hash 00000000000005df7f8387e3a8b31c00e01a8e153f4f149b51398ef25cda0c02 for height 4670247 (from headers subscription)
2025/09/16 14:11:10 ELECTRUM: GetBlockHeader called for hash: 00000000000005df7f8387e3a8b31c00e01a8e153f4f149b51398ef25cda0c02
2025/09/16 14:11:10 ELECTRUM: GetBestBlock called
2025/09/16 14:11:10 ELECTRUM: Subscribing to headers to get current height
2025/09/16 14:11:10 ELECTRUM: Got current height 4670248 from headers subscription
2025/09/16 14:11:10 ELECTRUM: Returning hash 00000000000025c1dba8ede117dcc5aff535f2072b78e596395699404ad7f208 for height 4670248 (from headers subscription)
2025/09/16 14:11:18 ELECTRUM: GetBestBlock called
2025/09/16 14:11:18 ELECTRUM: Subscribing to headers to get current height
2025/09/16 14:11:18 ELECTRUM: Got current height 4670251 from headers subscription
2025/09/16 14:11:18 ELECTRUM: Returning hash 000000000000275300b41e46f6860b047a0e5ffe6c122944c27e5f0881ff2b5c for height 4670251 (from headers subscription)
2025/09/16 14:11:18 ELECTRUM: Checking for new blocks - current: 4670251, last known: 4670238
2025/09/16 14:11:18 ELECTRUM: New block detected! Height: 4670251 (was 4670238)
2025/09/16 14:11:18 ELECTRUM: Sending block connected notification for height 4670251
2025/09/16 14:11:18 ELECTRUM: Block notification sent successfully for height 4670251
2025/09/16 14:11:19 ELECTRUM: GetBestBlock called
2025/09/16 14:11:19 ELECTRUM: Subscribing to headers to get current height
2025/09/16 14:11:19 ELECTRUM: Got current height 4670252 from headers subscription
2025/09/16 14:11:19 ELECTRUM: Returning hash 00000000000178401e29fcfbdcc5b4b08303c4d581c3764151d269aebb6a4efc for height 4670252 (from headers subscription)
2025/09/16 14:11:19 ELECTRUM: Checking for new blocks - current: 4670252, last known: 4670239
2025/09/16 14:11:19 ELECTRUM: New block detected! Height: 4670252 (was 4670239)
2025/09/16 14:11:19 ELECTRUM: Sending block connected notification for height 4670252
2025/09/16 14:11:19 ELECTRUM: Block notification sent successfully for height 4670252
2025/09/16 14:11:19 ELECTRUM: GetBestBlock called
2025/09/16 14:11:19 ELECTRUM: Subscribing to headers to get current height
2025/09/16 14:11:19 ELECTRUM: Got current height 4670252 from headers subscription
2025/09/16 14:11:19 ELECTRUM: Returning hash 00000000000178401e29fcfbdcc5b4b08303c4d581c3764151d269aebb6a4efc for height 4670252 (from headers subscription)
2025/09/16 14:11:19 ELECTRUM: Checking for new blocks - current: 4670252, last known: 4670239
2025/09/16 14:11:19 ELECTRUM: New block detected! Height: 4670252 (was 4670239)
2025/09/16 14:11:19 ELECTRUM: Sending block connected notification for height 4670252
2025/09/16 14:11:19 ELECTRUM: Block notification sent successfully for height 4670252
2025-09-16 14:11:19.989 [DBG] RPCS interceptor.go:775: [/lnrpc.Lightning/WalletBalance] requested
2025-09-16 14:11:19.990 [INF] BTWL btcwallet.go:851: BTCWALLET: ConfirmedBalance called with confs=0, accountFilter=default
2025-09-16 14:11:19.990 [INF] BTWL btcwallet.go:1569: BTCWALLET: Adding 8 discovered Electrum transactions to witness outputs
2025-09-16 14:11:19.990 [INF] BTWL btcwallet.go:851: BTCWALLET: ConfirmedBalance called with confs=1, accountFilter=default
2025-09-16 14:11:19.990 [INF] BTWL btcwallet.go:1569: BTCWALLET: Adding 8 discovered Electrum transactions to witness outputs
2025-09-16 14:11:19.990 [DBG] RPCS rpcserver.go:3746: [walletbalance] Total balance=0.00090782 BTC (confirmed=0.00090782 BTC, unconfirmed=0 BTC, locked=0 BTC)
2025-09-16 14:11:21.043 [DBG] RPCS interceptor.go:775: [/lnrpc.Lightning/WalletBalance] requested
2025-09-16 14:11:21.044 [INF] BTWL btcwallet.go:851: BTCWALLET: ConfirmedBalance called with confs=0, accountFilter=default
2025-09-16 14:11:21.044 [INF] BTWL btcwallet.go:1569: BTCWALLET: Adding 8 discovered Electrum transactions to witness outputs
2025-09-16 14:11:21.044 [INF] BTWL btcwallet.go:851: BTCWALLET: ConfirmedBalance called with confs=1, accountFilter=default
2025-09-16 14:11:21.045 [INF] BTWL btcwallet.go:1569: BTCWALLET: Adding 8 discovered Electrum transactions to witness outputs
2025-09-16 14:11:21.045 [DBG] RPCS rpcserver.go:3746: [walletbalance] Total balance=0.00090782 BTC (confirmed=0.00090782 BTC, unconfirmed=0 BTC, locked=0 BTC)
2025-09-16 14:11:29.540 [DBG] RPCS interceptor.go:775: [/lnrpc.Lightning/NewAddress] requested
ELECTRUM: NotifyReceived called with 1 addresses
2025-09-16 14:11:34.023 [DBG] LTND lnd.go:727: Syncing to block chain rev=08ae35 best_block_time="2025-09-16 14:11:15 -0400 EDT" is_synced=false
2025/09/16 14:11:35 ELECTRUM: GetBestBlock called
2025/09/16 14:11:35 ELECTRUM: Subscribing to headers to get current height
2025/09/16 14:11:35 ELECTRUM: Got current height 4670259 from headers subscription
2025/09/16 14:11:35 ELECTRUM: Returning hash 00000000000041cc72d7d1bbb76e065e091c9822de532ac850df24a84bb1a985 for height 4670259 (from headers subscription)
2025/09/16 14:11:35 ELECTRUM: GetBlockHeader called for hash: 00000000000041cc72d7d1bbb76e065e091c9822de532ac850df24a84bb1a985
2025/09/16 14:11:35 ELECTRUM: GetBestBlock called
2025/09/16 14:11:35 ELECTRUM: Subscribing to headers to get current height
2025/09/16 14:11:35 ELECTRUM: Got current height 4670259 from headers subscription
2025/09/16 14:11:35 ELECTRUM: Returning hash 00000000000041cc72d7d1bbb76e065e091c9822de532ac850df24a84bb1a985 for height 4670259 (from headers subscription)
2025-09-16 14:11:35.727 [DBG] LTND lnd.go:727: Syncing to block chain rev=08ae35 best_block_time="2025-09-16 14:11:38 -0400 EDT" is_synced=false
2025/09/16 14:11:36 ELECTRUM: GetBestBlock called
2025/09/16 14:11:36 ELECTRUM: Subscribing to headers to get current height
2025/09/16 14:11:36 ELECTRUM: Got current height 4670260 from headers subscription
2025/09/16 14:11:36 ELECTRUM: Returning hash 0000000000001e53c59f01eba53c769c5f7e314a82d41deca49c8911a5f29aa3 for height 4670260 (from headers subscription)
2025/09/16 14:11:36 ELECTRUM: GetBlockHeader called for hash: 0000000000001e53c59f01eba53c769c5f7e314a82d41deca49c8911a5f29aa3
2025/09/16 14:11:36 ELECTRUM: GetBestBlock called
2025/09/16 14:11:36 ELECTRUM: Subscribing to headers to get current height
2025/09/16 14:11:37 ELECTRUM: Got current height 4670260 from headers subscription
2025/09/16 14:11:37 ELECTRUM: Returning hash 0000000000001e53c59f01eba53c769c5f7e314a82d41deca49c8911a5f29aa3 for height 4670260 (from headers subscription)
2025-09-16 14:11:37.438 [DBG] LTND lnd.go:727: Syncing to block chain rev=08ae35 best_block_time="2025-09-16 14:11:34 -0400 EDT" is_synced=false
2025/09/16 14:11:38 ELECTRUM: GetBestBlock called
2025/09/16 14:11:38 ELECTRUM: Subscribing to headers to get current height
2025/09/16 14:11:38 ELECTRUM: Got current height 4670261 from headers subscription
2025/09/16 14:11:38 ELECTRUM: Returning hash 00000000348fb78c1bd389d48295a7cbfb450b4df8152309c24e6831916f20de for height 4670261 (from headers subscription)
2025/09/16 14:11:38 ELECTRUM: GetBlockHeader called for hash: 00000000348fb78c1bd389d48295a7cbfb450b4df8152309c24e6831916f20de
2025/09/16 14:11:38 ELECTRUM: GetBestBlock called
2025/09/16 14:11:38 ELECTRUM: Subscribing to headers to get current height
2025/09/16 14:11:38 ELECTRUM: Got current height 4670261 from headers subscription
2025/09/16 14:11:38 ELECTRUM: Returning hash 00000000348fb78c1bd389d48295a7cbfb450b4df8152309c24e6831916f20de for height 4670261 (from headers subscription)
2025-09-16 14:11:39.141 [DBG] LTND lnd.go:727: Syncing to block chain rev=08ae35 best_block_time="2025-09-16 14:31:35 -0400 EDT" is_synced=false
2025/09/16 14:11:40 ELECTRUM: GetBestBlock called
2025/09/16 14:11:40 ELECTRUM: Subscribing to headers to get current height
2025/09/16 14:11:40 ELECTRUM: Got current height 4670262 from headers subscription
2025/09/16 14:11:40 ELECTRUM: Returning hash 0000000000007fa97bcc28052fa8312f01ee503a25fe367b511b279f5b519e16 for height 4670262 (from headers subscription)
2025/09/16 14:11:40 ELECTRUM: GetBlockHeader called for hash: 0000000000007fa97bcc28052fa8312f01ee503a25fe367b511b279f5b519e16
2025/09/16 14:11:40 ELECTRUM: GetBestBlock called
2025/09/16 14:11:40 ELECTRUM: Subscribing to headers to get current height
2025/09/16 14:11:40 ELECTRUM: Got current height 4670262 from headers subscription
2025/09/16 14:11:40 ELECTRUM: Returning hash 0000000000007fa97bcc28052fa8312f01ee503a25fe367b511b279f5b519e16 for height 4670262 (from headers subscription)
2025-09-16 14:11:40.845 [DBG] LTND lnd.go:727: Syncing to block chain rev=08ae35 best_block_time="2025-09-16 14:11:47 -0400 EDT" is_synced=false
2025/09/16 14:11:41 ELECTRUM: GetBestBlock called
2025/09/16 14:11:41 ELECTRUM: Subscribing to headers to get current height
2025/09/16 14:11:42 ELECTRUM: Got current height 4670263 from headers subscription
2025/09/16 14:11:42 ELECTRUM: Returning hash 000000000001a92e75dc08b122fc0b30b0a4eb378485ac8dff5b4ffb983cebab for height 4670263 (from headers subscription)
2025/09/16 14:11:42 ELECTRUM: GetBlockHeader called for hash: 000000000001a92e75dc08b122fc0b30b0a4eb378485ac8dff5b4ffb983cebab
2025/09/16 14:11:42 ELECTRUM: GetBestBlock called
2025/09/16 14:11:42 ELECTRUM: Subscribing to headers to get current height
2025/09/16 14:11:42 ELECTRUM: Got current height 4670263 from headers subscription
2025/09/16 14:11:42 ELECTRUM: Returning hash 000000000001a92e75dc08b122fc0b30b0a4eb378485ac8dff5b4ffb983cebab for height 4670263 (from headers subscription)
2025-09-16 14:11:42.551 [DBG] LTND lnd.go:727: Syncing to block chain rev=08ae35 best_block_time="2025-09-16 14:11:39 -0400 EDT" is_synced=false
2025/09/16 14:11:43 ELECTRUM: GetBestBlock called
2025/09/16 14:11:43 ELECTRUM: Subscribing to headers to get current height
2025/09/16 14:11:43 ELECTRUM: Got current height 4670263 from headers subscription
2025/09/16 14:11:43 ELECTRUM: Returning hash 000000000001a92e75dc08b122fc0b30b0a4eb378485ac8dff5b4ffb983cebab for height 4670263 (from headers subscription)
2025/09/16 14:11:43 ELECTRUM: GetBlockHeader called for hash: 000000000001a92e75dc08b122fc0b30b0a4eb378485ac8dff5b4ffb983cebab
2025/09/16 14:11:43 ELECTRUM: GetBestBlock called
2025/09/16 14:11:43 ELECTRUM: Subscribing to headers to get current height
2025/09/16 14:11:44 ELECTRUM: Got current height 4670263 from headers subscription
2025/09/16 14:11:44 ELECTRUM: Returning hash 000000000001a92e75dc08b122fc0b30b0a4eb378485ac8dff5b4ffb983cebab for height 4670263 (from headers subscription)
2025-09-16 14:11:44.360 [DBG] LTND lnd.go:727: Syncing to block chain rev=08ae35 best_block_time="2025-09-16 14:11:39 -0400 EDT" is_synced=false
2025/09/16 14:11:45 ELECTRUM: GetBestBlock called
2025/09/16 14:11:45 ELECTRUM: Subscribing to headers to get current height
2025/09/16 14:11:45 ELECTRUM: Got current height 4670264 from headers subscription
2025/09/16 14:11:45 ELECTRUM: Returning hash 00000000000042a1ce91b1eff38f053e6437ff87bf86a56cc9978b09110167dc for height 4670264 (from headers subscription)
2025/09/16 14:11:45 ELECTRUM: GetBlockHeader called for hash: 00000000000042a1ce91b1eff38f053e6437ff87bf86a56cc9978b09110167dc
2025/09/16 14:11:45 ELECTRUM: GetBestBlock called
2025/09/16 14:11:45 ELECTRUM: Subscribing to headers to get current height
2025/09/16 14:11:45 ELECTRUM: Got current height 4670264 from headers subscription
2025/09/16 14:11:45 ELECTRUM: Returning hash 00000000000042a1ce91b1eff38f053e6437ff87bf86a56cc9978b09110167dc for height 4670264 (from headers subscription)
2025-09-16 14:11:46.068 [DBG] LTND lnd.go:727: Syncing to block chain rev=08ae35 best_block_time="2025-09-16 14:11:41 -0400 EDT" is_synced=false
2025/09/16 14:11:47 ELECTRUM: GetBestBlock called
2025/09/16 14:11:47 ELECTRUM: Subscribing to headers to get current height
2025/09/16 14:11:47 ELECTRUM: Got current height 4670264 from headers subscription
2025/09/16 14:11:47 ELECTRUM: Returning hash 00000000000042a1ce91b1eff38f053e6437ff87bf86a56cc9978b09110167dc for height 4670264 (from headers subscription)
2025/09/16 14:11:47 ELECTRUM: GetBlockHeader called for hash: 00000000000042a1ce91b1eff38f053e6437ff87bf86a56cc9978b09110167dc
2025/09/16 14:11:47 ELECTRUM: GetBestBlock called
2025/09/16 14:11:47 ELECTRUM: Subscribing to headers to get current height
2025/09/16 14:11:47 ELECTRUM: Got current height 4670265 from headers subscription
2025/09/16 14:11:47 ELECTRUM: Returning hash 000000000000f274a7ef003c725071a49976cf1f3120917f85f6d667fd87e511 for height 4670265 (from headers subscription)
2025/09/16 14:11:48 ELECTRUM: GetBestBlock called
2025/09/16 14:11:48 ELECTRUM: Subscribing to headers to get current height
2025/09/16 14:11:48 ELECTRUM: Got current height 4670265 from headers subscription
2025/09/16 14:11:48 ELECTRUM: Returning hash 000000000000f274a7ef003c725071a49976cf1f3120917f85f6d667fd87e511 for height 4670265 (from headers subscription)
2025/09/16 14:11:48 ELECTRUM: Checking for new blocks - current: 4670265, last known: 4670251
2025/09/16 14:11:48 ELECTRUM: New block detected! Height: 4670265 (was 4670251)
2025/09/16 14:11:48 ELECTRUM: Sending block connected notification for height 4670265
2025/09/16 14:11:48 ELECTRUM: Block notification sent successfully for height 4670265
2025/09/16 14:11:49 ELECTRUM: GetBestBlock called
2025/09/16 14:11:49 ELECTRUM: Subscribing to headers to get current height
2025/09/16 14:11:49 ELECTRUM: Got current height 4670265 from headers subscription
2025/09/16 14:11:49 ELECTRUM: Returning hash 000000000000f274a7ef003c725071a49976cf1f3120917f85f6d667fd87e511 for height 4670265 (from headers subscription)
2025/09/16 14:11:49 ELECTRUM: Checking for new blocks - current: 4670265, last known: 4670252
2025/09/16 14:11:49 ELECTRUM: New block detected! Height: 4670265 (was 4670252)
2025/09/16 14:11:49 ELECTRUM: Sending block connected notification for height 4670265
2025/09/16 14:11:49 ELECTRUM: Block notification sent successfully for height 4670265
2025/09/16 14:11:49 ELECTRUM: GetBestBlock called
2025/09/16 14:11:49 ELECTRUM: Subscribing to headers to get current height
2025/09/16 14:11:49 ELECTRUM: Got current height 4670266 from headers subscription
2025/09/16 14:11:49 ELECTRUM: Returning hash 00000000000012e4a5ed0b40b3ef1ab6b982eff49a83002ae1ef6d06411813ac for height 4670266 (from headers subscription)
2025/09/16 14:11:49 ELECTRUM: Checking for new blocks - current: 4670266, last known: 4670252
2025/09/16 14:11:49 ELECTRUM: New block detected! Height: 4670266 (was 4670252)
2025/09/16 14:11:49 ELECTRUM: Sending block connected notification for height 4670266
2025/09/16 14:11:49 ELECTRUM: Block notification sent successfully for height 4670266
ELECTRUM: Starting fetchAddressHistory for address: tb1pqx3qatm30w3u2ywr2kk8dxlrcqqz3wesedr3rv9z433ntzagmsvsckwg58
ELECTRUM: Fetching transaction history for address: tb1pqx3qatm30w3u2ywr2kk8dxlrcqqz3wesedr3rv9z433ntzagmsvsckwg58
ELECTRUM: Calling GetHistory for address: tb1pqx3qatm30w3u2ywr2kk8dxlrcqqz3wesedr3rv9z433ntzagmsvsckwg58, scriptHash: 68427e23296ee56cb016cf304d9d30df101c75d22e4198bc54dced0563ffea61
2025-09-16 14:11:49.930 [INF] BTWL btcwallet.go:939: BTCWALLET: Setting up notification for new address: tb1pqx3qatm30w3u2ywr2kk8dxlrcqqz3wesedr3rv9z433ntzagmsvsckwg58
2025-09-16 14:11:49.931 [DBG] RPCS rpcserver.go:1713: [newaddress] account=default type=TAPROOT_PUBKEY addr=tb1pqx3qatm30w3u2ywr2kk8dxlrcqqz3wesedr3rv9z433ntzagmsvsckwg58
2025-09-16 14:11:49.931 [INF] BTWL btcwallet.go:564: BTCWALLET: Setting up notification for address: tb1pqx3qatm30w3u2ywr2kk8dxlrcqqz3wesedr3rv9z433ntzagmsvsckwg58
2025-09-16 14:11:49.931 [INF] BTWL btcwallet.go:577: BTCWALLET: Calling chain.NotifyReceived for address: tb1pqx3qatm30w3u2ywr2kk8dxlrcqqz3wesedr3rv9z433ntzagmsvsckwg58
ELECTRUM: NotifyReceived called with 1 addresses
2025/09/16 14:11:53 ELECTRUM: Script hash 68427e23296ee56cb016cf304d9d30df101c75d22e4198bc54dced0563ffea61 status changed from 68427e23296ee56cb016cf304d9d30df101c75d22e4198bc54dced0563ffea61 to tx_count:0 - new transactions detected!
2025/09/16 14:11:53 ELECTRUM: Handling script hash update for 68427e23296ee56cb016cf304d9d30df101c75d22e4198bc54dced0563ffea61
2025/09/16 14:11:54 ELECTRUM: Found 0 transactions for script hash 68427e23296ee56cb016cf304d9d30df101c75d22e4198bc54dced0563ffea61
2025-09-16 14:12:12.790 [DBG] LTND lnd.go:727: Syncing to block chain rev=08ae35 best_block_time="2025-09-16 14:11:41 -0400 EDT" is_synced=false
ELECTRUM: Starting fetchAddressHistory for address: tb1pqx3qatm30w3u2ywr2kk8dxlrcqqz3wesedr3rv9z433ntzagmsvsckwg58
2025-09-16 14:12:13.023 [INF] BTWL btcwallet.go:587: BTCWALLET: chain.NotifyReceived completed successfully for address: tb1pqx3qatm30w3u2ywr2kk8dxlrcqqz3wesedr3rv9z433ntzagmsvsckwg58
2025-09-16 14:12:13.023 [INF] BTWL btcwallet.go:589: BTCWALLET: Successfully set up notification for address: tb1pqx3qatm30w3u2ywr2kk8dxlrcqqz3wesedr3rv9z433ntzagmsvsckwg58
ELECTRUM: Fetching transaction history for address: tb1pqx3qatm30w3u2ywr2kk8dxlrcqqz3wesedr3rv9z433ntzagmsvsckwg58
ELECTRUM: Calling GetHistory for address: tb1pqx3qatm30w3u2ywr2kk8dxlrcqqz3wesedr3rv9z433ntzagmsvsckwg58, scriptHash: tx_count:0
2025-09-16 14:12:13.023 [INF] BTWL btcwallet.go:945: BTCWALLET: Successfully set up notification for new address: tb1pqx3qatm30w3u2ywr2kk8dxlrcqqz3wesedr3rv9z433ntzagmsvsckwg58
ELECTRUM: Failed to get history for address tb1pqx3qatm30w3u2ywr2kk8dxlrcqqz3wesedr3rv9z433ntzagmsvsckwg58: Unmarshal received message failed: json: cannot unmarshal object into Go struct field response.error of type string
2025/09/16 14:12:13 ELECTRUM: GetBestBlock called
2025/09/16 14:12:13 ELECTRUM: Subscribing to headers to get current height
2025/09/16 14:12:14 ELECTRUM: Got current height 4670277 from headers subscription
2025/09/16 14:12:14 ELECTRUM: Returning hash 00000000000043f83b0638944902924a5a568f64253802e4cb4351249d6857fd for height 4670277 (from headers subscription)
2025/09/16 14:12:14 ELECTRUM: GetBlockHeader called for hash: 00000000000043f83b0638944902924a5a568f64253802e4cb4351249d6857fd
2025/09/16 14:12:14 ELECTRUM: GetBestBlock called
2025/09/16 14:12:14 ELECTRUM: Subscribing to headers to get current height
2025/09/16 14:12:14 ELECTRUM: Got current height 4670277 from headers subscription
2025/09/16 14:12:14 ELECTRUM: Returning hash 00000000000043f83b0638944902924a5a568f64253802e4cb4351249d6857fd for height 4670277 (from headers subscription)
2025-09-16 14:12:14.491 [DBG] LTND lnd.go:727: Syncing to block chain rev=08ae35 best_block_time="2025-09-16 14:12:11 -0400 EDT" is_synced=false
2025/09/16 14:12:15 ELECTRUM: GetBestBlock called
2025/09/16 14:12:15 ELECTRUM: Subscribing to headers to get current height
2025/09/16 14:12:15 ELECTRUM: Got current height 4670277 from headers subscription
2025/09/16 14:12:15 ELECTRUM: Returning hash 00000000000043f83b0638944902924a5a568f64253802e4cb4351249d6857fd for height 4670277 (from headers subscription)
2025/09/16 14:12:15 ELECTRUM: GetBlockHeader called for hash: 00000000000043f83b0638944902924a5a568f64253802e4cb4351249d6857fd
2025/09/16 14:12:15 ELECTRUM: GetBestBlock called
2025/09/16 14:12:15 ELECTRUM: Subscribing to headers to get current height
2025/09/16 14:12:15 ELECTRUM: Got current height 4670277 from headers subscription
2025/09/16 14:12:15 ELECTRUM: Returning hash 00000000000043f83b0638944902924a5a568f64253802e4cb4351249d6857fd for height 4670277 (from headers subscription)
2025-09-16 14:12:16.196 [DBG] LTND lnd.go:727: Syncing to block chain rev=08ae35 best_block_time="2025-09-16 14:12:11 -0400 EDT" is_synced=false
2025/09/16 14:12:16 ELECTRUM: Script hash 68427e23296ee56cb016cf304d9d30df101c75d22e4198bc54dced0563ffea61 status changed from tx_count:0 to tx_count:1,latest_height:0 - new transactions detected!
2025/09/16 14:12:16 ELECTRUM: Handling script hash update for 68427e23296ee56cb016cf304d9d30df101c75d22e4198bc54dced0563ffea61
2025/09/16 14:12:16 ELECTRUM: Found 1 transactions for script hash 68427e23296ee56cb016cf304d9d30df101c75d22e4198bc54dced0563ffea61
2025/09/16 14:12:16 ELECTRUM: Processing transaction 0 for script hash 68427e23296ee56cb016cf304d9d30df101c75d22e4198bc54dced0563ffea61
ELECTRUM: buildTransactionDetail called with entry type: *electrum.GetMempoolResult
ELECTRUM: buildTransactionDetail: Transaction de930c6a79fee7539b02f4c82c267aa576c2769d52deb0d469253a527844a297 has height: 0
ELECTRUM: buildTransactionDetail: About to call GetTransaction for de930c6a79fee7539b02f4c82c267aa576c2769d52deb0d469253a527844a297
ELECTRUM: buildTransactionDetail: Getting transaction details for de930c6a79fee7539b02f4c82c267aa576c2769d52deb0d469253a527844a297
ELECTRUM: buildTransactionDetail: Successfully got transaction de930c6a79fee7539b02f4c82c267aa576c2769d52deb0d469253a527844a297
ELECTRUM: buildTransactionDetail: GetTransaction succeeded for de930c6a79fee7539b02f4c82c267aa576c2769d52deb0d469253a527844a297, processing result
ELECTRUM: buildTransactionDetail: Processing transaction result for de930c6a79fee7539b02f4c82c267aa576c2769d52deb0d469253a527844a297
ELECTRUM: buildTransactionDetail: Transaction result is not nil for de930c6a79fee7539b02f4c82c267aa576c2769d52deb0d469253a527844a297
ELECTRUM: buildTransactionDetail: Transaction de930c6a79fee7539b02f4c82c267aa576c2769d52deb0d469253a527844a297 is unconfirmed (height=0), setting value to 0
2025/09/16 14:12:16 ELECTRUM: Found transaction de930c6a79fee7539b02f4c82c267aa576c2769d52deb0d469253a527844a297 for script hash 68427e23296ee56cb016cf304d9d30df101c75d22e4198bc54dced0563ffea61 (confirmations: 0, value: 0)
2025/09/16 14:12:16 ELECTRUM: Sending relevant transaction notification for de930c6a79fee7539b02f4c82c267aa576c2769d52deb0d469253a527844a297
2025/09/16 14:12:16 ELECTRUM: Relevant transaction notification sent successfully for de930c6a79fee7539b02f4c82c267aa576c2769d52deb0d469253a527844a297
2025/09/16 14:12:17 ELECTRUM: GetBestBlock called
2025/09/16 14:12:17 ELECTRUM: Subscribing to headers to get current height
2025/09/16 14:12:17 ELECTRUM: Got current height 4670278 from headers subscription
2025/09/16 14:12:17 ELECTRUM: Returning hash 000000000001ae237ca6e03a201d57a11953683c957e09c2dd8bfbbe3222fde0 for height 4670278 (from headers subscription)
2025/09/16 14:12:17 ELECTRUM: GetBlockHeader called for hash: 000000000001ae237ca6e03a201d57a11953683c957e09c2dd8bfbbe3222fde0
2025/09/16 14:12:17 ELECTRUM: GetBestBlock called
2025/09/16 14:12:17 ELECTRUM: Subscribing to headers to get current height
2025/09/16 14:12:17 ELECTRUM: Got current height 4670278 from headers subscription
2025/09/16 14:12:17 ELECTRUM: Returning hash 000000000001ae237ca6e03a201d57a11953683c957e09c2dd8bfbbe3222fde0 for height 4670278 (from headers subscription)
2025-09-16 14:12:17.900 [DBG] LTND lnd.go:727: Syncing to block chain rev=08ae35 best_block_time="2025-09-16 14:12:10 -0400 EDT" is_synced=false
2025/09/16 14:12:18 ELECTRUM: GetBestBlock called
2025/09/16 14:12:18 ELECTRUM: Subscribing to headers to get current height
2025/09/16 14:12:18 ELECTRUM: Got current height 4670278 from headers subscription
2025/09/16 14:12:18 ELECTRUM: Returning hash 000000000001ae237ca6e03a201d57a11953683c957e09c2dd8bfbbe3222fde0 for height 4670278 (from headers subscription)
2025/09/16 14:12:18 ELECTRUM: Checking for new blocks - current: 4670278, last known: 4670265
2025/09/16 14:12:18 ELECTRUM: New block detected! Height: 4670278 (was 4670265)
2025/09/16 14:12:18 ELECTRUM: Sending block connected notification for height 4670278
2025/09/16 14:12:18 ELECTRUM: Block notification sent successfully for height 4670278
2025/09/16 14:12:18 ELECTRUM: GetBestBlock called
2025/09/16 14:12:18 ELECTRUM: Subscribing to headers to get current height
2025/09/16 14:12:19 ELECTRUM: Got current height 4670279 from headers subscription
2025/09/16 14:12:19 ELECTRUM: Returning hash 0000000000027aaad3a3d84ee4faee468c599a7271e5d11565e5d79560b5b451 for height 4670279 (from headers subscription)
2025/09/16 14:12:19 ELECTRUM: GetBlockHeader called for hash: 0000000000027aaad3a3d84ee4faee468c599a7271e5d11565e5d79560b5b451
2025/09/16 14:12:19 ELECTRUM: GetBestBlock called
2025/09/16 14:12:19 ELECTRUM: Subscribing to headers to get current height
2025/09/16 14:12:19 ELECTRUM: GetBestBlock called
2025/09/16 14:12:19 ELECTRUM: Subscribing to headers to get current height
2025/09/16 14:12:19 ELECTRUM: Got current height 4670279 from headers subscription
2025/09/16 14:12:19 ELECTRUM: Returning hash 0000000000027aaad3a3d84ee4faee468c599a7271e5d11565e5d79560b5b451 for height 4670279 (from headers subscription)
2025/09/16 14:12:19 ELECTRUM: Got current height 4670279 from headers subscription
2025/09/16 14:12:19 ELECTRUM: Returning hash 0000000000027aaad3a3d84ee4faee468c599a7271e5d11565e5d79560b5b451 for height 4670279 (from headers subscription)
2025/09/16 14:12:19 ELECTRUM: Checking for new blocks - current: 4670279, last known: 4670265
2025/09/16 14:12:19 ELECTRUM: New block detected! Height: 4670279 (was 4670265)
2025/09/16 14:12:19 ELECTRUM: Sending block connected notification for height 4670279
2025/09/16 14:12:19 ELECTRUM: Block notification sent successfully for height 4670279
2025/09/16 14:12:19 ELECTRUM: GetBestBlock called
2025/09/16 14:12:19 ELECTRUM: Subscribing to headers to get current height
2025-09-16 14:12:19.611 [DBG] LTND lnd.go:727: Syncing to block chain rev=08ae35 best_block_time="2025-09-16 14:12:16 -0400 EDT" is_synced=false
2025/09/16 14:12:19 ELECTRUM: Got current height 4670280 from headers subscription
2025/09/16 14:12:19 ELECTRUM: Returning hash 00000000000016e321a3134552ed9a6a6d548a482f6b8b74984e8accfee87cf4 for height 4670280 (from headers subscription)
2025/09/16 14:12:19 ELECTRUM: Checking for new blocks - current: 4670280, last known: 4670266
2025/09/16 14:12:19 ELECTRUM: New block detected! Height: 4670280 (was 4670266)
2025/09/16 14:12:19 ELECTRUM: Sending block connected notification for height 4670280
2025/09/16 14:12:19 ELECTRUM: Block notification sent successfully for height 4670280
2025/09/16 14:12:20 ELECTRUM: GetBestBlock called
2025/09/16 14:12:20 ELECTRUM: Subscribing to headers to get current height
2025/09/16 14:12:20 ELECTRUM: Got current height 4670280 from headers subscription
2025/09/16 14:12:20 ELECTRUM: Returning hash 00000000000016e321a3134552ed9a6a6d548a482f6b8b74984e8accfee87cf4 for height 4670280 (from headers subscription)
2025/09/16 14:12:20 ELECTRUM: GetBlockHeader called for hash: 00000000000016e321a3134552ed9a6a6d548a482f6b8b74984e8accfee87cf4
2025/09/16 14:12:20 ELECTRUM: GetBestBlock called
2025/09/16 14:12:20 ELECTRUM: Subscribing to headers to get current height
2025/09/16 14:12:21 ELECTRUM: Got current height 4670280 from headers subscription
2025/09/16 14:12:21 ELECTRUM: Returning hash 00000000000016e321a3134552ed9a6a6d548a482f6b8b74984e8accfee87cf4 for height 4670280 (from headers subscription)
2025-09-16 14:12:21.432 [DBG] LTND lnd.go:727: Syncing to block chain rev=08ae35 best_block_time="2025-09-16 14:12:18 -0400 EDT" is_synced=false
2025/09/16 14:12:22 ELECTRUM: GetBestBlock called
2025/09/16 14:12:22 ELECTRUM: Subscribing to headers to get current height
2025/09/16 14:12:22 ELECTRUM: Got current height 4670281 from headers subscription
2025/09/16 14:12:22 ELECTRUM: Returning hash 0000000000016d690197074705e2846b033ada640c62baf5a3cb8344f892c70d for height 4670281 (from headers subscription)
2025/09/16 14:12:22 ELECTRUM: GetBlockHeader called for hash: 0000000000016d690197074705e2846b033ada640c62baf5a3cb8344f892c70d
2025/09/16 14:12:22 ELECTRUM: GetBestBlock called
2025/09/16 14:12:22 ELECTRUM: Subscribing to headers to get current height
2025-09-16 14:12:22.892 [DBG] RPCS interceptor.go:775: [/lnrpc.Lightning/WalletBalance] requested
2025-09-16 14:12:22.893 [INF] BTWL btcwallet.go:851: BTCWALLET: ConfirmedBalance called with confs=0, accountFilter=default
2025-09-16 14:12:22.893 [INF] BTWL btcwallet.go:1569: BTCWALLET: Adding 8 discovered Electrum transactions to witness outputs
2025-09-16 14:12:22.893 [INF] BTWL btcwallet.go:851: BTCWALLET: ConfirmedBalance called with confs=1, accountFilter=default
2025-09-16 14:12:22.894 [INF] BTWL btcwallet.go:1569: BTCWALLET: Adding 8 discovered Electrum transactions to witness outputs
2025-09-16 14:12:22.894 [DBG] RPCS rpcserver.go:3746: [walletbalance] Total balance=0.00090782 BTC (confirmed=0.00090782 BTC, unconfirmed=0 BTC, locked=0 BTC)
2025/09/16 14:12:22 ELECTRUM: Got current height 4670281 from headers subscription
2025/09/16 14:12:22 ELECTRUM: Returning hash 0000000000016d690197074705e2846b033ada640c62baf5a3cb8344f892c70d for height 4670281 (from headers subscription)
2025-09-16 14:12:23.133 [DBG] LTND lnd.go:727: Syncing to block chain rev=08ae35 best_block_time="2025-09-16 14:12:22 -0400 EDT" is_synced=false
2025/09/16 14:12:24 ELECTRUM: GetBestBlock called
2025/09/16 14:12:24 ELECTRUM: Subscribing to headers to get current height
2025-09-16 14:12:24.181 [DBG] RPCS interceptor.go:775: [/lnrpc.Lightning/WalletBalance] requested
2025-09-16 14:12:24.182 [INF] BTWL btcwallet.go:851: BTCWALLET: ConfirmedBalance called with confs=0, accountFilter=default
2025-09-16 14:12:24.183 [INF] BTWL btcwallet.go:1569: BTCWALLET: Adding 8 discovered Electrum transactions to witness outputs
2025-09-16 14:12:24.183 [INF] BTWL btcwallet.go:851: BTCWALLET: ConfirmedBalance called with confs=1, accountFilter=default
2025-09-16 14:12:24.183 [INF] BTWL btcwallet.go:1569: BTCWALLET: Adding 8 discovered Electrum transactions to witness outputs
2025-09-16 14:12:24.183 [DBG] RPCS rpcserver.go:3746: [walletbalance] Total balance=0.00090782 BTC (confirmed=0.00090782 BTC, unconfirmed=0 BTC, locked=0 BTC)
2025/09/16 14:12:24 ELECTRUM: Got current height 4670283 from headers subscription
2025/09/16 14:12:24 ELECTRUM: Returning hash 000000000001be68f426c4eeb77f0561ec00f689e9deda42fbec9f573ce2ece9 for height 4670283 (from headers subscription)
2025/09/16 14:12:24 ELECTRUM: GetBlockHeader called for hash: 000000000001be68f426c4eeb77f0561ec00f689e9deda42fbec9f573ce2ece9
2025/09/16 14:12:24 ELECTRUM: GetBestBlock called
2025/09/16 14:12:24 ELECTRUM: Subscribing to headers to get current height
2025/09/16 14:12:24 ELECTRUM: Got current height 4670283 from headers subscription
2025/09/16 14:12:24 ELECTRUM: Returning hash 000000000001be68f426c4eeb77f0561ec00f689e9deda42fbec9f573ce2ece9 for height 4670283 (from headers subscription)
2025-09-16 14:12:24.837 [DBG] LTND lnd.go:727: Syncing to block chain rev=08ae35 best_block_time="2025-09-16 14:12:23 -0400 EDT" is_synced=false
2025-09-16 14:12:24.967 [DBG] RPCS interceptor.go:775: [/lnrpc.Lightning/WalletBalance] requested
2025-09-16 14:12:24.967 [INF] BTWL btcwallet.go:851: BTCWALLET: ConfirmedBalance called with confs=0, accountFilter=default
2025-09-16 14:12:24.967 [INF] BTWL btcwallet.go:1569: BTCWALLET: Adding 8 discovered Electrum transactions to witness outputs
2025-09-16 14:12:24.967 [INF] BTWL btcwallet.go:851: BTCWALLET: ConfirmedBalance called with confs=1, accountFilter=default
2025-09-16 14:12:24.968 [INF] BTWL btcwallet.go:1569: BTCWALLET: Adding 8 discovered Electrum transactions to witness outputs
2025-09-16 14:12:24.968 [DBG] RPCS rpcserver.go:3746: [walletbalance] Total balance=0.00090782 BTC (confirmed=0.00090782 BTC, unconfirmed=0 BTC, locked=0 BTC)
2025-09-16 14:12:25.614 [DBG] RPCS interceptor.go:775: [/lnrpc.Lightning/WalletBalance] requested
2025-09-16 14:12:25.615 [INF] BTWL btcwallet.go:851: BTCWALLET: ConfirmedBalance called with confs=0, accountFilter=default
2025-09-16 14:12:25.615 [INF] BTWL btcwallet.go:1569: BTCWALLET: Adding 8 discovered Electrum transactions to witness outputs
2025-09-16 14:12:25.615 [INF] BTWL btcwallet.go:851: BTCWALLET: ConfirmedBalance called with confs=1, accountFilter=default
2025-09-16 14:12:25.615 [INF] BTWL btcwallet.go:1569: BTCWALLET: Adding 8 discovered Electrum transactions to witness outputs
2025-09-16 14:12:25.615 [DBG] RPCS rpcserver.go:3746: [walletbalance] Total balance=0.00090782 BTC (confirmed=0.00090782 BTC, unconfirmed=0 BTC, locked=0 BTC)
2025/09/16 14:12:25 ELECTRUM: Script hash 68427e23296ee56cb016cf304d9d30df101c75d22e4198bc54dced0563ffea61 status changed from tx_count:1,latest_height:0 to tx_count:1,latest_height:4670278 - new transactions detected!
2025/09/16 14:12:25 ELECTRUM: Handling script hash update for 68427e23296ee56cb016cf304d9d30df101c75d22e4198bc54dced0563ffea61
2025/09/16 14:12:25 ELECTRUM: GetBestBlock called
2025/09/16 14:12:25 ELECTRUM: Subscribing to headers to get current height
2025/09/16 14:12:25 ELECTRUM: Found 1 transactions for script hash 68427e23296ee56cb016cf304d9d30df101c75d22e4198bc54dced0563ffea61
2025/09/16 14:12:25 ELECTRUM: Processing transaction 0 for script hash 68427e23296ee56cb016cf304d9d30df101c75d22e4198bc54dced0563ffea61
ELECTRUM: buildTransactionDetail called with entry type: *electrum.GetMempoolResult
ELECTRUM: buildTransactionDetail: Transaction de930c6a79fee7539b02f4c82c267aa576c2769d52deb0d469253a527844a297 has height: 4670278
ELECTRUM: buildTransactionDetail: About to call GetTransaction for de930c6a79fee7539b02f4c82c267aa576c2769d52deb0d469253a527844a297
ELECTRUM: buildTransactionDetail: Getting transaction details for de930c6a79fee7539b02f4c82c267aa576c2769d52deb0d469253a527844a297
2025-09-16 14:12:26.127 [DBG] RPCS interceptor.go:775: [/lnrpc.Lightning/WalletBalance] requested
2025-09-16 14:12:26.127 [INF] BTWL btcwallet.go:851: BTCWALLET: ConfirmedBalance called with confs=0, accountFilter=default
2025-09-16 14:12:26.128 [INF] BTWL btcwallet.go:1569: BTCWALLET: Adding 8 discovered Electrum transactions to witness outputs
2025-09-16 14:12:26.128 [INF] BTWL btcwallet.go:851: BTCWALLET: ConfirmedBalance called with confs=1, accountFilter=default
2025-09-16 14:12:26.128 [INF] BTWL btcwallet.go:1569: BTCWALLET: Adding 8 discovered Electrum transactions to witness outputs
2025-09-16 14:12:26.128 [DBG] RPCS rpcserver.go:3746: [walletbalance] Total balance=0.00090782 BTC (confirmed=0.00090782 BTC, unconfirmed=0 BTC, locked=0 BTC)
2025/09/16 14:12:26 ELECTRUM: Got current height 4670284 from headers subscription
2025/09/16 14:12:26 ELECTRUM: Returning hash 00000000000314fdaf9ec3c8d5f6623b5818ca253d1c8243c1034220b605b23f for height 4670284 (from headers subscription)
2025/09/16 14:12:26 ELECTRUM: GetBlockHeader called for hash: 00000000000314fdaf9ec3c8d5f6623b5818ca253d1c8243c1034220b605b23f
2025/09/16 14:12:26 ELECTRUM: GetBestBlock called
2025/09/16 14:12:26 ELECTRUM: Subscribing to headers to get current height
ELECTRUM: buildTransactionDetail: Successfully got transaction de930c6a79fee7539b02f4c82c267aa576c2769d52deb0d469253a527844a297
ELECTRUM: buildTransactionDetail: GetTransaction succeeded for de930c6a79fee7539b02f4c82c267aa576c2769d52deb0d469253a527844a297, processing result
ELECTRUM: buildTransactionDetail: Processing transaction result for de930c6a79fee7539b02f4c82c267aa576c2769d52deb0d469253a527844a297
ELECTRUM: buildTransactionDetail: Transaction result is not nil for de930c6a79fee7539b02f4c82c267aa576c2769d52deb0d469253a527844a297
ELECTRUM: buildTransactionDetail: Attempting to get actual value for transaction de930c6a79fee7539b02f4c82c267aa576c2769d52deb0d469253a527844a297
ELECTRUM: getTransactionValue: Transaction result type: *electrum.GetTransactionResult, fields: 12
ELECTRUM: getTransactionValue: Field 0: Blockhash = 000000000001ae237ca6e03a201d57a11953683c957e09c2dd8bfbbe3222fde0 (type: string)
ELECTRUM: getTransactionValue: Field 1: Blocktime = 1758046330 (type: uint64)
ELECTRUM: getTransactionValue: Field 2: Confirmations = 7 (type: int32)
ELECTRUM: getTransactionValue: Field 3: Hash = 7f1fbefe05ffe2813299372a36a1d0aa278df8629130dfb28ffc67fc95e61a9e (type: string)
ELECTRUM: getTransactionValue: Field 4: Hex = 01000000000101fc863bc9b8a6c813380cf9675f76a149a43126d1bb3ca41e978506cd1b26cd1e0100000000ffffffff022c3200000000000022512001a20eaf717ba3c511c355ac769be3c00028bb30cb4711b0a2ac63358ba8dc190020a2000000000022512030f7623d02e535487795819d2517080257d7f00951c76dea0980ffc14b3e5f790140fb013b8bc60ddbb3aacd940eda56632d219fae4d02245cd95418df2ab8e9245734356bc907ab3d9b2925e637370e4e90c1efceb02fb6ff9af3135de4d9b3519b00000000 (type: string)
ELECTRUM: getTransactionValue: Field 5: Locktime = 0 (type: uint32)
ELECTRUM: getTransactionValue: Field 6: Size = 205 (type: uint32)
ELECTRUM: getTransactionValue: Field 7: Time = 1758046330 (type: uint64)
ELECTRUM: getTransactionValue: Field 8: Version = 1 (type: uint32)
ELECTRUM: getTransactionValue: Field 9: Vin = [{ 0x1400026c3c0 4294967295 1ecd261bcd0685971ea43cbbd12631a449a1765f67f90c3813c8a6b8c93b86fc 1}] (type: []electrum.Vin)
ELECTRUM: getTransactionValue: Field 10: Vout = [{0 {[] 1 01a20eaf717ba3c511c355ac769be3c00028bb30cb4711b0a2ac63358ba8dc19 512001a20eaf717ba3c511c355ac769be3c00028bb30cb4711b0a2ac63358ba8dc19 0 witness_v1_taproot} 0.00012844} {1 {[] 1 30f7623d02e535487795819d2517080257d7f00951c76dea0980ffc14b3e5f79 512030f7623d02e535487795819d2517080257d7f00951c76dea0980ffc14b3e5f79 0 witness_v1_taproot} 0.10625024}] (type: []electrum.Vout)
ELECTRUM: getTransactionValue: Field 11: Merkle = {[] 0 0} (type: electrum.GetMerkleProofResult)
ELECTRUM: getTransactionValue: Processing 2 Vout entries for transaction de930c6a79fee7539b02f4c82c267aa576c2769d52deb0d469253a527844a297
ELECTRUM: getTransactionValue: Processing Vout entry 0 for transaction de930c6a79fee7539b02f4c82c267aa576c2769d52deb0d469253a527844a297
ELECTRUM: getTransactionValue: Vout[0] Field 0: N = 0 (type: uint32)
ELECTRUM: getTransactionValue: Vout[0] Field 1: ScriptPubkey = {[] 1 01a20eaf717ba3c511c355ac769be3c00028bb30cb4711b0a2ac63358ba8dc19 512001a20eaf717ba3c511c355ac769be3c00028bb30cb4711b0a2ac63358ba8dc19 0 witness_v1_taproot} (type: electrum.ScriptPubkey)
ELECTRUM: getTransactionValue: Vout[0] Field 2: Value = 0.00012844 (type: float64)
2025/09/16 14:12:26 ELECTRUM: Got current height 4670284 from headers subscription
ELECTRUM: getTransactionValue: Vout[0] has value 0.000128 BTC (12844 satoshis)
ELECTRUM: getTransactionValue: Vout[0] ScriptPubkey type: electrum.ScriptPubkey
2025/09/16 14:12:26 ELECTRUM: Returning hash 00000000000314fdaf9ec3c8d5f6623b5818ca253d1c8243c1034220b605b23f for height 4670284 (from headers subscription)
ELECTRUM: getTransactionValue: Vout[0] ScriptPubkey has 5 fields
ELECTRUM: getTransactionValue: Vout[0] ScriptPubkey Field 0: Addresses = [] (type: []string)
ELECTRUM: getTransactionValue: Vout[0] ScriptPubkey Field 1: Asm = 1 01a20eaf717ba3c511c355ac769be3c00028bb30cb4711b0a2ac63358ba8dc19 (type: string)
ELECTRUM: getTransactionValue: Vout[0] ScriptPubkey Field 2: Hex = 512001a20eaf717ba3c511c355ac769be3c00028bb30cb4711b0a2ac63358ba8dc19 (type: string)
ELECTRUM: getTransactionValue: Vout[0] ScriptPubkey Field 3: ReqSigs = 0 (type: uint32)
ELECTRUM: getTransactionValue: Vout[0] ScriptPubkey Field 4: Type = witness_v1_taproot (type: string)
ELECTRUM: getTransactionValue: Vout[0] extracted script hex from Hex field: 512001a20eaf717ba3c511c355ac769be3c00028bb30cb4711b0a2ac63358ba8dc19
ELECTRUM: getTransactionValue: Vout[0] calculated script hash: 68427e23296ee56cb016cf304d9d30df101c75d22e4198bc54dced0563ffea61, target: 68427e23296ee56cb016cf304d9d30df101c75d22e4198bc54dced0563ffea61
ELECTRUM: getTransactionValue: Vout[0] matches our script hash, adding 12844 satoshis
ELECTRUM: getTransactionValue: Processing Vout entry 1 for transaction de930c6a79fee7539b02f4c82c267aa576c2769d52deb0d469253a527844a297
ELECTRUM: getTransactionValue: Vout[1] Field 0: N = 1 (type: uint32)
ELECTRUM: getTransactionValue: Vout[1] Field 1: ScriptPubkey = {[] 1 30f7623d02e535487795819d2517080257d7f00951c76dea0980ffc14b3e5f79 512030f7623d02e535487795819d2517080257d7f00951c76dea0980ffc14b3e5f79 0 witness_v1_taproot} (type: electrum.ScriptPubkey)
ELECTRUM: getTransactionValue: Vout[1] Field 2: Value = 0.10625024 (type: float64)
ELECTRUM: getTransactionValue: Vout[1] has value 0.106250 BTC (10625024 satoshis)
ELECTRUM: getTransactionValue: Vout[1] ScriptPubkey type: electrum.ScriptPubkey
ELECTRUM: getTransactionValue: Vout[1] ScriptPubkey has 5 fields
ELECTRUM: getTransactionValue: Vout[1] ScriptPubkey Field 0: Addresses = [] (type: []string)
ELECTRUM: getTransactionValue: Vout[1] ScriptPubkey Field 1: Asm = 1 30f7623d02e535487795819d2517080257d7f00951c76dea0980ffc14b3e5f79 (type: string)
ELECTRUM: getTransactionValue: Vout[1] ScriptPubkey Field 2: Hex = 512030f7623d02e535487795819d2517080257d7f00951c76dea0980ffc14b3e5f79 (type: string)
ELECTRUM: getTransactionValue: Vout[1] ScriptPubkey Field 3: ReqSigs = 0 (type: uint32)
ELECTRUM: getTransactionValue: Vout[1] ScriptPubkey Field 4: Type = witness_v1_taproot (type: string)
ELECTRUM: getTransactionValue: Vout[1] extracted script hex from Hex field: 512030f7623d02e535487795819d2517080257d7f00951c76dea0980ffc14b3e5f79
ELECTRUM: getTransactionValue: Vout[1] calculated script hash: 1ed742a4087ec5c6236422bab46284b189f143bb5578b71a05b92d3bf9290470, target: 68427e23296ee56cb016cf304d9d30df101c75d22e4198bc54dced0563ffea61
ELECTRUM: getTransactionValue: Vout[1] does not match our script hash, skipping
ELECTRUM: buildTransactionDetail: Transaction de930c6a79fee7539b02f4c82c267aa576c2769d52deb0d469253a527844a297 has actual value 12844 satoshis
2025/09/16 14:12:26 ELECTRUM: GetBlockHash called for height: 4670278
2025-09-16 14:12:26.671 [DBG] RPCS interceptor.go:775: [/lnrpc.Lightning/WalletBalance] requested
2025-09-16 14:12:26.673 [INF] BTWL btcwallet.go:851: BTCWALLET: ConfirmedBalance called with confs=0, accountFilter=default
2025-09-16 14:12:26.673 [INF] BTWL btcwallet.go:1569: BTCWALLET: Adding 8 discovered Electrum transactions to witness outputs
2025-09-16 14:12:26.673 [INF] BTWL btcwallet.go:851: BTCWALLET: ConfirmedBalance called with confs=1, accountFilter=default
2025-09-16 14:12:26.673 [INF] BTWL btcwallet.go:1569: BTCWALLET: Adding 8 discovered Electrum transactions to witness outputs
2025-09-16 14:12:26.673 [DBG] RPCS rpcserver.go:3746: [walletbalance] Total balance=0.00090782 BTC (confirmed=0.00090782 BTC, unconfirmed=0 BTC, locked=0 BTC)
2025/09/16 14:12:26 ELECTRUM: Found transaction de930c6a79fee7539b02f4c82c267aa576c2769d52deb0d469253a527844a297 for script hash 68427e23296ee56cb016cf304d9d30df101c75d22e4198bc54dced0563ffea61 (confirmations: 7, value: 12844)
2025-09-16 14:12:26.682 [DBG] LTND lnd.go:727: Syncing to block chain rev=08ae35 best_block_time="2025-09-16 14:12:24 -0400 EDT" is_synced=false
2025/09/16 14:12:26 ELECTRUM: Sending relevant transaction notification for de930c6a79fee7539b02f4c82c267aa576c2769d52deb0d469253a527844a297
2025/09/16 14:12:26 ELECTRUM: Relevant transaction notification sent successfully for de930c6a79fee7539b02f4c82c267aa576c2769d52deb0d469253a527844a297
2025-09-16 14:12:27.240 [DBG] RPCS interceptor.go:775: [/lnrpc.Lightning/WalletBalance] requested
2025-09-16 14:12:27.240 [INF] BTWL btcwallet.go:851: BTCWALLET: ConfirmedBalance called with confs=0, accountFilter=default
2025-09-16 14:12:27.240 [INF] BTWL btcwallet.go:1569: BTCWALLET: Adding 8 discovered Electrum transactions to witness outputs
2025-09-16 14:12:27.241 [INF] BTWL btcwallet.go:851: BTCWALLET: ConfirmedBalance called with confs=1, accountFilter=default
2025-09-16 14:12:27.241 [INF] BTWL btcwallet.go:1569: BTCWALLET: Adding 8 discovered Electrum transactions to witness outputs
2025-09-16 14:12:27.241 [DBG] RPCS rpcserver.go:3746: [walletbalance] Total balance=0.00090782 BTC (confirmed=0.00090782 BTC, unconfirmed=0 BTC, locked=0 BTC)
2025/09/16 14:12:27 ELECTRUM: GetBestBlock called
2025/09/16 14:12:27 ELECTRUM: Subscribing to headers to get current height
2025/09/16 14:12:27 ELECTRUM: Got current height 4670285 from headers subscription
2025/09/16 14:12:27 ELECTRUM: Returning hash 0000000000000db39f12ebbfef633963f8268902124351525f24e6b3ffac0a64 for height 4670285 (from headers subscription)
2025/09/16 14:12:27 ELECTRUM: GetBlockHeader called for hash: 0000000000000db39f12ebbfef633963f8268902124351525f24e6b3ffac0a64
2025/09/16 14:12:27 ELECTRUM: GetBestBlock called
2025/09/16 14:12:27 ELECTRUM: Subscribing to headers to get current height
2025-09-16 14:12:28.154 [DBG] RPCS interceptor.go:775: [/lnrpc.Lightning/WalletBalance] requested
2025-09-16 14:12:28.155 [INF] BTWL btcwallet.go:851: BTCWALLET: ConfirmedBalance called with confs=0, accountFilter=default
2025-09-16 14:12:28.155 [INF] BTWL btcwallet.go:1569: BTCWALLET: Adding 8 discovered Electrum transactions to witness outputs
2025-09-16 14:12:28.155 [INF] BTWL btcwallet.go:851: BTCWALLET: ConfirmedBalance called with confs=1, accountFilter=default
2025-09-16 14:12:28.156 [INF] BTWL btcwallet.go:1569: BTCWALLET: Adding 8 discovered Electrum transactions to witness outputs
2025-09-16 14:12:28.156 [DBG] RPCS rpcserver.go:3746: [walletbalance] Total balance=0.00090782 BTC (confirmed=0.00090782 BTC, unconfirmed=0 BTC, locked=0 BTC)
2025/09/16 14:12:28 ELECTRUM: Got current height 4670285 from headers subscription
2025/09/16 14:12:28 ELECTRUM: Returning hash 0000000000000db39f12ebbfef633963f8268902124351525f24e6b3ffac0a64 for height 4670285 (from headers subscription)
2025-09-16 14:12:28.494 [DBG] LTND lnd.go:727: Syncing to block chain rev=08ae35 best_block_time="2025-09-16 14:12:24 -0400 EDT" is_synced=false
2025-09-16 14:12:28.837 [DBG] RPCS interceptor.go:775: [/lnrpc.Lightning/WalletBalance] requested
2025-09-16 14:12:28.838 [INF] BTWL btcwallet.go:851: BTCWALLET: ConfirmedBalance called with confs=0, accountFilter=default
2025-09-16 14:12:28.838 [INF] BTWL btcwallet.go:1569: BTCWALLET: Adding 8 discovered Electrum transactions to witness outputs
2025-09-16 14:12:28.838 [INF] BTWL btcwallet.go:851: BTCWALLET: ConfirmedBalance called with confs=1, accountFilter=default
2025-09-16 14:12:28.838 [INF] BTWL btcwallet.go:1569: BTCWALLET: Adding 8 discovered Electrum transactions to witness outputs
2025-09-16 14:12:28.838 [DBG] RPCS rpcserver.go:3746: [walletbalance] Total balance=0.00090782 BTC (confirmed=0.00090782 BTC, unconfirmed=0 BTC, locked=0 BTC)
2025-09-16 14:12:29.368 [DBG] RPCS interceptor.go:775: [/lnrpc.Lightning/WalletBalance] requested
2025-09-16 14:12:29.369 [INF] BTWL btcwallet.go:851: BTCWALLET: ConfirmedBalance called with confs=0, accountFilter=default
2025-09-16 14:12:29.369 [INF] BTWL btcwallet.go:1569: BTCWALLET: Adding 8 discovered Electrum transactions to witness outputs
2025-09-16 14:12:29.369 [INF] BTWL btcwallet.go:851: BTCWALLET: ConfirmedBalance called with confs=1, accountFilter=default
2025-09-16 14:12:29.369 [INF] BTWL btcwallet.go:1569: BTCWALLET: Adding 8 discovered Electrum transactions to witness outputs
2025-09-16 14:12:29.369 [DBG] RPCS rpcserver.go:3746: [walletbalance] Total balance=0.00090782 BTC (confirmed=0.00090782 BTC, unconfirmed=0 BTC, locked=0 BTC)
2025/09/16 14:12:29 ELECTRUM: GetBestBlock called
2025/09/16 14:12:29 ELECTRUM: Subscribing to headers to get current height
2025/09/16 14:12:29 ELECTRUM: Got current height 4670286 from headers subscription
2025/09/16 14:12:29 ELECTRUM: Returning hash 0000000000016712f95fb37f52d5e03c7aa58a6ed64736270131b3ed756e25de for height 4670286 (from headers subscription)
2025/09/16 14:12:29 ELECTRUM: GetBlockHeader called for hash: 0000000000016712f95fb37f52d5e03c7aa58a6ed64736270131b3ed756e25de
2025/09/16 14:12:29 ELECTRUM: GetBestBlock called
2025/09/16 14:12:29 ELECTRUM: Subscribing to headers to get current height
2025-09-16 14:12:29.781 [DBG] RPCS interceptor.go:775: [/lnrpc.Lightning/WalletBalance] requested
2025-09-16 14:12:29.782 [INF] BTWL btcwallet.go:851: BTCWALLET: ConfirmedBalance called with confs=0, accountFilter=default
2025-09-16 14:12:29.782 [INF] BTWL btcwallet.go:1569: BTCWALLET: Adding 8 discovered Electrum transactions to witness outputs
2025-09-16 14:12:29.782 [INF] BTWL btcwallet.go:851: BTCWALLET: ConfirmedBalance called with confs=1, accountFilter=default
2025-09-16 14:12:29.782 [INF] BTWL btcwallet.go:1569: BTCWALLET: Adding 8 discovered Electrum transactions to witness outputs
2025-09-16 14:12:29.782 [DBG] RPCS rpcserver.go:3746: [walletbalance] Total balance=0.00090782 BTC (confirmed=0.00090782 BTC, unconfirmed=0 BTC, locked=0 BTC)
2025/09/16 14:12:29 ELECTRUM: Got current height 4670286 from headers subscription
2025/09/16 14:12:29 ELECTRUM: Returning hash 0000000000016712f95fb37f52d5e03c7aa58a6ed64736270131b3ed756e25de for height 4670286 (from headers subscription)
2025-09-16 14:12:30.233 [DBG] LTND lnd.go:727: Syncing to block chain rev=08ae35 best_block_time="2025-09-16 14:12:27 -0400 EDT" is_synced=false
2025/09/16 14:12:31 ELECTRUM: GetBestBlock called
2025/09/16 14:12:31 ELECTRUM: Subscribing to headers to get current height
2025/09/16 14:12:31 ELECTRUM: Got current height 4670286 from headers subscription
2025/09/16 14:12:31 ELECTRUM: Returning hash 0000000000016712f95fb37f52d5e03c7aa58a6ed64736270131b3ed756e25de for height 4670286 (from headers subscription)
2025/09/16 14:12:31 ELECTRUM: GetBlockHeader called for hash: 0000000000016712f95fb37f52d5e03c7aa58a6ed64736270131b3ed756e25de
2025/09/16 14:12:31 ELECTRUM: GetBestBlock called
2025/09/16 14:12:31 ELECTRUM: Subscribing to headers to get current height
2025/09/16 14:12:31 ELECTRUM: Got current height 4670286 from headers subscription
2025/09/16 14:12:31 ELECTRUM: Returning hash 0000000000016712f95fb37f52d5e03c7aa58a6ed64736270131b3ed756e25de for height 4670286 (from headers subscription)
2025-09-16 14:12:32.114 [DBG] LTND lnd.go:727: Syncing to block chain rev=08ae35 best_block_time="2025-09-16 14:12:27 -0400 EDT" is_synced=false
2025/09/16 14:12:33 ELECTRUM: GetBestBlock called
2025/09/16 14:12:33 ELECTRUM: Subscribing to headers to get current height
2025/09/16 14:12:33 ELECTRUM: Got current height 4670288 from headers subscription
2025/09/16 14:12:33 ELECTRUM: Returning hash 0000000000001fe96120ceaf57385e6058db7c9ab47a45e02fb58abb5026bba4 for height 4670288 (from headers subscription)
2025/09/16 14:12:33 ELECTRUM: GetBlockHeader called for hash: 0000000000001fe96120ceaf57385e6058db7c9ab47a45e02fb58abb5026bba4
2025/09/16 14:12:33 ELECTRUM: GetBestBlock called
2025/09/16 14:12:33 ELECTRUM: Subscribing to headers to get current height
2025/09/16 14:12:33 ELECTRUM: Got current height 4670288 from headers subscription
2025/09/16 14:12:33 ELECTRUM: Returning hash 0000000000001fe96120ceaf57385e6058db7c9ab47a45e02fb58abb5026bba4 for height 4670288 (from headers subscription)
2025-09-16 14:12:33.820 [DBG] LTND lnd.go:727: Syncing to block chain rev=08ae35 best_block_time="2025-09-16 14:12:32 -0400 EDT" is_synced=false
2025/09/16 14:12:34 ELECTRUM: GetBestBlock called
2025/09/16 14:12:34 ELECTRUM: Subscribing to headers to get current height
2025/09/16 14:12:35 ELECTRUM: Got current height 4670288 from headers subscription
2025/09/16 14:12:35 ELECTRUM: Returning hash 0000000000001fe96120ceaf57385e6058db7c9ab47a45e02fb58abb5026bba4 for height 4670288 (from headers subscription)
2025/09/16 14:12:35 ELECTRUM: GetBlockHeader called for hash: 0000000000001fe96120ceaf57385e6058db7c9ab47a45e02fb58abb5026bba4
2025/09/16 14:12:35 ELECTRUM: GetBestBlock called
2025/09/16 14:12:35 ELECTRUM: Subscribing to headers to get current height
2025/09/16 14:12:35 ELECTRUM: Got current height 4670288 from headers subscription
2025/09/16 14:12:35 ELECTRUM: Returning hash 0000000000001fe96120ceaf57385e6058db7c9ab47a45e02fb58abb5026bba4 for height 4670288 (from headers subscription)
2025-09-16 14:12:35.524 [DBG] LTND lnd.go:727: Syncing to block chain rev=08ae35 best_block_time="2025-09-16 14:12:32 -0400 EDT" is_synced=false
2025/09/16 14:12:36 ELECTRUM: GetBestBlock called
2025/09/16 14:12:36 ELECTRUM: Subscribing to headers to get current height
2025/09/16 14:12:36 ELECTRUM: Got current height 4670288 from headers subscription
2025/09/16 14:12:36 ELECTRUM: Returning hash 0000000000001fe96120ceaf57385e6058db7c9ab47a45e02fb58abb5026bba4 for height 4670288 (from headers subscription)
2025/09/16 14:12:36 ELECTRUM: GetBlockHeader called for hash: 0000000000001fe96120ceaf57385e6058db7c9ab47a45e02fb58abb5026bba4
2025/09/16 14:12:36 ELECTRUM: GetBestBlock called
2025/09/16 14:12:36 ELECTRUM: Subscribing to headers to get current height
2025/09/16 14:12:37 ELECTRUM: Got current height 4670288 from headers subscription
2025/09/16 14:12:37 ELECTRUM: Returning hash 0000000000001fe96120ceaf57385e6058db7c9ab47a45e02fb58abb5026bba4 for height 4670288 (from headers subscription)
2025-09-16 14:12:37.328 [DBG] LTND lnd.go:727: Syncing to block chain rev=08ae35 best_block_time="2025-09-16 14:12:32 -0400 EDT" is_synced=false
2025/09/16 14:12:38 ELECTRUM: GetBestBlock called
2025/09/16 14:12:38 ELECTRUM: Subscribing to headers to get current height
2025/09/16 14:12:38 ELECTRUM: Got current height 4670290 from headers subscription
2025/09/16 14:12:38 ELECTRUM: Returning hash 0000000000001fa56cf41ac2e51b99af6493801a8dc542392d73a7f15511f6c7 for height 4670290 (from headers subscription)
2025/09/16 14:12:38 ELECTRUM: GetBlockHeader called for hash: 0000000000001fa56cf41ac2e51b99af6493801a8dc542392d73a7f15511f6c7
2025/09/16 14:12:38 ELECTRUM: GetBestBlock called
2025/09/16 14:12:38 ELECTRUM: Subscribing to headers to get current height
2025/09/16 14:12:38 ELECTRUM: Got current height 4670290 from headers subscription
2025/09/16 14:12:38 ELECTRUM: Returning hash 0000000000001fa56cf41ac2e51b99af6493801a8dc542392d73a7f15511f6c7 for height 4670290 (from headers subscription)
2025-09-16 14:12:39.029 [DBG] LTND lnd.go:727: Syncing to block chain rev=08ae35 best_block_time="2025-09-16 14:12:36 -0400 EDT" is_synced=false
2025/09/16 14:12:40 ELECTRUM: GetBestBlock called
2025/09/16 14:12:40 ELECTRUM: Subscribing to headers to get current height
2025/09/16 14:12:40 ELECTRUM: Got current height 4670290 from headers subscription
2025/09/16 14:12:40 ELECTRUM: Returning hash 0000000000001fa56cf41ac2e51b99af6493801a8dc542392d73a7f15511f6c7 for height 4670290 (from headers subscription)
2025/09/16 14:12:40 ELECTRUM: GetBlockHeader called for hash: 0000000000001fa56cf41ac2e51b99af6493801a8dc542392d73a7f15511f6c7
2025/09/16 14:12:40 ELECTRUM: GetBestBlock called
2025/09/16 14:12:40 ELECTRUM: Subscribing to headers to get current height
2025/09/16 14:12:40 ELECTRUM: Got current height 4670290 from headers subscription
2025/09/16 14:12:40 ELECTRUM: Returning hash 0000000000001fa56cf41ac2e51b99af6493801a8dc542392d73a7f15511f6c7 for height 4670290 (from headers subscription)
2025-09-16 14:12:40.727 [DBG] LTND lnd.go:727: Syncing to block chain rev=08ae35 best_block_time="2025-09-16 14:12:36 -0400 EDT" is_synced=false
2025/09/16 14:12:41 ELECTRUM: GetBestBlock called
2025/09/16 14:12:41 ELECTRUM: Subscribing to headers to get current height
2025/09/16 14:12:41 ELECTRUM: Got current height 4670290 from headers subscription
2025/09/16 14:12:41 ELECTRUM: Returning hash 0000000000001fa56cf41ac2e51b99af6493801a8dc542392d73a7f15511f6c7 for height 4670290 (from headers subscription)
2025/09/16 14:12:41 ELECTRUM: GetBlockHeader called for hash: 0000000000001fa56cf41ac2e51b99af6493801a8dc542392d73a7f15511f6c7
2025/09/16 14:12:41 ELECTRUM: GetBestBlock called
2025/09/16 14:12:41 ELECTRUM: Subscribing to headers to get current height
2025/09/16 14:12:42 ELECTRUM: Got current height 4670290 from headers subscription
2025/09/16 14:12:42 ELECTRUM: Returning hash 0000000000001fa56cf41ac2e51b99af6493801a8dc542392d73a7f15511f6c7 for height 4670290 (from headers subscription)
2025-09-16 14:12:42.429 [DBG] LTND lnd.go:727: Syncing to block chain rev=08ae35 best_block_time="2025-09-16 14:12:36 -0400 EDT" is_synced=false
2025/09/16 14:12:43 ELECTRUM: GetBestBlock called
2025/09/16 14:12:43 ELECTRUM: Subscribing to headers to get current height
2025/09/16 14:12:43 ELECTRUM: Got current height 4670291 from headers subscription
2025/09/16 14:12:43 ELECTRUM: Returning hash 0000000000000ac7e89090ce5e2721429b20a5dc80471da640fa9048b814c966 for height 4670291 (from headers subscription)
2025/09/16 14:12:43 ELECTRUM: GetBlockHeader called for hash: 0000000000000ac7e89090ce5e2721429b20a5dc80471da640fa9048b814c966
2025/09/16 14:12:43 ELECTRUM: GetBestBlock called
2025/09/16 14:12:43 ELECTRUM: Subscribing to headers to get current height
2025/09/16 14:12:43 ELECTRUM: Got current height 4670291 from headers subscription
2025/09/16 14:12:43 ELECTRUM: Returning hash 0000000000000ac7e89090ce5e2721429b20a5dc80471da640fa9048b814c966 for height 4670291 (from headers subscription)
2025-09-16 14:12:44.125 [DBG] LTND lnd.go:727: Syncing to block chain rev=08ae35 best_block_time="2025-09-16 14:12:44 -0400 EDT" is_synced=false
2025/09/16 14:12:45 ELECTRUM: GetBestBlock called
2025/09/16 14:12:45 ELECTRUM: Subscribing to headers to get current height
2025/09/16 14:12:45 ELECTRUM: Got current height 4670291 from headers subscription
2025/09/16 14:12:45 ELECTRUM: Returning hash 0000000000000ac7e89090ce5e2721429b20a5dc80471da640fa9048b814c966 for height 4670291 (from headers subscription)
2025/09/16 14:12:45 ELECTRUM: GetBlockHeader called for hash: 0000000000000ac7e89090ce5e2721429b20a5dc80471da640fa9048b814c966
2025/09/16 14:12:45 ELECTRUM: GetBestBlock called
2025/09/16 14:12:45 ELECTRUM: Subscribing to headers to get current height
2025/09/16 14:12:45 ELECTRUM: Got current height 4670291 from headers subscription
2025/09/16 14:12:45 ELECTRUM: Returning hash 0000000000000ac7e89090ce5e2721429b20a5dc80471da640fa9048b814c966 for height 4670291 (from headers subscription)
2025-09-16 14:12:45.826 [DBG] LTND lnd.go:727: Syncing to block chain rev=08ae35 best_block_time="2025-09-16 14:12:44 -0400 EDT" is_synced=false
2025/09/16 14:12:46 ELECTRUM: GetBestBlock called
2025/09/16 14:12:46 ELECTRUM: Subscribing to headers to get current height
2025/09/16 14:12:47 ELECTRUM: Got current height 4670291 from headers subscription
2025/09/16 14:12:47 ELECTRUM: Returning hash 0000000000000ac7e89090ce5e2721429b20a5dc80471da640fa9048b814c966 for height 4670291 (from headers subscription)
2025/09/16 14:12:47 ELECTRUM: GetBlockHeader called for hash: 0000000000000ac7e89090ce5e2721429b20a5dc80471da640fa9048b814c966
2025/09/16 14:12:47 ELECTRUM: GetBestBlock called
2025/09/16 14:12:47 ELECTRUM: Subscribing to headers to get current height
2025/09/16 14:12:47 ELECTRUM: Got current height 4670292 from headers subscription
2025/09/16 14:12:47 ELECTRUM: Returning hash 00000000000001b00d397b1934d2590c9acf95fa0da2394b96b81d2f0f6251a1 for height 4670292 (from headers subscription)
2025/09/16 14:12:48 ELECTRUM: GetBestBlock called
2025/09/16 14:12:48 ELECTRUM: Subscribing to headers to get current height
2025/09/16 14:12:48 ELECTRUM: Got current height 4670292 from headers subscription
2025/09/16 14:12:48 ELECTRUM: Returning hash 00000000000001b00d397b1934d2590c9acf95fa0da2394b96b81d2f0f6251a1 for height 4670292 (from headers subscription)
2025/09/16 14:12:48 ELECTRUM: Checking for new blocks - current: 4670292, last known: 4670278
2025/09/16 14:12:48 ELECTRUM: New block detected! Height: 4670292 (was 4670278)
2025/09/16 14:12:48 ELECTRUM: Sending block connected notification for height 4670292
2025/09/16 14:12:48 ELECTRUM: Block notification sent successfully for height 4670292
2025/09/16 14:12:49 ELECTRUM: GetBestBlock called
2025/09/16 14:12:49 ELECTRUM: Subscribing to headers to get current height
2025/09/16 14:12:49 ELECTRUM: Got current height 4670293 from headers subscription
2025/09/16 14:12:49 ELECTRUM: Returning hash 0000000000002ce5a3bf97b01b2ef930095b74f201c9e0c0cbd1bb80276fd3de for height 4670293 (from headers subscription)
2025/09/16 14:12:49 ELECTRUM: Checking for new blocks - current: 4670293, last known: 4670279
2025/09/16 14:12:49 ELECTRUM: New block detected! Height: 4670293 (was 4670279)
2025/09/16 14:12:49 ELECTRUM: Sending block connected notification for height 4670293
2025/09/16 14:12:49 ELECTRUM: Block notification sent successfully for height 4670293
2025/09/16 14:12:49 ELECTRUM: GetBestBlock called
2025/09/16 14:12:49 ELECTRUM: Subscribing to headers to get current height
2025/09/16 14:12:49 ELECTRUM: Got current height 4670293 from headers subscription
2025/09/16 14:12:49 ELECTRUM: Returning hash 0000000000002ce5a3bf97b01b2ef930095b74f201c9e0c0cbd1bb80276fd3de for height 4670293 (from headers subscription)
2025/09/16 14:12:49 ELECTRUM: Checking for new blocks - current: 4670293, last known: 4670280
2025/09/16 14:12:49 ELECTRUM: New block detected! Height: 4670293 (was 4670280)
2025/09/16 14:12:49 ELECTRUM: Sending block connected notification for height 4670293
2025/09/16 14:12:49 ELECTRUM: Block notification sent successfully for height 4670293
2025-09-16 14:13:11.892 [DBG] LTND lnd.go:727: Syncing to block chain rev=08ae35 best_block_time="2025-09-16 14:12:44 -0400 EDT" is_synced=false
2025/09/16 14:13:12 ELECTRUM: GetBestBlock called
2025/09/16 14:13:12 ELECTRUM: Subscribing to headers to get current height
2025/09/16 14:13:13 ELECTRUM: Got current height 4670302 from headers subscription
2025/09/16 14:13:13 ELECTRUM: Returning hash 000000000000101e5bf16d065af31ea39599d6890d7d7d4036094ceb1f61f8ec for height 4670302 (from headers subscription)
2025/09/16 14:13:13 ELECTRUM: GetBlockHeader called for hash: 000000000000101e5bf16d065af31ea39599d6890d7d7d4036094ceb1f61f8ec
2025/09/16 14:13:13 ELECTRUM: GetBestBlock called
2025/09/16 14:13:13 ELECTRUM: Subscribing to headers to get current height
2025/09/16 14:13:13 ELECTRUM: Got current height 4670302 from headers subscription
2025/09/16 14:13:13 ELECTRUM: Returning hash 000000000000101e5bf16d065af31ea39599d6890d7d7d4036094ceb1f61f8ec for height 4670302 (from headers subscription)
2025-09-16 14:13:13.601 [DBG] LTND lnd.go:727: Syncing to block chain rev=08ae35 best_block_time="2025-09-16 14:13:11 -0400 EDT" is_synced=false
2025-09-16 14:13:13.843 [DBG] RPCS interceptor.go:775: [/lnrpc.Lightning/NewAddress] requested
ELECTRUM: NotifyReceived called with 1 addresses
2025/09/16 14:13:14 ELECTRUM: GetBestBlock called
2025/09/16 14:13:14 ELECTRUM: Subscribing to headers to get current height
2025/09/16 14:13:14 ELECTRUM: Got current height 4670303 from headers subscription
2025/09/16 14:13:14 ELECTRUM: Returning hash 0000000000002c65cfe179c5fc69d169c1259a1020390dbeea1953e366321f6e for height 4670303 (from headers subscription)
2025/09/16 14:13:14 ELECTRUM: GetBlockHeader called for hash: 0000000000002c65cfe179c5fc69d169c1259a1020390dbeea1953e366321f6e
2025/09/16 14:13:14 ELECTRUM: GetBestBlock called
2025/09/16 14:13:14 ELECTRUM: Subscribing to headers to get current height
2025/09/16 14:13:15 ELECTRUM: Got current height 4670303 from headers subscription
2025/09/16 14:13:15 ELECTRUM: Returning hash 0000000000002c65cfe179c5fc69d169c1259a1020390dbeea1953e366321f6e for height 4670303 (from headers subscription)
2025-09-16 14:13:15.301 [DBG] LTND lnd.go:727: Syncing to block chain rev=08ae35 best_block_time="2025-09-16 14:13:10 -0400 EDT" is_synced=false
2025/09/16 14:13:16 ELECTRUM: GetBestBlock called
2025/09/16 14:13:16 ELECTRUM: Subscribing to headers to get current height
2025/09/16 14:13:16 ELECTRUM: Got current height 4670303 from headers subscription
2025/09/16 14:13:16 ELECTRUM: Returning hash 0000000000002c65cfe179c5fc69d169c1259a1020390dbeea1953e366321f6e for height 4670303 (from headers subscription)
2025/09/16 14:13:16 ELECTRUM: GetBlockHeader called for hash: 0000000000002c65cfe179c5fc69d169c1259a1020390dbeea1953e366321f6e
2025/09/16 14:13:16 ELECTRUM: GetBestBlock called
2025/09/16 14:13:16 ELECTRUM: Subscribing to headers to get current height
2025/09/16 14:13:16 ELECTRUM: Got current height 4670303 from headers subscription
2025/09/16 14:13:16 ELECTRUM: Returning hash 0000000000002c65cfe179c5fc69d169c1259a1020390dbeea1953e366321f6e for height 4670303 (from headers subscription)
2025-09-16 14:13:17.007 [DBG] LTND lnd.go:727: Syncing to block chain rev=08ae35 best_block_time="2025-09-16 14:13:10 -0400 EDT" is_synced=false
2025/09/16 14:13:18 ELECTRUM: GetBestBlock called
2025/09/16 14:13:18 ELECTRUM: Subscribing to headers to get current height
2025/09/16 14:13:18 ELECTRUM: GetBestBlock called
2025/09/16 14:13:18 ELECTRUM: Subscribing to headers to get current height
2025/09/16 14:13:18 ELECTRUM: Got current height 4670304 from headers subscription
2025/09/16 14:13:18 ELECTRUM: Returning hash 00000000000000da3e344e0fd97c1ea90923818b49821ecd1be3c184972b0517 for height 4670304 (from headers subscription)
2025/09/16 14:13:18 ELECTRUM: GetBlockHeader called for hash: 00000000000000da3e344e0fd97c1ea90923818b49821ecd1be3c184972b0517
2025/09/16 14:13:18 ELECTRUM: GetBestBlock called
2025/09/16 14:13:18 ELECTRUM: Subscribing to headers to get current height
2025/09/16 14:13:18 ELECTRUM: Got current height 4670304 from headers subscription
2025/09/16 14:13:18 ELECTRUM: Returning hash 00000000000000da3e344e0fd97c1ea90923818b49821ecd1be3c184972b0517 for height 4670304 (from headers subscription)
2025/09/16 14:13:18 ELECTRUM: Checking for new blocks - current: 4670304, last known: 4670292
2025/09/16 14:13:18 ELECTRUM: New block detected! Height: 4670304 (was 4670292)
2025/09/16 14:13:18 ELECTRUM: Sending block connected notification for height 4670304
2025/09/16 14:13:18 ELECTRUM: Block notification sent successfully for height 4670304
2025/09/16 14:13:18 ELECTRUM: Got current height 4670304 from headers subscription
2025/09/16 14:13:18 ELECTRUM: Returning hash 00000000000000da3e344e0fd97c1ea90923818b49821ecd1be3c184972b0517 for height 4670304 (from headers subscription)
2025-09-16 14:13:18.708 [DBG] LTND lnd.go:727: Syncing to block chain rev=08ae35 best_block_time="2025-09-16 14:13:23 -0400 EDT" is_synced=false
2025/09/16 14:13:19 ELECTRUM: GetBestBlock called
2025/09/16 14:13:19 ELECTRUM: Subscribing to headers to get current height
2025/09/16 14:13:19 ELECTRUM: Got current height 4670304 from headers subscription
2025/09/16 14:13:19 ELECTRUM: Returning hash 00000000000000da3e344e0fd97c1ea90923818b49821ecd1be3c184972b0517 for height 4670304 (from headers subscription)
2025/09/16 14:13:19 ELECTRUM: Checking for new blocks - current: 4670304, last known: 4670293
2025/09/16 14:13:19 ELECTRUM: New block detected! Height: 4670304 (was 4670293)
2025/09/16 14:13:19 ELECTRUM: Sending block connected notification for height 4670304
2025/09/16 14:13:19 ELECTRUM: Block notification sent successfully for height 4670304
2025/09/16 14:13:19 ELECTRUM: GetBestBlock called
2025/09/16 14:13:19 ELECTRUM: Subscribing to headers to get current height
2025/09/16 14:13:19 ELECTRUM: GetBestBlock called
2025/09/16 14:13:19 ELECTRUM: Subscribing to headers to get current height
2025/09/16 14:13:19 ELECTRUM: Got current height 4670305 from headers subscription
2025/09/16 14:13:19 ELECTRUM: Returning hash 000000000000606257948fe8e897784d0f6cb2ab2ff8d9afa2285d6b511582bb for height 4670305 (from headers subscription)
2025/09/16 14:13:19 ELECTRUM: Checking for new blocks - current: 4670305, last known: 4670293
2025/09/16 14:13:19 ELECTRUM: New block detected! Height: 4670305 (was 4670293)
2025/09/16 14:13:19 ELECTRUM: Sending block connected notification for height 4670305
2025/09/16 14:13:19 ELECTRUM: Block notification sent successfully for height 4670305
2025/09/16 14:13:19 ELECTRUM: Got current height 4670305 from headers subscription
2025/09/16 14:13:19 ELECTRUM: Returning hash 000000000000606257948fe8e897784d0f6cb2ab2ff8d9afa2285d6b511582bb for height 4670305 (from headers subscription)
2025/09/16 14:13:19 ELECTRUM: GetBlockHeader called for hash: 000000000000606257948fe8e897784d0f6cb2ab2ff8d9afa2285d6b511582bb
2025/09/16 14:13:19 ELECTRUM: GetBestBlock called
2025/09/16 14:13:19 ELECTRUM: Subscribing to headers to get current height
2025/09/16 14:13:20 ELECTRUM: Got current height 4670305 from headers subscription
2025/09/16 14:13:20 ELECTRUM: Returning hash 000000000000606257948fe8e897784d0f6cb2ab2ff8d9afa2285d6b511582bb for height 4670305 (from headers subscription)
2025-09-16 14:13:20.417 [DBG] LTND lnd.go:727: Syncing to block chain rev=08ae35 best_block_time="2025-09-16 14:13:26 -0400 EDT" is_synced=false
2025/09/16 14:13:21 ELECTRUM: GetBestBlock called
2025/09/16 14:13:21 ELECTRUM: Subscribing to headers to get current height
2025/09/16 14:13:21 ELECTRUM: Got current height 4670306 from headers subscription
2025/09/16 14:13:21 ELECTRUM: Returning hash 000000000002360c25a67e070409d8b524fd6cfa666d49f10ddc8a3994b3c607 for height 4670306 (from headers subscription)
2025/09/16 14:13:21 ELECTRUM: GetBlockHeader called for hash: 000000000002360c25a67e070409d8b524fd6cfa666d49f10ddc8a3994b3c607
2025/09/16 14:13:21 ELECTRUM: GetBestBlock called
2025/09/16 14:13:21 ELECTRUM: Subscribing to headers to get current height
2025/09/16 14:13:21 ELECTRUM: Got current height 4670306 from headers subscription
2025/09/16 14:13:21 ELECTRUM: Returning hash 000000000002360c25a67e070409d8b524fd6cfa666d49f10ddc8a3994b3c607 for height 4670306 (from headers subscription)
2025-09-16 14:13:22.148 [DBG] LTND lnd.go:727: Syncing to block chain rev=08ae35 best_block_time="2025-09-16 14:13:19 -0400 EDT" is_synced=false
2025/09/16 14:13:23 ELECTRUM: GetBestBlock called
2025/09/16 14:13:23 ELECTRUM: Subscribing to headers to get current height
2025/09/16 14:13:23 ELECTRUM: Got current height 4670306 from headers subscription
2025/09/16 14:13:23 ELECTRUM: Returning hash 000000000002360c25a67e070409d8b524fd6cfa666d49f10ddc8a3994b3c607 for height 4670306 (from headers subscription)
2025/09/16 14:13:23 ELECTRUM: GetBlockHeader called for hash: 000000000002360c25a67e070409d8b524fd6cfa666d49f10ddc8a3994b3c607
2025/09/16 14:13:23 ELECTRUM: GetBestBlock called
2025/09/16 14:13:23 ELECTRUM: Subscribing to headers to get current height
2025/09/16 14:13:23 ELECTRUM: Got current height 4670306 from headers subscription
2025/09/16 14:13:23 ELECTRUM: Returning hash 000000000002360c25a67e070409d8b524fd6cfa666d49f10ddc8a3994b3c607 for height 4670306 (from headers subscription)
2025-09-16 14:13:23.924 [DBG] LTND lnd.go:727: Syncing to block chain rev=08ae35 best_block_time="2025-09-16 14:13:19 -0400 EDT" is_synced=false
2025/09/16 14:13:24 ELECTRUM: GetBestBlock called
2025/09/16 14:13:24 ELECTRUM: Subscribing to headers to get current height
2025/09/16 14:13:25 ELECTRUM: Got current height 4670306 from headers subscription
2025/09/16 14:13:25 ELECTRUM: Returning hash 000000000002360c25a67e070409d8b524fd6cfa666d49f10ddc8a3994b3c607 for height 4670306 (from headers subscription)
2025/09/16 14:13:25 ELECTRUM: GetBlockHeader called for hash: 000000000002360c25a67e070409d8b524fd6cfa666d49f10ddc8a3994b3c607
2025/09/16 14:13:25 ELECTRUM: GetBestBlock called
2025/09/16 14:13:25 ELECTRUM: Subscribing to headers to get current height
2025/09/16 14:13:25 ELECTRUM: Got current height 4670306 from headers subscription
2025/09/16 14:13:25 ELECTRUM: Returning hash 000000000002360c25a67e070409d8b524fd6cfa666d49f10ddc8a3994b3c607 for height 4670306 (from headers subscription)
2025-09-16 14:13:25.635 [DBG] LTND lnd.go:727: Syncing to block chain rev=08ae35 best_block_time="2025-09-16 14:13:19 -0400 EDT" is_synced=false
2025/09/16 14:13:26 ELECTRUM: GetBestBlock called
2025/09/16 14:13:26 ELECTRUM: Subscribing to headers to get current height
2025/09/16 14:13:26 ELECTRUM: Got current height 4670306 from headers subscription
2025/09/16 14:13:26 ELECTRUM: Returning hash 000000000002360c25a67e070409d8b524fd6cfa666d49f10ddc8a3994b3c607 for height 4670306 (from headers subscription)
2025/09/16 14:13:26 ELECTRUM: GetBlockHeader called for hash: 000000000002360c25a67e070409d8b524fd6cfa666d49f10ddc8a3994b3c607
2025/09/16 14:13:26 ELECTRUM: GetBestBlock called
2025/09/16 14:13:26 ELECTRUM: Subscribing to headers to get current height
2025/09/16 14:13:27 ELECTRUM: Got current height 4670306 from headers subscription
2025/09/16 14:13:27 ELECTRUM: Returning hash 000000000002360c25a67e070409d8b524fd6cfa666d49f10ddc8a3994b3c607 for height 4670306 (from headers subscription)
2025-09-16 14:13:27.345 [DBG] LTND lnd.go:727: Syncing to block chain rev=08ae35 best_block_time="2025-09-16 14:13:19 -0400 EDT" is_synced=false
2025/09/16 14:13:28 ELECTRUM: GetBestBlock called
2025/09/16 14:13:28 ELECTRUM: Subscribing to headers to get current height
2025/09/16 14:13:28 ELECTRUM: Got current height 4670306 from headers subscription
2025/09/16 14:13:28 ELECTRUM: Returning hash 000000000002360c25a67e070409d8b524fd6cfa666d49f10ddc8a3994b3c607 for height 4670306 (from headers subscription)
2025/09/16 14:13:28 ELECTRUM: GetBlockHeader called for hash: 000000000002360c25a67e070409d8b524fd6cfa666d49f10ddc8a3994b3c607
2025/09/16 14:13:28 ELECTRUM: GetBestBlock called
2025/09/16 14:13:28 ELECTRUM: Subscribing to headers to get current height
2025/09/16 14:13:28 ELECTRUM: Got current height 4670307 from headers subscription
2025/09/16 14:13:28 ELECTRUM: Returning hash 0000000000011fede1f1d63f58e83d7d8e7ad9eb39ee39db850055c1b98f6fd3 for height 4670307 (from headers subscription)
ELECTRUM: Starting fetchAddressHistory for address: tb1pehlh6hywge7xh72v76rnma6j3h57nne0fxtwr5d0784jdtf79twstllsvz
ELECTRUM: Fetching transaction history for address: tb1pehlh6hywge7xh72v76rnma6j3h57nne0fxtwr5d0784jdtf79twstllsvz
ELECTRUM: Calling GetHistory for address: tb1pehlh6hywge7xh72v76rnma6j3h57nne0fxtwr5d0784jdtf79twstllsvz, scriptHash: cfc6755ee8113d01dd7f0146742b825bb2c4d99fbe07b6ddc5f0d9d3ef4862f2
2025-09-16 14:13:35.426 [INF] BTWL btcwallet.go:939: BTCWALLET: Setting up notification for new address: tb1pehlh6hywge7xh72v76rnma6j3h57nne0fxtwr5d0784jdtf79twstllsvz
2025-09-16 14:13:35.426 [DBG] RPCS rpcserver.go:1713: [newaddress] account=default type=TAPROOT_PUBKEY addr=tb1pehlh6hywge7xh72v76rnma6j3h57nne0fxtwr5d0784jdtf79twstllsvz
2025-09-16 14:13:35.426 [INF] BTWL btcwallet.go:564: BTCWALLET: Setting up notification for address: tb1pehlh6hywge7xh72v76rnma6j3h57nne0fxtwr5d0784jdtf79twstllsvz
2025-09-16 14:13:35.426 [INF] BTWL btcwallet.go:577: BTCWALLET: Calling chain.NotifyReceived for address: tb1pehlh6hywge7xh72v76rnma6j3h57nne0fxtwr5d0784jdtf79twstllsvz
ELECTRUM: NotifyReceived called with 1 addresses
2025/09/16 14:13:38 ELECTRUM: Script hash cfc6755ee8113d01dd7f0146742b825bb2c4d99fbe07b6ddc5f0d9d3ef4862f2 status changed from cfc6755ee8113d01dd7f0146742b825bb2c4d99fbe07b6ddc5f0d9d3ef4862f2 to tx_count:0 - new transactions detected!
2025/09/16 14:13:38 ELECTRUM: Handling script hash update for cfc6755ee8113d01dd7f0146742b825bb2c4d99fbe07b6ddc5f0d9d3ef4862f2
2025/09/16 14:13:38 ELECTRUM: Found 0 transactions for script hash cfc6755ee8113d01dd7f0146742b825bb2c4d99fbe07b6ddc5f0d9d3ef4862f2
2025/09/16 14:13:48 ELECTRUM: GetBestBlock called
2025/09/16 14:13:48 ELECTRUM: Subscribing to headers to get current height
2025/09/16 14:13:48 ELECTRUM: Got current height 4670317 from headers subscription
2025/09/16 14:13:48 ELECTRUM: Returning hash 000000000000458dc919c9bb37af2fcdde067e3c7584d886f039ef87f15c4277 for height 4670317 (from headers subscription)
2025/09/16 14:13:48 ELECTRUM: Checking for new blocks - current: 4670317, last known: 4670304
2025/09/16 14:13:48 ELECTRUM: New block detected! Height: 4670317 (was 4670304)
2025/09/16 14:13:48 ELECTRUM: Sending block connected notification for height 4670317
2025/09/16 14:13:48 ELECTRUM: Block notification sent successfully for height 4670317
2025/09/16 14:13:49 ELECTRUM: GetBestBlock called
2025/09/16 14:13:49 ELECTRUM: Subscribing to headers to get current height
2025/09/16 14:13:49 ELECTRUM: Got current height 4670318 from headers subscription
2025/09/16 14:13:49 ELECTRUM: Returning hash 000000000000607244654d0be4fc5b94b468bc66fc5b652212944066ac693955 for height 4670318 (from headers subscription)
2025/09/16 14:13:49 ELECTRUM: Checking for new blocks - current: 4670318, last known: 4670304
2025/09/16 14:13:49 ELECTRUM: New block detected! Height: 4670318 (was 4670304)
2025/09/16 14:13:49 ELECTRUM: Sending block connected notification for height 4670318
2025/09/16 14:13:49 ELECTRUM: Block notification sent successfully for height 4670318
2025/09/16 14:13:49 ELECTRUM: GetBestBlock called
2025/09/16 14:13:49 ELECTRUM: Subscribing to headers to get current height
2025/09/16 14:13:49 ELECTRUM: Got current height 4670318 from headers subscription
2025/09/16 14:13:49 ELECTRUM: Returning hash 000000000000607244654d0be4fc5b94b468bc66fc5b652212944066ac693955 for height 4670318 (from headers subscription)
2025/09/16 14:13:49 ELECTRUM: Checking for new blocks - current: 4670318, last known: 4670305
2025/09/16 14:13:49 ELECTRUM: New block detected! Height: 4670318 (was 4670305)
2025/09/16 14:13:49 ELECTRUM: Sending block connected notification for height 4670318
2025/09/16 14:13:49 ELECTRUM: Block notification sent successfully for height 4670318
2025-09-16 14:13:50.974 [DBG] RPCS interceptor.go:775: [/lnrpc.Lightning/WalletBalance] requested
2025-09-16 14:13:50.975 [INF] BTWL btcwallet.go:851: BTCWALLET: ConfirmedBalance called with confs=0, accountFilter=default
2025-09-16 14:13:50.975 [INF] BTWL btcwallet.go:1569: BTCWALLET: Adding 8 discovered Electrum transactions to witness outputs
2025-09-16 14:13:50.975 [INF] BTWL btcwallet.go:851: BTCWALLET: ConfirmedBalance called with confs=1, accountFilter=default
2025-09-16 14:13:50.975 [INF] BTWL btcwallet.go:1569: BTCWALLET: Adding 8 discovered Electrum transactions to witness outputs
2025-09-16 14:13:50.975 [DBG] RPCS rpcserver.go:3746: [walletbalance] Total balance=0.00090782 BTC (confirmed=0.00090782 BTC, unconfirmed=0 BTC, locked=0 BTC)
2025-09-16 14:13:53.181 [DBG] LTND lnd.go:727: Syncing to block chain rev=08ae35 best_block_time="2025-09-16 14:13:19 -0400 EDT" is_synced=false
2025/09/16 14:13:54 ELECTRUM: GetBestBlock called
2025/09/16 14:13:54 ELECTRUM: Subscribing to headers to get current height
2025/09/16 14:13:54 ELECTRUM: Got current height 4670321 from headers subscription
2025/09/16 14:13:54 ELECTRUM: Returning hash 000000000000556d717162968564f9332fb3f24ae8031a7fef723bb1e06b5f4a for height 4670321 (from headers subscription)
2025/09/16 14:13:54 ELECTRUM: GetBlockHeader called for hash: 000000000000556d717162968564f9332fb3f24ae8031a7fef723bb1e06b5f4a
2025/09/16 14:13:54 ELECTRUM: GetBestBlock called
2025/09/16 14:13:54 ELECTRUM: Subscribing to headers to get current height
2025/09/16 14:13:54 ELECTRUM: Got current height 4670321 from headers subscription
2025/09/16 14:13:54 ELECTRUM: Returning hash 000000000000556d717162968564f9332fb3f24ae8031a7fef723bb1e06b5f4a for height 4670321 (from headers subscription)
2025-09-16 14:13:54.879 [DBG] LTND lnd.go:727: Syncing to block chain rev=08ae35 best_block_time="2025-09-16 14:13:56 -0400 EDT" is_synced=false
2025/09/16 14:13:55 ELECTRUM: GetBestBlock called
2025/09/16 14:13:55 ELECTRUM: Subscribing to headers to get current height
2025/09/16 14:13:56 ELECTRUM: Got current height 4670322 from headers subscription
2025/09/16 14:13:56 ELECTRUM: Returning hash 0000000000002e96ad67bb2a1112349c366024e6138cb5969edafdd797ec6357 for height 4670322 (from headers subscription)
2025/09/16 14:13:56 ELECTRUM: GetBlockHeader called for hash: 0000000000002e96ad67bb2a1112349c366024e6138cb5969edafdd797ec6357
2025/09/16 14:13:56 ELECTRUM: GetBestBlock called
2025/09/16 14:13:56 ELECTRUM: Subscribing to headers to get current height
2025/09/16 14:13:56 ELECTRUM: Got current height 4670322 from headers subscription
2025/09/16 14:13:56 ELECTRUM: Returning hash 0000000000002e96ad67bb2a1112349c366024e6138cb5969edafdd797ec6357 for height 4670322 (from headers subscription)
2025-09-16 14:13:56.578 [DBG] LTND lnd.go:727: Syncing to block chain rev=08ae35 best_block_time="2025-09-16 14:13:53 -0400 EDT" is_synced=false
2025/09/16 14:13:57 ELECTRUM: GetBestBlock called
2025/09/16 14:13:57 ELECTRUM: Subscribing to headers to get current height
2025/09/16 14:13:57 ELECTRUM: Got current height 4670322 from headers subscription
2025/09/16 14:13:57 ELECTRUM: Returning hash 0000000000002e96ad67bb2a1112349c366024e6138cb5969edafdd797ec6357 for height 4670322 (from headers subscription)
2025/09/16 14:13:57 ELECTRUM: GetBlockHeader called for hash: 0000000000002e96ad67bb2a1112349c366024e6138cb5969edafdd797ec6357
2025/09/16 14:13:57 ELECTRUM: GetBestBlock called
2025/09/16 14:13:57 ELECTRUM: Subscribing to headers to get current height
2025/09/16 14:13:58 ELECTRUM: Got current height 4670322 from headers subscription
2025/09/16 14:13:58 ELECTRUM: Returning hash 0000000000002e96ad67bb2a1112349c366024e6138cb5969edafdd797ec6357 for height 4670322 (from headers subscription)
ELECTRUM: Starting fetchAddressHistory for address: tb1pehlh6hywge7xh72v76rnma6j3h57nne0fxtwr5d0784jdtf79twstllsvz
2025-09-16 14:13:58.065 [INF] BTWL btcwallet.go:587: BTCWALLET: chain.NotifyReceived completed successfully for address: tb1pehlh6hywge7xh72v76rnma6j3h57nne0fxtwr5d0784jdtf79twstllsvz
ELECTRUM: Fetching transaction history for address: tb1pehlh6hywge7xh72v76rnma6j3h57nne0fxtwr5d0784jdtf79twstllsvz
ELECTRUM: Calling GetHistory for address: tb1pehlh6hywge7xh72v76rnma6j3h57nne0fxtwr5d0784jdtf79twstllsvz, scriptHash: tx_count:0
2025-09-16 14:13:58.065 [INF] BTWL btcwallet.go:589: BTCWALLET: Successfully set up notification for address: tb1pehlh6hywge7xh72v76rnma6j3h57nne0fxtwr5d0784jdtf79twstllsvz
2025-09-16 14:13:58.065 [INF] BTWL btcwallet.go:945: BTCWALLET: Successfully set up notification for new address: tb1pehlh6hywge7xh72v76rnma6j3h57nne0fxtwr5d0784jdtf79twstllsvz
2025-09-16 14:13:58.277 [DBG] LTND lnd.go:727: Syncing to block chain rev=08ae35 best_block_time="2025-09-16 14:13:53 -0400 EDT" is_synced=false
ELECTRUM: Failed to get history for address tb1pehlh6hywge7xh72v76rnma6j3h57nne0fxtwr5d0784jdtf79twstllsvz: Unmarshal received message failed: json: cannot unmarshal object into Go struct field response.error of type string
2025/09/16 14:13:59 ELECTRUM: GetBestBlock called
2025/09/16 14:13:59 ELECTRUM: Subscribing to headers to get current height
2025/09/16 14:13:59 ELECTRUM: Got current height 4670323 from headers subscription
2025/09/16 14:13:59 ELECTRUM: Returning hash 0000000000007526b11f8e2a6a5d517de2d2660e91ed0ac6c65d70d4dd53463a for height 4670323 (from headers subscription)
2025/09/16 14:13:59 ELECTRUM: GetBlockHeader called for hash: 0000000000007526b11f8e2a6a5d517de2d2660e91ed0ac6c65d70d4dd53463a
2025/09/16 14:13:59 ELECTRUM: GetBestBlock called
2025/09/16 14:13:59 ELECTRUM: Subscribing to headers to get current height
2025/09/16 14:13:59 ELECTRUM: Got current height 4670324 from headers subscription
2025/09/16 14:13:59 ELECTRUM: Returning hash 000000000000170d2a80ea9a300b81f97738608fe3a03017277ae312d430c02f for height 4670324 (from headers subscription)
2025/09/16 14:14:18 ELECTRUM: GetBestBlock called
2025/09/16 14:14:18 ELECTRUM: Subscribing to headers to get current height
2025/09/16 14:14:18 ELECTRUM: Got current height 4670331 from headers subscription
2025/09/16 14:14:18 ELECTRUM: Returning hash 000000000001eab6069c951af6efa53b714cd4f4f9c0eaa50a8fe49371941976 for height 4670331 (from headers subscription)
2025/09/16 14:14:18 ELECTRUM: Checking for new blocks - current: 4670331, last known: 4670317
2025/09/16 14:14:18 ELECTRUM: New block detected! Height: 4670331 (was 4670317)
2025/09/16 14:14:18 ELECTRUM: Sending block connected notification for height 4670331
2025/09/16 14:14:18 ELECTRUM: Block notification sent successfully for height 4670331
2025/09/16 14:14:19 ELECTRUM: GetBestBlock called
2025/09/16 14:14:19 ELECTRUM: Subscribing to headers to get current height
2025/09/16 14:14:19 ELECTRUM: Got current height 4670331 from headers subscription
2025/09/16 14:14:19 ELECTRUM: Returning hash 000000000001eab6069c951af6efa53b714cd4f4f9c0eaa50a8fe49371941976 for height 4670331 (from headers subscription)
2025/09/16 14:14:19 ELECTRUM: Checking for new blocks - current: 4670331, last known: 4670318
2025/09/16 14:14:19 ELECTRUM: New block detected! Height: 4670331 (was 4670318)
2025/09/16 14:14:19 ELECTRUM: Sending block connected notification for height 4670331
2025/09/16 14:14:19 ELECTRUM: Block notification sent successfully for height 4670331
2025/09/16 14:14:19 ELECTRUM: GetBestBlock called
2025/09/16 14:14:19 ELECTRUM: Subscribing to headers to get current height
2025/09/16 14:14:19 ELECTRUM: Got current height 4670331 from headers subscription
2025/09/16 14:14:19 ELECTRUM: Returning hash 000000000001eab6069c951af6efa53b714cd4f4f9c0eaa50a8fe49371941976 for height 4670331 (from headers subscription)
2025/09/16 14:14:19 ELECTRUM: Checking for new blocks - current: 4670331, last known: 4670318
2025/09/16 14:14:19 ELECTRUM: New block detected! Height: 4670331 (was 4670318)
2025/09/16 14:14:19 ELECTRUM: Sending block connected notification for height 4670331
2025/09/16 14:14:19 ELECTRUM: Block notification sent successfully for height 4670331
2025-09-16 14:14:23.950 [DBG] LTND lnd.go:727: Syncing to block chain rev=08ae35 best_block_time="2025-09-16 14:14:00 -0400 EDT" is_synced=false
2025-09-16 14:14:24.290 [DBG] RPCS interceptor.go:775: [/lnrpc.Lightning/WalletBalance] requested
2025-09-16 14:14:24.291 [INF] BTWL btcwallet.go:851: BTCWALLET: ConfirmedBalance called with confs=0, accountFilter=default
2025-09-16 14:14:24.292 [INF] BTWL btcwallet.go:1569: BTCWALLET: Adding 8 discovered Electrum transactions to witness outputs
2025-09-16 14:14:24.292 [INF] BTWL btcwallet.go:851: BTCWALLET: ConfirmedBalance called with confs=1, accountFilter=default
2025-09-16 14:14:24.292 [INF] BTWL btcwallet.go:1569: BTCWALLET: Adding 8 discovered Electrum transactions to witness outputs
2025-09-16 14:14:24.292 [DBG] RPCS rpcserver.go:3746: [walletbalance] Total balance=0.00090782 BTC (confirmed=0.00090782 BTC, unconfirmed=0 BTC, locked=0 BTC)
2025/09/16 14:14:24 ELECTRUM: GetBestBlock called
2025/09/16 14:14:24 ELECTRUM: Subscribing to headers to get current height
2025-09-16 14:14:25.077 [DBG] RPCS interceptor.go:775: [/lnrpc.Lightning/WalletBalance] requested
2025-09-16 14:14:25.077 [INF] BTWL btcwallet.go:851: BTCWALLET: ConfirmedBalance called with confs=0, accountFilter=default
2025-09-16 14:14:25.078 [INF] BTWL btcwallet.go:1569: BTCWALLET: Adding 8 discovered Electrum transactions to witness outputs
2025-09-16 14:14:25.078 [INF] BTWL btcwallet.go:851: BTCWALLET: ConfirmedBalance called with confs=1, accountFilter=default
2025-09-16 14:14:25.078 [INF] BTWL btcwallet.go:1569: BTCWALLET: Adding 8 discovered Electrum transactions to witness outputs
2025-09-16 14:14:25.078 [DBG] RPCS rpcserver.go:3746: [walletbalance] Total balance=0.00090782 BTC (confirmed=0.00090782 BTC, unconfirmed=0 BTC, locked=0 BTC)
2025/09/16 14:14:25 ELECTRUM: Got current height 4670334 from headers subscription
2025/09/16 14:14:25 ELECTRUM: Returning hash 000000000000224f5093a45d6b985ff6ffd583af036b6a4a89255e9cc7d0bc69 for height 4670334 (from headers subscription)
2025/09/16 14:14:25 ELECTRUM: GetBlockHeader called for hash: 000000000000224f5093a45d6b985ff6ffd583af036b6a4a89255e9cc7d0bc69
2025/09/16 14:14:25 ELECTRUM: GetBestBlock called
2025/09/16 14:14:25 ELECTRUM: Subscribing to headers to get current height
2025/09/16 14:14:25 ELECTRUM: Got current height 4670335 from headers subscription
2025/09/16 14:14:25 ELECTRUM: Returning hash 0000000000000c7cee0938f81935d976a4807e801443bd85bca2565d4143001d for height 4670335 (from headers subscription)
2025/09/16 14:14:46 ELECTRUM: Script hash cfc6755ee8113d01dd7f0146742b825bb2c4d99fbe07b6ddc5f0d9d3ef4862f2 status changed from tx_count:0 to tx_count:1,latest_height:4670343 - new transactions detected!
2025/09/16 14:14:46 ELECTRUM: Handling script hash update for cfc6755ee8113d01dd7f0146742b825bb2c4d99fbe07b6ddc5f0d9d3ef4862f2
2025/09/16 14:14:47 ELECTRUM: Found 1 transactions for script hash cfc6755ee8113d01dd7f0146742b825bb2c4d99fbe07b6ddc5f0d9d3ef4862f2
2025/09/16 14:14:47 ELECTRUM: Processing transaction 0 for script hash cfc6755ee8113d01dd7f0146742b825bb2c4d99fbe07b6ddc5f0d9d3ef4862f2
ELECTRUM: buildTransactionDetail called with entry type: *electrum.GetMempoolResult
ELECTRUM: buildTransactionDetail: Transaction 358ed5e554073681bfff88d67684b6960bbb7e4d37503572eb4509608a94a2bb has height: 4670343
ELECTRUM: buildTransactionDetail: About to call GetTransaction for 358ed5e554073681bfff88d67684b6960bbb7e4d37503572eb4509608a94a2bb
ELECTRUM: buildTransactionDetail: Getting transaction details for 358ed5e554073681bfff88d67684b6960bbb7e4d37503572eb4509608a94a2bb
ELECTRUM: buildTransactionDetail: Successfully got transaction 358ed5e554073681bfff88d67684b6960bbb7e4d37503572eb4509608a94a2bb
ELECTRUM: buildTransactionDetail: GetTransaction succeeded for 358ed5e554073681bfff88d67684b6960bbb7e4d37503572eb4509608a94a2bb, processing result
ELECTRUM: buildTransactionDetail: Processing transaction result for 358ed5e554073681bfff88d67684b6960bbb7e4d37503572eb4509608a94a2bb
ELECTRUM: buildTransactionDetail: Transaction result is not nil for 358ed5e554073681bfff88d67684b6960bbb7e4d37503572eb4509608a94a2bb
ELECTRUM: buildTransactionDetail: Attempting to get actual value for transaction 358ed5e554073681bfff88d67684b6960bbb7e4d37503572eb4509608a94a2bb
ELECTRUM: getTransactionValue: Transaction result type: *electrum.GetTransactionResult, fields: 12
ELECTRUM: getTransactionValue: Field 0: Blockhash = 0000000000001138eb4a1eb324777e443affeb03d93ac4ee91353ff00fb162d6 (type: string)
ELECTRUM: getTransactionValue: Field 1: Blocktime = 1758046485 (type: uint64)
ELECTRUM: getTransactionValue: Field 2: Confirmations = 3 (type: int32)
ELECTRUM: getTransactionValue: Field 3: Hash = 5917ab5c871aa93d44e440dff954dd3a4ff6e82005268d4663428fed4c9ab2d1 (type: string)
ELECTRUM: getTransactionValue: Field 4: Hex = 0100000000010197a24478523a2569d4b0de529d76c276a57a262cc8f4029b53e7fe796a0c93de0100000000ffffffff0238eda10000000000225120de11facba0f9f7fbb84eaa49179743bd4340fb7995c61dced4c5d9ff33083d122c32000000000000225120cdff7d5c8e467c6bf94cf6873df7528de9e9cf2f4996e1d1aff1eb26ad3e2add01408a59c0c38b0bec93c053e02a59bf79a064f0f82656630e05ea8daef44076c24b6f5bc08c8b32a0e4ac42ea54490908f395744070c940a36682144455c2640bfc00000000 (type: string)
ELECTRUM: getTransactionValue: Field 5: Locktime = 0 (type: uint32)
ELECTRUM: getTransactionValue: Field 6: Size = 205 (type: uint32)
ELECTRUM: getTransactionValue: Field 7: Time = 1758046485 (type: uint64)
ELECTRUM: getTransactionValue: Field 8: Version = 1 (type: uint32)
ELECTRUM: getTransactionValue: Field 9: Vin = [{ 0x14000432720 4294967295 de930c6a79fee7539b02f4c82c267aa576c2769d52deb0d469253a527844a297 1}] (type: []electrum.Vin)
ELECTRUM: getTransactionValue: Field 10: Vout = [{0 {[] 1 de11facba0f9f7fbb84eaa49179743bd4340fb7995c61dced4c5d9ff33083d12 5120de11facba0f9f7fbb84eaa49179743bd4340fb7995c61dced4c5d9ff33083d12 0 witness_v1_taproot} 0.10612024} {1 {[] 1 cdff7d5c8e467c6bf94cf6873df7528de9e9cf2f4996e1d1aff1eb26ad3e2add 5120cdff7d5c8e467c6bf94cf6873df7528de9e9cf2f4996e1d1aff1eb26ad3e2add 0 witness_v1_taproot} 0.00012844}] (type: []electrum.Vout)
ELECTRUM: getTransactionValue: Field 11: Merkle = {[] 0 0} (type: electrum.GetMerkleProofResult)
ELECTRUM: getTransactionValue: Processing 2 Vout entries for transaction 358ed5e554073681bfff88d67684b6960bbb7e4d37503572eb4509608a94a2bb
ELECTRUM: getTransactionValue: Processing Vout entry 0 for transaction 358ed5e554073681bfff88d67684b6960bbb7e4d37503572eb4509608a94a2bb
ELECTRUM: getTransactionValue: Vout[0] Field 0: N = 0 (type: uint32)
ELECTRUM: getTransactionValue: Vout[0] Field 1: ScriptPubkey = {[] 1 de11facba0f9f7fbb84eaa49179743bd4340fb7995c61dced4c5d9ff33083d12 5120de11facba0f9f7fbb84eaa49179743bd4340fb7995c61dced4c5d9ff33083d12 0 witness_v1_taproot} (type: electrum.ScriptPubkey)
ELECTRUM: getTransactionValue: Vout[0] Field 2: Value = 0.10612024 (type: float64)
ELECTRUM: getTransactionValue: Vout[0] has value 0.106120 BTC (10612024 satoshis)
ELECTRUM: getTransactionValue: Vout[0] ScriptPubkey type: electrum.ScriptPubkey
ELECTRUM: getTransactionValue: Vout[0] ScriptPubkey has 5 fields
ELECTRUM: getTransactionValue: Vout[0] ScriptPubkey Field 0: Addresses = [] (type: []string)
ELECTRUM: getTransactionValue: Vout[0] ScriptPubkey Field 1: Asm = 1 de11facba0f9f7fbb84eaa49179743bd4340fb7995c61dced4c5d9ff33083d12 (type: string)
ELECTRUM: getTransactionValue: Vout[0] ScriptPubkey Field 2: Hex = 5120de11facba0f9f7fbb84eaa49179743bd4340fb7995c61dced4c5d9ff33083d12 (type: string)
ELECTRUM: getTransactionValue: Vout[0] ScriptPubkey Field 3: ReqSigs = 0 (type: uint32)
ELECTRUM: getTransactionValue: Vout[0] ScriptPubkey Field 4: Type = witness_v1_taproot (type: string)
ELECTRUM: getTransactionValue: Vout[0] extracted script hex from Hex field: 5120de11facba0f9f7fbb84eaa49179743bd4340fb7995c61dced4c5d9ff33083d12
ELECTRUM: getTransactionValue: Vout[0] calculated script hash: 03e0e5ccca6dfc4a065094b501d8ac4bea894dc49e358fff19e8b4a199a9dd94, target: cfc6755ee8113d01dd7f0146742b825bb2c4d99fbe07b6ddc5f0d9d3ef4862f2
ELECTRUM: getTransactionValue: Vout[0] does not match our script hash, skipping
ELECTRUM: getTransactionValue: Processing Vout entry 1 for transaction 358ed5e554073681bfff88d67684b6960bbb7e4d37503572eb4509608a94a2bb
ELECTRUM: getTransactionValue: Vout[1] Field 0: N = 1 (type: uint32)
ELECTRUM: getTransactionValue: Vout[1] Field 1: ScriptPubkey = {[] 1 cdff7d5c8e467c6bf94cf6873df7528de9e9cf2f4996e1d1aff1eb26ad3e2add 5120cdff7d5c8e467c6bf94cf6873df7528de9e9cf2f4996e1d1aff1eb26ad3e2add 0 witness_v1_taproot} (type: electrum.ScriptPubkey)
ELECTRUM: getTransactionValue: Vout[1] Field 2: Value = 0.00012844 (type: float64)
ELECTRUM: getTransactionValue: Vout[1] has value 0.000128 BTC (12844 satoshis)
ELECTRUM: getTransactionValue: Vout[1] ScriptPubkey type: electrum.ScriptPubkey
ELECTRUM: getTransactionValue: Vout[1] ScriptPubkey has 5 fields
ELECTRUM: getTransactionValue: Vout[1] ScriptPubkey Field 0: Addresses = [] (type: []string)
ELECTRUM: getTransactionValue: Vout[1] ScriptPubkey Field 1: Asm = 1 cdff7d5c8e467c6bf94cf6873df7528de9e9cf2f4996e1d1aff1eb26ad3e2add (type: string)
ELECTRUM: getTransactionValue: Vout[1] ScriptPubkey Field 2: Hex = 5120cdff7d5c8e467c6bf94cf6873df7528de9e9cf2f4996e1d1aff1eb26ad3e2add (type: string)
ELECTRUM: getTransactionValue: Vout[1] ScriptPubkey Field 3: ReqSigs = 0 (type: uint32)
ELECTRUM: getTransactionValue: Vout[1] ScriptPubkey Field 4: Type = witness_v1_taproot (type: string)
ELECTRUM: getTransactionValue: Vout[1] extracted script hex from Hex field: 5120cdff7d5c8e467c6bf94cf6873df7528de9e9cf2f4996e1d1aff1eb26ad3e2add
ELECTRUM: getTransactionValue: Vout[1] calculated script hash: cfc6755ee8113d01dd7f0146742b825bb2c4d99fbe07b6ddc5f0d9d3ef4862f2, target: cfc6755ee8113d01dd7f0146742b825bb2c4d99fbe07b6ddc5f0d9d3ef4862f2
ELECTRUM: getTransactionValue: Vout[1] matches our script hash, adding 12844 satoshis
ELECTRUM: buildTransactionDetail: Transaction 358ed5e554073681bfff88d67684b6960bbb7e4d37503572eb4509608a94a2bb has actual value 12844 satoshis
2025/09/16 14:14:47 ELECTRUM: GetBlockHash called for height: 4670343
2025/09/16 14:14:47 ELECTRUM: Found transaction 358ed5e554073681bfff88d67684b6960bbb7e4d37503572eb4509608a94a2bb for script hash cfc6755ee8113d01dd7f0146742b825bb2c4d99fbe07b6ddc5f0d9d3ef4862f2 (confirmations: -7, value: 12844)
2025/09/16 14:14:47 ELECTRUM: Sending relevant transaction notification for 358ed5e554073681bfff88d67684b6960bbb7e4d37503572eb4509608a94a2bb
2025/09/16 14:14:47 ELECTRUM: Relevant transaction notification sent successfully for 358ed5e554073681bfff88d67684b6960bbb7e4d37503572eb4509608a94a2bb
2025/09/16 14:14:48 ELECTRUM: GetBestBlock called
2025/09/16 14:14:48 ELECTRUM: Subscribing to headers to get current height
2025/09/16 14:14:48 ELECTRUM: Got current height 4670346 from headers subscription
2025/09/16 14:14:48 ELECTRUM: Returning hash 000000000001dd04c6e37fb733ccbe7da74e3e6121c76c30aa629e6ef64ff61f for height 4670346 (from headers subscription)
2025/09/16 14:14:48 ELECTRUM: Checking for new blocks - current: 4670346, last known: 4670331
2025/09/16 14:14:48 ELECTRUM: New block detected! Height: 4670346 (was 4670331)
2025/09/16 14:14:48 ELECTRUM: Sending block connected notification for height 4670346
2025/09/16 14:14:48 ELECTRUM: Block notification sent successfully for height 4670346
2025/09/16 14:14:49 ELECTRUM: GetBestBlock called
2025/09/16 14:14:49 ELECTRUM: Subscribing to headers to get current height
2025/09/16 14:14:49 ELECTRUM: Got current height 4670346 from headers subscription
2025/09/16 14:14:49 ELECTRUM: Returning hash 000000000001dd04c6e37fb733ccbe7da74e3e6121c76c30aa629e6ef64ff61f for height 4670346 (from headers subscription)
2025/09/16 14:14:49 ELECTRUM: Checking for new blocks - current: 4670346, last known: 4670331
2025/09/16 14:14:49 ELECTRUM: New block detected! Height: 4670346 (was 4670331)
2025/09/16 14:14:49 ELECTRUM: Sending block connected notification for height 4670346
2025/09/16 14:14:49 ELECTRUM: Block notification sent successfully for height 4670346
2025/09/16 14:14:49 ELECTRUM: GetBestBlock called
2025/09/16 14:14:49 ELECTRUM: Subscribing to headers to get current height
2025/09/16 14:14:49 ELECTRUM: Got current height 4670346 from headers subscription
2025/09/16 14:14:49 ELECTRUM: Returning hash 000000000001dd04c6e37fb733ccbe7da74e3e6121c76c30aa629e6ef64ff61f for height 4670346 (from headers subscription)
2025/09/16 14:14:49 ELECTRUM: Checking for new blocks - current: 4670346, last known: 4670331
2025/09/16 14:14:49 ELECTRUM: New block detected! Height: 4670346 (was 4670331)
2025/09/16 14:14:49 ELECTRUM: Sending block connected notification for height 4670346
2025/09/16 14:14:49 ELECTRUM: Block notification sent successfully for height 4670346
2025-09-16 14:14:50.185 [DBG] LTND lnd.go:727: Syncing to block chain rev=08ae35 best_block_time="2025-09-16 14:14:33 -0400 EDT" is_synced=false
2025/09/16 14:14:51 ELECTRUM: GetBestBlock called
2025/09/16 14:14:51 ELECTRUM: Subscribing to headers to get current height
2025/09/16 14:14:51 ELECTRUM: Got current height 4670346 from headers subscription
2025/09/16 14:14:51 ELECTRUM: Returning hash 000000000001dd04c6e37fb733ccbe7da74e3e6121c76c30aa629e6ef64ff61f for height 4670346 (from headers subscription)
2025/09/16 14:14:51 ELECTRUM: GetBlockHeader called for hash: 000000000001dd04c6e37fb733ccbe7da74e3e6121c76c30aa629e6ef64ff61f
2025/09/16 14:14:51 ELECTRUM: GetBestBlock called
2025/09/16 14:14:51 ELECTRUM: Subscribing to headers to get current height
2025/09/16 14:14:51 ELECTRUM: Got current height 4670346 from headers subscription
2025/09/16 14:14:51 ELECTRUM: Returning hash 000000000001dd04c6e37fb733ccbe7da74e3e6121c76c30aa629e6ef64ff61f for height 4670346 (from headers subscription)
2025-09-16 14:14:51.919 [DBG] LTND lnd.go:727: Syncing to block chain rev=08ae35 best_block_time="2025-09-16 14:14:46 -0400 EDT" is_synced=false
2025/09/16 14:14:52 ELECTRUM: GetBestBlock called
2025/09/16 14:14:52 ELECTRUM: Subscribing to headers to get current height
2025/09/16 14:14:53 ELECTRUM: Got current height 4670347 from headers subscription
2025/09/16 14:14:53 ELECTRUM: Returning hash 00000000000365cefd9895ec65639de8083666b3e4446ebb89e7a279bc6d4ecc for height 4670347 (from headers subscription)
2025/09/16 14:14:53 ELECTRUM: GetBlockHeader called for hash: 00000000000365cefd9895ec65639de8083666b3e4446ebb89e7a279bc6d4ecc
2025/09/16 14:14:53 ELECTRUM: GetBestBlock called
2025/09/16 14:14:53 ELECTRUM: Subscribing to headers to get current height
2025/09/16 14:14:53 ELECTRUM: Got current height 4670347 from headers subscription
2025/09/16 14:14:53 ELECTRUM: Returning hash 00000000000365cefd9895ec65639de8083666b3e4446ebb89e7a279bc6d4ecc for height 4670347 (from headers subscription)
2025-09-16 14:14:53.651 [DBG] LTND lnd.go:727: Syncing to block chain rev=08ae35 best_block_time="2025-09-16 14:14:54 -0400 EDT" is_synced=false
2025/09/16 14:14:54 ELECTRUM: GetBestBlock called
2025/09/16 14:14:54 ELECTRUM: Subscribing to headers to get current height
2025/09/16 14:14:54 ELECTRUM: Got current height 4670348 from headers subscription
2025/09/16 14:14:54 ELECTRUM: Returning hash 00000000adc69621424d5633da1c53c508a9e5e93f9c45bafcbc96302f0e8a04 for height 4670348 (from headers subscription)
2025/09/16 14:14:54 ELECTRUM: GetBlockHeader called for hash: 00000000adc69621424d5633da1c53c508a9e5e93f9c45bafcbc96302f0e8a04
2025/09/16 14:14:54 ELECTRUM: GetBestBlock called
2025/09/16 14:14:54 ELECTRUM: Subscribing to headers to get current height
2025/09/16 14:14:55 ELECTRUM: Got current height 4670348 from headers subscription
2025/09/16 14:14:55 ELECTRUM: Returning hash 00000000adc69621424d5633da1c53c508a9e5e93f9c45bafcbc96302f0e8a04 for height 4670348 (from headers subscription)
2025-09-16 14:14:55.351 [DBG] LTND lnd.go:727: Syncing to block chain rev=08ae35 best_block_time="2025-09-16 14:34:55 -0400 EDT" is_synced=false
2025/09/16 14:14:56 ELECTRUM: GetBestBlock called
2025/09/16 14:14:56 ELECTRUM: Subscribing to headers to get current height
2025/09/16 14:14:56 ELECTRUM: Got current height 4670349 from headers subscription
2025/09/16 14:14:56 ELECTRUM: Returning hash 00000000000020019356f29f9bfbbcd0341f6652d9f8c3852e22d6b8edb44a01 for height 4670349 (from headers subscription)
2025/09/16 14:14:56 ELECTRUM: GetBlockHeader called for hash: 00000000000020019356f29f9bfbbcd0341f6652d9f8c3852e22d6b8edb44a01
2025/09/16 14:14:56 ELECTRUM: GetBestBlock called
2025/09/16 14:14:56 ELECTRUM: Subscribing to headers to get current height
2025/09/16 14:14:56 ELECTRUM: Got current height 4670349 from headers subscription
2025/09/16 14:14:56 ELECTRUM: Returning hash 00000000000020019356f29f9bfbbcd0341f6652d9f8c3852e22d6b8edb44a01 for height 4670349 (from headers subscription)
2025-09-16 14:14:57.072 [DBG] LTND lnd.go:727: Syncing to block chain rev=08ae35 best_block_time="2025-09-16 14:14:54 -0400 EDT" is_synced=false
2025/09/16 14:14:58 ELECTRUM: GetBestBlock called
2025/09/16 14:14:58 ELECTRUM: Subscribing to headers to get current height
2025/09/16 14:14:58 ELECTRUM: Got current height 4670351 from headers subscription
2025/09/16 14:14:58 ELECTRUM: Returning hash 000000000003261b29761e1fae1ca831baeff80d511e0046f5a46c8dde4282c4 for height 4670351 (from headers subscription)
2025/09/16 14:14:58 ELECTRUM: GetBlockHeader called for hash: 000000000003261b29761e1fae1ca831baeff80d511e0046f5a46c8dde4282c4
2025/09/16 14:14:58 ELECTRUM: GetBestBlock called
2025/09/16 14:14:58 ELECTRUM: Subscribing to headers to get current height
2025/09/16 14:14:58 ELECTRUM: Got current height 4670351 from headers subscription
2025/09/16 14:14:58 ELECTRUM: Returning hash 000000000003261b29761e1fae1ca831baeff80d511e0046f5a46c8dde4282c4 for height 4670351 (from headers subscription)
2025-09-16 14:14:58.773 [DBG] LTND lnd.go:727: Syncing to block chain rev=08ae35 best_block_time="2025-09-16 14:14:56 -0400 EDT" is_synced=false
2025/09/16 14:14:59 ELECTRUM: GetBestBlock called
2025/09/16 14:14:59 ELECTRUM: Subscribing to headers to get current height
2025/09/16 14:15:00 ELECTRUM: Got current height 4670352 from headers subscription
2025/09/16 14:15:00 ELECTRUM: Returning hash 00000000000007446c3eec4a4db346afb4b4c5f072c6d34577b5400c535599f6 for height 4670352 (from headers subscription)
2025/09/16 14:15:00 ELECTRUM: GetBlockHeader called for hash: 00000000000007446c3eec4a4db346afb4b4c5f072c6d34577b5400c535599f6
2025/09/16 14:15:00 ELECTRUM: GetBestBlock called
2025/09/16 14:15:00 ELECTRUM: Subscribing to headers to get current height
2025/09/16 14:15:00 ELECTRUM: Got current height 4670352 from headers subscription
2025/09/16 14:15:00 ELECTRUM: Returning hash 00000000000007446c3eec4a4db346afb4b4c5f072c6d34577b5400c535599f6 for height 4670352 (from headers subscription)
2025-09-16 14:15:00.472 [DBG] LTND lnd.go:727: Syncing to block chain rev=08ae35 best_block_time="2025-09-16 14:14:59 -0400 EDT" is_synced=false
2025/09/16 14:15:01 ELECTRUM: GetBestBlock called
2025/09/16 14:15:01 ELECTRUM: Subscribing to headers to get current height
2025/09/16 14:15:02 ELECTRUM: Got current height 4670353 from headers subscription
2025/09/16 14:15:02 ELECTRUM: Returning hash 000000000002c974a226ecaacd6d06cd44e3696e3d6100a90993272a8d9c7901 for height 4670353 (from headers subscription)
2025/09/16 14:15:02 ELECTRUM: GetBlockHeader called for hash: 000000000002c974a226ecaacd6d06cd44e3696e3d6100a90993272a8d9c7901
2025/09/16 14:15:02 ELECTRUM: GetBestBlock called
2025/09/16 14:15:02 ELECTRUM: Subscribing to headers to get current height
2025/09/16 14:15:02 ELECTRUM: Got current height 4670354 from headers subscription
2025/09/16 14:15:02 ELECTRUM: Returning hash 000000000001bcc5558c1a48039b3e20fca3c66186c258ee1ec0d876d467e5e4 for height 4670354 (from headers subscription)
2025-09-16 14:15:07.303 [DBG] RPCS interceptor.go:775: [/lnrpc.Lightning/WalletBalance] requested
2025-09-16 14:15:07.303 [INF] BTWL btcwallet.go:851: BTCWALLET: ConfirmedBalance called with confs=0, accountFilter=default
2025-09-16 14:15:07.303 [INF] BTWL btcwallet.go:1569: BTCWALLET: Adding 8 discovered Electrum transactions to witness outputs
2025-09-16 14:15:07.303 [INF] BTWL btcwallet.go:851: BTCWALLET: ConfirmedBalance called with confs=1, accountFilter=default
2025-09-16 14:15:07.303 [INF] BTWL btcwallet.go:1569: BTCWALLET: Adding 8 discovered Electrum transactions to witness outputs
2025-09-16 14:15:07.303 [DBG] RPCS rpcserver.go:3746: [walletbalance] Total balance=0.00090782 BTC (confirmed=0.00090782 BTC, unconfirmed=0 BTC, locked=0 BTC)
2025-09-16 14:15:15.281 [DBG] RPCS interceptor.go:775: [/lnrpc.Lightning/WalletBalance] requested
2025-09-16 14:15:15.281 [INF] BTWL btcwallet.go:851: BTCWALLET: ConfirmedBalance called with confs=0, accountFilter=default
2025-09-16 14:15:15.281 [INF] BTWL btcwallet.go:1569: BTCWALLET: Adding 8 discovered Electrum transactions to witness outputs
2025-09-16 14:15:15.281 [INF] BTWL btcwallet.go:851: BTCWALLET: ConfirmedBalance called with confs=1, accountFilter=default
2025-09-16 14:15:15.281 [INF] BTWL btcwallet.go:1569: BTCWALLET: Adding 8 discovered Electrum transactions to witness outputs
2025-09-16 14:15:15.281 [DBG] RPCS rpcserver.go:3746: [walletbalance] Total balance=0.00090782 BTC (confirmed=0.00090782 BTC, unconfirmed=0 BTC, locked=0 BTC)
2025/09/16 14:15:18 ELECTRUM: GetBestBlock called
2025/09/16 14:15:18 ELECTRUM: Subscribing to headers to get current height
2025/09/16 14:15:18 ELECTRUM: Got current height 4670360 from headers subscription
2025/09/16 14:15:18 ELECTRUM: Returning hash 0000000000001f2eae6234ddcb14fce9156e24681cace3f7558e532ed448b60f for height 4670360 (from headers subscription)
2025/09/16 14:15:18 ELECTRUM: Checking for new blocks - current: 4670360, last known: 4670346
2025/09/16 14:15:18 ELECTRUM: New block detected! Height: 4670360 (was 4670346)
2025/09/16 14:15:18 ELECTRUM: Sending block connected notification for height 4670360
2025/09/16 14:15:18 ELECTRUM: Block notification sent successfully for height 4670360
2025/09/16 14:15:19 ELECTRUM: GetBestBlock called
2025/09/16 14:15:19 ELECTRUM: Subscribing to headers to get current height
2025/09/16 14:15:19 ELECTRUM: Got current height 4670361 from headers subscription
2025/09/16 14:15:19 ELECTRUM: Returning hash 000000000002b680400cd04eb15f38443ffa4890acdc5c761f5dd80477217825 for height 4670361 (from headers subscription)
2025/09/16 14:15:19 ELECTRUM: Checking for new blocks - current: 4670361, last known: 4670346
2025/09/16 14:15:19 ELECTRUM: New block detected! Height: 4670361 (was 4670346)
2025/09/16 14:15:19 ELECTRUM: Sending block connected notification for height 4670361
2025/09/16 14:15:19 ELECTRUM: Block notification sent successfully for height 4670361
2025/09/16 14:15:19 ELECTRUM: GetBestBlock called
2025/09/16 14:15:19 ELECTRUM: Subscribing to headers to get current height
2025/09/16 14:15:19 ELECTRUM: Got current height 4670361 from headers subscription
2025/09/16 14:15:19 ELECTRUM: Returning hash 000000000002b680400cd04eb15f38443ffa4890acdc5c761f5dd80477217825 for height 4670361 (from headers subscription)
2025/09/16 14:15:19 ELECTRUM: Checking for new blocks - current: 4670361, last known: 4670346
2025/09/16 14:15:19 ELECTRUM: New block detected! Height: 4670361 (was 4670346)
2025/09/16 14:15:19 ELECTRUM: Sending block connected notification for height 4670361
2025/09/16 14:15:19 ELECTRUM: Block notification sent successfully for height 4670361
2025-09-16 14:15:28.001 [DBG] LTND lnd.go:727: Syncing to block chain rev=08ae35 best_block_time="2025-09-16 14:15:02 -0400 EDT" is_synced=false
2025/09/16 14:15:29 ELECTRUM: GetBestBlock called
2025/09/16 14:15:29 ELECTRUM: Subscribing to headers to get current height
2025/09/16 14:15:29 ELECTRUM: Got current height 4670363 from headers subscription
2025/09/16 14:15:29 ELECTRUM: Returning hash 0000000000002c1e7ba7b9fe1cfb1565a86502ecae2de7832cb863f837f7ef1a for height 4670363 (from headers subscription)
2025/09/16 14:15:29 ELECTRUM: GetBlockHeader called for hash: 0000000000002c1e7ba7b9fe1cfb1565a86502ecae2de7832cb863f837f7ef1a
2025/09/16 14:15:29 ELECTRUM: GetBestBlock called
2025/09/16 14:15:29 ELECTRUM: Subscribing to headers to get current height
2025/09/16 14:15:29 ELECTRUM: Got current height 4670363 from headers subscription
2025/09/16 14:15:29 ELECTRUM: Returning hash 0000000000002c1e7ba7b9fe1cfb1565a86502ecae2de7832cb863f837f7ef1a for height 4670363 (from headers subscription)
2025-09-16 14:15:29.719 [DBG] LTND lnd.go:727: Syncing to block chain rev=08ae35 best_block_time="2025-09-16 14:15:22 -0400 EDT" is_synced=false
2025/09/16 14:15:30 ELECTRUM: GetBestBlock called
2025/09/16 14:15:30 ELECTRUM: Subscribing to headers to get current height
2025/09/16 14:15:30 ELECTRUM: Got current height 4670364 from headers subscription
2025/09/16 14:15:30 ELECTRUM: Returning hash 00000000000147b1c850ed1dfa88e7d22bfd5b595cd04695115ed8e65947a823 for height 4670364 (from headers subscription)
2025/09/16 14:15:30 ELECTRUM: GetBlockHeader called for hash: 00000000000147b1c850ed1dfa88e7d22bfd5b595cd04695115ed8e65947a823
2025/09/16 14:15:30 ELECTRUM: GetBestBlock called
2025/09/16 14:15:30 ELECTRUM: Subscribing to headers to get current height
2025/09/16 14:15:31 ELECTRUM: Got current height 4670364 from headers subscription
2025/09/16 14:15:31 ELECTRUM: Returning hash 00000000000147b1c850ed1dfa88e7d22bfd5b595cd04695115ed8e65947a823 for height 4670364 (from headers subscription)
2025-09-16 14:15:31.427 [DBG] LTND lnd.go:727: Syncing to block chain rev=08ae35 best_block_time="2025-09-16 14:15:26 -0400 EDT" is_synced=false
2025/09/16 14:15:32 ELECTRUM: GetBestBlock called
2025/09/16 14:15:32 ELECTRUM: Subscribing to headers to get current height
2025/09/16 14:15:32 ELECTRUM: Got current height 4670366 from headers subscription
2025/09/16 14:15:32 ELECTRUM: Returning hash 000000000000253c0bbbbba945f685c64c1a43dceab107067138da82a0f4f932 for height 4670366 (from headers subscription)
2025/09/16 14:15:32 ELECTRUM: GetBlockHeader called for hash: 000000000000253c0bbbbba945f685c64c1a43dceab107067138da82a0f4f932
2025/09/16 14:15:32 ELECTRUM: GetBestBlock called
2025/09/16 14:15:32 ELECTRUM: Subscribing to headers to get current height
2025/09/16 14:15:32 ELECTRUM: Got current height 4670366 from headers subscription
2025/09/16 14:15:32 ELECTRUM: Returning hash 000000000000253c0bbbbba945f685c64c1a43dceab107067138da82a0f4f932 for height 4670366 (from headers subscription)
2025-09-16 14:15:33.132 [DBG] LTND lnd.go:727: Syncing to block chain rev=08ae35 best_block_time="2025-09-16 14:15:36 -0400 EDT" is_synced=false
2025/09/16 14:15:34 ELECTRUM: GetBestBlock called
2025/09/16 14:15:34 ELECTRUM: Subscribing to headers to get current height
2025/09/16 14:15:34 ELECTRUM: Got current height 4670367 from headers subscription
2025/09/16 14:15:34 ELECTRUM: Returning hash 00000000000076b50c445f0ebb8097ffb2d085cf65f18134ad8a4148094a019d for height 4670367 (from headers subscription)
2025/09/16 14:15:34 ELECTRUM: GetBlockHeader called for hash: 00000000000076b50c445f0ebb8097ffb2d085cf65f18134ad8a4148094a019d
2025/09/16 14:15:34 ELECTRUM: GetBestBlock called
2025/09/16 14:15:34 ELECTRUM: Subscribing to headers to get current height
2025/09/16 14:15:34 ELECTRUM: Got current height 4670367 from headers subscription
2025/09/16 14:15:34 ELECTRUM: Returning hash 00000000000076b50c445f0ebb8097ffb2d085cf65f18134ad8a4148094a019d for height 4670367 (from headers subscription)
2025-09-16 14:15:34.831 [DBG] LTND lnd.go:727: Syncing to block chain rev=08ae35 best_block_time="2025-09-16 14:15:32 -0400 EDT" is_synced=false
2025/09/16 14:15:35 ELECTRUM: GetBestBlock called
2025/09/16 14:15:35 ELECTRUM: Subscribing to headers to get current height
2025/09/16 14:15:36 ELECTRUM: Got current height 4670368 from headers subscription
2025/09/16 14:15:36 ELECTRUM: Returning hash 00000000d18d781875986f02b10a79b4937e656209fdbeca39245928dc0443d7 for height 4670368 (from headers subscription)
2025/09/16 14:15:36 ELECTRUM: GetBlockHeader called for hash: 00000000d18d781875986f02b10a79b4937e656209fdbeca39245928dc0443d7
2025/09/16 14:15:36 ELECTRUM: GetBestBlock called
2025/09/16 14:15:36 ELECTRUM: Subscribing to headers to get current height
2025/09/16 14:15:36 ELECTRUM: Got current height 4670368 from headers subscription
2025/09/16 14:15:36 ELECTRUM: Returning hash 00000000d18d781875986f02b10a79b4937e656209fdbeca39245928dc0443d7 for height 4670368 (from headers subscription)
2025-09-16 14:15:36.527 [DBG] LTND lnd.go:727: Syncing to block chain rev=08ae35 best_block_time="2025-09-16 14:35:33 -0400 EDT" is_synced=false
2025/09/16 14:15:37 ELECTRUM: GetBestBlock called
2025/09/16 14:15:37 ELECTRUM: Subscribing to headers to get current height
2025/09/16 14:15:37 ELECTRUM: Got current height 4670369 from headers subscription
2025/09/16 14:15:37 ELECTRUM: Returning hash 0000000000015c2284147bbeda408885280380b59737e35303f82e48fddf9ebe for height 4670369 (from headers subscription)
2025/09/16 14:15:37 ELECTRUM: GetBlockHeader called for hash: 0000000000015c2284147bbeda408885280380b59737e35303f82e48fddf9ebe
2025/09/16 14:15:37 ELECTRUM: GetBestBlock called
2025/09/16 14:15:37 ELECTRUM: Subscribing to headers to get current height
2025/09/16 14:15:37 ELECTRUM: Got current height 4670369 from headers subscription
2025/09/16 14:15:37 ELECTRUM: Returning hash 0000000000015c2284147bbeda408885280380b59737e35303f82e48fddf9ebe for height 4670369 (from headers subscription)
2025-09-16 14:15:38.225 [DBG] LTND lnd.go:727: Syncing to block chain rev=08ae35 best_block_time="2025-09-16 14:15:35 -0400 EDT" is_synced=false
2025/09/16 14:15:39 ELECTRUM: GetBestBlock called
2025/09/16 14:15:39 ELECTRUM: Subscribing to headers to get current height
2025/09/16 14:15:39 ELECTRUM: Got current height 4670369 from headers subscription
2025/09/16 14:15:39 ELECTRUM: Returning hash 0000000000015c2284147bbeda408885280380b59737e35303f82e48fddf9ebe for height 4670369 (from headers subscription)
2025/09/16 14:15:39 ELECTRUM: GetBlockHeader called for hash: 0000000000015c2284147bbeda408885280380b59737e35303f82e48fddf9ebe
2025/09/16 14:15:39 ELECTRUM: GetBestBlock called
2025/09/16 14:15:39 ELECTRUM: Subscribing to headers to get current height
2025/09/16 14:15:39 ELECTRUM: Got current height 4670369 from headers subscription
2025/09/16 14:15:39 ELECTRUM: Returning hash 0000000000015c2284147bbeda408885280380b59737e35303f82e48fddf9ebe for height 4670369 (from headers subscription)
2025-09-16 14:15:39.923 [DBG] LTND lnd.go:727: Syncing to block chain rev=08ae35 best_block_time="2025-09-16 14:15:35 -0400 EDT" is_synced=false
2025/09/16 14:15:40 ELECTRUM: GetBestBlock called
2025/09/16 14:15:40 ELECTRUM: Subscribing to headers to get current height
2025/09/16 14:15:41 ELECTRUM: Got current height 4670370 from headers subscription
2025/09/16 14:15:41 ELECTRUM: Returning hash 0000000000003f85bf0d4c8bb2ac6b1edb3f2b1ff9e486eb4911c4cb725b61ce for height 4670370 (from headers subscription)
2025/09/16 14:15:41 ELECTRUM: GetBlockHeader called for hash: 0000000000003f85bf0d4c8bb2ac6b1edb3f2b1ff9e486eb4911c4cb725b61ce
2025/09/16 14:15:41 ELECTRUM: GetBestBlock called
2025/09/16 14:15:41 ELECTRUM: Subscribing to headers to get current height
2025/09/16 14:15:41 ELECTRUM: Got current height 4670370 from headers subscription
2025/09/16 14:15:41 ELECTRUM: Returning hash 0000000000003f85bf0d4c8bb2ac6b1edb3f2b1ff9e486eb4911c4cb725b61ce for height 4670370 (from headers subscription)
2025-09-16 14:15:41.629 [DBG] LTND lnd.go:727: Syncing to block chain rev=08ae35 best_block_time="2025-09-16 14:15:38 -0400 EDT" is_synced=false
2025/09/16 14:15:42 ELECTRUM: GetBestBlock called
2025/09/16 14:15:42 ELECTRUM: Subscribing to headers to get current height
2025/09/16 14:15:42 ELECTRUM: Got current height 4670371 from headers subscription
2025/09/16 14:15:42 ELECTRUM: Returning hash 000000002e316bd6f8a094211e986eb445b827b98ba0ad7a4ac72ca1c8d4f2b9 for height 4670371 (from headers subscription)
2025/09/16 14:15:42 ELECTRUM: GetBlockHeader called for hash: 000000002e316bd6f8a094211e986eb445b827b98ba0ad7a4ac72ca1c8d4f2b9
2025/09/16 14:15:42 ELECTRUM: GetBestBlock called
2025/09/16 14:15:42 ELECTRUM: Subscribing to headers to get current height
2025/09/16 14:15:43 ELECTRUM: Got current height 4670371 from headers subscription
2025/09/16 14:15:43 ELECTRUM: Returning hash 000000002e316bd6f8a094211e986eb445b827b98ba0ad7a4ac72ca1c8d4f2b9 for height 4670371 (from headers subscription)
2025-09-16 14:15:43.326 [DBG] LTND lnd.go:727: Syncing to block chain rev=08ae35 best_block_time="2025-09-16 14:35:39 -0400 EDT" is_synced=false
2025/09/16 14:15:44 ELECTRUM: GetBestBlock called
2025/09/16 14:15:44 ELECTRUM: Subscribing to headers to get current height
2025/09/16 14:15:44 ELECTRUM: Got current height 4670371 from headers subscription
2025/09/16 14:15:44 ELECTRUM: Returning hash 000000002e316bd6f8a094211e986eb445b827b98ba0ad7a4ac72ca1c8d4f2b9 for height 4670371 (from headers subscription)
2025/09/16 14:15:44 ELECTRUM: GetBlockHeader called for hash: 000000002e316bd6f8a094211e986eb445b827b98ba0ad7a4ac72ca1c8d4f2b9
2025/09/16 14:15:44 ELECTRUM: GetBestBlock called
2025/09/16 14:15:44 ELECTRUM: Subscribing to headers to get current height
2025/09/16 14:15:44 ELECTRUM: Got current height 4670371 from headers subscription
2025/09/16 14:15:44 ELECTRUM: Returning hash 000000002e316bd6f8a094211e986eb445b827b98ba0ad7a4ac72ca1c8d4f2b9 for height 4670371 (from headers subscription)
2025-09-16 14:15:45.023 [DBG] LTND lnd.go:727: Syncing to block chain rev=08ae35 best_block_time="2025-09-16 14:35:39 -0400 EDT" is_synced=false
2025/09/16 14:15:46 ELECTRUM: GetBestBlock called
2025/09/16 14:15:46 ELECTRUM: Subscribing to headers to get current height
2025/09/16 14:15:46 ELECTRUM: Got current height 4670372 from headers subscription
2025/09/16 14:15:46 ELECTRUM: Returning hash 00000000000017bfb0799a29962d9c65b959f543d46140a4357a15e72c6d157d for height 4670372 (from headers subscription)
2025/09/16 14:15:46 ELECTRUM: GetBlockHeader called for hash: 00000000000017bfb0799a29962d9c65b959f543d46140a4357a15e72c6d157d
2025/09/16 14:15:46 ELECTRUM: GetBestBlock called
2025/09/16 14:15:46 ELECTRUM: Subscribing to headers to get current height
2025/09/16 14:15:46 ELECTRUM: Got current height 4670372 from headers subscription
2025/09/16 14:15:46 ELECTRUM: Returning hash 00000000000017bfb0799a29962d9c65b959f543d46140a4357a15e72c6d157d for height 4670372 (from headers subscription)
2025-09-16 14:15:46.719 [DBG] LTND lnd.go:727: Syncing to block chain rev=08ae35 best_block_time="2025-09-16 14:15:41 -0400 EDT" is_synced=false
2025/09/16 14:15:47 ELECTRUM: GetBestBlock called
2025/09/16 14:15:47 ELECTRUM: Subscribing to headers to get current height
2025/09/16 14:15:47 ELECTRUM: Got current height 4670372 from headers subscription
2025/09/16 14:15:47 ELECTRUM: Returning hash 00000000000017bfb0799a29962d9c65b959f543d46140a4357a15e72c6d157d for height 4670372 (from headers subscription)
2025/09/16 14:15:47 ELECTRUM: GetBlockHeader called for hash: 00000000000017bfb0799a29962d9c65b959f543d46140a4357a15e72c6d157d
2025/09/16 14:15:47 ELECTRUM: GetBestBlock called
2025/09/16 14:15:47 ELECTRUM: Subscribing to headers to get current height
2025/09/16 14:15:48 ELECTRUM: GetBestBlock called
2025/09/16 14:15:48 ELECTRUM: Subscribing to headers to get current height
2025/09/16 14:15:48 ELECTRUM: Got current height 4670373 from headers subscription
2025/09/16 14:15:48 ELECTRUM: Returning hash 00000000830a5fce6e50708e0698b0c17696526b8804f37ae8cb6742f67f85d0 for height 4670373 (from headers subscription)
2025/09/16 14:15:48 ELECTRUM: Got current height 4670373 from headers subscription
2025/09/16 14:15:48 ELECTRUM: Returning hash 00000000830a5fce6e50708e0698b0c17696526b8804f37ae8cb6742f67f85d0 for height 4670373 (from headers subscription)
2025/09/16 14:15:48 ELECTRUM: Checking for new blocks - current: 4670373, last known: 4670360
2025/09/16 14:15:48 ELECTRUM: New block detected! Height: 4670373 (was 4670360)
2025/09/16 14:15:48 ELECTRUM: Sending block connected notification for height 4670373
2025/09/16 14:15:48 ELECTRUM: Block notification sent successfully for height 4670373
2025/09/16 14:15:49 ELECTRUM: GetBestBlock called
2025/09/16 14:15:49 ELECTRUM: Subscribing to headers to get current height
2025/09/16 14:15:49 ELECTRUM: Got current height 4670373 from headers subscription
2025/09/16 14:15:49 ELECTRUM: Returning hash 00000000830a5fce6e50708e0698b0c17696526b8804f37ae8cb6742f67f85d0 for height 4670373 (from headers subscription)
2025/09/16 14:15:49 ELECTRUM: Checking for new blocks - current: 4670373, last known: 4670361
2025/09/16 14:15:49 ELECTRUM: New block detected! Height: 4670373 (was 4670361)
2025/09/16 14:15:49 ELECTRUM: Sending block connected notification for height 4670373
2025/09/16 14:15:49 ELECTRUM: Block notification sent successfully for height 4670373
2025/09/16 14:15:49 ELECTRUM: GetBestBlock called
2025/09/16 14:15:49 ELECTRUM: Subscribing to headers to get current height
2025/09/16 14:15:49 ELECTRUM: Got current height 4670374 from headers subscription
2025/09/16 14:15:49 ELECTRUM: Returning hash 000000000000706d3180b378f92d81862b37b4312c1e0391af01be0e96d7fc4a for height 4670374 (from headers subscription)
2025/09/16 14:15:49 ELECTRUM: Checking for new blocks - current: 4670374, last known: 4670361
2025/09/16 14:15:49 ELECTRUM: New block detected! Height: 4670374 (was 4670361)
2025/09/16 14:15:49 ELECTRUM: Sending block connected notification for height 4670374
2025/09/16 14:15:49 ELECTRUM: Block notification sent successfully for height 4670374
2025-09-16 14:16:12.683 [DBG] LTND lnd.go:727: Syncing to block chain rev=08ae35 best_block_time="2025-09-16 14:15:41 -0400 EDT" is_synced=false
2025/09/16 14:16:13 ELECTRUM: GetBestBlock called
2025/09/16 14:16:13 ELECTRUM: Subscribing to headers to get current height
2025/09/16 14:16:13 ELECTRUM: Got current height 4670383 from headers subscription
2025/09/16 14:16:13 ELECTRUM: Returning hash 0000000000032f606099ddb98f0fec4ee519cf2a9b48f148e2a194ffdd6277ea for height 4670383 (from headers subscription)
2025/09/16 14:16:13 ELECTRUM: GetBlockHeader called for hash: 0000000000032f606099ddb98f0fec4ee519cf2a9b48f148e2a194ffdd6277ea
2025/09/16 14:16:13 ELECTRUM: GetBestBlock called
2025/09/16 14:16:13 ELECTRUM: Subscribing to headers to get current height
2025/09/16 14:16:14 ELECTRUM: Got current height 4670383 from headers subscription
2025/09/16 14:16:14 ELECTRUM: Returning hash 0000000000032f606099ddb98f0fec4ee519cf2a9b48f148e2a194ffdd6277ea for height 4670383 (from headers subscription)
2025-09-16 14:16:14.490 [DBG] LTND lnd.go:727: Syncing to block chain rev=08ae35 best_block_time="2025-09-16 14:16:11 -0400 EDT" is_synced=false
2025/09/16 14:16:15 ELECTRUM: GetBestBlock called
2025/09/16 14:16:15 ELECTRUM: Subscribing to headers to get current height
2025/09/16 14:16:15 ELECTRUM: Got current height 4670383 from headers subscription
2025/09/16 14:16:15 ELECTRUM: Returning hash 0000000000032f606099ddb98f0fec4ee519cf2a9b48f148e2a194ffdd6277ea for height 4670383 (from headers subscription)
2025/09/16 14:16:15 ELECTRUM: GetBlockHeader called for hash: 0000000000032f606099ddb98f0fec4ee519cf2a9b48f148e2a194ffdd6277ea
2025/09/16 14:16:15 ELECTRUM: GetBestBlock called
2025/09/16 14:16:15 ELECTRUM: Subscribing to headers to get current height
2025/09/16 14:16:16 ELECTRUM: Got current height 4670383 from headers subscription
2025/09/16 14:16:16 ELECTRUM: Returning hash 0000000000032f606099ddb98f0fec4ee519cf2a9b48f148e2a194ffdd6277ea for height 4670383 (from headers subscription)
2025-09-16 14:16:16.262 [DBG] LTND lnd.go:727: Syncing to block chain rev=08ae35 best_block_time="2025-09-16 14:16:11 -0400 EDT" is_synced=false
2025/09/16 14:16:17 ELECTRUM: GetBestBlock called
2025/09/16 14:16:17 ELECTRUM: Subscribing to headers to get current height
2025/09/16 14:16:17 ELECTRUM: Got current height 4670384 from headers subscription
2025/09/16 14:16:17 ELECTRUM: Returning hash 000000000002296f89ef58bd77867deff220c323565d49b53d1ad1e6648257d7 for height 4670384 (from headers subscription)
2025/09/16 14:16:17 ELECTRUM: GetBlockHeader called for hash: 000000000002296f89ef58bd77867deff220c323565d49b53d1ad1e6648257d7
2025/09/16 14:16:17 ELECTRUM: GetBestBlock called
2025/09/16 14:16:17 ELECTRUM: Subscribing to headers to get current height
2025/09/16 14:16:17 ELECTRUM: Got current height 4670384 from headers subscription
2025/09/16 14:16:17 ELECTRUM: Returning hash 000000000002296f89ef58bd77867deff220c323565d49b53d1ad1e6648257d7 for height 4670384 (from headers subscription)
2025-09-16 14:16:18.029 [DBG] LTND lnd.go:727: Syncing to block chain rev=08ae35 best_block_time="2025-09-16 14:16:14 -0400 EDT" is_synced=false
2025/09/16 14:16:18 ELECTRUM: GetBestBlock called
2025/09/16 14:16:18 ELECTRUM: Subscribing to headers to get current height
2025/09/16 14:16:18 ELECTRUM: Got current height 4670384 from headers subscription
2025/09/16 14:16:18 ELECTRUM: Returning hash 000000000002296f89ef58bd77867deff220c323565d49b53d1ad1e6648257d7 for height 4670384 (from headers subscription)
2025/09/16 14:16:18 ELECTRUM: Checking for new blocks - current: 4670384, last known: 4670373
2025/09/16 14:16:18 ELECTRUM: New block detected! Height: 4670384 (was 4670373)
2025/09/16 14:16:18 ELECTRUM: Sending block connected notification for height 4670384
2025/09/16 14:16:18 ELECTRUM: Block notification sent successfully for height 4670384
2025/09/16 14:16:19 ELECTRUM: GetBestBlock called
2025/09/16 14:16:19 ELECTRUM: Subscribing to headers to get current height
2025/09/16 14:16:19 ELECTRUM: Got current height 4670384 from headers subscription
2025/09/16 14:16:19 ELECTRUM: Returning hash 000000000002296f89ef58bd77867deff220c323565d49b53d1ad1e6648257d7 for height 4670384 (from headers subscription)
2025/09/16 14:16:19 ELECTRUM: GetBlockHeader called for hash: 000000000002296f89ef58bd77867deff220c323565d49b53d1ad1e6648257d7
2025/09/16 14:16:19 ELECTRUM: GetBestBlock called
2025/09/16 14:16:19 ELECTRUM: Subscribing to headers to get current height
2025/09/16 14:16:19 ELECTRUM: GetBestBlock called
2025/09/16 14:16:19 ELECTRUM: Subscribing to headers to get current height
2025/09/16 14:16:19 ELECTRUM: Got current height 4670384 from headers subscription
2025/09/16 14:16:19 ELECTRUM: Returning hash 000000000002296f89ef58bd77867deff220c323565d49b53d1ad1e6648257d7 for height 4670384 (from headers subscription)
2025/09/16 14:16:19 ELECTRUM: Got current height 4670384 from headers subscription
2025/09/16 14:16:19 ELECTRUM: Returning hash 000000000002296f89ef58bd77867deff220c323565d49b53d1ad1e6648257d7 for height 4670384 (from headers subscription)
2025/09/16 14:16:19 ELECTRUM: Checking for new blocks - current: 4670384, last known: 4670373
2025/09/16 14:16:19 ELECTRUM: New block detected! Height: 4670384 (was 4670373)
2025/09/16 14:16:19 ELECTRUM: Sending block connected notification for height 4670384
2025/09/16 14:16:19 ELECTRUM: Block notification sent successfully for height 4670384
2025/09/16 14:16:19 ELECTRUM: GetBestBlock called
2025/09/16 14:16:19 ELECTRUM: Subscribing to headers to get current height
2025-09-16 14:16:19.728 [DBG] LTND lnd.go:727: Syncing to block chain rev=08ae35 best_block_time="2025-09-16 14:16:14 -0400 EDT" is_synced=false
2025/09/16 14:16:19 ELECTRUM: Got current height 4670384 from headers subscription
2025/09/16 14:16:19 ELECTRUM: Returning hash 000000000002296f89ef58bd77867deff220c323565d49b53d1ad1e6648257d7 for height 4670384 (from headers subscription)
2025/09/16 14:16:19 ELECTRUM: Checking for new blocks - current: 4670384, last known: 4670374
2025/09/16 14:16:19 ELECTRUM: New block detected! Height: 4670384 (was 4670374)
2025/09/16 14:16:19 ELECTRUM: Sending block connected notification for height 4670384
2025/09/16 14:16:19 ELECTRUM: Block notification sent successfully for height 4670384
2025/09/16 14:16:20 ELECTRUM: GetBestBlock called
2025/09/16 14:16:20 ELECTRUM: Subscribing to headers to get current height
2025/09/16 14:16:20 ELECTRUM: Got current height 4670384 from headers subscription
2025/09/16 14:16:20 ELECTRUM: Returning hash 000000000002296f89ef58bd77867deff220c323565d49b53d1ad1e6648257d7 for height 4670384 (from headers subscription)
2025/09/16 14:16:20 ELECTRUM: GetBlockHeader called for hash: 000000000002296f89ef58bd77867deff220c323565d49b53d1ad1e6648257d7
2025/09/16 14:16:20 ELECTRUM: GetBestBlock called
2025/09/16 14:16:20 ELECTRUM: Subscribing to headers to get current height
2025/09/16 14:16:21 ELECTRUM: Got current height 4670385 from headers subscription
2025/09/16 14:16:21 ELECTRUM: Returning hash 000000000003fb0b386f95a900c54229331189d70baff16ecd50a1b527745d93 for height 4670385 (from headers subscription)
2025-09-16 14:16:44.589 [DBG] LTND lnd.go:727: Syncing to block chain rev=08ae35 best_block_time="2025-09-16 14:16:14 -0400 EDT" is_synced=false
2025/09/16 14:16:45 ELECTRUM: GetBestBlock called
2025/09/16 14:16:45 ELECTRUM: Subscribing to headers to get current height
2025/09/16 14:16:45 ELECTRUM: Got current height 4670393 from headers subscription
2025/09/16 14:16:45 ELECTRUM: Returning hash 0000000000001ea3abaf28c2dd0c1771856da965b97bba8e3910a4c343fdda7e for height 4670393 (from headers subscription)
2025/09/16 14:16:45 ELECTRUM: GetBlockHeader called for hash: 0000000000001ea3abaf28c2dd0c1771856da965b97bba8e3910a4c343fdda7e
2025/09/16 14:16:45 ELECTRUM: GetBestBlock called
2025/09/16 14:16:45 ELECTRUM: Subscribing to headers to get current height
2025/09/16 14:16:46 ELECTRUM: Got current height 4670393 from headers subscription
2025/09/16 14:16:46 ELECTRUM: Returning hash 0000000000001ea3abaf28c2dd0c1771856da965b97bba8e3910a4c343fdda7e for height 4670393 (from headers subscription)
2025-09-16 14:16:46.294 [DBG] LTND lnd.go:727: Syncing to block chain rev=08ae35 best_block_time="2025-09-16 14:16:41 -0400 EDT" is_synced=false
2025/09/16 14:16:47 ELECTRUM: GetBestBlock called
2025/09/16 14:16:47 ELECTRUM: Subscribing to headers to get current height
2025/09/16 14:16:47 ELECTRUM: Got current height 4670394 from headers subscription
2025/09/16 14:16:47 ELECTRUM: Returning hash 00000000000370dbc28ed935ac8055abfd5bcf38939ff94f8d681debbafe471b for height 4670394 (from headers subscription)
2025/09/16 14:16:47 ELECTRUM: GetBlockHeader called for hash: 00000000000370dbc28ed935ac8055abfd5bcf38939ff94f8d681debbafe471b
2025/09/16 14:16:47 ELECTRUM: GetBestBlock called
2025/09/16 14:16:47 ELECTRUM: Subscribing to headers to get current height
2025/09/16 14:16:47 ELECTRUM: Got current height 4670395 from headers subscription
2025/09/16 14:16:47 ELECTRUM: Returning hash 0000000000003f24e3290761727dd4f1014001ec1727e29c979e777f526e34fb for height 4670395 (from headers subscription)
2025/09/16 14:16:48 ELECTRUM: GetBestBlock called
2025/09/16 14:16:48 ELECTRUM: Subscribing to headers to get current height
2025/09/16 14:16:48 ELECTRUM: Got current height 4670395 from headers subscription
2025/09/16 14:16:48 ELECTRUM: Returning hash 0000000000003f24e3290761727dd4f1014001ec1727e29c979e777f526e34fb for height 4670395 (from headers subscription)
2025/09/16 14:16:48 ELECTRUM: Checking for new blocks - current: 4670395, last known: 4670384
2025/09/16 14:16:48 ELECTRUM: New block detected! Height: 4670395 (was 4670384)
2025/09/16 14:16:48 ELECTRUM: Sending block connected notification for height 4670395
2025/09/16 14:16:48 ELECTRUM: Block notification sent successfully for height 4670395
2025/09/16 14:16:49 ELECTRUM: GetBestBlock called
2025/09/16 14:16:49 ELECTRUM: Subscribing to headers to get current height
2025/09/16 14:16:49 ELECTRUM: Got current height 4670395 from headers subscription
2025/09/16 14:16:49 ELECTRUM: Returning hash 0000000000003f24e3290761727dd4f1014001ec1727e29c979e777f526e34fb for height 4670395 (from headers subscription)
2025/09/16 14:16:49 ELECTRUM: Checking for new blocks - current: 4670395, last known: 4670384
2025/09/16 14:16:49 ELECTRUM: New block detected! Height: 4670395 (was 4670384)
2025/09/16 14:16:49 ELECTRUM: Sending block connected notification for height 4670395
2025/09/16 14:16:49 ELECTRUM: Block notification sent successfully for height 4670395
2025/09/16 14:16:49 ELECTRUM: GetBestBlock called
2025/09/16 14:16:49 ELECTRUM: Subscribing to headers to get current height
2025/09/16 14:16:49 ELECTRUM: Got current height 4670395 from headers subscription
2025/09/16 14:16:49 ELECTRUM: Returning hash 0000000000003f24e3290761727dd4f1014001ec1727e29c979e777f526e34fb for height 4670395 (from headers subscription)
2025/09/16 14:16:49 ELECTRUM: Checking for new blocks - current: 4670395, last known: 4670384
2025/09/16 14:16:49 ELECTRUM: New block detected! Height: 4670395 (was 4670384)
2025/09/16 14:16:49 ELECTRUM: Sending block connected notification for height 4670395
2025/09/16 14:16:49 ELECTRUM: Block notification sent successfully for height 4670395
2025-09-16 14:17:11.196 [DBG] LTND lnd.go:727: Syncing to block chain rev=08ae35 best_block_time="2025-09-16 14:16:53 -0400 EDT" is_synced=false
2025/09/16 14:17:12 ELECTRUM: GetBestBlock called
2025/09/16 14:17:12 ELECTRUM: Subscribing to headers to get current height
2025/09/16 14:17:12 ELECTRUM: Got current height 4670406 from headers subscription
2025/09/16 14:17:12 ELECTRUM: Returning hash 000000000000473a76e08c979512925790abb1a060e5a02f90bd2eb8f53b6198 for height 4670406 (from headers subscription)
2025/09/16 14:17:12 ELECTRUM: GetBlockHeader called for hash: 000000000000473a76e08c979512925790abb1a060e5a02f90bd2eb8f53b6198
2025/09/16 14:17:12 ELECTRUM: GetBestBlock called
2025/09/16 14:17:12 ELECTRUM: Subscribing to headers to get current height
2025/09/16 14:17:12 ELECTRUM: Got current height 4670406 from headers subscription
2025/09/16 14:17:12 ELECTRUM: Returning hash 000000000000473a76e08c979512925790abb1a060e5a02f90bd2eb8f53b6198 for height 4670406 (from headers subscription)
2025-09-16 14:17:12.904 [DBG] LTND lnd.go:727: Syncing to block chain rev=08ae35 best_block_time="2025-09-16 14:17:20 -0400 EDT" is_synced=false
2025/09/16 14:17:13 ELECTRUM: GetBestBlock called
2025/09/16 14:17:13 ELECTRUM: Subscribing to headers to get current height
2025/09/16 14:17:14 ELECTRUM: Got current height 4670407 from headers subscription
2025/09/16 14:17:14 ELECTRUM: Returning hash 0000000000003f7f9c90ee30adfab8f21e4663e1d714ceda11451b13f5a8d322 for height 4670407 (from headers subscription)
2025/09/16 14:17:14 ELECTRUM: GetBlockHeader called for hash: 0000000000003f7f9c90ee30adfab8f21e4663e1d714ceda11451b13f5a8d322
2025/09/16 14:17:14 ELECTRUM: GetBestBlock called
2025/09/16 14:17:14 ELECTRUM: Subscribing to headers to get current height
2025/09/16 14:17:14 ELECTRUM: Got current height 4670407 from headers subscription
2025/09/16 14:17:14 ELECTRUM: Returning hash 0000000000003f7f9c90ee30adfab8f21e4663e1d714ceda11451b13f5a8d322 for height 4670407 (from headers subscription)
2025-09-16 14:17:14.607 [DBG] LTND lnd.go:727: Syncing to block chain rev=08ae35 best_block_time="2025-09-16 14:17:17 -0400 EDT" is_synced=false
2025-09-16 14:17:15.192 [DBG] RPCS interceptor.go:775: [/lnrpc.Lightning/WalletBalance] requested
2025-09-16 14:17:15.192 [INF] BTWL btcwallet.go:851: BTCWALLET: ConfirmedBalance called with confs=0, accountFilter=default
2025-09-16 14:17:15.193 [INF] BTWL btcwallet.go:1569: BTCWALLET: Adding 8 discovered Electrum transactions to witness outputs
2025-09-16 14:17:15.193 [INF] BTWL btcwallet.go:851: BTCWALLET: ConfirmedBalance called with confs=1, accountFilter=default
2025-09-16 14:17:15.193 [INF] BTWL btcwallet.go:1569: BTCWALLET: Adding 8 discovered Electrum transactions to witness outputs
2025-09-16 14:17:15.193 [DBG] RPCS rpcserver.go:3746: [walletbalance] Total balance=0.00090782 BTC (confirmed=0.00090782 BTC, unconfirmed=0 BTC, locked=0 BTC)
2025/09/16 14:17:15 ELECTRUM: GetBestBlock called
2025/09/16 14:17:15 ELECTRUM: Subscribing to headers to get current height
2025/09/16 14:17:15 ELECTRUM: Got current height 4670408 from headers subscription
2025/09/16 14:17:15 ELECTRUM: Returning hash 00000000000307ddb2167edfbff7421679b45b331f357f707a108388f89704f9 for height 4670408 (from headers subscription)
2025/09/16 14:17:15 ELECTRUM: GetBlockHeader called for hash: 00000000000307ddb2167edfbff7421679b45b331f357f707a108388f89704f9
2025/09/16 14:17:15 ELECTRUM: GetBestBlock called
2025/09/16 14:17:15 ELECTRUM: Subscribing to headers to get current height
2025/09/16 14:17:16 ELECTRUM: Got current height 4670408 from headers subscription
2025/09/16 14:17:16 ELECTRUM: Returning hash 00000000000307ddb2167edfbff7421679b45b331f357f707a108388f89704f9 for height 4670408 (from headers subscription)
2025-09-16 14:17:16.369 [DBG] LTND lnd.go:727: Syncing to block chain rev=08ae35 best_block_time="2025-09-16 14:17:13 -0400 EDT" is_synced=false
2025/09/16 14:17:17 ELECTRUM: GetBestBlock called
2025/09/16 14:17:17 ELECTRUM: Subscribing to headers to get current height
2025/09/16 14:17:17 ELECTRUM: Got current height 4670408 from headers subscription
2025/09/16 14:17:17 ELECTRUM: Returning hash 00000000000307ddb2167edfbff7421679b45b331f357f707a108388f89704f9 for height 4670408 (from headers subscription)
2025/09/16 14:17:17 ELECTRUM: GetBlockHeader called for hash: 00000000000307ddb2167edfbff7421679b45b331f357f707a108388f89704f9
2025/09/16 14:17:17 ELECTRUM: GetBestBlock called
2025/09/16 14:17:17 ELECTRUM: Subscribing to headers to get current height
2025/09/16 14:17:17 ELECTRUM: Got current height 4670408 from headers subscription
2025/09/16 14:17:17 ELECTRUM: Returning hash 00000000000307ddb2167edfbff7421679b45b331f357f707a108388f89704f9 for height 4670408 (from headers subscription)
2025-09-16 14:17:18.067 [DBG] LTND lnd.go:727: Syncing to block chain rev=08ae35 best_block_time="2025-09-16 14:17:13 -0400 EDT" is_synced=false
2025/09/16 14:17:18 ELECTRUM: GetBestBlock called
2025/09/16 14:17:18 ELECTRUM: Subscribing to headers to get current height
2025/09/16 14:17:18 ELECTRUM: Got current height 4670409 from headers subscription
2025/09/16 14:17:18 ELECTRUM: Returning hash 0000000000001257e0b577f40d556ae137f5fef9f0177ce848e36f0ee369ac02 for height 4670409 (from headers subscription)
2025/09/16 14:17:18 ELECTRUM: Checking for new blocks - current: 4670409, last known: 4670395
2025/09/16 14:17:18 ELECTRUM: New block detected! Height: 4670409 (was 4670395)
2025/09/16 14:17:18 ELECTRUM: Sending block connected notification for height 4670409
2025/09/16 14:17:18 ELECTRUM: Block notification sent successfully for height 4670409
2025/09/16 14:17:19 ELECTRUM: GetBestBlock called
2025/09/16 14:17:19 ELECTRUM: Subscribing to headers to get current height
2025/09/16 14:17:19 ELECTRUM: Got current height 4670409 from headers subscription
2025/09/16 14:17:19 ELECTRUM: Returning hash 0000000000001257e0b577f40d556ae137f5fef9f0177ce848e36f0ee369ac02 for height 4670409 (from headers subscription)
2025/09/16 14:17:19 ELECTRUM: GetBlockHeader called for hash: 0000000000001257e0b577f40d556ae137f5fef9f0177ce848e36f0ee369ac02
2025/09/16 14:17:19 ELECTRUM: GetBestBlock called
2025/09/16 14:17:19 ELECTRUM: Subscribing to headers to get current height
2025/09/16 14:17:19 ELECTRUM: GetBestBlock called
2025/09/16 14:17:19 ELECTRUM: Subscribing to headers to get current height
2025/09/16 14:17:19 ELECTRUM: Got current height 4670409 from headers subscription
2025/09/16 14:17:19 ELECTRUM: Returning hash 0000000000001257e0b577f40d556ae137f5fef9f0177ce848e36f0ee369ac02 for height 4670409 (from headers subscription)
2025/09/16 14:17:19 ELECTRUM: Got current height 4670409 from headers subscription
2025/09/16 14:17:19 ELECTRUM: Returning hash 0000000000001257e0b577f40d556ae137f5fef9f0177ce848e36f0ee369ac02 for height 4670409 (from headers subscription)
2025/09/16 14:17:19 ELECTRUM: Checking for new blocks - current: 4670409, last known: 4670395
2025/09/16 14:17:19 ELECTRUM: New block detected! Height: 4670409 (was 4670395)
2025/09/16 14:17:19 ELECTRUM: Sending block connected notification for height 4670409
2025/09/16 14:17:19 ELECTRUM: Block notification sent successfully for height 4670409
2025/09/16 14:17:19 ELECTRUM: GetBestBlock called
2025/09/16 14:17:19 ELECTRUM: Subscribing to headers to get current height
2025-09-16 14:17:19.767 [DBG] LTND lnd.go:727: Syncing to block chain rev=08ae35 best_block_time="2025-09-16 14:17:22 -0400 EDT" is_synced=false
2025/09/16 14:17:19 ELECTRUM: Got current height 4670410 from headers subscription
2025/09/16 14:17:19 ELECTRUM: Returning hash 0000000000002efaf57a8572555c6dacaefe62b7b049c4e0a1f1309169ad9ded for height 4670410 (from headers subscription)
2025/09/16 14:17:19 ELECTRUM: Checking for new blocks - current: 4670410, last known: 4670395
2025/09/16 14:17:19 ELECTRUM: New block detected! Height: 4670410 (was 4670395)
2025/09/16 14:17:19 ELECTRUM: Sending block connected notification for height 4670410
2025/09/16 14:17:19 ELECTRUM: Block notification sent successfully for height 4670410
2025/09/16 14:17:20 ELECTRUM: GetBestBlock called
2025/09/16 14:17:20 ELECTRUM: Subscribing to headers to get current height
2025/09/16 14:17:21 ELECTRUM: Got current height 4670410 from headers subscription
2025/09/16 14:17:21 ELECTRUM: Returning hash 0000000000002efaf57a8572555c6dacaefe62b7b049c4e0a1f1309169ad9ded for height 4670410 (from headers subscription)
2025/09/16 14:17:21 ELECTRUM: GetBlockHeader called for hash: 0000000000002efaf57a8572555c6dacaefe62b7b049c4e0a1f1309169ad9ded
2025/09/16 14:17:21 ELECTRUM: GetBestBlock called
2025/09/16 14:17:21 ELECTRUM: Subscribing to headers to get current height
2025/09/16 14:17:21 ELECTRUM: Got current height 4670410 from headers subscription
2025/09/16 14:17:21 ELECTRUM: Returning hash 0000000000002efaf57a8572555c6dacaefe62b7b049c4e0a1f1309169ad9ded for height 4670410 (from headers subscription)
2025-09-16 14:17:21.473 [DBG] LTND lnd.go:727: Syncing to block chain rev=08ae35 best_block_time="2025-09-16 14:17:21 -0400 EDT" is_synced=false
2025/09/16 14:17:22 ELECTRUM: GetBestBlock called
2025/09/16 14:17:22 ELECTRUM: Subscribing to headers to get current height
2025/09/16 14:17:22 ELECTRUM: Got current height 4670410 from headers subscription
2025/09/16 14:17:22 ELECTRUM: Returning hash 0000000000002efaf57a8572555c6dacaefe62b7b049c4e0a1f1309169ad9ded for height 4670410 (from headers subscription)
2025/09/16 14:17:22 ELECTRUM: GetBlockHeader called for hash: 0000000000002efaf57a8572555c6dacaefe62b7b049c4e0a1f1309169ad9ded
2025/09/16 14:17:22 ELECTRUM: GetBestBlock called
2025/09/16 14:17:22 ELECTRUM: Subscribing to headers to get current height
2025/09/16 14:17:22 ELECTRUM: Got current height 4670411 from headers subscription
2025/09/16 14:17:22 ELECTRUM: Returning hash 0000000000027452a7c3fd05f607566b67817d6f216970aeaa2ded2419bac84f for height 4670411 (from headers subscription)
2025-09-16 14:17:46.312 [DBG] LTND lnd.go:727: Syncing to block chain rev=08ae35 best_block_time="2025-09-16 14:17:21 -0400 EDT" is_synced=false
2025/09/16 14:17:47 ELECTRUM: GetBestBlock called
2025/09/16 14:17:47 ELECTRUM: Subscribing to headers to get current height
2025/09/16 14:17:47 ELECTRUM: Got current height 4670424 from headers subscription
2025/09/16 14:17:47 ELECTRUM: Returning hash 000000000002b5d6ba79241de20204c8267ccd45166c050b87fedcc1a7ed0179 for height 4670424 (from headers subscription)
2025/09/16 14:17:47 ELECTRUM: GetBlockHeader called for hash: 000000000002b5d6ba79241de20204c8267ccd45166c050b87fedcc1a7ed0179
2025/09/16 14:17:47 ELECTRUM: GetBestBlock called
2025/09/16 14:17:47 ELECTRUM: Subscribing to headers to get current height
2025/09/16 14:17:48 ELECTRUM: Got current height 4670424 from headers subscription
2025/09/16 14:17:48 ELECTRUM: Returning hash 000000000002b5d6ba79241de20204c8267ccd45166c050b87fedcc1a7ed0179 for height 4670424 (from headers subscription)
2025/09/16 14:17:48 ELECTRUM: GetBestBlock called
2025/09/16 14:17:48 ELECTRUM: Subscribing to headers to get current height
2025-09-16 14:17:48.338 [DBG] LTND lnd.go:727: Syncing to block chain rev=08ae35 best_block_time="2025-09-16 14:17:46 -0400 EDT" is_synced=false
2025/09/16 14:17:48 ELECTRUM: Got current height 4670424 from headers subscription
2025/09/16 14:17:48 ELECTRUM: Returning hash 000000000002b5d6ba79241de20204c8267ccd45166c050b87fedcc1a7ed0179 for height 4670424 (from headers subscription)
2025/09/16 14:17:48 ELECTRUM: Checking for new blocks - current: 4670424, last known: 4670409
2025/09/16 14:17:48 ELECTRUM: New block detected! Height: 4670424 (was 4670409)
2025/09/16 14:17:48 ELECTRUM: Sending block connected notification for height 4670424
2025/09/16 14:17:48 ELECTRUM: Block notification sent successfully for height 4670424
2025/09/16 14:17:49 ELECTRUM: GetBestBlock called
2025/09/16 14:17:49 ELECTRUM: Subscribing to headers to get current height
2025/09/16 14:17:49 ELECTRUM: GetBestBlock called
2025/09/16 14:17:49 ELECTRUM: Subscribing to headers to get current height
2025/09/16 14:17:49 ELECTRUM: Got current height 4670425 from headers subscription
2025/09/16 14:17:49 ELECTRUM: Returning hash 000000000001b4c5511b5b989da76ff88de11f6e4e38469da5e0890981e8300b for height 4670425 (from headers subscription)
2025/09/16 14:17:49 ELECTRUM: GetBlockHeader called for hash: 000000000001b4c5511b5b989da76ff88de11f6e4e38469da5e0890981e8300b
2025/09/16 14:17:49 ELECTRUM: GetBestBlock called
2025/09/16 14:17:49 ELECTRUM: Subscribing to headers to get current height
2025/09/16 14:17:49 ELECTRUM: Got current height 4670425 from headers subscription
2025/09/16 14:17:49 ELECTRUM: Returning hash 000000000001b4c5511b5b989da76ff88de11f6e4e38469da5e0890981e8300b for height 4670425 (from headers subscription)
2025/09/16 14:17:49 ELECTRUM: Checking for new blocks - current: 4670425, last known: 4670409
2025/09/16 14:17:49 ELECTRUM: New block detected! Height: 4670425 (was 4670409)
2025/09/16 14:17:49 ELECTRUM: Sending block connected notification for height 4670425
2025/09/16 14:17:49 ELECTRUM: Block notification sent successfully for height 4670425
2025/09/16 14:17:49 ELECTRUM: GetBestBlock called
2025/09/16 14:17:49 ELECTRUM: Subscribing to headers to get current height
2025/09/16 14:17:49 ELECTRUM: Got current height 4670425 from headers subscription
2025/09/16 14:17:49 ELECTRUM: Returning hash 000000000001b4c5511b5b989da76ff88de11f6e4e38469da5e0890981e8300b for height 4670425 (from headers subscription)
2025/09/16 14:17:49 ELECTRUM: Got current height 4670425 from headers subscription
2025/09/16 14:17:49 ELECTRUM: Returning hash 000000000001b4c5511b5b989da76ff88de11f6e4e38469da5e0890981e8300b for height 4670425 (from headers subscription)
2025/09/16 14:17:49 ELECTRUM: Checking for new blocks - current: 4670425, last known: 4670410
2025/09/16 14:17:49 ELECTRUM: New block detected! Height: 4670425 (was 4670410)
2025/09/16 14:17:49 ELECTRUM: Sending block connected notification for height 4670425
2025/09/16 14:17:49 ELECTRUM: Block notification sent successfully for height 4670425
2025-09-16 14:17:50.038 [DBG] LTND lnd.go:727: Syncing to block chain rev=08ae35 best_block_time="2025-09-16 14:17:47 -0400 EDT" is_synced=false
2025/09/16 14:17:51 ELECTRUM: GetBestBlock called
2025/09/16 14:17:51 ELECTRUM: Subscribing to headers to get current height
2025/09/16 14:17:51 ELECTRUM: Got current height 4670426 from headers subscription
2025/09/16 14:17:51 ELECTRUM: Returning hash 0000000000003b179f079032353ff038e535043be34431ebe8f1d09d373133ff for height 4670426 (from headers subscription)
2025/09/16 14:17:51 ELECTRUM: GetBlockHeader called for hash: 0000000000003b179f079032353ff038e535043be34431ebe8f1d09d373133ff
2025/09/16 14:17:51 ELECTRUM: GetBestBlock called
2025/09/16 14:17:51 ELECTRUM: Subscribing to headers to get current height
2025/09/16 14:17:51 ELECTRUM: Got current height 4670426 from headers subscription
2025/09/16 14:17:51 ELECTRUM: Returning hash 0000000000003b179f079032353ff038e535043be34431ebe8f1d09d373133ff for height 4670426 (from headers subscription)
2025-09-16 14:17:51.739 [DBG] LTND lnd.go:727: Syncing to block chain rev=08ae35 best_block_time="2025-09-16 14:17:48 -0400 EDT" is_synced=false
2025/09/16 14:17:52 ELECTRUM: GetBestBlock called
2025/09/16 14:17:52 ELECTRUM: Subscribing to headers to get current height
2025/09/16 14:17:52 ELECTRUM: Got current height 4670429 from headers subscription
2025/09/16 14:17:52 ELECTRUM: Returning hash 000000000000759cef50682672b79f5ad91607aacc0bb00793cbc883ff60298b for height 4670429 (from headers subscription)
2025/09/16 14:17:52 ELECTRUM: GetBlockHeader called for hash: 000000000000759cef50682672b79f5ad91607aacc0bb00793cbc883ff60298b
2025/09/16 14:17:52 ELECTRUM: GetBestBlock called
2025/09/16 14:17:52 ELECTRUM: Subscribing to headers to get current height
2025/09/16 14:17:53 ELECTRUM: Got current height 4670429 from headers subscription
2025/09/16 14:17:53 ELECTRUM: Returning hash 000000000000759cef50682672b79f5ad91607aacc0bb00793cbc883ff60298b for height 4670429 (from headers subscription)
2025-09-16 14:17:53.449 [DBG] LTND lnd.go:727: Syncing to block chain rev=08ae35 best_block_time="2025-09-16 14:17:51 -0400 EDT" is_synced=false
2025/09/16 14:17:54 ELECTRUM: GetBestBlock called
2025/09/16 14:17:54 ELECTRUM: Subscribing to headers to get current height
2025/09/16 14:17:54 ELECTRUM: Got current height 4670429 from headers subscription
2025/09/16 14:17:54 ELECTRUM: Returning hash 000000000000759cef50682672b79f5ad91607aacc0bb00793cbc883ff60298b for height 4670429 (from headers subscription)
2025/09/16 14:17:54 ELECTRUM: GetBlockHeader called for hash: 000000000000759cef50682672b79f5ad91607aacc0bb00793cbc883ff60298b
2025/09/16 14:17:54 ELECTRUM: GetBestBlock called
2025/09/16 14:17:54 ELECTRUM: Subscribing to headers to get current height
2025/09/16 14:17:54 ELECTRUM: Got current height 4670429 from headers subscription
2025/09/16 14:17:54 ELECTRUM: Returning hash 000000000000759cef50682672b79f5ad91607aacc0bb00793cbc883ff60298b for height 4670429 (from headers subscription)
2025-09-16 14:17:55.150 [DBG] LTND lnd.go:727: Syncing to block chain rev=08ae35 best_block_time="2025-09-16 14:17:51 -0400 EDT" is_synced=false
2025/09/16 14:17:56 ELECTRUM: GetBestBlock called
2025/09/16 14:17:56 ELECTRUM: Subscribing to headers to get current height
2025/09/16 14:17:56 ELECTRUM: Got current height 4670430 from headers subscription
2025/09/16 14:17:56 ELECTRUM: Returning hash 0000000000004329bcdfb17438d7046251b6c286d427ba76680edda7062a4542 for height 4670430 (from headers subscription)
2025/09/16 14:17:56 ELECTRUM: GetBlockHeader called for hash: 0000000000004329bcdfb17438d7046251b6c286d427ba76680edda7062a4542
2025/09/16 14:17:56 ELECTRUM: GetBestBlock called
2025/09/16 14:17:56 ELECTRUM: Subscribing to headers to get current height
2025/09/16 14:17:56 ELECTRUM: Got current height 4670430 from headers subscription
2025/09/16 14:17:56 ELECTRUM: Returning hash 0000000000004329bcdfb17438d7046251b6c286d427ba76680edda7062a4542 for height 4670430 (from headers subscription)
2025-09-16 14:17:56.845 [DBG] LTND lnd.go:727: Syncing to block chain rev=08ae35 best_block_time="2025-09-16 14:17:55 -0400 EDT" is_synced=false
2025/09/16 14:17:57 ELECTRUM: GetBestBlock called
2025/09/16 14:17:57 ELECTRUM: Subscribing to headers to get current height
2025/09/16 14:17:58 ELECTRUM: Got current height 4670431 from headers subscription
2025/09/16 14:17:58 ELECTRUM: Returning hash 00000000000011f16d9de50e652617ca90d3bee1c0240cbcb511abc6dd9548e6 for height 4670431 (from headers subscription)
2025/09/16 14:17:58 ELECTRUM: GetBlockHeader called for hash: 00000000000011f16d9de50e652617ca90d3bee1c0240cbcb511abc6dd9548e6
2025/09/16 14:17:58 ELECTRUM: GetBestBlock called
2025/09/16 14:17:58 ELECTRUM: Subscribing to headers to get current height
2025/09/16 14:17:58 ELECTRUM: Got current height 4670431 from headers subscription
2025/09/16 14:17:58 ELECTRUM: Returning hash 00000000000011f16d9de50e652617ca90d3bee1c0240cbcb511abc6dd9548e6 for height 4670431 (from headers subscription)
2025-09-16 14:17:58.545 [DBG] LTND lnd.go:727: Syncing to block chain rev=08ae35 best_block_time="2025-09-16 14:17:56 -0400 EDT" is_synced=false
2025/09/16 14:17:59 ELECTRUM: GetBestBlock called
2025/09/16 14:17:59 ELECTRUM: Subscribing to headers to get current height
2025/09/16 14:17:59 ELECTRUM: Got current height 4670431 from headers subscription
2025/09/16 14:17:59 ELECTRUM: Returning hash 00000000000011f16d9de50e652617ca90d3bee1c0240cbcb511abc6dd9548e6 for height 4670431 (from headers subscription)
2025/09/16 14:17:59 ELECTRUM: GetBlockHeader called for hash: 00000000000011f16d9de50e652617ca90d3bee1c0240cbcb511abc6dd9548e6
2025/09/16 14:17:59 ELECTRUM: GetBestBlock called
2025/09/16 14:17:59 ELECTRUM: Subscribing to headers to get current height
2025/09/16 14:18:00 ELECTRUM: Got current height 4670431 from headers subscription
2025/09/16 14:18:00 ELECTRUM: Returning hash 00000000000011f16d9de50e652617ca90d3bee1c0240cbcb511abc6dd9548e6 for height 4670431 (from headers subscription)
2025-09-16 14:18:00.245 [DBG] LTND lnd.go:727: Syncing to block chain rev=08ae35 best_block_time="2025-09-16 14:17:56 -0400 EDT" is_synced=false
2025/09/16 14:18:01 ELECTRUM: GetBestBlock called
2025/09/16 14:18:01 ELECTRUM: Subscribing to headers to get current height
2025/09/16 14:18:01 ELECTRUM: Got current height 4670433 from headers subscription
2025/09/16 14:18:01 ELECTRUM: Returning hash 000000000003bda5cc01d2d0436369cc3e044b58dd213b60d67584d40eda7baa for height 4670433 (from headers subscription)
2025/09/16 14:18:01 ELECTRUM: GetBlockHeader called for hash: 000000000003bda5cc01d2d0436369cc3e044b58dd213b60d67584d40eda7baa
2025/09/16 14:18:01 ELECTRUM: GetBestBlock called
2025/09/16 14:18:01 ELECTRUM: Subscribing to headers to get current height
2025/09/16 14:18:01 ELECTRUM: Got current height 4670433 from headers subscription
2025/09/16 14:18:01 ELECTRUM: Returning hash 000000000003bda5cc01d2d0436369cc3e044b58dd213b60d67584d40eda7baa for height 4670433 (from headers subscription)
2025-09-16 14:18:01.949 [DBG] LTND lnd.go:727: Syncing to block chain rev=08ae35 best_block_time="2025-09-16 14:18:00 -0400 EDT" is_synced=false
2025/09/16 14:18:02 ELECTRUM: GetBestBlock called
2025/09/16 14:18:02 ELECTRUM: Subscribing to headers to get current height
2025/09/16 14:18:03 ELECTRUM: Got current height 4670433 from headers subscription
2025/09/16 14:18:03 ELECTRUM: Returning hash 000000000003bda5cc01d2d0436369cc3e044b58dd213b60d67584d40eda7baa for height 4670433 (from headers subscription)
2025/09/16 14:18:03 ELECTRUM: GetBlockHeader called for hash: 000000000003bda5cc01d2d0436369cc3e044b58dd213b60d67584d40eda7baa
2025/09/16 14:18:03 ELECTRUM: GetBestBlock called
2025/09/16 14:18:03 ELECTRUM: Subscribing to headers to get current height
2025/09/16 14:18:03 ELECTRUM: Got current height 4670434 from headers subscription
2025/09/16 14:18:03 ELECTRUM: Returning hash 0000000000005e5876afbb9c35a1021d9ceda2e14956aef6683e53a525851618 for height 4670434 (from headers subscription)
2025/09/16 14:18:18 ELECTRUM: GetBestBlock called
2025/09/16 14:18:18 ELECTRUM: Subscribing to headers to get current height
2025/09/16 14:18:18 ELECTRUM: Got current height 4670439 from headers subscription
2025/09/16 14:18:18 ELECTRUM: Returning hash 000000000000626bb73702d8aed36696866cbe934e0e340aa140243ee9690dcb for height 4670439 (from headers subscription)
2025/09/16 14:18:18 ELECTRUM: Checking for new blocks - current: 4670439, last known: 4670424
2025/09/16 14:18:18 ELECTRUM: New block detected! Height: 4670439 (was 4670424)
2025/09/16 14:18:18 ELECTRUM: Sending block connected notification for height 4670439
2025/09/16 14:18:18 ELECTRUM: Block notification sent successfully for height 4670439
2025/09/16 14:18:19 ELECTRUM: GetBestBlock called
2025/09/16 14:18:19 ELECTRUM: Subscribing to headers to get current height
2025/09/16 14:18:19 ELECTRUM: Got current height 4670439 from headers subscription
2025/09/16 14:18:19 ELECTRUM: Returning hash 000000000000626bb73702d8aed36696866cbe934e0e340aa140243ee9690dcb for height 4670439 (from headers subscription)
2025/09/16 14:18:19 ELECTRUM: Checking for new blocks - current: 4670439, last known: 4670425
2025/09/16 14:18:19 ELECTRUM: New block detected! Height: 4670439 (was 4670425)
2025/09/16 14:18:19 ELECTRUM: Sending block connected notification for height 4670439
2025/09/16 14:18:19 ELECTRUM: Block notification sent successfully for height 4670439
2025/09/16 14:18:19 ELECTRUM: GetBestBlock called
2025/09/16 14:18:19 ELECTRUM: Subscribing to headers to get current height
2025/09/16 14:18:19 ELECTRUM: Got current height 4670439 from headers subscription
2025/09/16 14:18:19 ELECTRUM: Returning hash 000000000000626bb73702d8aed36696866cbe934e0e340aa140243ee9690dcb for height 4670439 (from headers subscription)
2025/09/16 14:18:19 ELECTRUM: Checking for new blocks - current: 4670439, last known: 4670425
2025/09/16 14:18:19 ELECTRUM: New block detected! Height: 4670439 (was 4670425)
2025/09/16 14:18:19 ELECTRUM: Sending block connected notification for height 4670439
2025/09/16 14:18:19 ELECTRUM: Block notification sent successfully for height 4670439
2025-09-16 14:18:26.794 [DBG] LTND lnd.go:727: Syncing to block chain rev=08ae35 best_block_time="2025-09-16 14:18:00 -0400 EDT" is_synced=false
2025/09/16 14:18:27 ELECTRUM: GetBestBlock called
2025/09/16 14:18:27 ELECTRUM: Subscribing to headers to get current height
2025/09/16 14:18:28 ELECTRUM: Got current height 4670440 from headers subscription
2025/09/16 14:18:28 ELECTRUM: Returning hash 00000000000021882e128146b5808a5ab998f311851749ba05eae737cd236a35 for height 4670440 (from headers subscription)
2025/09/16 14:18:28 ELECTRUM: GetBlockHeader called for hash: 00000000000021882e128146b5808a5ab998f311851749ba05eae737cd236a35
2025/09/16 14:18:28 ELECTRUM: GetBestBlock called
2025/09/16 14:18:28 ELECTRUM: Subscribing to headers to get current height
2025/09/16 14:18:28 ELECTRUM: Got current height 4670440 from headers subscription
2025/09/16 14:18:28 ELECTRUM: Returning hash 00000000000021882e128146b5808a5ab998f311851749ba05eae737cd236a35 for height 4670440 (from headers subscription)
2025-09-16 14:18:28.491 [DBG] LTND lnd.go:727: Syncing to block chain rev=08ae35 best_block_time="2025-09-16 14:18:18 -0400 EDT" is_synced=false
2025/09/16 14:18:29 ELECTRUM: GetBestBlock called
2025/09/16 14:18:29 ELECTRUM: Subscribing to headers to get current height
2025/09/16 14:18:29 ELECTRUM: Got current height 4670440 from headers subscription
2025/09/16 14:18:29 ELECTRUM: Returning hash 00000000000021882e128146b5808a5ab998f311851749ba05eae737cd236a35 for height 4670440 (from headers subscription)
2025/09/16 14:18:29 ELECTRUM: GetBlockHeader called for hash: 00000000000021882e128146b5808a5ab998f311851749ba05eae737cd236a35
2025/09/16 14:18:29 ELECTRUM: GetBestBlock called
2025/09/16 14:18:29 ELECTRUM: Subscribing to headers to get current height
2025/09/16 14:18:29 ELECTRUM: Got current height 4670441 from headers subscription
2025/09/16 14:18:29 ELECTRUM: Returning hash 0000000000008d84ffa8d0bdccc8dfeb4a440ada473994f4ba81c7ee9d2471f6 for height 4670441 (from headers subscription)
2025/09/16 14:18:48 ELECTRUM: GetBestBlock called
2025/09/16 14:18:48 ELECTRUM: Subscribing to headers to get current height
2025/09/16 14:18:48 ELECTRUM: Got current height 4670448 from headers subscription
2025/09/16 14:18:48 ELECTRUM: Returning hash 000000000000d4391fa22770dc6e806226c59c35cac0de898a1ed9d4451dcf23 for height 4670448 (from headers subscription)
2025/09/16 14:18:48 ELECTRUM: Checking for new blocks - current: 4670448, last known: 4670439
2025/09/16 14:18:48 ELECTRUM: New block detected! Height: 4670448 (was 4670439)
2025/09/16 14:18:48 ELECTRUM: Sending block connected notification for height 4670448
2025/09/16 14:18:48 ELECTRUM: Block notification sent successfully for height 4670448
2025/09/16 14:18:49 ELECTRUM: GetBestBlock called
2025/09/16 14:18:49 ELECTRUM: Subscribing to headers to get current height
2025/09/16 14:18:49 ELECTRUM: Got current height 4670449 from headers subscription
2025/09/16 14:18:49 ELECTRUM: Returning hash 000000000003afaa35a57dccd31013891e9e4ecfb64fa619f8b60fdb56b8e2f1 for height 4670449 (from headers subscription)
2025/09/16 14:18:49 ELECTRUM: Checking for new blocks - current: 4670449, last known: 4670439
2025/09/16 14:18:49 ELECTRUM: New block detected! Height: 4670449 (was 4670439)
2025/09/16 14:18:49 ELECTRUM: Sending block connected notification for height 4670449
2025/09/16 14:18:49 ELECTRUM: Block notification sent successfully for height 4670449
2025/09/16 14:18:49 ELECTRUM: GetBestBlock called
2025/09/16 14:18:49 ELECTRUM: Subscribing to headers to get current height
2025/09/16 14:18:49 ELECTRUM: Got current height 4670450 from headers subscription
2025/09/16 14:18:49 ELECTRUM: Returning hash 0000000000003780788e85f57789c53522cf88a90493a43942979a49b150fe42 for height 4670450 (from headers subscription)
2025/09/16 14:18:49 ELECTRUM: Checking for new blocks - current: 4670450, last known: 4670439
2025/09/16 14:18:49 ELECTRUM: New block detected! Height: 4670450 (was 4670439)
2025/09/16 14:18:49 ELECTRUM: Sending block connected notification for height 4670450
2025/09/16 14:18:49 ELECTRUM: Block notification sent successfully for height 4670450
2025-09-16 14:18:53.462 [DBG] LTND lnd.go:727: Syncing to block chain rev=08ae35 best_block_time="2025-09-16 14:18:18 -0400 EDT" is_synced=false
2025/09/16 14:18:54 ELECTRUM: GetBestBlock called
2025/09/16 14:18:54 ELECTRUM: Subscribing to headers to get current height
2025/09/16 14:18:54 ELECTRUM: Got current height 4670453 from headers subscription
2025/09/16 14:18:54 ELECTRUM: Returning hash 0000000000016044e5047d15caf918f1e840624283d02b2bf9186d4b368a9155 for height 4670453 (from headers subscription)
2025/09/16 14:18:54 ELECTRUM: GetBlockHeader called for hash: 0000000000016044e5047d15caf918f1e840624283d02b2bf9186d4b368a9155
2025/09/16 14:18:54 ELECTRUM: GetBestBlock called
2025/09/16 14:18:54 ELECTRUM: Subscribing to headers to get current height
2025/09/16 14:18:54 ELECTRUM: Got current height 4670453 from headers subscription
2025/09/16 14:18:54 ELECTRUM: Returning hash 0000000000016044e5047d15caf918f1e840624283d02b2bf9186d4b368a9155 for height 4670453 (from headers subscription)
2025-09-16 14:18:55.164 [DBG] LTND lnd.go:727: Syncing to block chain rev=08ae35 best_block_time="2025-09-16 14:18:53 -0400 EDT" is_synced=false
2025/09/16 14:18:56 ELECTRUM: GetBestBlock called
2025/09/16 14:18:56 ELECTRUM: Subscribing to headers to get current height
2025/09/16 14:18:56 ELECTRUM: Got current height 4670453 from headers subscription
2025/09/16 14:18:56 ELECTRUM: Returning hash 0000000000016044e5047d15caf918f1e840624283d02b2bf9186d4b368a9155 for height 4670453 (from headers subscription)
2025/09/16 14:18:56 ELECTRUM: GetBlockHeader called for hash: 0000000000016044e5047d15caf918f1e840624283d02b2bf9186d4b368a9155
2025/09/16 14:18:56 ELECTRUM: GetBestBlock called
2025/09/16 14:18:56 ELECTRUM: Subscribing to headers to get current height
2025/09/16 14:18:56 ELECTRUM: Got current height 4670453 from headers subscription
2025/09/16 14:18:56 ELECTRUM: Returning hash 0000000000016044e5047d15caf918f1e840624283d02b2bf9186d4b368a9155 for height 4670453 (from headers subscription)
2025-09-16 14:18:56.861 [DBG] LTND lnd.go:727: Syncing to block chain rev=08ae35 best_block_time="2025-09-16 14:18:53 -0400 EDT" is_synced=false
2025/09/16 14:18:57 ELECTRUM: GetBestBlock called
2025/09/16 14:18:57 ELECTRUM: Subscribing to headers to get current height
2025/09/16 14:18:58 ELECTRUM: Got current height 4670453 from headers subscription
2025/09/16 14:18:58 ELECTRUM: Returning hash 0000000000016044e5047d15caf918f1e840624283d02b2bf9186d4b368a9155 for height 4670453 (from headers subscription)
2025/09/16 14:18:58 ELECTRUM: GetBlockHeader called for hash: 0000000000016044e5047d15caf918f1e840624283d02b2bf9186d4b368a9155
2025/09/16 14:18:58 ELECTRUM: GetBestBlock called
2025/09/16 14:18:58 ELECTRUM: Subscribing to headers to get current height
2025/09/16 14:18:58 ELECTRUM: Got current height 4670454 from headers subscription
2025/09/16 14:18:58 ELECTRUM: Returning hash 000000000002e40322c6fec2747c4ccbdc3ea4cc5c629aa914ceb5c6fa436bcb for height 4670454 (from headers subscription)
2025/09/16 14:19:18 ELECTRUM: GetBestBlock called
2025/09/16 14:19:18 ELECTRUM: Subscribing to headers to get current height
2025/09/16 14:19:18 ELECTRUM: Got current height 4670463 from headers subscription
2025/09/16 14:19:18 ELECTRUM: Returning hash 000000000a3385cdf7fd9e5db39480663ebe69b187a0ea625ce597c82d9781c5 for height 4670463 (from headers subscription)
2025/09/16 14:19:18 ELECTRUM: Checking for new blocks - current: 4670463, last known: 4670448
2025/09/16 14:19:18 ELECTRUM: New block detected! Height: 4670463 (was 4670448)
2025/09/16 14:19:18 ELECTRUM: Sending block connected notification for height 4670463
2025/09/16 14:19:18 ELECTRUM: Block notification sent successfully for height 4670463
2025/09/16 14:19:19 ELECTRUM: GetBestBlock called
2025/09/16 14:19:19 ELECTRUM: Subscribing to headers to get current height
2025/09/16 14:19:19 ELECTRUM: Got current height 4670463 from headers subscription
2025/09/16 14:19:19 ELECTRUM: Returning hash 000000000a3385cdf7fd9e5db39480663ebe69b187a0ea625ce597c82d9781c5 for height 4670463 (from headers subscription)
2025/09/16 14:19:19 ELECTRUM: Checking for new blocks - current: 4670463, last known: 4670449
2025/09/16 14:19:19 ELECTRUM: New block detected! Height: 4670463 (was 4670449)
2025/09/16 14:19:19 ELECTRUM: Sending block connected notification for height 4670463
2025/09/16 14:19:19 ELECTRUM: Block notification sent successfully for height 4670463
2025/09/16 14:19:19 ELECTRUM: GetBestBlock called
2025/09/16 14:19:19 ELECTRUM: Subscribing to headers to get current height
2025/09/16 14:19:19 ELECTRUM: Got current height 4670463 from headers subscription
2025/09/16 14:19:19 ELECTRUM: Returning hash 000000000a3385cdf7fd9e5db39480663ebe69b187a0ea625ce597c82d9781c5 for height 4670463 (from headers subscription)
2025/09/16 14:19:19 ELECTRUM: Checking for new blocks - current: 4670463, last known: 4670450
2025/09/16 14:19:19 ELECTRUM: New block detected! Height: 4670463 (was 4670450)
2025/09/16 14:19:19 ELECTRUM: Sending block connected notification for height 4670463
2025/09/16 14:19:19 ELECTRUM: Block notification sent successfully for height 4670463
2025-09-16 14:19:20.473 [INF] LTND signal.go:177: Received terminated
2025-09-16 14:19:20.473 [INF] LTND signal.go:166: Shutting down...
2025-09-16 14:19:20.473 [INF] LTND signal.go:185: Gracefully shutting down.
2025-09-16 14:19:20.473 [INF] RPCS rpcserver.go:1026: Stopping RPC Server
2025-09-16 14:19:20.473 [INF] RPCS rpcserver.go:1034: Stopping SignRPC Sub-RPC Server
2025-09-16 14:19:20.473 [INF] RPCS rpcserver.go:1034: Stopping VersionRPC Sub-RPC Server
2025-09-16 14:19:20.473 [INF] RPCS rpcserver.go:1034: Stopping WalletKitRPC Sub-RPC Server
2025-09-16 14:19:20.473 [INF] RPCS rpcserver.go:1034: Stopping WatchtowerClientRPC Sub-RPC Server
2025-09-16 14:19:20.473 [INF] RPCS rpcserver.go:1034: Stopping DevRPC Sub-RPC Server
2025-09-16 14:19:20.473 [INF] RPCS rpcserver.go:1034: Stopping InvoicesRPC Sub-RPC Server
2025-09-16 14:19:20.473 [INF] RPCS rpcserver.go:1034: Stopping PeersRPC Sub-RPC Server
2025-09-16 14:19:20.473 [INF] RPCS rpcserver.go:1034: Stopping ChainRPC Sub-RPC Server
2025-09-16 14:19:20.473 [INF] RPCS rpcserver.go:1034: Stopping RouterRPC Sub-RPC Server
2025/09/16 14:19:20 ELECTRUM: Block notification loop shutting down
2025/09/16 14:19:20 ELECTRUM: Block notification loop shutting down
2025/09/16 14:19:20 ELECTRUM: Block notification loop shutting down
2025-09-16 14:19:20.474 [INF] LTND lnd.go:152: Shutdown complete
