2025-09-16 10:00:07.843 [INF] LTND lnd.go:186: Version Info rev=4d1c86 version=0.19.99-beta commit=sqldb/v1.0.10-645-g4d1c86bd6-dirty debuglevel=development logging=debug
2025-09-16 10:00:07.843 [INF] LTND lnd.go:213: Network Info rev=4d1c86 active_chain=Bitcoin network=testnet
2025-09-16 10:00:07.844 [DBG] NTFR chain_server.go:210: ChainNotifier RPC server successfully registered with root gRPC server
2025-09-16 10:00:07.844 [DBG] NTFR chain_server.go:214: ChainKit RPC server successfully registered with root gRPC server
2025-09-16 10:00:07.844 [DBG] DRPC dev_server.go:137: DEV RPC server successfully registered with root the gRPC server
2025-09-16 10:00:07.844 [DBG] IRPC invoices_server.go:190: Invoices RPC server successfully registered with root gRPC server
2025-09-16 10:00:07.844 [DBG] VRPC server.go:66: Versioner RPC server successfully registered with root gRPC server
2025-09-16 10:00:07.844 [DBG] WLKT walletkit_server.go:344: WalletKit RPC server successfully registered with root gRPC server
2025-09-16 10:00:07.844 [DBG] PRPC peers_server.go:119: Peers RPC server successfully registered with root gRPC server
2025-09-16 10:00:07.844 [DBG] RRPC router_server.go:301: Router RPC server successfully registered with root gRPC server
2025-09-16 10:00:07.844 [DBG] SGNR signer_server.go:216: Signer RPC server successfully registered with root gRPC server
2025-09-16 10:00:07.844 [INF] RPCS lnd.go:925: RPC server listening on 127.0.0.1:10009
2025-09-16 10:00:07.844 [DBG] NTFR chain_server.go:237: ChainNotifier REST server successfully registered with root REST server
2025-09-16 10:00:07.844 [DBG] NTFR chain_server.go:248: ChainKit REST server successfully registered with root REST server
2025-09-16 10:00:07.845 [DBG] DRPC dev_server.go:160: DEV REST server successfully registered with the root REST server
2025-09-16 10:00:07.845 [DBG] IRPC invoices_server.go:213: Invoices REST server successfully registered with root REST server
2025-09-16 10:00:07.845 [DBG] VRPC server.go:89: Versioner REST server successfully registered with root REST server
2025-09-16 10:00:07.845 [DBG] WLKT walletkit_server.go:367: WalletKit REST server successfully registered with root REST server
2025-09-16 10:00:07.845 [DBG] PRPC peers_server.go:142: Peers REST server successfully registered with root REST server
2025-09-16 10:00:07.845 [DBG] RRPC router_server.go:324: Router REST server successfully registered with root REST server
2025-09-16 10:00:07.845 [DBG] SGNR signer_server.go:239: Signer REST server successfully registered with root REST server
2025-09-16 10:00:07.846 [INF] RPCS lnd.go:1046: gRPC proxy started at 127.0.0.1:8080
2025-09-16 10:00:07.846 [INF] LTND config_builder.go:1009: Opening the main database, this might take a few minutes...
2025-09-16 10:00:07.846 [INF] LTND config_builder.go:1014: Opening bbolt database, sync_freelist=false, auto_compact=false
2025-09-16 10:00:07.846 [INF] LTND config_builder.go:1057: Creating local graph and channel state DB instances
2025-09-16 10:00:07.858 [INF] CHDB db.go:1687: Checking for schema update: latest_version=33, db_version=33
2025-09-16 10:00:07.858 [INF] CHDB db.go:1781: Applying 2 optional migrations
2025-09-16 10:00:07.859 [INF] CHDB db.go:1785: Checking for optional update: name=prune_revocation_log
2025-09-16 10:00:07.859 [DBG] CHDB db.go:1789: Skipping optional migration: name=prune_revocation_log as it is not specified in the config
2025-09-16 10:00:07.859 [INF] CHDB db.go:1785: Checking for optional update: name=gc_decayed_log
2025-09-16 10:00:07.859 [DBG] CHDB db.go:1799: Skipping optional migration: name=gc_decayed_log as it has already been applied
2025-09-16 10:00:07.870 [INF] LTND config_builder.go:1289: Database(s) now open (time_to_open=24.56975ms)!
2025-09-16 10:00:07.871 [INF] LTND signal.go:45: We're not running within systemd or the service type is not 'notify'
2025-09-16 10:00:07.871 [INF] LTND config_builder.go:1302: Waiting for wallet encryption password. Use `lncli create` to create a wallet, `lncli unlock` to unlock an existing wallet, or `lncli changepassword` to change the password of an existing wallet and unlock it.
2025-09-16 10:00:22.359 [DBG] RPCS interceptor.go:775: [/lnrpc.WalletUnlocker/UnlockWallet] requested
2025-09-16 10:00:23.380 [INF] BTWL wallet.go:4340: Opened wallet
2025-09-16 10:00:23.380 [INF] BTWL history.go:28: Dropping btcwallet transaction history
2025-09-16 10:00:23.380 [WRN] BTWL history.go:67: Wallet does not have a birthday block set, falling back to rescan from genesis
2025-09-16 10:00:24.392 [INF] BTWL wallet.go:4340: Opened wallet
2025-09-16 10:00:24.392 [WRN] LTND config_builder.go:1432: Dropped all transaction history from on-chain wallet. Remember to disable reset-wallet-transactions flag for next start of lnd
2025-09-16 10:00:24.491 [INF] CHRE chainregistry.go:694: Initializing electrum backend
2025-09-16 10:00:24.491 [INF] CHRE chainregistry.go:695: ElectrumMode config: &{ServerAddr:testnet.aranguren.org:51002 UseTLS:true ValidateServerCertificate:false ConnectTimeout:30s RequestTimeout:30s PersistTxHistory:false}
2025-09-16 10:00:24.491 [INF] CHRE chainregistry.go:699: ElectrumMode server: testnet.aranguren.org:51002
2025/09/16 10:00:24 ELECTRUM: Config - ServerAddr: testnet.aranguren.org:51002, UseTLS: true, ValidateServerCertificate: false
2025/09/16 10:00:24 ELECTRUM: Creating TLS client for server: testnet.aranguren.org:51002
2025/09/16 10:00:24 ELECTRUM: Successfully created TLS client
2025/09/16 10:00:24 ELECTRUM: Initializing best block during startup
2025/09/16 10:00:24 ELECTRUM: GetBestBlock called
2025/09/16 10:00:24 ELECTRUM: Subscribing to headers to get current height
2025/09/16 10:00:25 ELECTRUM: Got current height 4663565 from headers subscription
2025/09/16 10:00:25 ELECTRUM: Returning hash 0000000000000eb766dd8e4a77d0c66431e2184187858975dff1c2a05d752933 for height 4663565 (from headers subscription)
2025/09/16 10:00:25 ELECTRUM: Successfully initialized best block
2025/09/16 10:00:25 ELECTRUM: Starting continuous block notification loop
2025-09-16 10:00:25.190 [INF] LTND lnd.go:496: About to call BuildChainControl
2025-09-16 10:00:25.190 [INF] LTND config_builder.go:769: BuildChainControl called - starting wallet controller creation
2025-09-16 10:00:25.190 [INF] LTND config_builder.go:772: About to call btcwallet.New
2025-09-16 10:00:25.190 [INF] LTND config_builder.go:776: btcwallet.New completed
2025-09-16 10:00:25.190 [INF] LTND config_builder.go:789: Setting WalletController type: *btcwallet.BtcWallet
2025-09-16 10:00:26.186 [INF] BTWL wallet.go:1430: The wallet has been unlocked without a time limit
2025/09/16 10:00:26 ELECTRUM: Initializing best block during startup
2025/09/16 10:00:26 ELECTRUM: GetBestBlock called
2025/09/16 10:00:26 ELECTRUM: Subscribing to headers to get current height
2025/09/16 10:00:26 ELECTRUM: Got current height 4663566 from headers subscription
2025/09/16 10:00:26 ELECTRUM: Returning hash 0000000000000fbb47af1519290134b37bef7c5e9fd0744101e76fdfcc4f9a41 for height 4663566 (from headers subscription)
2025/09/16 10:00:26 ELECTRUM: Successfully initialized best block
2025-09-16 10:00:26.439 [INF] BTWL btcwallet.go:405: BTCWALLET: Setting up Electrum address notifications during wallet initialization
2025/09/16 10:00:26 ELECTRUM: Starting continuous block notification loop
2025-09-16 10:00:26.439 [INF] BTWL btcwallet.go:469: BTCWALLET: Setting up Electrum transaction callback
2025-09-16 10:00:26.439 [INF] BTWL btcwallet.go:476: BTCWALLET: Found SetTransactionCallback method, setting up callback
2025-09-16 10:00:26.439 [INF] BTWL btcwallet.go:496: BTCWALLET: Successfully set up Electrum transaction callback
2025-09-16 10:00:26.439 [INF] CHRE chainregistry.go:845: LightningWallet opened
2025-09-16 10:00:26.440 [INF] LTND lnd.go:500: BuildChainControl completed
2025-09-16 10:00:26.440 [INF] BTWL btcwallet.go:443: BTCWALLET: Setting up Electrum address notifications
2025-09-16 10:00:26.440 [INF] BTWL btcwallet.go:665: BTCWALLET: Getting all wallet addresses dynamically
2025/09/16 10:00:26 ELECTRUM: Sending current best block to client 1 - Hash: 0000000000000fbb47af1519290134b37bef7c5e9fd0744101e76fdfcc4f9a41, Height: 4663566, BlockHeader: true
2025/09/16 10:00:26 ELECTRUM: Successfully sent block epoch to client 1
2025-09-16 10:00:26.440 [INF] BTCN broadcaster.go:131: Broadcaster now active
2025/09/16 10:00:26 ELECTRUM: Initializing best block during startup
2025/09/16 10:00:26 ELECTRUM: GetBestBlock called
2025/09/16 10:00:26 ELECTRUM: Subscribing to headers to get current height
2025-09-16 10:00:26.522 [INF] BTWL btcwallet.go:707: BTCWALLET: Found 44 total addresses to check dynamically
2025-09-16 10:00:26.522 [INF] BTWL btcwallet.go:452: BTCWALLET: Found 44 existing addresses to set up notifications for
2025-09-16 10:00:26.523 [INF] BTWL btcwallet.go:548: BTCWALLET: Setting up notification for address: tb1pv6wu2k2pls6eclghkyv4rehmv8pf93kj5x7pejzak3gzd3a9778shsgnq0
2025/09/16 10:00:26 ELECTRUM: Got current height 4663566 from headers subscription
2025/09/16 10:00:26 ELECTRUM: Returning hash 0000000000000fbb47af1519290134b37bef7c5e9fd0744101e76fdfcc4f9a41 for height 4663566 (from headers subscription)
2025/09/16 10:00:26 ELECTRUM: Successfully initialized best block
2025/09/16 10:00:26 ELECTRUM: GetBestBlock called
2025/09/16 10:00:26 ELECTRUM: Subscribing to headers to get current height
2025/09/16 10:00:26 ELECTRUM: Starting continuous block notification loop
2025-09-16 10:00:26.753 [INF] BTWL btcwallet.go:562: BTCWALLET: Successfully set up notification for address: tb1pv6wu2k2pls6eclghkyv4rehmv8pf93kj5x7pejzak3gzd3a9778shsgnq0
2025-09-16 10:00:26.753 [INF] BTWL btcwallet.go:548: BTCWALLET: Setting up notification for address: tb1pqxhwj0c5z7jkz6pcur2lryehylrl4yzh0fvgphnpf769578k2qwqq8pvqd
2025/09/16 10:00:26 ELECTRUM: Got current height 4663566 from headers subscription
2025/09/16 10:00:26 ELECTRUM: Returning hash 0000000000000fbb47af1519290134b37bef7c5e9fd0744101e76fdfcc4f9a41 for height 4663566 (from headers subscription)
2025-09-16 10:00:26.945 [INF] HSWC circuit_map.go:280: Cleaning circuits from disk for closed channels
2025-09-16 10:00:26.945 [DBG] HSWC circuit_map.go:324: Found 0 closed channels
2025-09-16 10:00:26.945 [INF] HSWC circuit_map.go:328: Finished cleaning: no closed channels found, no actions taken.
2025-09-16 10:00:26.945 [INF] HSWC circuit_map.go:497: Restoring in-memory circuit state from disk
2025-09-16 10:00:26.955 [INF] HSWC circuit_map.go:602: Payment circuits loaded: num_pending=0, num_open=0
2025-09-16 10:00:26.970 [DBG] CRTR missioncontrol.go:307: Instantiating mission control with config: maximum history: 1000, minimum failure relax interval: 1m0s, estimator type: apriori, penalty halflife time: 1h0m0s, apriori hop probability: 0.6, apriori weight: 0.5, previous success probability: 0.95, capacity fraction: 0.9999
2025-09-16 10:00:26.980 [INF] CRTR missioncontrol_store.go:107: Loaded 0 mission control entries
2025-09-16 10:00:26.981 [DBG] CRTR missioncontrol.go:455: [default]: Mission control state reconstruction started
2025-09-16 10:00:26.981 [DBG] CRTR missioncontrol.go:471: [default]: Mission control state reconstruction finished: n=0, time=4.708µs
2025-09-16 10:00:26.981 [DBG] SRVR server.go:1111: Instantiating payment session source with config: AttemptCost=100 + 0.1%, MinRouteProbability=0.01
2025-09-16 10:00:26.985 [INF] BTWL btcwallet.go:562: BTCWALLET: Successfully set up notification for address: tb1pqxhwj0c5z7jkz6pcur2lryehylrl4yzh0fvgphnpf769578k2qwqq8pvqd
2025-09-16 10:00:26.987 [INF] BTWL btcwallet.go:548: BTCWALLET: Setting up notification for address: tb1pyts089s2l3zpfhculluw6lxzwfsary8cj9m26edtrqxss7p7qydqat9hw2
2025-09-16 10:00:26.991 [INF] ACSM accessman.go:79: Access Manager initialized
2025-09-16 10:00:27.002 [INF] LTND channel_notifier.go:39: Channel backup proxy channel notifier starting
2025-09-16 10:00:27.002 [INF] CHIO dispatcher.go:92: Registered queue=1 with 3 blockbeat consumers
2025-09-16 10:00:27.003 [DBG] CHIO dispatcher.go:96: Consumer [ChainArbitrator] registered in queue 1
2025-09-16 10:00:27.003 [DBG] CHIO dispatcher.go:96: Consumer [UtxoSweeper] registered in queue 1
2025-09-16 10:00:27.003 [DBG] CHIO dispatcher.go:96: Consumer [TxPublisher] registered in queue 1
2025-09-16 10:00:27.003 [INF] ATPL pilot.go:143: Instantiating autopilot with active=false, max_channels=5, allocation=0.600000, min_chan_size=20000, max_chan_size=16777215, private=false, min_confs=1, conf_target=3
2025-09-16 10:00:27.003 [DBG] LTND subrpcserver_config.go:145: Populating dependencies for sub RPC server: SignRPC
2025-09-16 10:00:27.003 [DBG] LTND subrpcserver_config.go:145: Populating dependencies for sub RPC server: WalletKitRPC
2025-09-16 10:00:27.003 [DBG] LTND subrpcserver_config.go:145: Populating dependencies for sub RPC server: AutopilotRPC
2025-09-16 10:00:27.003 [DBG] LTND subrpcserver_config.go:145: Populating dependencies for sub RPC server: ChainRPC
2025-09-16 10:00:27.003 [DBG] LTND subrpcserver_config.go:145: Populating dependencies for sub RPC server: InvoicesRPC
2025-09-16 10:00:27.003 [DBG] LTND subrpcserver_config.go:145: Populating dependencies for sub RPC server: PeersRPC
2025-09-16 10:00:27.003 [DBG] LTND subrpcserver_config.go:145: Populating dependencies for sub RPC server: NeutrinoKitRPC
2025-09-16 10:00:27.003 [DBG] LTND subrpcserver_config.go:145: Populating dependencies for sub RPC server: RouterRPC
2025-09-16 10:00:27.003 [DBG] LTND subrpcserver_config.go:145: Populating dependencies for sub RPC server: WatchtowerRPC
2025-09-16 10:00:27.003 [DBG] LTND subrpcserver_config.go:145: Populating dependencies for sub RPC server: WatchtowerClientRPC
2025-09-16 10:00:27.003 [DBG] LTND subrpcserver_config.go:145: Populating dependencies for sub RPC server: DevRPC
2025-09-16 10:00:27.003 [DBG] RPCS rpcserver.go:963: Starting sub RPC server: ChainRPC
2025-09-16 10:00:27.003 [DBG] RPCS rpcserver.go:963: Starting sub RPC server: DevRPC
2025-09-16 10:00:27.003 [DBG] RPCS rpcserver.go:963: Starting sub RPC server: InvoicesRPC
2025-09-16 10:00:27.003 [DBG] RPCS rpcserver.go:963: Starting sub RPC server: VersionRPC
2025-09-16 10:00:27.003 [DBG] RPCS rpcserver.go:963: Starting sub RPC server: WalletKitRPC
2025-09-16 10:00:27.003 [DBG] RPCS rpcserver.go:963: Starting sub RPC server: PeersRPC
2025-09-16 10:00:27.003 [DBG] RPCS rpcserver.go:963: Starting sub RPC server: RouterRPC
2025-09-16 10:00:27.003 [DBG] RPCS rpcserver.go:963: Starting sub RPC server: SignRPC
2025-09-16 10:00:27.004 [DBG] RPCS rpcserver.go:963: Starting sub RPC server: WatchtowerClientRPC
2025-09-16 10:00:27.004 [INF] LTND signal.go:45: We're not running within systemd or the service type is not 'notify'
2025/09/16 10:00:27 ELECTRUM: GetBestBlock called
2025/09/16 10:00:27 ELECTRUM: Subscribing to headers to get current height
2025-09-16 10:00:27.219 [INF] BTWL btcwallet.go:562: BTCWALLET: Successfully set up notification for address: tb1pyts089s2l3zpfhculluw6lxzwfsary8cj9m26edtrqxss7p7qydqat9hw2
2025-09-16 10:00:27.220 [INF] BTWL btcwallet.go:548: BTCWALLET: Setting up notification for address: tb1py0jfpc0ft4zsfhg7p3peze4q6wdl9l2gfwzf8ar64skxkhz9v9lsuhm2g4
2025/09/16 10:00:27 ELECTRUM: Got current height 4663566 from headers subscription
2025/09/16 10:00:27 ELECTRUM: Returning hash 0000000000000fbb47af1519290134b37bef7c5e9fd0744101e76fdfcc4f9a41 for height 4663566 (from headers subscription)
2025-09-16 10:00:27.235 [INF] LTND lnd.go:696: Waiting for chain backend to finish sync rev=4d1c86 start_height=4663566
2025/09/16 10:00:27 ELECTRUM: GetBestBlock called
2025/09/16 10:00:27 ELECTRUM: Subscribing to headers to get current height
2025-09-16 10:00:27.526 [INF] BTWL btcwallet.go:562: BTCWALLET: Successfully set up notification for address: tb1py0jfpc0ft4zsfhg7p3peze4q6wdl9l2gfwzf8ar64skxkhz9v9lsuhm2g4
2025/09/16 10:00:27 ELECTRUM: Got current height 4663566 from headers subscription
2025/09/16 10:00:27 ELECTRUM: Returning hash 0000000000000fbb47af1519290134b37bef7c5e9fd0744101e76fdfcc4f9a41 for height 4663566 (from headers subscription)
2025-09-16 10:00:27.526 [INF] BTWL btcwallet.go:548: BTCWALLET: Setting up notification for address: tb1putvlls3ekqm74khy2ls7hdadxn4ldxsuh9v2thg7hyht9ysjlvsqqwjnw6
2025/09/16 10:00:27 ELECTRUM: GetBlockHeader called for hash: 0000000000000fbb47af1519290134b37bef7c5e9fd0744101e76fdfcc4f9a41
2025/09/16 10:00:27 ELECTRUM: GetBestBlock called
2025/09/16 10:00:27 ELECTRUM: Subscribing to headers to get current height
2025/09/16 10:00:27 ELECTRUM: Got current height 4663566 from headers subscription
2025/09/16 10:00:27 ELECTRUM: Returning hash 0000000000000fbb47af1519290134b37bef7c5e9fd0744101e76fdfcc4f9a41 for height 4663566 (from headers subscription)
2025-09-16 10:00:27.762 [INF] BTWL btcwallet.go:562: BTCWALLET: Successfully set up notification for address: tb1putvlls3ekqm74khy2ls7hdadxn4ldxsuh9v2thg7hyht9ysjlvsqqwjnw6
2025-09-16 10:00:27.762 [INF] BTWL btcwallet.go:548: BTCWALLET: Setting up notification for address: tb1pm2zwfrhd04ue5dqlwt8nvg9vdd8kcp75nsh3lmnat2mqmelg2vks5vkvfj
2025-09-16 10:00:28.038 [DBG] LTND lnd.go:727: Syncing to block chain rev=4d1c86 best_block_time="2025-09-16 10:00:35 -0400 EDT" is_synced=false
2025-09-16 10:00:28.038 [INF] BTWL btcwallet.go:562: BTCWALLET: Successfully set up notification for address: tb1pm2zwfrhd04ue5dqlwt8nvg9vdd8kcp75nsh3lmnat2mqmelg2vks5vkvfj
2025-09-16 10:00:28.038 [INF] BTWL btcwallet.go:548: BTCWALLET: Setting up notification for address: tb1pvhkycu546rfek5tpkmns0dwxc7v74ul3dlad7as8gflywg3plsvqy8mc4j
2025/09/16 10:00:28 ELECTRUM: GetBestBlock called
2025/09/16 10:00:28 ELECTRUM: Subscribing to headers to get current height
2025-09-16 10:00:28.270 [INF] BTWL btcwallet.go:562: BTCWALLET: Successfully set up notification for address: tb1pvhkycu546rfek5tpkmns0dwxc7v74ul3dlad7as8gflywg3plsvqy8mc4j
2025-09-16 10:00:28.270 [INF] BTWL btcwallet.go:548: BTCWALLET: Setting up notification for address: tb1p0gzw3zejyhpcnhel6fk44utj2wdvt6qeqm98nqxu6j56fcwme4psvdhc46
2025/09/16 10:00:28 ELECTRUM: Got current height 4663566 from headers subscription
2025/09/16 10:00:28 ELECTRUM: Returning hash 0000000000000fbb47af1519290134b37bef7c5e9fd0744101e76fdfcc4f9a41 for height 4663566 (from headers subscription)
2025/09/16 10:00:28 ELECTRUM: Sending initial block notification for height 4663566
2025/09/16 10:00:28 ELECTRUM: Sending block connected notification for height 4663566
2025/09/16 10:00:28 ELECTRUM: Block notification sent successfully for height 4663566
2025-09-16 10:00:28.501 [INF] BTWL btcwallet.go:562: BTCWALLET: Successfully set up notification for address: tb1p0gzw3zejyhpcnhel6fk44utj2wdvt6qeqm98nqxu6j56fcwme4psvdhc46
2025-09-16 10:00:28.502 [INF] BTWL btcwallet.go:548: BTCWALLET: Setting up notification for address: tb1q35l5pfwv0wj2x0w6dvfr6rdv43mrdavey28800
2025-09-16 10:00:28.735 [INF] BTWL btcwallet.go:562: BTCWALLET: Successfully set up notification for address: tb1q35l5pfwv0wj2x0w6dvfr6rdv43mrdavey28800
2025-09-16 10:00:28.735 [INF] BTWL btcwallet.go:548: BTCWALLET: Setting up notification for address: tb1q3wmfzpnluglv5auudgl2zzsne33auzpmr3vguv
2025-09-16 10:00:28.967 [INF] BTWL btcwallet.go:562: BTCWALLET: Successfully set up notification for address: tb1q3wmfzpnluglv5auudgl2zzsne33auzpmr3vguv
2025-09-16 10:00:28.967 [INF] BTWL btcwallet.go:548: BTCWALLET: Setting up notification for address: tb1qnf9a6cdf8c93ca97767cvted4y9a8lrjr9rctd
2025/09/16 10:00:29 ELECTRUM: GetBestBlock called
2025/09/16 10:00:29 ELECTRUM: Subscribing to headers to get current height
2025-09-16 10:00:29.201 [INF] BTWL btcwallet.go:562: BTCWALLET: Successfully set up notification for address: tb1qnf9a6cdf8c93ca97767cvted4y9a8lrjr9rctd
2025-09-16 10:00:29.201 [INF] BTWL btcwallet.go:548: BTCWALLET: Setting up notification for address: tb1qudd8v6rz3m294gdmmmys29xugkl2f6qzgk3str
2025/09/16 10:00:29 ELECTRUM: Got current height 4663567 from headers subscription
2025/09/16 10:00:29 ELECTRUM: Returning hash 00000000f98e6539dd6a1fc5c5987320adf5d91bfe8d3afe178d4f687da0b8fd for height 4663567 (from headers subscription)
2025/09/16 10:00:29 ELECTRUM: GetBlockHeader called for hash: 00000000f98e6539dd6a1fc5c5987320adf5d91bfe8d3afe178d4f687da0b8fd
2025/09/16 10:00:29 ELECTRUM: GetBestBlock called
2025/09/16 10:00:29 ELECTRUM: Subscribing to headers to get current height
2025-09-16 10:00:29.436 [INF] BTWL btcwallet.go:562: BTCWALLET: Successfully set up notification for address: tb1qudd8v6rz3m294gdmmmys29xugkl2f6qzgk3str
2025-09-16 10:00:29.436 [INF] BTWL btcwallet.go:548: BTCWALLET: Setting up notification for address: tb1qzja2zr3jt2tn5j4emss49745hwdxagaqvru8d4
2025/09/16 10:00:29 ELECTRUM: GetBestBlock called
2025/09/16 10:00:29 ELECTRUM: Subscribing to headers to get current height
2025/09/16 10:00:29 ELECTRUM: Got current height 4663567 from headers subscription
2025/09/16 10:00:29 ELECTRUM: Returning hash 00000000f98e6539dd6a1fc5c5987320adf5d91bfe8d3afe178d4f687da0b8fd for height 4663567 (from headers subscription)
2025-09-16 10:00:29.669 [INF] BTWL btcwallet.go:562: BTCWALLET: Successfully set up notification for address: tb1qzja2zr3jt2tn5j4emss49745hwdxagaqvru8d4
2025-09-16 10:00:29.669 [INF] BTWL btcwallet.go:548: BTCWALLET: Setting up notification for address: tb1q25xq62ad6s9pymemadk7sf08alk3k6q7l4m5pj
2025/09/16 10:00:29 ELECTRUM: Got current height 4663567 from headers subscription
2025/09/16 10:00:29 ELECTRUM: Returning hash 00000000f98e6539dd6a1fc5c5987320adf5d91bfe8d3afe178d4f687da0b8fd for height 4663567 (from headers subscription)
2025/09/16 10:00:29 ELECTRUM: Sending initial block notification for height 4663567
2025/09/16 10:00:29 ELECTRUM: Sending block connected notification for height 4663567
2025/09/16 10:00:29 ELECTRUM: Block notification sent successfully for height 4663567
2025/09/16 10:00:29 ELECTRUM: GetBestBlock called
2025/09/16 10:00:29 ELECTRUM: Subscribing to headers to get current height
2025-09-16 10:00:29.743 [DBG] LTND lnd.go:727: Syncing to block chain rev=4d1c86 best_block_time="2025-09-16 10:20:36 -0400 EDT" is_synced=false
2025-09-16 10:00:29.900 [INF] BTWL btcwallet.go:562: BTCWALLET: Successfully set up notification for address: tb1q25xq62ad6s9pymemadk7sf08alk3k6q7l4m5pj
2025-09-16 10:00:29.900 [INF] BTWL btcwallet.go:548: BTCWALLET: Setting up notification for address: tb1qu4ug4mres4yx49ts998805u2ale66jeah6dvxq
2025/09/16 10:00:29 ELECTRUM: Got current height 4663567 from headers subscription
2025/09/16 10:00:29 ELECTRUM: Returning hash 00000000f98e6539dd6a1fc5c5987320adf5d91bfe8d3afe178d4f687da0b8fd for height 4663567 (from headers subscription)
2025/09/16 10:00:29 ELECTRUM: Sending initial block notification for height 4663567
2025/09/16 10:00:29 ELECTRUM: Sending block connected notification for height 4663567
2025/09/16 10:00:29 ELECTRUM: Block notification sent successfully for height 4663567
2025-09-16 10:00:30.136 [INF] BTWL btcwallet.go:562: BTCWALLET: Successfully set up notification for address: tb1qu4ug4mres4yx49ts998805u2ale66jeah6dvxq
2025-09-16 10:00:30.136 [INF] BTWL btcwallet.go:548: BTCWALLET: Setting up notification for address: tb1qs6nvlnyhs604adlsulc3p0c4fa0g80uutdukx9
2025-09-16 10:00:30.372 [INF] BTWL btcwallet.go:562: BTCWALLET: Successfully set up notification for address: tb1qs6nvlnyhs604adlsulc3p0c4fa0g80uutdukx9
2025-09-16 10:00:30.372 [INF] BTWL btcwallet.go:548: BTCWALLET: Setting up notification for address: tb1q8chvehh7ptzcfylzsgysk08cm3ppt8fvleeggz
2025-09-16 10:00:30.604 [INF] BTWL btcwallet.go:562: BTCWALLET: Successfully set up notification for address: tb1q8chvehh7ptzcfylzsgysk08cm3ppt8fvleeggz
2025-09-16 10:00:30.604 [INF] BTWL btcwallet.go:548: BTCWALLET: Setting up notification for address: tb1q2xgdnhrez9r46a65g4jacpynkjmnfe6f6a7rv9
2025/09/16 10:00:30 ELECTRUM: GetBestBlock called
2025/09/16 10:00:30 ELECTRUM: Subscribing to headers to get current height
2025-09-16 10:00:30.839 [INF] BTWL btcwallet.go:562: BTCWALLET: Successfully set up notification for address: tb1q2xgdnhrez9r46a65g4jacpynkjmnfe6f6a7rv9
2025-09-16 10:00:30.839 [INF] BTWL btcwallet.go:548: BTCWALLET: Setting up notification for address: tb1qjka5z9xsg53v4925jn28umwwz3u5tyh302wg30
2025/09/16 10:00:30 ELECTRUM: Got current height 4663567 from headers subscription
2025/09/16 10:00:30 ELECTRUM: Returning hash 00000000f98e6539dd6a1fc5c5987320adf5d91bfe8d3afe178d4f687da0b8fd for height 4663567 (from headers subscription)
2025/09/16 10:00:30 ELECTRUM: GetBlockHeader called for hash: 00000000f98e6539dd6a1fc5c5987320adf5d91bfe8d3afe178d4f687da0b8fd
2025/09/16 10:00:30 ELECTRUM: GetBestBlock called
2025/09/16 10:00:30 ELECTRUM: Subscribing to headers to get current height
2025-09-16 10:00:31.071 [INF] BTWL btcwallet.go:562: BTCWALLET: Successfully set up notification for address: tb1qjka5z9xsg53v4925jn28umwwz3u5tyh302wg30
2025-09-16 10:00:31.071 [INF] BTWL btcwallet.go:548: BTCWALLET: Setting up notification for address: tb1qy84s4sf7y0eetkst3eaah849ky60jdjra09ptk
2025/09/16 10:00:31 ELECTRUM: Got current height 4663567 from headers subscription
2025/09/16 10:00:31 ELECTRUM: Returning hash 00000000f98e6539dd6a1fc5c5987320adf5d91bfe8d3afe178d4f687da0b8fd for height 4663567 (from headers subscription)
2025-09-16 10:00:31.303 [INF] BTWL btcwallet.go:562: BTCWALLET: Successfully set up notification for address: tb1qy84s4sf7y0eetkst3eaah849ky60jdjra09ptk
2025-09-16 10:00:31.303 [INF] BTWL btcwallet.go:548: BTCWALLET: Setting up notification for address: tb1q84gk7xt5mkcd5d0kn2pj26gep8zdp8esy5jst5
2025-09-16 10:00:31.439 [DBG] LTND lnd.go:727: Syncing to block chain rev=4d1c86 best_block_time="2025-09-16 10:20:36 -0400 EDT" is_synced=false
2025-09-16 10:00:31.534 [INF] BTWL btcwallet.go:562: BTCWALLET: Successfully set up notification for address: tb1q84gk7xt5mkcd5d0kn2pj26gep8zdp8esy5jst5
2025-09-16 10:00:31.534 [INF] BTWL btcwallet.go:548: BTCWALLET: Setting up notification for address: tb1qf07tpug9zz6vffhhm3amvqtujhldkcv2j2wycf
2025-09-16 10:00:31.765 [INF] BTWL btcwallet.go:562: BTCWALLET: Successfully set up notification for address: tb1qf07tpug9zz6vffhhm3amvqtujhldkcv2j2wycf
2025-09-16 10:00:31.765 [INF] BTWL btcwallet.go:548: BTCWALLET: Setting up notification for address: tb1pv6wu2k2pls6eclghkyv4rehmv8pf93kj5x7pejzak3gzd3a9778shsgnq0
2025-09-16 10:00:31.765 [INF] BTWL btcwallet.go:562: BTCWALLET: Successfully set up notification for address: tb1pv6wu2k2pls6eclghkyv4rehmv8pf93kj5x7pejzak3gzd3a9778shsgnq0
2025-09-16 10:00:31.765 [INF] BTWL btcwallet.go:548: BTCWALLET: Setting up notification for address: tb1pqxhwj0c5z7jkz6pcur2lryehylrl4yzh0fvgphnpf769578k2qwqq8pvqd
2025-09-16 10:00:31.765 [INF] BTWL btcwallet.go:562: BTCWALLET: Successfully set up notification for address: tb1pqxhwj0c5z7jkz6pcur2lryehylrl4yzh0fvgphnpf769578k2qwqq8pvqd
2025-09-16 10:00:31.765 [INF] BTWL btcwallet.go:548: BTCWALLET: Setting up notification for address: tb1pyts089s2l3zpfhculluw6lxzwfsary8cj9m26edtrqxss7p7qydqat9hw2
2025-09-16 10:00:31.765 [INF] BTWL btcwallet.go:562: BTCWALLET: Successfully set up notification for address: tb1pyts089s2l3zpfhculluw6lxzwfsary8cj9m26edtrqxss7p7qydqat9hw2
2025-09-16 10:00:31.765 [INF] BTWL btcwallet.go:548: BTCWALLET: Setting up notification for address: tb1py0jfpc0ft4zsfhg7p3peze4q6wdl9l2gfwzf8ar64skxkhz9v9lsuhm2g4
2025-09-16 10:00:31.765 [INF] BTWL btcwallet.go:562: BTCWALLET: Successfully set up notification for address: tb1py0jfpc0ft4zsfhg7p3peze4q6wdl9l2gfwzf8ar64skxkhz9v9lsuhm2g4
2025-09-16 10:00:31.765 [INF] BTWL btcwallet.go:548: BTCWALLET: Setting up notification for address: tb1putvlls3ekqm74khy2ls7hdadxn4ldxsuh9v2thg7hyht9ysjlvsqqwjnw6
2025-09-16 10:00:31.765 [INF] BTWL btcwallet.go:562: BTCWALLET: Successfully set up notification for address: tb1putvlls3ekqm74khy2ls7hdadxn4ldxsuh9v2thg7hyht9ysjlvsqqwjnw6
2025-09-16 10:00:31.765 [INF] BTWL btcwallet.go:548: BTCWALLET: Setting up notification for address: tb1pm2zwfrhd04ue5dqlwt8nvg9vdd8kcp75nsh3lmnat2mqmelg2vks5vkvfj
2025-09-16 10:00:31.765 [INF] BTWL btcwallet.go:562: BTCWALLET: Successfully set up notification for address: tb1pm2zwfrhd04ue5dqlwt8nvg9vdd8kcp75nsh3lmnat2mqmelg2vks5vkvfj
2025-09-16 10:00:31.765 [INF] BTWL btcwallet.go:548: BTCWALLET: Setting up notification for address: tb1pvhkycu546rfek5tpkmns0dwxc7v74ul3dlad7as8gflywg3plsvqy8mc4j
2025-09-16 10:00:31.765 [INF] BTWL btcwallet.go:562: BTCWALLET: Successfully set up notification for address: tb1pvhkycu546rfek5tpkmns0dwxc7v74ul3dlad7as8gflywg3plsvqy8mc4j
2025-09-16 10:00:31.765 [INF] BTWL btcwallet.go:548: BTCWALLET: Setting up notification for address: tb1p0gzw3zejyhpcnhel6fk44utj2wdvt6qeqm98nqxu6j56fcwme4psvdhc46
2025-09-16 10:00:31.765 [INF] BTWL btcwallet.go:562: BTCWALLET: Successfully set up notification for address: tb1p0gzw3zejyhpcnhel6fk44utj2wdvt6qeqm98nqxu6j56fcwme4psvdhc46
2025-09-16 10:00:31.765 [INF] BTWL btcwallet.go:548: BTCWALLET: Setting up notification for address: tb1q35l5pfwv0wj2x0w6dvfr6rdv43mrdavey28800
2025-09-16 10:00:31.765 [INF] BTWL btcwallet.go:562: BTCWALLET: Successfully set up notification for address: tb1q35l5pfwv0wj2x0w6dvfr6rdv43mrdavey28800
2025-09-16 10:00:31.765 [INF] BTWL btcwallet.go:548: BTCWALLET: Setting up notification for address: tb1q3wmfzpnluglv5auudgl2zzsne33auzpmr3vguv
2025-09-16 10:00:31.765 [INF] BTWL btcwallet.go:562: BTCWALLET: Successfully set up notification for address: tb1q3wmfzpnluglv5auudgl2zzsne33auzpmr3vguv
2025-09-16 10:00:31.765 [INF] BTWL btcwallet.go:548: BTCWALLET: Setting up notification for address: tb1qnf9a6cdf8c93ca97767cvted4y9a8lrjr9rctd
2025-09-16 10:00:31.765 [INF] BTWL btcwallet.go:562: BTCWALLET: Successfully set up notification for address: tb1qnf9a6cdf8c93ca97767cvted4y9a8lrjr9rctd
2025-09-16 10:00:31.765 [INF] BTWL btcwallet.go:548: BTCWALLET: Setting up notification for address: tb1qudd8v6rz3m294gdmmmys29xugkl2f6qzgk3str
2025-09-16 10:00:31.765 [INF] BTWL btcwallet.go:562: BTCWALLET: Successfully set up notification for address: tb1qudd8v6rz3m294gdmmmys29xugkl2f6qzgk3str
2025-09-16 10:00:31.765 [INF] BTWL btcwallet.go:548: BTCWALLET: Setting up notification for address: tb1qzja2zr3jt2tn5j4emss49745hwdxagaqvru8d4
2025-09-16 10:00:31.765 [INF] BTWL btcwallet.go:562: BTCWALLET: Successfully set up notification for address: tb1qzja2zr3jt2tn5j4emss49745hwdxagaqvru8d4
2025-09-16 10:00:31.765 [INF] BTWL btcwallet.go:548: BTCWALLET: Setting up notification for address: tb1q25xq62ad6s9pymemadk7sf08alk3k6q7l4m5pj
2025-09-16 10:00:31.766 [INF] BTWL btcwallet.go:562: BTCWALLET: Successfully set up notification for address: tb1q25xq62ad6s9pymemadk7sf08alk3k6q7l4m5pj
2025-09-16 10:00:31.766 [INF] BTWL btcwallet.go:548: BTCWALLET: Setting up notification for address: tb1qu4ug4mres4yx49ts998805u2ale66jeah6dvxq
2025-09-16 10:00:31.766 [INF] BTWL btcwallet.go:562: BTCWALLET: Successfully set up notification for address: tb1qu4ug4mres4yx49ts998805u2ale66jeah6dvxq
2025-09-16 10:00:31.766 [INF] BTWL btcwallet.go:548: BTCWALLET: Setting up notification for address: tb1qs6nvlnyhs604adlsulc3p0c4fa0g80uutdukx9
2025-09-16 10:00:31.766 [INF] BTWL btcwallet.go:562: BTCWALLET: Successfully set up notification for address: tb1qs6nvlnyhs604adlsulc3p0c4fa0g80uutdukx9
2025-09-16 10:00:31.766 [INF] BTWL btcwallet.go:548: BTCWALLET: Setting up notification for address: tb1q8chvehh7ptzcfylzsgysk08cm3ppt8fvleeggz
2025-09-16 10:00:31.766 [INF] BTWL btcwallet.go:562: BTCWALLET: Successfully set up notification for address: tb1q8chvehh7ptzcfylzsgysk08cm3ppt8fvleeggz
2025-09-16 10:00:31.766 [INF] BTWL btcwallet.go:548: BTCWALLET: Setting up notification for address: tb1q2xgdnhrez9r46a65g4jacpynkjmnfe6f6a7rv9
2025-09-16 10:00:31.766 [INF] BTWL btcwallet.go:562: BTCWALLET: Successfully set up notification for address: tb1q2xgdnhrez9r46a65g4jacpynkjmnfe6f6a7rv9
2025-09-16 10:00:31.766 [INF] BTWL btcwallet.go:548: BTCWALLET: Setting up notification for address: tb1qjka5z9xsg53v4925jn28umwwz3u5tyh302wg30
2025-09-16 10:00:31.766 [INF] BTWL btcwallet.go:562: BTCWALLET: Successfully set up notification for address: tb1qjka5z9xsg53v4925jn28umwwz3u5tyh302wg30
2025-09-16 10:00:31.766 [INF] BTWL btcwallet.go:548: BTCWALLET: Setting up notification for address: tb1qy84s4sf7y0eetkst3eaah849ky60jdjra09ptk
2025-09-16 10:00:31.766 [INF] BTWL btcwallet.go:562: BTCWALLET: Successfully set up notification for address: tb1qy84s4sf7y0eetkst3eaah849ky60jdjra09ptk
2025-09-16 10:00:31.766 [INF] BTWL btcwallet.go:548: BTCWALLET: Setting up notification for address: tb1q84gk7xt5mkcd5d0kn2pj26gep8zdp8esy5jst5
2025-09-16 10:00:31.766 [INF] BTWL btcwallet.go:562: BTCWALLET: Successfully set up notification for address: tb1q84gk7xt5mkcd5d0kn2pj26gep8zdp8esy5jst5
2025-09-16 10:00:31.766 [INF] BTWL btcwallet.go:548: BTCWALLET: Setting up notification for address: tb1qf07tpug9zz6vffhhm3amvqtujhldkcv2j2wycf
2025-09-16 10:00:31.766 [INF] BTWL btcwallet.go:562: BTCWALLET: Successfully set up notification for address: tb1qf07tpug9zz6vffhhm3amvqtujhldkcv2j2wycf
2025-09-16 10:00:31.766 [INF] BTWL btcwallet.go:463: BTCWALLET: Completed setting up notifications for 44 addresses
2025-09-16 10:00:31.766 [INF] BTWL btcwallet.go:415: BTCWALLET: Electrum address notifications set up successfully
2025/09/16 10:00:32 ELECTRUM: GetBestBlock called
2025/09/16 10:00:32 ELECTRUM: Subscribing to headers to get current height
2025/09/16 10:00:32 ELECTRUM: Got current height 4663568 from headers subscription
2025/09/16 10:00:32 ELECTRUM: Returning hash 000000000000cf2cf64a04808917fd5b667d4322839fbe41f4875cfdb89ff3db for height 4663568 (from headers subscription)
2025/09/16 10:00:32 ELECTRUM: GetBlockHeader called for hash: 000000000000cf2cf64a04808917fd5b667d4322839fbe41f4875cfdb89ff3db
2025/09/16 10:00:32 ELECTRUM: GetBestBlock called
2025/09/16 10:00:32 ELECTRUM: Subscribing to headers to get current height
2025/09/16 10:00:32 ELECTRUM: Got current height 4663568 from headers subscription
2025/09/16 10:00:32 ELECTRUM: Returning hash 000000000000cf2cf64a04808917fd5b667d4322839fbe41f4875cfdb89ff3db for height 4663568 (from headers subscription)
2025-09-16 10:00:33.133 [DBG] LTND lnd.go:727: Syncing to block chain rev=4d1c86 best_block_time="2025-09-16 10:00:36 -0400 EDT" is_synced=false
2025/09/16 10:00:34 ELECTRUM: GetBestBlock called
2025/09/16 10:00:34 ELECTRUM: Subscribing to headers to get current height
2025/09/16 10:00:34 ELECTRUM: Got current height 4663570 from headers subscription
2025/09/16 10:00:34 ELECTRUM: Returning hash 00000000000122c0d0fd55562ee74176a2998b16a834f3cdeb22c5d34c43927f for height 4663570 (from headers subscription)
2025/09/16 10:00:34 ELECTRUM: GetBlockHeader called for hash: 00000000000122c0d0fd55562ee74176a2998b16a834f3cdeb22c5d34c43927f
2025/09/16 10:00:34 ELECTRUM: GetBestBlock called
2025/09/16 10:00:34 ELECTRUM: Subscribing to headers to get current height
2025/09/16 10:00:34 ELECTRUM: Got current height 4663570 from headers subscription
2025/09/16 10:00:34 ELECTRUM: Returning hash 00000000000122c0d0fd55562ee74176a2998b16a834f3cdeb22c5d34c43927f for height 4663570 (from headers subscription)
2025-09-16 10:00:34.834 [DBG] LTND lnd.go:727: Syncing to block chain rev=4d1c86 best_block_time="2025-09-16 10:00:32 -0400 EDT" is_synced=false
2025/09/16 10:00:35 ELECTRUM: GetBestBlock called
2025/09/16 10:00:35 ELECTRUM: Subscribing to headers to get current height
2025/09/16 10:00:36 ELECTRUM: Got current height 4663570 from headers subscription
2025/09/16 10:00:36 ELECTRUM: Returning hash 00000000000122c0d0fd55562ee74176a2998b16a834f3cdeb22c5d34c43927f for height 4663570 (from headers subscription)
2025/09/16 10:00:36 ELECTRUM: GetBlockHeader called for hash: 00000000000122c0d0fd55562ee74176a2998b16a834f3cdeb22c5d34c43927f
2025/09/16 10:00:36 ELECTRUM: GetBestBlock called
2025/09/16 10:00:36 ELECTRUM: Subscribing to headers to get current height
2025/09/16 10:00:36 ELECTRUM: Got current height 4663570 from headers subscription
2025/09/16 10:00:36 ELECTRUM: Returning hash 00000000000122c0d0fd55562ee74176a2998b16a834f3cdeb22c5d34c43927f for height 4663570 (from headers subscription)
2025-09-16 10:00:36.564 [DBG] LTND lnd.go:727: Syncing to block chain rev=4d1c86 best_block_time="2025-09-16 10:00:32 -0400 EDT" is_synced=false
2025/09/16 10:00:37 ELECTRUM: GetBestBlock called
2025/09/16 10:00:37 ELECTRUM: Subscribing to headers to get current height
2025/09/16 10:00:37 ELECTRUM: Got current height 4663570 from headers subscription
2025/09/16 10:00:37 ELECTRUM: Returning hash 00000000000122c0d0fd55562ee74176a2998b16a834f3cdeb22c5d34c43927f for height 4663570 (from headers subscription)
2025/09/16 10:00:37 ELECTRUM: GetBlockHeader called for hash: 00000000000122c0d0fd55562ee74176a2998b16a834f3cdeb22c5d34c43927f
2025/09/16 10:00:37 ELECTRUM: GetBestBlock called
2025/09/16 10:00:37 ELECTRUM: Subscribing to headers to get current height
2025/09/16 10:00:38 ELECTRUM: Got current height 4663570 from headers subscription
2025/09/16 10:00:38 ELECTRUM: Returning hash 00000000000122c0d0fd55562ee74176a2998b16a834f3cdeb22c5d34c43927f for height 4663570 (from headers subscription)
2025-09-16 10:00:38.268 [DBG] LTND lnd.go:727: Syncing to block chain rev=4d1c86 best_block_time="2025-09-16 10:00:32 -0400 EDT" is_synced=false
2025/09/16 10:00:39 ELECTRUM: GetBestBlock called
2025/09/16 10:00:39 ELECTRUM: Subscribing to headers to get current height
2025/09/16 10:00:39 ELECTRUM: Got current height 4663571 from headers subscription
2025/09/16 10:00:39 ELECTRUM: Returning hash 0000000000012ccebb87989a69e2bc6173944dd496ea30843ba6573834b31d49 for height 4663571 (from headers subscription)
2025/09/16 10:00:39 ELECTRUM: GetBlockHeader called for hash: 0000000000012ccebb87989a69e2bc6173944dd496ea30843ba6573834b31d49
2025/09/16 10:00:39 ELECTRUM: GetBestBlock called
2025/09/16 10:00:39 ELECTRUM: Subscribing to headers to get current height
2025/09/16 10:00:39 ELECTRUM: Got current height 4663571 from headers subscription
2025/09/16 10:00:39 ELECTRUM: Returning hash 0000000000012ccebb87989a69e2bc6173944dd496ea30843ba6573834b31d49 for height 4663571 (from headers subscription)
2025-09-16 10:00:39.962 [DBG] LTND lnd.go:727: Syncing to block chain rev=4d1c86 best_block_time="2025-09-16 10:00:33 -0400 EDT" is_synced=false
2025/09/16 10:00:40 ELECTRUM: GetBestBlock called
2025/09/16 10:00:40 ELECTRUM: Subscribing to headers to get current height
2025/09/16 10:00:41 ELECTRUM: Got current height 4663572 from headers subscription
2025/09/16 10:00:41 ELECTRUM: Returning hash 0000000000003841d333034d2cd658e2e0d05fe320c14afdd3ae29cb884c030c for height 4663572 (from headers subscription)
2025/09/16 10:00:41 ELECTRUM: GetBlockHeader called for hash: 0000000000003841d333034d2cd658e2e0d05fe320c14afdd3ae29cb884c030c
2025/09/16 10:00:41 ELECTRUM: GetBestBlock called
2025/09/16 10:00:41 ELECTRUM: Subscribing to headers to get current height
2025/09/16 10:00:41 ELECTRUM: Got current height 4663572 from headers subscription
2025/09/16 10:00:41 ELECTRUM: Returning hash 0000000000003841d333034d2cd658e2e0d05fe320c14afdd3ae29cb884c030c for height 4663572 (from headers subscription)
2025-09-16 10:00:41.681 [DBG] LTND lnd.go:727: Syncing to block chain rev=4d1c86 best_block_time="2025-09-16 10:00:44 -0400 EDT" is_synced=false
2025/09/16 10:00:42 ELECTRUM: GetBestBlock called
2025/09/16 10:00:42 ELECTRUM: Subscribing to headers to get current height
2025/09/16 10:00:42 ELECTRUM: Got current height 4663573 from headers subscription
2025/09/16 10:00:42 ELECTRUM: Returning hash 0000000000002d889d27e70cd35597f3791dea03cc43d4a8ac70b774350df5b2 for height 4663573 (from headers subscription)
2025/09/16 10:00:42 ELECTRUM: GetBlockHeader called for hash: 0000000000002d889d27e70cd35597f3791dea03cc43d4a8ac70b774350df5b2
2025/09/16 10:00:42 ELECTRUM: GetBestBlock called
2025/09/16 10:00:42 ELECTRUM: Subscribing to headers to get current height
2025/09/16 10:00:43 ELECTRUM: Got current height 4663573 from headers subscription
2025/09/16 10:00:43 ELECTRUM: Returning hash 0000000000002d889d27e70cd35597f3791dea03cc43d4a8ac70b774350df5b2 for height 4663573 (from headers subscription)
2025-09-16 10:00:43.530 [DBG] LTND lnd.go:727: Syncing to block chain rev=4d1c86 best_block_time="2025-09-16 10:00:39 -0400 EDT" is_synced=false
2025/09/16 10:00:44 ELECTRUM: GetBestBlock called
2025/09/16 10:00:44 ELECTRUM: Subscribing to headers to get current height
2025/09/16 10:00:44 ELECTRUM: Got current height 4663573 from headers subscription
2025/09/16 10:00:44 ELECTRUM: Returning hash 0000000000002d889d27e70cd35597f3791dea03cc43d4a8ac70b774350df5b2 for height 4663573 (from headers subscription)
2025/09/16 10:00:44 ELECTRUM: GetBlockHeader called for hash: 0000000000002d889d27e70cd35597f3791dea03cc43d4a8ac70b774350df5b2
2025/09/16 10:00:44 ELECTRUM: GetBestBlock called
2025/09/16 10:00:44 ELECTRUM: Subscribing to headers to get current height
2025/09/16 10:00:45 ELECTRUM: Got current height 4663574 from headers subscription
2025/09/16 10:00:45 ELECTRUM: Returning hash 000000000000039b956239dac2715191e74ff46645263e50a9bc0cc7e8242468 for height 4663574 (from headers subscription)
2025/09/16 10:00:58 ELECTRUM: GetBestBlock called
2025/09/16 10:00:58 ELECTRUM: Subscribing to headers to get current height
2025/09/16 10:00:58 ELECTRUM: Got current height 4663579 from headers subscription
2025/09/16 10:00:58 ELECTRUM: Returning hash 0000000000000760edb3d69ec6c27311457a85ca2e9768024ece18964cad3335 for height 4663579 (from headers subscription)
2025/09/16 10:00:58 ELECTRUM: Checking for new blocks - current: 4663579, last known: 4663566
2025/09/16 10:00:58 ELECTRUM: New block detected! Height: 4663579 (was 4663566)
2025/09/16 10:00:58 ELECTRUM: Sending block connected notification for height 4663579
2025/09/16 10:00:58 ELECTRUM: Block notification sent successfully for height 4663579
2025/09/16 10:00:59 ELECTRUM: GetBestBlock called
2025/09/16 10:00:59 ELECTRUM: Subscribing to headers to get current height
2025/09/16 10:00:59 ELECTRUM: Got current height 4663580 from headers subscription
2025/09/16 10:00:59 ELECTRUM: Returning hash 00000000000003fa81d853839fddbae9f0b6938028f36dadd6c98134d7d9a8bd for height 4663580 (from headers subscription)
2025/09/16 10:00:59 ELECTRUM: Checking for new blocks - current: 4663580, last known: 4663567
2025/09/16 10:00:59 ELECTRUM: New block detected! Height: 4663580 (was 4663567)
2025/09/16 10:00:59 ELECTRUM: Sending block connected notification for height 4663580
2025/09/16 10:00:59 ELECTRUM: Block notification sent successfully for height 4663580
2025/09/16 10:00:59 ELECTRUM: GetBestBlock called
2025/09/16 10:00:59 ELECTRUM: Subscribing to headers to get current height
2025/09/16 10:01:00 ELECTRUM: Got current height 4663581 from headers subscription
2025/09/16 10:01:00 ELECTRUM: Returning hash 00000000180b2ac8e7b4300744cb3412429adc6bff170b55661a7f86653c9c44 for height 4663581 (from headers subscription)
2025/09/16 10:01:00 ELECTRUM: Checking for new blocks - current: 4663581, last known: 4663567
2025/09/16 10:01:00 ELECTRUM: New block detected! Height: 4663581 (was 4663567)
2025/09/16 10:01:00 ELECTRUM: Sending block connected notification for height 4663581
2025/09/16 10:01:00 ELECTRUM: Block notification sent successfully for height 4663581
2025-09-16 10:01:09.715 [DBG] LTND lnd.go:727: Syncing to block chain rev=4d1c86 best_block_time="2025-09-16 10:00:39 -0400 EDT" is_synced=false
2025/09/16 10:01:10 ELECTRUM: GetBestBlock called
2025/09/16 10:01:10 ELECTRUM: Subscribing to headers to get current height
2025/09/16 10:01:11 ELECTRUM: Got current height 4663588 from headers subscription
2025/09/16 10:01:11 ELECTRUM: Returning hash 0000000000040a57a468d5395df2247022a5cd49d27f62dd5d5d397ca38a81ff for height 4663588 (from headers subscription)
2025/09/16 10:01:11 ELECTRUM: GetBlockHeader called for hash: 0000000000040a57a468d5395df2247022a5cd49d27f62dd5d5d397ca38a81ff
2025/09/16 10:01:11 ELECTRUM: GetBestBlock called
2025/09/16 10:01:11 ELECTRUM: Subscribing to headers to get current height
2025/09/16 10:01:11 ELECTRUM: Got current height 4663588 from headers subscription
2025/09/16 10:01:11 ELECTRUM: Returning hash 0000000000040a57a468d5395df2247022a5cd49d27f62dd5d5d397ca38a81ff for height 4663588 (from headers subscription)
2025-09-16 10:01:11.557 [DBG] LTND lnd.go:727: Syncing to block chain rev=4d1c86 best_block_time="2025-09-16 10:01:10 -0400 EDT" is_synced=false
2025/09/16 10:01:12 ELECTRUM: GetBestBlock called
2025/09/16 10:01:12 ELECTRUM: Subscribing to headers to get current height
2025/09/16 10:01:12 ELECTRUM: Got current height 4663589 from headers subscription
2025/09/16 10:01:12 ELECTRUM: Returning hash 0000000000001f97758f851327d903313fda2a2a9ba1ee4a6a4235a78143f620 for height 4663589 (from headers subscription)
2025/09/16 10:01:12 ELECTRUM: GetBlockHeader called for hash: 0000000000001f97758f851327d903313fda2a2a9ba1ee4a6a4235a78143f620
2025/09/16 10:01:12 ELECTRUM: GetBestBlock called
2025/09/16 10:01:12 ELECTRUM: Subscribing to headers to get current height
2025/09/16 10:01:13 ELECTRUM: Got current height 4663589 from headers subscription
2025/09/16 10:01:13 ELECTRUM: Returning hash 0000000000001f97758f851327d903313fda2a2a9ba1ee4a6a4235a78143f620 for height 4663589 (from headers subscription)
2025-09-16 10:01:13.255 [DBG] LTND lnd.go:727: Syncing to block chain rev=4d1c86 best_block_time="2025-09-16 10:01:10 -0400 EDT" is_synced=false
2025/09/16 10:01:14 ELECTRUM: GetBestBlock called
2025/09/16 10:01:14 ELECTRUM: Subscribing to headers to get current height
2025/09/16 10:01:14 ELECTRUM: Got current height 4663591 from headers subscription
2025/09/16 10:01:14 ELECTRUM: Returning hash 000000000003b4b5a7ff5cfd04333a7a695f38a469c453df7947f201e6542fbe for height 4663591 (from headers subscription)
2025/09/16 10:01:14 ELECTRUM: GetBlockHeader called for hash: 000000000003b4b5a7ff5cfd04333a7a695f38a469c453df7947f201e6542fbe
2025/09/16 10:01:14 ELECTRUM: GetBestBlock called
2025/09/16 10:01:14 ELECTRUM: Subscribing to headers to get current height
2025/09/16 10:01:14 ELECTRUM: Got current height 4663591 from headers subscription
2025/09/16 10:01:14 ELECTRUM: Returning hash 000000000003b4b5a7ff5cfd04333a7a695f38a469c453df7947f201e6542fbe for height 4663591 (from headers subscription)
2025-09-16 10:01:14.966 [DBG] LTND lnd.go:727: Syncing to block chain rev=4d1c86 best_block_time="2025-09-16 10:01:13 -0400 EDT" is_synced=false
2025-09-16 10:01:15.451 [DBG] RPCS interceptor.go:775: [/lnrpc.Lightning/WalletBalance] requested
2025/09/16 10:01:15 ELECTRUM: GetBestBlock called
2025/09/16 10:01:15 ELECTRUM: Subscribing to headers to get current height
2025-09-16 10:01:16.140 [INF] BTWL btcwallet.go:780: BTCWALLET: ConfirmedBalance called with confs=0, accountFilter=default
2025-09-16 10:01:16.140 [INF] BTWL btcwallet.go:780: BTCWALLET: ConfirmedBalance called with confs=1, accountFilter=default
2025-09-16 10:01:16.140 [DBG] RPCS rpcserver.go:3746: [walletbalance] Total balance=0 BTC (confirmed=0 BTC, unconfirmed=0 BTC, locked=0 BTC)
2025/09/16 10:01:16 ELECTRUM: Got current height 4663592 from headers subscription
2025/09/16 10:01:16 ELECTRUM: Returning hash 00000000000006e2329e197e02508ce48653b0e54ea40e5372d8e42f6aeeccc9 for height 4663592 (from headers subscription)
2025/09/16 10:01:16 ELECTRUM: GetBlockHeader called for hash: 00000000000006e2329e197e02508ce48653b0e54ea40e5372d8e42f6aeeccc9
2025/09/16 10:01:16 ELECTRUM: GetBestBlock called
2025/09/16 10:01:16 ELECTRUM: Subscribing to headers to get current height
2025/09/16 10:01:16 ELECTRUM: Got current height 4663592 from headers subscription
2025/09/16 10:01:16 ELECTRUM: Returning hash 00000000000006e2329e197e02508ce48653b0e54ea40e5372d8e42f6aeeccc9 for height 4663592 (from headers subscription)
2025-09-16 10:01:16.666 [DBG] LTND lnd.go:727: Syncing to block chain rev=4d1c86 best_block_time="2025-09-16 10:01:14 -0400 EDT" is_synced=false
2025/09/16 10:01:17 ELECTRUM: GetBestBlock called
2025/09/16 10:01:17 ELECTRUM: Subscribing to headers to get current height
2025/09/16 10:01:17 ELECTRUM: Got current height 4663593 from headers subscription
2025/09/16 10:01:17 ELECTRUM: Returning hash 000000001276a7f758afdf920b853f55824135ba911fce4ab897d1deefa641fa for height 4663593 (from headers subscription)
2025/09/16 10:01:17 ELECTRUM: GetBlockHeader called for hash: 000000001276a7f758afdf920b853f55824135ba911fce4ab897d1deefa641fa
2025/09/16 10:01:17 ELECTRUM: GetBestBlock called
2025/09/16 10:01:17 ELECTRUM: Subscribing to headers to get current height
2025/09/16 10:01:18 ELECTRUM: Got current height 4663593 from headers subscription
2025/09/16 10:01:18 ELECTRUM: Returning hash 000000001276a7f758afdf920b853f55824135ba911fce4ab897d1deefa641fa for height 4663593 (from headers subscription)
2025-09-16 10:01:18.368 [DBG] LTND lnd.go:727: Syncing to block chain rev=4d1c86 best_block_time="2025-09-16 10:01:15 -0400 EDT" is_synced=false
2025/09/16 10:01:19 ELECTRUM: GetBestBlock called
2025/09/16 10:01:19 ELECTRUM: Subscribing to headers to get current height
2025/09/16 10:01:19 ELECTRUM: Got current height 4663594 from headers subscription
2025/09/16 10:01:19 ELECTRUM: Returning hash 00000000000029838d7d02823c993cd6f31c691a1534e928d1e012083b0bef56 for height 4663594 (from headers subscription)
2025/09/16 10:01:19 ELECTRUM: GetBlockHeader called for hash: 00000000000029838d7d02823c993cd6f31c691a1534e928d1e012083b0bef56
2025/09/16 10:01:19 ELECTRUM: GetBestBlock called
2025/09/16 10:01:19 ELECTRUM: Subscribing to headers to get current height
2025/09/16 10:01:19 ELECTRUM: Got current height 4663594 from headers subscription
2025/09/16 10:01:19 ELECTRUM: Returning hash 00000000000029838d7d02823c993cd6f31c691a1534e928d1e012083b0bef56 for height 4663594 (from headers subscription)
2025-09-16 10:01:20.118 [DBG] LTND lnd.go:727: Syncing to block chain rev=4d1c86 best_block_time="2025-09-16 10:01:16 -0400 EDT" is_synced=false
2025/09/16 10:01:21 ELECTRUM: GetBestBlock called
2025/09/16 10:01:21 ELECTRUM: Subscribing to headers to get current height
2025/09/16 10:01:21 ELECTRUM: Got current height 4663595 from headers subscription
2025/09/16 10:01:21 ELECTRUM: Returning hash 000000000000865edbeed50b42cf78ec199d0127cf0947aa91eaaa764d081e97 for height 4663595 (from headers subscription)
2025/09/16 10:01:21 ELECTRUM: GetBlockHeader called for hash: 000000000000865edbeed50b42cf78ec199d0127cf0947aa91eaaa764d081e97
2025/09/16 10:01:21 ELECTRUM: GetBestBlock called
2025/09/16 10:01:21 ELECTRUM: Subscribing to headers to get current height
2025/09/16 10:01:21 ELECTRUM: Got current height 4663595 from headers subscription
2025/09/16 10:01:21 ELECTRUM: Returning hash 000000000000865edbeed50b42cf78ec199d0127cf0947aa91eaaa764d081e97 for height 4663595 (from headers subscription)
2025-09-16 10:01:21.900 [DBG] LTND lnd.go:727: Syncing to block chain rev=4d1c86 best_block_time="2025-09-16 10:01:25 -0400 EDT" is_synced=false
2025/09/16 10:01:22 ELECTRUM: GetBestBlock called
2025/09/16 10:01:22 ELECTRUM: Subscribing to headers to get current height
2025/09/16 10:01:23 ELECTRUM: Got current height 4663596 from headers subscription
2025/09/16 10:01:23 ELECTRUM: Returning hash 0000000000003635275f6b687101e8b57a473d5a1f76faf412f18a215399c286 for height 4663596 (from headers subscription)
2025/09/16 10:01:23 ELECTRUM: GetBlockHeader called for hash: 0000000000003635275f6b687101e8b57a473d5a1f76faf412f18a215399c286
2025/09/16 10:01:23 ELECTRUM: GetBestBlock called
2025/09/16 10:01:23 ELECTRUM: Subscribing to headers to get current height
2025/09/16 10:01:23 ELECTRUM: Got current height 4663596 from headers subscription
2025/09/16 10:01:23 ELECTRUM: Returning hash 0000000000003635275f6b687101e8b57a473d5a1f76faf412f18a215399c286 for height 4663596 (from headers subscription)
2025-09-16 10:01:23.643 [DBG] LTND lnd.go:727: Syncing to block chain rev=4d1c86 best_block_time="2025-09-16 10:01:20 -0400 EDT" is_synced=false
2025/09/16 10:01:24 ELECTRUM: GetBestBlock called
2025/09/16 10:01:24 ELECTRUM: Subscribing to headers to get current height
2025/09/16 10:01:24 ELECTRUM: Got current height 4663596 from headers subscription
2025/09/16 10:01:24 ELECTRUM: Returning hash 0000000000003635275f6b687101e8b57a473d5a1f76faf412f18a215399c286 for height 4663596 (from headers subscription)
2025/09/16 10:01:24 ELECTRUM: GetBlockHeader called for hash: 0000000000003635275f6b687101e8b57a473d5a1f76faf412f18a215399c286
2025/09/16 10:01:24 ELECTRUM: GetBestBlock called
2025/09/16 10:01:24 ELECTRUM: Subscribing to headers to get current height
2025/09/16 10:01:25 ELECTRUM: Got current height 4663596 from headers subscription
2025/09/16 10:01:25 ELECTRUM: Returning hash 0000000000003635275f6b687101e8b57a473d5a1f76faf412f18a215399c286 for height 4663596 (from headers subscription)
2025-09-16 10:01:25.365 [DBG] LTND lnd.go:727: Syncing to block chain rev=4d1c86 best_block_time="2025-09-16 10:01:20 -0400 EDT" is_synced=false
2025/09/16 10:01:26 ELECTRUM: GetBestBlock called
2025/09/16 10:01:26 ELECTRUM: Subscribing to headers to get current height
2025/09/16 10:01:26 ELECTRUM: Got current height 4663597 from headers subscription
2025/09/16 10:01:26 ELECTRUM: Returning hash 000000000000034bd29bee5f7faefa1291f75831526d241295370cc676b34986 for height 4663597 (from headers subscription)
2025/09/16 10:01:26 ELECTRUM: GetBlockHeader called for hash: 000000000000034bd29bee5f7faefa1291f75831526d241295370cc676b34986
2025/09/16 10:01:26 ELECTRUM: GetBestBlock called
2025/09/16 10:01:26 ELECTRUM: Subscribing to headers to get current height
2025/09/16 10:01:26 ELECTRUM: Got current height 4663597 from headers subscription
2025/09/16 10:01:26 ELECTRUM: Returning hash 000000000000034bd29bee5f7faefa1291f75831526d241295370cc676b34986 for height 4663597 (from headers subscription)
2025-09-16 10:01:27.123 [DBG] LTND lnd.go:727: Syncing to block chain rev=4d1c86 best_block_time="2025-09-16 10:01:31 -0400 EDT" is_synced=false
2025/09/16 10:01:28 ELECTRUM: GetBestBlock called
2025/09/16 10:01:28 ELECTRUM: Subscribing to headers to get current height
2025/09/16 10:01:28 ELECTRUM: Got current height 4663598 from headers subscription
2025/09/16 10:01:28 ELECTRUM: Returning hash 00000000000109606f8539db8604882a46cd0777e79be5e230ad0d0df17a5702 for height 4663598 (from headers subscription)
2025/09/16 10:01:28 ELECTRUM: GetBlockHeader called for hash: 00000000000109606f8539db8604882a46cd0777e79be5e230ad0d0df17a5702
2025/09/16 10:01:28 ELECTRUM: GetBestBlock called
2025/09/16 10:01:28 ELECTRUM: Subscribing to headers to get current height
2025/09/16 10:01:28 ELECTRUM: GetBestBlock called
2025/09/16 10:01:28 ELECTRUM: Subscribing to headers to get current height
2025/09/16 10:01:28 ELECTRUM: Got current height 4663598 from headers subscription
2025/09/16 10:01:28 ELECTRUM: Returning hash 00000000000109606f8539db8604882a46cd0777e79be5e230ad0d0df17a5702 for height 4663598 (from headers subscription)
2025/09/16 10:01:28 ELECTRUM: Got current height 4663598 from headers subscription
2025/09/16 10:01:28 ELECTRUM: Returning hash 00000000000109606f8539db8604882a46cd0777e79be5e230ad0d0df17a5702 for height 4663598 (from headers subscription)
2025/09/16 10:01:28 ELECTRUM: Checking for new blocks - current: 4663598, last known: 4663579
2025/09/16 10:01:28 ELECTRUM: New block detected! Height: 4663598 (was 4663579)
2025/09/16 10:01:28 ELECTRUM: Sending block connected notification for height 4663598
2025/09/16 10:01:28 ELECTRUM: Block notification sent successfully for height 4663598
2025-09-16 10:01:28.827 [DBG] LTND lnd.go:727: Syncing to block chain rev=4d1c86 best_block_time="2025-09-16 10:01:25 -0400 EDT" is_synced=false
2025/09/16 10:01:29 ELECTRUM: GetBestBlock called
2025/09/16 10:01:29 ELECTRUM: Subscribing to headers to get current height
2025/09/16 10:01:29 ELECTRUM: GetBestBlock called
2025/09/16 10:01:29 ELECTRUM: Subscribing to headers to get current height
2025/09/16 10:01:29 ELECTRUM: Got current height 4663598 from headers subscription
2025/09/16 10:01:29 ELECTRUM: Returning hash 00000000000109606f8539db8604882a46cd0777e79be5e230ad0d0df17a5702 for height 4663598 (from headers subscription)
2025/09/16 10:01:29 ELECTRUM: Checking for new blocks - current: 4663598, last known: 4663580
2025/09/16 10:01:29 ELECTRUM: New block detected! Height: 4663598 (was 4663580)
2025/09/16 10:01:29 ELECTRUM: Sending block connected notification for height 4663598
2025/09/16 10:01:29 ELECTRUM: Block notification sent successfully for height 4663598
2025/09/16 10:01:29 ELECTRUM: GetBestBlock called
2025/09/16 10:01:29 ELECTRUM: Subscribing to headers to get current height
2025/09/16 10:01:30 ELECTRUM: Got current height 4663598 from headers subscription
2025/09/16 10:01:30 ELECTRUM: Returning hash 00000000000109606f8539db8604882a46cd0777e79be5e230ad0d0df17a5702 for height 4663598 (from headers subscription)
2025/09/16 10:01:30 ELECTRUM: GetBlockHeader called for hash: 00000000000109606f8539db8604882a46cd0777e79be5e230ad0d0df17a5702
2025/09/16 10:01:30 ELECTRUM: GetBestBlock called
2025/09/16 10:01:30 ELECTRUM: Subscribing to headers to get current height
2025/09/16 10:01:30 ELECTRUM: Got current height 4663598 from headers subscription
2025/09/16 10:01:30 ELECTRUM: Returning hash 00000000000109606f8539db8604882a46cd0777e79be5e230ad0d0df17a5702 for height 4663598 (from headers subscription)
2025/09/16 10:01:30 ELECTRUM: Checking for new blocks - current: 4663598, last known: 4663581
2025/09/16 10:01:30 ELECTRUM: New block detected! Height: 4663598 (was 4663581)
2025/09/16 10:01:30 ELECTRUM: Sending block connected notification for height 4663598
2025/09/16 10:01:30 ELECTRUM: Block notification sent successfully for height 4663598
2025/09/16 10:01:30 ELECTRUM: Got current height 4663598 from headers subscription
2025/09/16 10:01:30 ELECTRUM: Returning hash 00000000000109606f8539db8604882a46cd0777e79be5e230ad0d0df17a5702 for height 4663598 (from headers subscription)
2025-09-16 10:01:30.564 [DBG] LTND lnd.go:727: Syncing to block chain rev=4d1c86 best_block_time="2025-09-16 10:01:25 -0400 EDT" is_synced=false
2025/09/16 10:01:31 ELECTRUM: GetBestBlock called
2025/09/16 10:01:31 ELECTRUM: Subscribing to headers to get current height
2025/09/16 10:01:31 ELECTRUM: Got current height 4663598 from headers subscription
2025/09/16 10:01:31 ELECTRUM: Returning hash 00000000000109606f8539db8604882a46cd0777e79be5e230ad0d0df17a5702 for height 4663598 (from headers subscription)
2025/09/16 10:01:31 ELECTRUM: GetBlockHeader called for hash: 00000000000109606f8539db8604882a46cd0777e79be5e230ad0d0df17a5702
2025/09/16 10:01:31 ELECTRUM: GetBestBlock called
2025/09/16 10:01:31 ELECTRUM: Subscribing to headers to get current height
2025/09/16 10:01:32 ELECTRUM: Got current height 4663598 from headers subscription
2025/09/16 10:01:32 ELECTRUM: Returning hash 00000000000109606f8539db8604882a46cd0777e79be5e230ad0d0df17a5702 for height 4663598 (from headers subscription)
2025-09-16 10:01:32.267 [DBG] LTND lnd.go:727: Syncing to block chain rev=4d1c86 best_block_time="2025-09-16 10:01:25 -0400 EDT" is_synced=false
2025/09/16 10:01:33 ELECTRUM: GetBestBlock called
2025/09/16 10:01:33 ELECTRUM: Subscribing to headers to get current height
2025/09/16 10:01:33 ELECTRUM: Got current height 4663599 from headers subscription
2025/09/16 10:01:33 ELECTRUM: Returning hash 00000000000396fe44c1eaaa3b2c0d6ff514e2f8171c96cc86ddc8e48175f7e6 for height 4663599 (from headers subscription)
2025/09/16 10:01:33 ELECTRUM: GetBlockHeader called for hash: 00000000000396fe44c1eaaa3b2c0d6ff514e2f8171c96cc86ddc8e48175f7e6
2025/09/16 10:01:33 ELECTRUM: GetBestBlock called
2025/09/16 10:01:33 ELECTRUM: Subscribing to headers to get current height
2025/09/16 10:01:33 ELECTRUM: Got current height 4663599 from headers subscription
2025/09/16 10:01:33 ELECTRUM: Returning hash 00000000000396fe44c1eaaa3b2c0d6ff514e2f8171c96cc86ddc8e48175f7e6 for height 4663599 (from headers subscription)
2025-09-16 10:01:33.966 [DBG] LTND lnd.go:727: Syncing to block chain rev=4d1c86 best_block_time="2025-09-16 10:01:27 -0400 EDT" is_synced=false
2025/09/16 10:01:34 ELECTRUM: GetBestBlock called
2025/09/16 10:01:34 ELECTRUM: Subscribing to headers to get current height
2025/09/16 10:01:35 ELECTRUM: Got current height 4663599 from headers subscription
2025/09/16 10:01:35 ELECTRUM: Returning hash 00000000000396fe44c1eaaa3b2c0d6ff514e2f8171c96cc86ddc8e48175f7e6 for height 4663599 (from headers subscription)
2025/09/16 10:01:35 ELECTRUM: GetBlockHeader called for hash: 00000000000396fe44c1eaaa3b2c0d6ff514e2f8171c96cc86ddc8e48175f7e6
2025/09/16 10:01:35 ELECTRUM: GetBestBlock called
2025/09/16 10:01:35 ELECTRUM: Subscribing to headers to get current height
2025/09/16 10:01:35 ELECTRUM: Got current height 4663599 from headers subscription
2025/09/16 10:01:35 ELECTRUM: Returning hash 00000000000396fe44c1eaaa3b2c0d6ff514e2f8171c96cc86ddc8e48175f7e6 for height 4663599 (from headers subscription)
2025-09-16 10:01:35.756 [DBG] LTND lnd.go:727: Syncing to block chain rev=4d1c86 best_block_time="2025-09-16 10:01:27 -0400 EDT" is_synced=false
2025/09/16 10:01:36 ELECTRUM: GetBestBlock called
2025/09/16 10:01:36 ELECTRUM: Subscribing to headers to get current height
2025/09/16 10:01:36 ELECTRUM: Got current height 4663601 from headers subscription
2025/09/16 10:01:36 ELECTRUM: Returning hash 00000000000007319c3752ad5b412160d57bd2bab792cfe470a370de3448511a for height 4663601 (from headers subscription)
2025/09/16 10:01:36 ELECTRUM: GetBlockHeader called for hash: 00000000000007319c3752ad5b412160d57bd2bab792cfe470a370de3448511a
2025/09/16 10:01:36 ELECTRUM: GetBestBlock called
2025/09/16 10:01:36 ELECTRUM: Subscribing to headers to get current height
2025/09/16 10:01:37 ELECTRUM: Got current height 4663601 from headers subscription
2025/09/16 10:01:37 ELECTRUM: Returning hash 00000000000007319c3752ad5b412160d57bd2bab792cfe470a370de3448511a for height 4663601 (from headers subscription)
2025-09-16 10:01:37.467 [DBG] LTND lnd.go:727: Syncing to block chain rev=4d1c86 best_block_time="2025-09-16 10:01:35 -0400 EDT" is_synced=false
2025/09/16 10:01:38 ELECTRUM: GetBestBlock called
2025/09/16 10:01:38 ELECTRUM: Subscribing to headers to get current height
2025/09/16 10:01:38 ELECTRUM: Got current height 4663602 from headers subscription
2025/09/16 10:01:38 ELECTRUM: Returning hash 0000000000000936133f638b2e53413fce63d62da411f030344dc95297102bc0 for height 4663602 (from headers subscription)
2025/09/16 10:01:38 ELECTRUM: GetBlockHeader called for hash: 0000000000000936133f638b2e53413fce63d62da411f030344dc95297102bc0
2025/09/16 10:01:38 ELECTRUM: GetBestBlock called
2025/09/16 10:01:38 ELECTRUM: Subscribing to headers to get current height
2025/09/16 10:01:39 ELECTRUM: Got current height 4663602 from headers subscription
2025/09/16 10:01:39 ELECTRUM: Returning hash 0000000000000936133f638b2e53413fce63d62da411f030344dc95297102bc0 for height 4663602 (from headers subscription)
2025-09-16 10:01:39.235 [DBG] LTND lnd.go:727: Syncing to block chain rev=4d1c86 best_block_time="2025-09-16 10:01:48 -0400 EDT" is_synced=false
2025/09/16 10:01:40 ELECTRUM: GetBestBlock called
2025/09/16 10:01:40 ELECTRUM: Subscribing to headers to get current height
2025/09/16 10:01:40 ELECTRUM: Got current height 4663603 from headers subscription
2025/09/16 10:01:40 ELECTRUM: Returning hash 00000000000021eaf60de244b28be66f84e14f97059a377d3699ad4417247021 for height 4663603 (from headers subscription)
2025/09/16 10:01:40 ELECTRUM: GetBlockHeader called for hash: 00000000000021eaf60de244b28be66f84e14f97059a377d3699ad4417247021
2025/09/16 10:01:40 ELECTRUM: GetBestBlock called
2025/09/16 10:01:40 ELECTRUM: Subscribing to headers to get current height
2025/09/16 10:01:40 ELECTRUM: Got current height 4663604 from headers subscription
2025/09/16 10:01:40 ELECTRUM: Returning hash 0000000000025d2f0333d3863a0707ed95b43db9d311400a202eccf272b88e50 for height 4663604 (from headers subscription)
2025-09-16 10:01:42.867 [DBG] RPCS interceptor.go:775: [/lnrpc.Lightning/NewAddress] requested
2025-09-16 10:01:43.121 [INF] BTWL btcwallet.go:868: BTCWALLET: Setting up notification for new address: tb1pdt36eq5eqqfmretmf5fttd08w0xvwvz6xlyzy85mn7ae4fxag0gs84m89j
2025-09-16 10:01:43.121 [DBG] RPCS rpcserver.go:1713: [newaddress] account=default type=TAPROOT_PUBKEY addr=tb1pdt36eq5eqqfmretmf5fttd08w0xvwvz6xlyzy85mn7ae4fxag0gs84m89j
2025-09-16 10:01:43.122 [INF] BTWL btcwallet.go:548: BTCWALLET: Setting up notification for address: tb1pdt36eq5eqqfmretmf5fttd08w0xvwvz6xlyzy85mn7ae4fxag0gs84m89j
2025-09-16 10:01:43.122 [INF] BTWL btcwallet.go:562: BTCWALLET: Successfully set up notification for address: tb1pdt36eq5eqqfmretmf5fttd08w0xvwvz6xlyzy85mn7ae4fxag0gs84m89j
2025-09-16 10:01:43.122 [INF] BTWL btcwallet.go:874: BTCWALLET: Successfully set up notification for new address: tb1pdt36eq5eqqfmretmf5fttd08w0xvwvz6xlyzy85mn7ae4fxag0gs84m89j
2025/09/16 10:01:58 ELECTRUM: GetBestBlock called
2025/09/16 10:01:58 ELECTRUM: Subscribing to headers to get current height
2025/09/16 10:01:58 ELECTRUM: Got current height 4663610 from headers subscription
2025/09/16 10:01:58 ELECTRUM: Returning hash 0000000000002d405fb472908862cfb2afc3584d55a38209eec6f2ada06c2863 for height 4663610 (from headers subscription)
2025/09/16 10:01:58 ELECTRUM: Checking for new blocks - current: 4663610, last known: 4663598
2025/09/16 10:01:58 ELECTRUM: New block detected! Height: 4663610 (was 4663598)
2025/09/16 10:01:58 ELECTRUM: Sending block connected notification for height 4663610
2025/09/16 10:01:58 ELECTRUM: Block notification sent successfully for height 4663610
2025/09/16 10:01:59 ELECTRUM: GetBestBlock called
2025/09/16 10:01:59 ELECTRUM: Subscribing to headers to get current height
2025/09/16 10:01:59 ELECTRUM: GetBestBlock called
2025/09/16 10:01:59 ELECTRUM: Subscribing to headers to get current height
2025/09/16 10:01:59 ELECTRUM: Got current height 4663610 from headers subscription
2025/09/16 10:01:59 ELECTRUM: Returning hash 0000000000002d405fb472908862cfb2afc3584d55a38209eec6f2ada06c2863 for height 4663610 (from headers subscription)
2025/09/16 10:01:59 ELECTRUM: Checking for new blocks - current: 4663610, last known: 4663598
2025/09/16 10:01:59 ELECTRUM: New block detected! Height: 4663610 (was 4663598)
2025/09/16 10:01:59 ELECTRUM: Sending block connected notification for height 4663610
2025/09/16 10:01:59 ELECTRUM: Block notification sent successfully for height 4663610
2025/09/16 10:02:00 ELECTRUM: Got current height 4663610 from headers subscription
2025/09/16 10:02:00 ELECTRUM: Returning hash 0000000000002d405fb472908862cfb2afc3584d55a38209eec6f2ada06c2863 for height 4663610 (from headers subscription)
2025/09/16 10:02:00 ELECTRUM: Checking for new blocks - current: 4663610, last known: 4663598
2025/09/16 10:02:00 ELECTRUM: New block detected! Height: 4663610 (was 4663598)
2025/09/16 10:02:00 ELECTRUM: Sending block connected notification for height 4663610
2025/09/16 10:02:00 ELECTRUM: Block notification sent successfully for height 4663610
2025-09-16 10:02:05.682 [DBG] LTND lnd.go:727: Syncing to block chain rev=4d1c86 best_block_time="2025-09-16 10:01:41 -0400 EDT" is_synced=false
2025/09/16 10:02:06 ELECTRUM: GetBestBlock called
2025/09/16 10:02:06 ELECTRUM: Subscribing to headers to get current height
2025/09/16 10:02:06 ELECTRUM: Got current height 4663610 from headers subscription
2025/09/16 10:02:06 ELECTRUM: Returning hash 0000000000002d405fb472908862cfb2afc3584d55a38209eec6f2ada06c2863 for height 4663610 (from headers subscription)
2025/09/16 10:02:06 ELECTRUM: GetBlockHeader called for hash: 0000000000002d405fb472908862cfb2afc3584d55a38209eec6f2ada06c2863
2025/09/16 10:02:06 ELECTRUM: GetBestBlock called
2025/09/16 10:02:06 ELECTRUM: Subscribing to headers to get current height
2025/09/16 10:02:07 ELECTRUM: Got current height 4663610 from headers subscription
2025/09/16 10:02:07 ELECTRUM: Returning hash 0000000000002d405fb472908862cfb2afc3584d55a38209eec6f2ada06c2863 for height 4663610 (from headers subscription)
2025-09-16 10:02:07.470 [DBG] LTND lnd.go:727: Syncing to block chain rev=4d1c86 best_block_time="2025-09-16 10:01:58 -0400 EDT" is_synced=false
2025/09/16 10:02:08 ELECTRUM: GetBestBlock called
2025/09/16 10:02:08 ELECTRUM: Subscribing to headers to get current height
2025/09/16 10:02:08 ELECTRUM: Got current height 4663611 from headers subscription
2025/09/16 10:02:08 ELECTRUM: Returning hash 0000000000002b810d17b354ad097e1ab08f5864fe24c4afc3d0f40c217fb75f for height 4663611 (from headers subscription)
2025/09/16 10:02:08 ELECTRUM: GetBlockHeader called for hash: 0000000000002b810d17b354ad097e1ab08f5864fe24c4afc3d0f40c217fb75f
2025/09/16 10:02:08 ELECTRUM: GetBestBlock called
2025/09/16 10:02:08 ELECTRUM: Subscribing to headers to get current height
2025/09/16 10:02:08 ELECTRUM: Got current height 4663611 from headers subscription
2025/09/16 10:02:08 ELECTRUM: Returning hash 0000000000002b810d17b354ad097e1ab08f5864fe24c4afc3d0f40c217fb75f for height 4663611 (from headers subscription)
2025-09-16 10:02:09.178 [DBG] LTND lnd.go:727: Syncing to block chain rev=4d1c86 best_block_time="2025-09-16 10:02:18 -0400 EDT" is_synced=false
2025/09/16 10:02:10 ELECTRUM: GetBestBlock called
2025/09/16 10:02:10 ELECTRUM: Subscribing to headers to get current height
2025/09/16 10:02:10 ELECTRUM: Got current height 4663611 from headers subscription
2025/09/16 10:02:10 ELECTRUM: Returning hash 0000000000002b810d17b354ad097e1ab08f5864fe24c4afc3d0f40c217fb75f for height 4663611 (from headers subscription)
2025/09/16 10:02:10 ELECTRUM: GetBlockHeader called for hash: 0000000000002b810d17b354ad097e1ab08f5864fe24c4afc3d0f40c217fb75f
2025/09/16 10:02:10 ELECTRUM: GetBestBlock called
2025/09/16 10:02:10 ELECTRUM: Subscribing to headers to get current height
2025/09/16 10:02:10 ELECTRUM: Got current height 4663611 from headers subscription
2025/09/16 10:02:10 ELECTRUM: Returning hash 0000000000002b810d17b354ad097e1ab08f5864fe24c4afc3d0f40c217fb75f for height 4663611 (from headers subscription)
2025-09-16 10:02:10.877 [DBG] LTND lnd.go:727: Syncing to block chain rev=4d1c86 best_block_time="2025-09-16 10:02:18 -0400 EDT" is_synced=false
2025/09/16 10:02:11 ELECTRUM: GetBestBlock called
2025/09/16 10:02:11 ELECTRUM: Subscribing to headers to get current height
2025/09/16 10:02:12 ELECTRUM: Got current height 4663611 from headers subscription
2025/09/16 10:02:12 ELECTRUM: Returning hash 0000000000002b810d17b354ad097e1ab08f5864fe24c4afc3d0f40c217fb75f for height 4663611 (from headers subscription)
2025/09/16 10:02:12 ELECTRUM: GetBlockHeader called for hash: 0000000000002b810d17b354ad097e1ab08f5864fe24c4afc3d0f40c217fb75f
2025/09/16 10:02:12 ELECTRUM: GetBestBlock called
2025/09/16 10:02:12 ELECTRUM: Subscribing to headers to get current height
2025/09/16 10:02:12 ELECTRUM: Got current height 4663611 from headers subscription
2025/09/16 10:02:12 ELECTRUM: Returning hash 0000000000002b810d17b354ad097e1ab08f5864fe24c4afc3d0f40c217fb75f for height 4663611 (from headers subscription)
2025-09-16 10:02:12.693 [DBG] LTND lnd.go:727: Syncing to block chain rev=4d1c86 best_block_time="2025-09-16 10:02:18 -0400 EDT" is_synced=false
2025/09/16 10:02:13 ELECTRUM: GetBestBlock called
2025/09/16 10:02:13 ELECTRUM: Subscribing to headers to get current height
2025/09/16 10:02:13 ELECTRUM: Got current height 4663612 from headers subscription
2025/09/16 10:02:13 ELECTRUM: Returning hash 000000000003f26244e091eb5f45897848f66cfda4d92ad4593792bdffad7001 for height 4663612 (from headers subscription)
2025/09/16 10:02:13 ELECTRUM: GetBlockHeader called for hash: 000000000003f26244e091eb5f45897848f66cfda4d92ad4593792bdffad7001
2025/09/16 10:02:13 ELECTRUM: GetBestBlock called
2025/09/16 10:02:13 ELECTRUM: Subscribing to headers to get current height
2025/09/16 10:02:14 ELECTRUM: Got current height 4663612 from headers subscription
2025/09/16 10:02:14 ELECTRUM: Returning hash 000000000003f26244e091eb5f45897848f66cfda4d92ad4593792bdffad7001 for height 4663612 (from headers subscription)
2025-09-16 10:02:14.435 [DBG] LTND lnd.go:727: Syncing to block chain rev=4d1c86 best_block_time="2025-09-16 10:02:08 -0400 EDT" is_synced=false
2025/09/16 10:02:15 ELECTRUM: GetBestBlock called
2025/09/16 10:02:15 ELECTRUM: Subscribing to headers to get current height
2025/09/16 10:02:15 ELECTRUM: Got current height 4663612 from headers subscription
2025/09/16 10:02:15 ELECTRUM: Returning hash 000000000003f26244e091eb5f45897848f66cfda4d92ad4593792bdffad7001 for height 4663612 (from headers subscription)
2025/09/16 10:02:15 ELECTRUM: GetBlockHeader called for hash: 000000000003f26244e091eb5f45897848f66cfda4d92ad4593792bdffad7001
2025/09/16 10:02:15 ELECTRUM: GetBestBlock called
2025/09/16 10:02:15 ELECTRUM: Subscribing to headers to get current height
2025/09/16 10:02:16 ELECTRUM: Got current height 4663612 from headers subscription
2025/09/16 10:02:16 ELECTRUM: Returning hash 000000000003f26244e091eb5f45897848f66cfda4d92ad4593792bdffad7001 for height 4663612 (from headers subscription)
2025-09-16 10:02:16.304 [DBG] LTND lnd.go:727: Syncing to block chain rev=4d1c86 best_block_time="2025-09-16 10:02:08 -0400 EDT" is_synced=false
2025/09/16 10:02:17 ELECTRUM: GetBestBlock called
2025/09/16 10:02:17 ELECTRUM: Subscribing to headers to get current height
2025/09/16 10:02:17 ELECTRUM: Got current height 4663613 from headers subscription
2025/09/16 10:02:17 ELECTRUM: Returning hash 000000000003457c55a5d2ef7043dbb7f98c071e2be4aeb598baf398b20f3e28 for height 4663613 (from headers subscription)
2025/09/16 10:02:17 ELECTRUM: GetBlockHeader called for hash: 000000000003457c55a5d2ef7043dbb7f98c071e2be4aeb598baf398b20f3e28
2025/09/16 10:02:17 ELECTRUM: GetBestBlock called
2025/09/16 10:02:17 ELECTRUM: Subscribing to headers to get current height
2025/09/16 10:02:17 ELECTRUM: Got current height 4663613 from headers subscription
2025/09/16 10:02:17 ELECTRUM: Returning hash 000000000003457c55a5d2ef7043dbb7f98c071e2be4aeb598baf398b20f3e28 for height 4663613 (from headers subscription)
2025-09-16 10:02:18.118 [DBG] LTND lnd.go:727: Syncing to block chain rev=4d1c86 best_block_time="2025-09-16 10:02:18 -0400 EDT" is_synced=false
2025/09/16 10:02:19 ELECTRUM: GetBestBlock called
2025/09/16 10:02:19 ELECTRUM: Subscribing to headers to get current height
2025/09/16 10:02:19 ELECTRUM: Got current height 4663614 from headers subscription
2025/09/16 10:02:19 ELECTRUM: Returning hash 000000000000089f1a4b43f9b1d12dd98668ce47d4d594cf00500e00a02ee951 for height 4663614 (from headers subscription)
2025/09/16 10:02:19 ELECTRUM: GetBlockHeader called for hash: 000000000000089f1a4b43f9b1d12dd98668ce47d4d594cf00500e00a02ee951
2025/09/16 10:02:19 ELECTRUM: GetBestBlock called
2025/09/16 10:02:19 ELECTRUM: Subscribing to headers to get current height
2025/09/16 10:02:19 ELECTRUM: Got current height 4663614 from headers subscription
2025/09/16 10:02:19 ELECTRUM: Returning hash 000000000000089f1a4b43f9b1d12dd98668ce47d4d594cf00500e00a02ee951 for height 4663614 (from headers subscription)
2025-09-16 10:02:19.885 [DBG] LTND lnd.go:727: Syncing to block chain rev=4d1c86 best_block_time="2025-09-16 10:02:19 -0400 EDT" is_synced=false
2025/09/16 10:02:20 ELECTRUM: GetBestBlock called
2025/09/16 10:02:20 ELECTRUM: Subscribing to headers to get current height
2025/09/16 10:02:21 ELECTRUM: Got current height 4663615 from headers subscription
2025/09/16 10:02:21 ELECTRUM: Returning hash 000000000000f6546cb39aa3dc271a484dbae33e3d178b7f4b09ab19dc9ba091 for height 4663615 (from headers subscription)
2025/09/16 10:02:21 ELECTRUM: GetBlockHeader called for hash: 000000000000f6546cb39aa3dc271a484dbae33e3d178b7f4b09ab19dc9ba091
2025/09/16 10:02:21 ELECTRUM: GetBestBlock called
2025/09/16 10:02:21 ELECTRUM: Subscribing to headers to get current height
2025/09/16 10:02:21 ELECTRUM: Got current height 4663615 from headers subscription
2025/09/16 10:02:21 ELECTRUM: Returning hash 000000000000f6546cb39aa3dc271a484dbae33e3d178b7f4b09ab19dc9ba091 for height 4663615 (from headers subscription)
2025-09-16 10:02:21.592 [DBG] LTND lnd.go:727: Syncing to block chain rev=4d1c86 best_block_time="2025-09-16 10:02:18 -0400 EDT" is_synced=false
2025/09/16 10:02:22 ELECTRUM: GetBestBlock called
2025/09/16 10:02:22 ELECTRUM: Subscribing to headers to get current height
2025/09/16 10:02:22 ELECTRUM: Got current height 4663616 from headers subscription
2025/09/16 10:02:22 ELECTRUM: Returning hash 0000000000001bdc63c844322d5c9aad4357ebdece427df56fbe3424a2904da7 for height 4663616 (from headers subscription)
2025/09/16 10:02:22 ELECTRUM: GetBlockHeader called for hash: 0000000000001bdc63c844322d5c9aad4357ebdece427df56fbe3424a2904da7
2025/09/16 10:02:22 ELECTRUM: GetBestBlock called
2025/09/16 10:02:22 ELECTRUM: Subscribing to headers to get current height
2025/09/16 10:02:23 ELECTRUM: Got current height 4663616 from headers subscription
2025/09/16 10:02:23 ELECTRUM: Returning hash 0000000000001bdc63c844322d5c9aad4357ebdece427df56fbe3424a2904da7 for height 4663616 (from headers subscription)
2025-09-16 10:02:23.288 [DBG] LTND lnd.go:727: Syncing to block chain rev=4d1c86 best_block_time="2025-09-16 10:02:19 -0400 EDT" is_synced=false
2025/09/16 10:02:24 ELECTRUM: GetBestBlock called
2025/09/16 10:02:24 ELECTRUM: Subscribing to headers to get current height
2025/09/16 10:02:24 ELECTRUM: Got current height 4663618 from headers subscription
2025/09/16 10:02:24 ELECTRUM: Returning hash 00000000000039effcb11890141928cd708898ade6958b9801ab25be71f789bc for height 4663618 (from headers subscription)
2025/09/16 10:02:24 ELECTRUM: GetBlockHeader called for hash: 00000000000039effcb11890141928cd708898ade6958b9801ab25be71f789bc
2025/09/16 10:02:24 ELECTRUM: GetBestBlock called
2025/09/16 10:02:24 ELECTRUM: Subscribing to headers to get current height
2025/09/16 10:02:24 ELECTRUM: Got current height 4663618 from headers subscription
2025/09/16 10:02:24 ELECTRUM: Returning hash 00000000000039effcb11890141928cd708898ade6958b9801ab25be71f789bc for height 4663618 (from headers subscription)
2025-09-16 10:02:25.002 [DBG] LTND lnd.go:727: Syncing to block chain rev=4d1c86 best_block_time="2025-09-16 10:02:23 -0400 EDT" is_synced=false
2025/09/16 10:02:26 ELECTRUM: GetBestBlock called
2025/09/16 10:02:26 ELECTRUM: Subscribing to headers to get current height
2025/09/16 10:02:26 ELECTRUM: Got current height 4663619 from headers subscription
2025/09/16 10:02:26 ELECTRUM: Returning hash 000000000002cadfa72ee0488ce3c1f1c54ec7a22a93133bffdb2b9d009f3b8e for height 4663619 (from headers subscription)
2025/09/16 10:02:26 ELECTRUM: GetBlockHeader called for hash: 000000000002cadfa72ee0488ce3c1f1c54ec7a22a93133bffdb2b9d009f3b8e
2025/09/16 10:02:26 ELECTRUM: GetBestBlock called
2025/09/16 10:02:26 ELECTRUM: Subscribing to headers to get current height
2025/09/16 10:02:26 ELECTRUM: Got current height 4663619 from headers subscription
2025/09/16 10:02:26 ELECTRUM: Returning hash 000000000002cadfa72ee0488ce3c1f1c54ec7a22a93133bffdb2b9d009f3b8e for height 4663619 (from headers subscription)
2025-09-16 10:02:26.702 [DBG] LTND lnd.go:727: Syncing to block chain rev=4d1c86 best_block_time="2025-09-16 10:02:24 -0400 EDT" is_synced=false
2025/09/16 10:02:27 ELECTRUM: GetBestBlock called
2025/09/16 10:02:27 ELECTRUM: Subscribing to headers to get current height
2025/09/16 10:02:27 ELECTRUM: Got current height 4663620 from headers subscription
2025/09/16 10:02:27 ELECTRUM: Returning hash 0000000000003f7480d0229a0aa9bbec43cdcab14d05f0971e3cf2f3626a7b38 for height 4663620 (from headers subscription)
2025/09/16 10:02:27 ELECTRUM: GetBlockHeader called for hash: 0000000000003f7480d0229a0aa9bbec43cdcab14d05f0971e3cf2f3626a7b38
2025/09/16 10:02:27 ELECTRUM: GetBestBlock called
2025/09/16 10:02:27 ELECTRUM: Subscribing to headers to get current height
2025/09/16 10:02:28 ELECTRUM: Got current height 4663620 from headers subscription
2025/09/16 10:02:28 ELECTRUM: Returning hash 0000000000003f7480d0229a0aa9bbec43cdcab14d05f0971e3cf2f3626a7b38 for height 4663620 (from headers subscription)
2025-09-16 10:02:28.402 [DBG] LTND lnd.go:727: Syncing to block chain rev=4d1c86 best_block_time="2025-09-16 10:02:32 -0400 EDT" is_synced=false
2025/09/16 10:02:28 ELECTRUM: GetBestBlock called
2025/09/16 10:02:28 ELECTRUM: Subscribing to headers to get current height
2025/09/16 10:02:28 ELECTRUM: Got current height 4663620 from headers subscription
2025/09/16 10:02:28 ELECTRUM: Returning hash 0000000000003f7480d0229a0aa9bbec43cdcab14d05f0971e3cf2f3626a7b38 for height 4663620 (from headers subscription)
2025/09/16 10:02:28 ELECTRUM: Checking for new blocks - current: 4663620, last known: 4663610
2025/09/16 10:02:28 ELECTRUM: New block detected! Height: 4663620 (was 4663610)
2025/09/16 10:02:28 ELECTRUM: Sending block connected notification for height 4663620
2025/09/16 10:02:28 ELECTRUM: Block notification sent successfully for height 4663620
2025/09/16 10:02:29 ELECTRUM: GetBestBlock called
2025/09/16 10:02:29 ELECTRUM: Subscribing to headers to get current height
2025/09/16 10:02:29 ELECTRUM: Got current height 4663621 from headers subscription
2025/09/16 10:02:29 ELECTRUM: Returning hash 000000000003e27118ce290d7bdd81ac90a318c8993a9ed411d91e1ea3c620eb for height 4663621 (from headers subscription)
2025/09/16 10:02:29 ELECTRUM: GetBlockHeader called for hash: 000000000003e27118ce290d7bdd81ac90a318c8993a9ed411d91e1ea3c620eb
2025/09/16 10:02:29 ELECTRUM: GetBestBlock called
2025/09/16 10:02:29 ELECTRUM: Subscribing to headers to get current height
2025/09/16 10:02:29 ELECTRUM: GetBestBlock called
2025/09/16 10:02:29 ELECTRUM: Subscribing to headers to get current height
2025/09/16 10:02:29 ELECTRUM: Got current height 4663621 from headers subscription
2025/09/16 10:02:29 ELECTRUM: Returning hash 000000000003e27118ce290d7bdd81ac90a318c8993a9ed411d91e1ea3c620eb for height 4663621 (from headers subscription)
2025/09/16 10:02:29 ELECTRUM: Got current height 4663621 from headers subscription
2025/09/16 10:02:29 ELECTRUM: Returning hash 000000000003e27118ce290d7bdd81ac90a318c8993a9ed411d91e1ea3c620eb for height 4663621 (from headers subscription)
2025/09/16 10:02:29 ELECTRUM: Checking for new blocks - current: 4663621, last known: 4663610
2025/09/16 10:02:29 ELECTRUM: New block detected! Height: 4663621 (was 4663610)
2025/09/16 10:02:29 ELECTRUM: Sending block connected notification for height 4663621
2025/09/16 10:02:29 ELECTRUM: Block notification sent successfully for height 4663621
2025/09/16 10:02:29 ELECTRUM: GetBestBlock called
2025/09/16 10:02:29 ELECTRUM: Subscribing to headers to get current height
2025-09-16 10:02:30.103 [DBG] LTND lnd.go:727: Syncing to block chain rev=4d1c86 best_block_time="2025-09-16 10:02:27 -0400 EDT" is_synced=false
2025/09/16 10:02:30 ELECTRUM: Got current height 4663621 from headers subscription
2025/09/16 10:02:30 ELECTRUM: Returning hash 000000000003e27118ce290d7bdd81ac90a318c8993a9ed411d91e1ea3c620eb for height 4663621 (from headers subscription)
2025/09/16 10:02:30 ELECTRUM: Checking for new blocks - current: 4663621, last known: 4663610
2025/09/16 10:02:30 ELECTRUM: New block detected! Height: 4663621 (was 4663610)
2025/09/16 10:02:30 ELECTRUM: Sending block connected notification for height 4663621
2025/09/16 10:02:30 ELECTRUM: Block notification sent successfully for height 4663621
2025/09/16 10:02:31 ELECTRUM: GetBestBlock called
2025/09/16 10:02:31 ELECTRUM: Subscribing to headers to get current height
2025/09/16 10:02:31 ELECTRUM: Got current height 4663622 from headers subscription
2025/09/16 10:02:31 ELECTRUM: Returning hash 000000000001bc6bd40ea416f2de595f6312c427a47d4c52d8bff4c984ad77c8 for height 4663622 (from headers subscription)
2025/09/16 10:02:31 ELECTRUM: GetBlockHeader called for hash: 000000000001bc6bd40ea416f2de595f6312c427a47d4c52d8bff4c984ad77c8
2025/09/16 10:02:31 ELECTRUM: GetBestBlock called
2025/09/16 10:02:31 ELECTRUM: Subscribing to headers to get current height
2025/09/16 10:02:31 ELECTRUM: Got current height 4663622 from headers subscription
2025/09/16 10:02:31 ELECTRUM: Returning hash 000000000001bc6bd40ea416f2de595f6312c427a47d4c52d8bff4c984ad77c8 for height 4663622 (from headers subscription)
2025-09-16 10:02:31.805 [DBG] LTND lnd.go:727: Syncing to block chain rev=4d1c86 best_block_time="2025-09-16 10:02:28 -0400 EDT" is_synced=false
2025/09/16 10:02:32 ELECTRUM: GetBestBlock called
2025/09/16 10:02:32 ELECTRUM: Subscribing to headers to get current height
2025/09/16 10:02:33 ELECTRUM: Got current height 4663623 from headers subscription
2025/09/16 10:02:33 ELECTRUM: Returning hash 0000000000002bca620756bf6a9e9c0d2979d3e1842e6edd3541e49cd2f526a2 for height 4663623 (from headers subscription)
2025/09/16 10:02:33 ELECTRUM: GetBlockHeader called for hash: 0000000000002bca620756bf6a9e9c0d2979d3e1842e6edd3541e49cd2f526a2
2025/09/16 10:02:33 ELECTRUM: GetBestBlock called
2025/09/16 10:02:33 ELECTRUM: Subscribing to headers to get current height
2025/09/16 10:02:33 ELECTRUM: Got current height 4663623 from headers subscription
2025/09/16 10:02:33 ELECTRUM: Returning hash 0000000000002bca620756bf6a9e9c0d2979d3e1842e6edd3541e49cd2f526a2 for height 4663623 (from headers subscription)
2025-09-16 10:02:33.505 [DBG] LTND lnd.go:727: Syncing to block chain rev=4d1c86 best_block_time="2025-09-16 10:02:30 -0400 EDT" is_synced=false
2025/09/16 10:02:34 ELECTRUM: GetBestBlock called
2025/09/16 10:02:34 ELECTRUM: Subscribing to headers to get current height
2025/09/16 10:02:34 ELECTRUM: Got current height 4663624 from headers subscription
2025/09/16 10:02:34 ELECTRUM: Returning hash 0000000000018a44d937dadceec73fe403daec3fe8c96f82040174e795f2253e for height 4663624 (from headers subscription)
2025/09/16 10:02:34 ELECTRUM: GetBlockHeader called for hash: 0000000000018a44d937dadceec73fe403daec3fe8c96f82040174e795f2253e
2025/09/16 10:02:34 ELECTRUM: GetBestBlock called
2025/09/16 10:02:34 ELECTRUM: Subscribing to headers to get current height
2025/09/16 10:02:34 ELECTRUM: Got current height 4663624 from headers subscription
2025/09/16 10:02:34 ELECTRUM: Returning hash 0000000000018a44d937dadceec73fe403daec3fe8c96f82040174e795f2253e for height 4663624 (from headers subscription)
2025-09-16 10:02:35.202 [DBG] LTND lnd.go:727: Syncing to block chain rev=4d1c86 best_block_time="2025-09-16 10:02:32 -0400 EDT" is_synced=false
2025/09/16 10:02:36 ELECTRUM: GetBestBlock called
2025/09/16 10:02:36 ELECTRUM: Subscribing to headers to get current height
2025/09/16 10:02:36 ELECTRUM: Got current height 4663625 from headers subscription
2025/09/16 10:02:36 ELECTRUM: Returning hash 0000000000001bb99f73c89ad7c91399ec2abf7b873efc7bbcc7014f3814de63 for height 4663625 (from headers subscription)
2025/09/16 10:02:36 ELECTRUM: GetBlockHeader called for hash: 0000000000001bb99f73c89ad7c91399ec2abf7b873efc7bbcc7014f3814de63
2025/09/16 10:02:36 ELECTRUM: GetBestBlock called
2025/09/16 10:02:36 ELECTRUM: Subscribing to headers to get current height
2025/09/16 10:02:36 ELECTRUM: Got current height 4663625 from headers subscription
2025/09/16 10:02:36 ELECTRUM: Returning hash 0000000000001bb99f73c89ad7c91399ec2abf7b873efc7bbcc7014f3814de63 for height 4663625 (from headers subscription)
2025-09-16 10:02:36.900 [DBG] LTND lnd.go:727: Syncing to block chain rev=4d1c86 best_block_time="2025-09-16 10:02:33 -0400 EDT" is_synced=false
2025/09/16 10:02:37 ELECTRUM: GetBestBlock called
2025/09/16 10:02:37 ELECTRUM: Subscribing to headers to get current height
2025/09/16 10:02:38 ELECTRUM: Got current height 4663625 from headers subscription
2025/09/16 10:02:38 ELECTRUM: Returning hash 0000000000001bb99f73c89ad7c91399ec2abf7b873efc7bbcc7014f3814de63 for height 4663625 (from headers subscription)
2025/09/16 10:02:38 ELECTRUM: GetBlockHeader called for hash: 0000000000001bb99f73c89ad7c91399ec2abf7b873efc7bbcc7014f3814de63
2025/09/16 10:02:38 ELECTRUM: GetBestBlock called
2025/09/16 10:02:38 ELECTRUM: Subscribing to headers to get current height
2025/09/16 10:02:38 ELECTRUM: Got current height 4663626 from headers subscription
2025/09/16 10:02:38 ELECTRUM: Returning hash 000000000001fa13b992018d2990a8018d748fabec646d611220c4131b3d3093 for height 4663626 (from headers subscription)
2025/09/16 10:02:58 ELECTRUM: GetBestBlock called
2025/09/16 10:02:58 ELECTRUM: Subscribing to headers to get current height
2025/09/16 10:02:58 ELECTRUM: Got current height 4663636 from headers subscription
2025/09/16 10:02:58 ELECTRUM: Returning hash 0000000000000b0f004240cc39d35a597231fa9e77d0a8b2d4321938355dd41f for height 4663636 (from headers subscription)
2025/09/16 10:02:58 ELECTRUM: Checking for new blocks - current: 4663636, last known: 4663620
2025/09/16 10:02:58 ELECTRUM: New block detected! Height: 4663636 (was 4663620)
2025/09/16 10:02:58 ELECTRUM: Sending block connected notification for height 4663636
2025/09/16 10:02:58 ELECTRUM: Block notification sent successfully for height 4663636
2025/09/16 10:02:59 ELECTRUM: GetBestBlock called
2025/09/16 10:02:59 ELECTRUM: Subscribing to headers to get current height
2025/09/16 10:02:59 ELECTRUM: Got current height 4663637 from headers subscription
2025/09/16 10:02:59 ELECTRUM: Returning hash 000000000001e994f37a82008c120f817fed0f11fbbdc994b07377b02215c1be for height 4663637 (from headers subscription)
2025/09/16 10:02:59 ELECTRUM: Checking for new blocks - current: 4663637, last known: 4663621
2025/09/16 10:02:59 ELECTRUM: New block detected! Height: 4663637 (was 4663621)
2025/09/16 10:02:59 ELECTRUM: Sending block connected notification for height 4663637
2025/09/16 10:02:59 ELECTRUM: Block notification sent successfully for height 4663637
2025/09/16 10:02:59 ELECTRUM: GetBestBlock called
2025/09/16 10:02:59 ELECTRUM: Subscribing to headers to get current height
2025/09/16 10:03:00 ELECTRUM: Got current height 4663637 from headers subscription
2025/09/16 10:03:00 ELECTRUM: Returning hash 000000000001e994f37a82008c120f817fed0f11fbbdc994b07377b02215c1be for height 4663637 (from headers subscription)
2025/09/16 10:03:00 ELECTRUM: Checking for new blocks - current: 4663637, last known: 4663621
2025/09/16 10:03:00 ELECTRUM: New block detected! Height: 4663637 (was 4663621)
2025/09/16 10:03:00 ELECTRUM: Sending block connected notification for height 4663637
2025/09/16 10:03:00 ELECTRUM: Block notification sent successfully for height 4663637
2025-09-16 10:03:02.745 [DBG] LTND lnd.go:727: Syncing to block chain rev=4d1c86 best_block_time="2025-09-16 10:02:33 -0400 EDT" is_synced=false
2025/09/16 10:03:03 ELECTRUM: GetBestBlock called
2025/09/16 10:03:03 ELECTRUM: Subscribing to headers to get current height
2025/09/16 10:03:03 ELECTRUM: Got current height 4663639 from headers subscription
2025/09/16 10:03:03 ELECTRUM: Returning hash 000000000001e551e887a9a44036dd64392b0d610abcc8cb05e9cc2093cc46af for height 4663639 (from headers subscription)
2025/09/16 10:03:03 ELECTRUM: GetBlockHeader called for hash: 000000000001e551e887a9a44036dd64392b0d610abcc8cb05e9cc2093cc46af
2025/09/16 10:03:03 ELECTRUM: GetBestBlock called
2025/09/16 10:03:03 ELECTRUM: Subscribing to headers to get current height
2025/09/16 10:03:04 ELECTRUM: Got current height 4663639 from headers subscription
2025/09/16 10:03:04 ELECTRUM: Returning hash 000000000001e551e887a9a44036dd64392b0d610abcc8cb05e9cc2093cc46af for height 4663639 (from headers subscription)
2025-09-16 10:03:04.454 [DBG] LTND lnd.go:727: Syncing to block chain rev=4d1c86 best_block_time="2025-09-16 10:02:59 -0400 EDT" is_synced=false
2025/09/16 10:03:05 ELECTRUM: GetBestBlock called
2025/09/16 10:03:05 ELECTRUM: Subscribing to headers to get current height
2025/09/16 10:03:05 ELECTRUM: Got current height 4663640 from headers subscription
2025/09/16 10:03:05 ELECTRUM: Returning hash 0000000000004bca4f6bf44ccb1b5ab27ffc2d8ba71021aa2ef1d92fb8a731ec for height 4663640 (from headers subscription)
2025/09/16 10:03:05 ELECTRUM: GetBlockHeader called for hash: 0000000000004bca4f6bf44ccb1b5ab27ffc2d8ba71021aa2ef1d92fb8a731ec
2025/09/16 10:03:05 ELECTRUM: GetBestBlock called
2025/09/16 10:03:05 ELECTRUM: Subscribing to headers to get current height
2025/09/16 10:03:05 ELECTRUM: Got current height 4663640 from headers subscription
2025/09/16 10:03:05 ELECTRUM: Returning hash 0000000000004bca4f6bf44ccb1b5ab27ffc2d8ba71021aa2ef1d92fb8a731ec for height 4663640 (from headers subscription)
2025-09-16 10:03:06.172 [DBG] LTND lnd.go:727: Syncing to block chain rev=4d1c86 best_block_time="2025-09-16 10:03:08 -0400 EDT" is_synced=false
2025/09/16 10:03:07 ELECTRUM: GetBestBlock called
2025/09/16 10:03:07 ELECTRUM: Subscribing to headers to get current height
2025/09/16 10:03:07 ELECTRUM: Got current height 4663641 from headers subscription
2025/09/16 10:03:07 ELECTRUM: Returning hash 0000000000001fc6073e2836154482bbabe92e36626641b90df7ac73e67fffbd for height 4663641 (from headers subscription)
2025/09/16 10:03:07 ELECTRUM: GetBlockHeader called for hash: 0000000000001fc6073e2836154482bbabe92e36626641b90df7ac73e67fffbd
2025/09/16 10:03:07 ELECTRUM: GetBestBlock called
2025/09/16 10:03:07 ELECTRUM: Subscribing to headers to get current height
2025/09/16 10:03:07 ELECTRUM: Got current height 4663641 from headers subscription
2025/09/16 10:03:07 ELECTRUM: Returning hash 0000000000001fc6073e2836154482bbabe92e36626641b90df7ac73e67fffbd for height 4663641 (from headers subscription)
2025-09-16 10:03:07.995 [DBG] LTND lnd.go:727: Syncing to block chain rev=4d1c86 best_block_time="2025-09-16 10:03:06 -0400 EDT" is_synced=false
2025/09/16 10:03:08 ELECTRUM: GetBestBlock called
2025/09/16 10:03:08 ELECTRUM: Subscribing to headers to get current height
2025/09/16 10:03:09 ELECTRUM: Got current height 4663642 from headers subscription
2025/09/16 10:03:09 ELECTRUM: Returning hash 000000000000d91afab300c955765417422df87c62aa5a4ffcffb97ba08e376f for height 4663642 (from headers subscription)
2025/09/16 10:03:09 ELECTRUM: GetBlockHeader called for hash: 000000000000d91afab300c955765417422df87c62aa5a4ffcffb97ba08e376f
2025/09/16 10:03:09 ELECTRUM: GetBestBlock called
2025/09/16 10:03:09 ELECTRUM: Subscribing to headers to get current height
2025/09/16 10:03:09 ELECTRUM: Got current height 4663642 from headers subscription
2025/09/16 10:03:09 ELECTRUM: Returning hash 000000000000d91afab300c955765417422df87c62aa5a4ffcffb97ba08e376f for height 4663642 (from headers subscription)
2025-09-16 10:03:09.831 [DBG] LTND lnd.go:727: Syncing to block chain rev=4d1c86 best_block_time="2025-09-16 10:03:13 -0400 EDT" is_synced=false
2025/09/16 10:03:10 ELECTRUM: GetBestBlock called
2025/09/16 10:03:10 ELECTRUM: Subscribing to headers to get current height
2025/09/16 10:03:11 ELECTRUM: Got current height 4663644 from headers subscription
2025/09/16 10:03:11 ELECTRUM: Returning hash 000000000000c0e41a14d87a74527c65abe18281cf85d104985b4b77bfcd7678 for height 4663644 (from headers subscription)
2025/09/16 10:03:11 ELECTRUM: GetBlockHeader called for hash: 000000000000c0e41a14d87a74527c65abe18281cf85d104985b4b77bfcd7678
2025/09/16 10:03:11 ELECTRUM: GetBestBlock called
2025/09/16 10:03:11 ELECTRUM: Subscribing to headers to get current height
2025/09/16 10:03:11 ELECTRUM: Got current height 4663644 from headers subscription
2025/09/16 10:03:11 ELECTRUM: Returning hash 000000000000c0e41a14d87a74527c65abe18281cf85d104985b4b77bfcd7678 for height 4663644 (from headers subscription)
2025-09-16 10:03:11.602 [DBG] LTND lnd.go:727: Syncing to block chain rev=4d1c86 best_block_time="2025-09-16 10:03:10 -0400 EDT" is_synced=false
2025/09/16 10:03:12 ELECTRUM: GetBestBlock called
2025/09/16 10:03:12 ELECTRUM: Subscribing to headers to get current height
2025/09/16 10:03:12 ELECTRUM: Got current height 4663645 from headers subscription
2025/09/16 10:03:12 ELECTRUM: Returning hash 000000000000f98bbd0cd94a3b73a59ca5089267d0b0477fec0e94a389d8d3e5 for height 4663645 (from headers subscription)
2025/09/16 10:03:12 ELECTRUM: GetBlockHeader called for hash: 000000000000f98bbd0cd94a3b73a59ca5089267d0b0477fec0e94a389d8d3e5
2025/09/16 10:03:12 ELECTRUM: GetBestBlock called
2025/09/16 10:03:12 ELECTRUM: Subscribing to headers to get current height
2025/09/16 10:03:13 ELECTRUM: Got current height 4663645 from headers subscription
2025/09/16 10:03:13 ELECTRUM: Returning hash 000000000000f98bbd0cd94a3b73a59ca5089267d0b0477fec0e94a389d8d3e5 for height 4663645 (from headers subscription)
2025-09-16 10:03:13.450 [DBG] LTND lnd.go:727: Syncing to block chain rev=4d1c86 best_block_time="2025-09-16 10:03:10 -0400 EDT" is_synced=false
2025/09/16 10:03:14 ELECTRUM: GetBestBlock called
2025/09/16 10:03:14 ELECTRUM: Subscribing to headers to get current height
2025/09/16 10:03:14 ELECTRUM: Got current height 4663646 from headers subscription
2025/09/16 10:03:14 ELECTRUM: Returning hash 000000000003c1cc5831815ca264400f61cf40ef1164c6257dac89f8f06499e0 for height 4663646 (from headers subscription)
2025/09/16 10:03:14 ELECTRUM: GetBlockHeader called for hash: 000000000003c1cc5831815ca264400f61cf40ef1164c6257dac89f8f06499e0
2025/09/16 10:03:14 ELECTRUM: GetBestBlock called
2025/09/16 10:03:14 ELECTRUM: Subscribing to headers to get current height
2025/09/16 10:03:14 ELECTRUM: Got current height 4663646 from headers subscription
2025/09/16 10:03:14 ELECTRUM: Returning hash 000000000003c1cc5831815ca264400f61cf40ef1164c6257dac89f8f06499e0 for height 4663646 (from headers subscription)
2025-09-16 10:03:15.266 [DBG] LTND lnd.go:727: Syncing to block chain rev=4d1c86 best_block_time="2025-09-16 10:03:11 -0400 EDT" is_synced=false
2025/09/16 10:03:16 ELECTRUM: GetBestBlock called
2025/09/16 10:03:16 ELECTRUM: Subscribing to headers to get current height
2025/09/16 10:03:16 ELECTRUM: Got current height 4663647 from headers subscription
2025/09/16 10:03:16 ELECTRUM: Returning hash 00000000000015e80304796d80a495cb91383102724514bfa19fc66a4214cf78 for height 4663647 (from headers subscription)
2025/09/16 10:03:16 ELECTRUM: GetBlockHeader called for hash: 00000000000015e80304796d80a495cb91383102724514bfa19fc66a4214cf78
2025/09/16 10:03:16 ELECTRUM: GetBestBlock called
2025/09/16 10:03:16 ELECTRUM: Subscribing to headers to get current height
2025/09/16 10:03:16 ELECTRUM: Got current height 4663647 from headers subscription
2025/09/16 10:03:16 ELECTRUM: Returning hash 00000000000015e80304796d80a495cb91383102724514bfa19fc66a4214cf78 for height 4663647 (from headers subscription)
2025-09-16 10:03:17.131 [DBG] LTND lnd.go:727: Syncing to block chain rev=4d1c86 best_block_time="2025-09-16 10:03:13 -0400 EDT" is_synced=false
2025/09/16 10:03:18 ELECTRUM: GetBestBlock called
2025/09/16 10:03:18 ELECTRUM: Subscribing to headers to get current height
2025/09/16 10:03:18 ELECTRUM: Got current height 4663647 from headers subscription
2025/09/16 10:03:18 ELECTRUM: Returning hash 00000000000015e80304796d80a495cb91383102724514bfa19fc66a4214cf78 for height 4663647 (from headers subscription)
2025/09/16 10:03:18 ELECTRUM: GetBlockHeader called for hash: 00000000000015e80304796d80a495cb91383102724514bfa19fc66a4214cf78
2025/09/16 10:03:18 ELECTRUM: GetBestBlock called
2025/09/16 10:03:18 ELECTRUM: Subscribing to headers to get current height
2025/09/16 10:03:18 ELECTRUM: Got current height 4663647 from headers subscription
2025/09/16 10:03:18 ELECTRUM: Returning hash 00000000000015e80304796d80a495cb91383102724514bfa19fc66a4214cf78 for height 4663647 (from headers subscription)
2025-09-16 10:03:18.905 [DBG] LTND lnd.go:727: Syncing to block chain rev=4d1c86 best_block_time="2025-09-16 10:03:13 -0400 EDT" is_synced=false
2025/09/16 10:03:19 ELECTRUM: GetBestBlock called
2025/09/16 10:03:19 ELECTRUM: Subscribing to headers to get current height
2025/09/16 10:03:20 ELECTRUM: Got current height 4663647 from headers subscription
2025/09/16 10:03:20 ELECTRUM: Returning hash 00000000000015e80304796d80a495cb91383102724514bfa19fc66a4214cf78 for height 4663647 (from headers subscription)
2025/09/16 10:03:20 ELECTRUM: GetBlockHeader called for hash: 00000000000015e80304796d80a495cb91383102724514bfa19fc66a4214cf78
2025/09/16 10:03:20 ELECTRUM: GetBestBlock called
2025/09/16 10:03:20 ELECTRUM: Subscribing to headers to get current height
2025/09/16 10:03:20 ELECTRUM: Got current height 4663648 from headers subscription
2025/09/16 10:03:20 ELECTRUM: Returning hash 00000000000136519f7673c451634942012a0288daf8019a9da66ca4e66d0c34 for height 4663648 (from headers subscription)
2025/09/16 10:03:28 ELECTRUM: GetBestBlock called
2025/09/16 10:03:28 ELECTRUM: Subscribing to headers to get current height
2025/09/16 10:03:28 ELECTRUM: Got current height 4663651 from headers subscription
2025/09/16 10:03:28 ELECTRUM: Returning hash 0000000000001f8b7056a894c4eda32635cddb71d5891ab32d8e1ab7e2671d6d for height 4663651 (from headers subscription)
2025/09/16 10:03:28 ELECTRUM: Checking for new blocks - current: 4663651, last known: 4663636
2025/09/16 10:03:28 ELECTRUM: New block detected! Height: 4663651 (was 4663636)
2025/09/16 10:03:28 ELECTRUM: Sending block connected notification for height 4663651
2025/09/16 10:03:28 ELECTRUM: Block notification sent successfully for height 4663651
2025/09/16 10:03:29 ELECTRUM: GetBestBlock called
2025/09/16 10:03:29 ELECTRUM: Subscribing to headers to get current height
2025/09/16 10:03:29 ELECTRUM: Got current height 4663652 from headers subscription
2025/09/16 10:03:29 ELECTRUM: Returning hash 00000000000062e606d74127844bc4610447921c7cd89269bd574358b263cb94 for height 4663652 (from headers subscription)
2025/09/16 10:03:29 ELECTRUM: Checking for new blocks - current: 4663652, last known: 4663637
2025/09/16 10:03:29 ELECTRUM: New block detected! Height: 4663652 (was 4663637)
2025/09/16 10:03:29 ELECTRUM: Sending block connected notification for height 4663652
2025/09/16 10:03:29 ELECTRUM: Block notification sent successfully for height 4663652
2025/09/16 10:03:29 ELECTRUM: GetBestBlock called
2025/09/16 10:03:29 ELECTRUM: Subscribing to headers to get current height
2025/09/16 10:03:30 ELECTRUM: Got current height 4663652 from headers subscription
2025/09/16 10:03:30 ELECTRUM: Returning hash 00000000000062e606d74127844bc4610447921c7cd89269bd574358b263cb94 for height 4663652 (from headers subscription)
2025/09/16 10:03:30 ELECTRUM: Checking for new blocks - current: 4663652, last known: 4663637
2025/09/16 10:03:30 ELECTRUM: New block detected! Height: 4663652 (was 4663637)
2025/09/16 10:03:30 ELECTRUM: Sending block connected notification for height 4663652
2025/09/16 10:03:30 ELECTRUM: Block notification sent successfully for height 4663652
2025-09-16 10:03:46.800 [DBG] LTND lnd.go:727: Syncing to block chain rev=4d1c86 best_block_time="2025-09-16 10:03:13 -0400 EDT" is_synced=false
2025/09/16 10:03:47 ELECTRUM: GetBestBlock called
2025/09/16 10:03:47 ELECTRUM: Subscribing to headers to get current height
2025/09/16 10:03:48 ELECTRUM: Got current height 4663661 from headers subscription
2025/09/16 10:03:48 ELECTRUM: Returning hash 000000000003d739f2e1b1cc8def29716930da84a1c96b39e1861cd57447bf8b for height 4663661 (from headers subscription)
2025/09/16 10:03:48 ELECTRUM: GetBlockHeader called for hash: 000000000003d739f2e1b1cc8def29716930da84a1c96b39e1861cd57447bf8b
2025/09/16 10:03:48 ELECTRUM: GetBestBlock called
2025/09/16 10:03:48 ELECTRUM: Subscribing to headers to get current height
2025/09/16 10:03:48 ELECTRUM: Got current height 4663661 from headers subscription
2025/09/16 10:03:48 ELECTRUM: Returning hash 000000000003d739f2e1b1cc8def29716930da84a1c96b39e1861cd57447bf8b for height 4663661 (from headers subscription)
2025-09-16 10:03:48.612 [DBG] LTND lnd.go:727: Syncing to block chain rev=4d1c86 best_block_time="2025-09-16 10:03:46 -0400 EDT" is_synced=false
2025/09/16 10:03:49 ELECTRUM: GetBestBlock called
2025/09/16 10:03:49 ELECTRUM: Subscribing to headers to get current height
2025/09/16 10:03:49 ELECTRUM: Got current height 4663662 from headers subscription
2025/09/16 10:03:49 ELECTRUM: Returning hash 000000000001d9ac009d1e91cd4d4b0c3888f7132bdc021a7d50be5748d72cfe for height 4663662 (from headers subscription)
2025/09/16 10:03:49 ELECTRUM: GetBlockHeader called for hash: 000000000001d9ac009d1e91cd4d4b0c3888f7132bdc021a7d50be5748d72cfe
2025/09/16 10:03:49 ELECTRUM: GetBestBlock called
2025/09/16 10:03:49 ELECTRUM: Subscribing to headers to get current height
2025/09/16 10:03:50 ELECTRUM: Got current height 4663662 from headers subscription
2025/09/16 10:03:50 ELECTRUM: Returning hash 000000000001d9ac009d1e91cd4d4b0c3888f7132bdc021a7d50be5748d72cfe for height 4663662 (from headers subscription)
2025-09-16 10:03:50.487 [DBG] LTND lnd.go:727: Syncing to block chain rev=4d1c86 best_block_time="2025-09-16 10:03:53 -0400 EDT" is_synced=false
2025/09/16 10:03:51 ELECTRUM: GetBestBlock called
2025/09/16 10:03:51 ELECTRUM: Subscribing to headers to get current height
2025/09/16 10:03:51 ELECTRUM: Got current height 4663664 from headers subscription
2025/09/16 10:03:51 ELECTRUM: Returning hash 0000000000005f87f6d8b04313189052825cced7348b2978a605edf4602eb8ff for height 4663664 (from headers subscription)
2025/09/16 10:03:51 ELECTRUM: GetBlockHeader called for hash: 0000000000005f87f6d8b04313189052825cced7348b2978a605edf4602eb8ff
2025/09/16 10:03:51 ELECTRUM: GetBestBlock called
2025/09/16 10:03:51 ELECTRUM: Subscribing to headers to get current height
2025/09/16 10:03:52 ELECTRUM: Got current height 4663664 from headers subscription
2025/09/16 10:03:52 ELECTRUM: Returning hash 0000000000005f87f6d8b04313189052825cced7348b2978a605edf4602eb8ff for height 4663664 (from headers subscription)
2025-09-16 10:03:52.431 [DBG] LTND lnd.go:727: Syncing to block chain rev=4d1c86 best_block_time="2025-09-16 10:03:59 -0400 EDT" is_synced=false
2025/09/16 10:03:53 ELECTRUM: GetBestBlock called
2025/09/16 10:03:53 ELECTRUM: Subscribing to headers to get current height
2025/09/16 10:03:53 ELECTRUM: Got current height 4663665 from headers subscription
2025/09/16 10:03:53 ELECTRUM: Returning hash 00000000000002433a55d1355ae27c92dd08b23e433858702c7c49a30ba7c40a for height 4663665 (from headers subscription)
2025/09/16 10:03:53 ELECTRUM: GetBlockHeader called for hash: 00000000000002433a55d1355ae27c92dd08b23e433858702c7c49a30ba7c40a
2025/09/16 10:03:53 ELECTRUM: GetBestBlock called
2025/09/16 10:03:53 ELECTRUM: Subscribing to headers to get current height
2025/09/16 10:03:53 ELECTRUM: Got current height 4663665 from headers subscription
2025/09/16 10:03:53 ELECTRUM: Returning hash 00000000000002433a55d1355ae27c92dd08b23e433858702c7c49a30ba7c40a for height 4663665 (from headers subscription)
2025-09-16 10:03:54.138 [DBG] LTND lnd.go:727: Syncing to block chain rev=4d1c86 best_block_time="2025-09-16 10:03:53 -0400 EDT" is_synced=false
2025/09/16 10:03:55 ELECTRUM: GetBestBlock called
2025/09/16 10:03:55 ELECTRUM: Subscribing to headers to get current height
2025/09/16 10:03:55 ELECTRUM: Got current height 4663665 from headers subscription
2025/09/16 10:03:55 ELECTRUM: Returning hash 00000000000002433a55d1355ae27c92dd08b23e433858702c7c49a30ba7c40a for height 4663665 (from headers subscription)
2025/09/16 10:03:55 ELECTRUM: GetBlockHeader called for hash: 00000000000002433a55d1355ae27c92dd08b23e433858702c7c49a30ba7c40a
2025/09/16 10:03:55 ELECTRUM: GetBestBlock called
2025/09/16 10:03:55 ELECTRUM: Subscribing to headers to get current height
2025/09/16 10:03:55 ELECTRUM: Got current height 4663665 from headers subscription
2025/09/16 10:03:55 ELECTRUM: Returning hash 00000000000002433a55d1355ae27c92dd08b23e433858702c7c49a30ba7c40a for height 4663665 (from headers subscription)
2025-09-16 10:03:55.914 [DBG] LTND lnd.go:727: Syncing to block chain rev=4d1c86 best_block_time="2025-09-16 10:03:53 -0400 EDT" is_synced=false
2025/09/16 10:03:56 ELECTRUM: GetBestBlock called
2025/09/16 10:03:56 ELECTRUM: Subscribing to headers to get current height
2025/09/16 10:03:57 ELECTRUM: Got current height 4663666 from headers subscription
2025/09/16 10:03:57 ELECTRUM: Returning hash 00000000000009d273c11a30117d752eec5cad8e5c50c91eabb7ee4902f8778a for height 4663666 (from headers subscription)
2025/09/16 10:03:57 ELECTRUM: GetBlockHeader called for hash: 00000000000009d273c11a30117d752eec5cad8e5c50c91eabb7ee4902f8778a
2025/09/16 10:03:57 ELECTRUM: GetBestBlock called
2025/09/16 10:03:57 ELECTRUM: Subscribing to headers to get current height
2025/09/16 10:03:57 ELECTRUM: Got current height 4663666 from headers subscription
2025/09/16 10:03:57 ELECTRUM: Returning hash 00000000000009d273c11a30117d752eec5cad8e5c50c91eabb7ee4902f8778a for height 4663666 (from headers subscription)
2025-09-16 10:03:57.655 [DBG] LTND lnd.go:727: Syncing to block chain rev=4d1c86 best_block_time="2025-09-16 10:04:05 -0400 EDT" is_synced=false
2025/09/16 10:03:58 ELECTRUM: GetBestBlock called
2025/09/16 10:03:58 ELECTRUM: Subscribing to headers to get current height
2025/09/16 10:03:58 ELECTRUM: GetBestBlock called
2025/09/16 10:03:58 ELECTRUM: Subscribing to headers to get current height
2025/09/16 10:03:58 ELECTRUM: Got current height 4663667 from headers subscription
2025/09/16 10:03:58 ELECTRUM: Returning hash 000000000001b1a9e11fe0faff12c82825187e5e893098f004391c91e70e4fb5 for height 4663667 (from headers subscription)
2025/09/16 10:03:58 ELECTRUM: Checking for new blocks - current: 4663667, last known: 4663651
2025/09/16 10:03:58 ELECTRUM: New block detected! Height: 4663667 (was 4663651)
2025/09/16 10:03:58 ELECTRUM: Sending block connected notification for height 4663667
2025/09/16 10:03:58 ELECTRUM: Block notification sent successfully for height 4663667
2025/09/16 10:03:58 ELECTRUM: Got current height 4663667 from headers subscription
2025/09/16 10:03:58 ELECTRUM: Returning hash 000000000001b1a9e11fe0faff12c82825187e5e893098f004391c91e70e4fb5 for height 4663667 (from headers subscription)
2025/09/16 10:03:58 ELECTRUM: GetBlockHeader called for hash: 000000000001b1a9e11fe0faff12c82825187e5e893098f004391c91e70e4fb5
2025/09/16 10:03:58 ELECTRUM: GetBestBlock called
2025/09/16 10:03:58 ELECTRUM: Subscribing to headers to get current height
2025/09/16 10:03:59 ELECTRUM: Got current height 4663667 from headers subscription
2025/09/16 10:03:59 ELECTRUM: Returning hash 000000000001b1a9e11fe0faff12c82825187e5e893098f004391c91e70e4fb5 for height 4663667 (from headers subscription)
2025-09-16 10:03:59.363 [DBG] LTND lnd.go:727: Syncing to block chain rev=4d1c86 best_block_time="2025-09-16 10:03:55 -0400 EDT" is_synced=false
2025/09/16 10:03:59 ELECTRUM: GetBestBlock called
2025/09/16 10:03:59 ELECTRUM: Subscribing to headers to get current height
2025/09/16 10:03:59 ELECTRUM: GetBestBlock called
2025/09/16 10:03:59 ELECTRUM: Subscribing to headers to get current height
2025/09/16 10:03:59 ELECTRUM: Got current height 4663667 from headers subscription
2025/09/16 10:03:59 ELECTRUM: Returning hash 000000000001b1a9e11fe0faff12c82825187e5e893098f004391c91e70e4fb5 for height 4663667 (from headers subscription)
2025/09/16 10:03:59 ELECTRUM: Checking for new blocks - current: 4663667, last known: 4663652
2025/09/16 10:03:59 ELECTRUM: New block detected! Height: 4663667 (was 4663652)
2025/09/16 10:03:59 ELECTRUM: Sending block connected notification for height 4663667
2025/09/16 10:03:59 ELECTRUM: Block notification sent successfully for height 4663667
2025/09/16 10:04:00 ELECTRUM: Got current height 4663667 from headers subscription
2025/09/16 10:04:00 ELECTRUM: Returning hash 000000000001b1a9e11fe0faff12c82825187e5e893098f004391c91e70e4fb5 for height 4663667 (from headers subscription)
2025/09/16 10:04:00 ELECTRUM: Checking for new blocks - current: 4663667, last known: 4663652
2025/09/16 10:04:00 ELECTRUM: New block detected! Height: 4663667 (was 4663652)
2025/09/16 10:04:00 ELECTRUM: Sending block connected notification for height 4663667
2025/09/16 10:04:00 ELECTRUM: Block notification sent successfully for height 4663667
2025/09/16 10:04:00 ELECTRUM: GetBestBlock called
2025/09/16 10:04:00 ELECTRUM: Subscribing to headers to get current height
2025/09/16 10:04:00 ELECTRUM: Got current height 4663667 from headers subscription
2025/09/16 10:04:00 ELECTRUM: Returning hash 000000000001b1a9e11fe0faff12c82825187e5e893098f004391c91e70e4fb5 for height 4663667 (from headers subscription)
2025/09/16 10:04:00 ELECTRUM: GetBlockHeader called for hash: 000000000001b1a9e11fe0faff12c82825187e5e893098f004391c91e70e4fb5
2025/09/16 10:04:00 ELECTRUM: GetBestBlock called
2025/09/16 10:04:00 ELECTRUM: Subscribing to headers to get current height
2025/09/16 10:04:00 ELECTRUM: Got current height 4663667 from headers subscription
2025/09/16 10:04:00 ELECTRUM: Returning hash 000000000001b1a9e11fe0faff12c82825187e5e893098f004391c91e70e4fb5 for height 4663667 (from headers subscription)
2025-09-16 10:04:01.091 [DBG] LTND lnd.go:727: Syncing to block chain rev=4d1c86 best_block_time="2025-09-16 10:03:55 -0400 EDT" is_synced=false
2025/09/16 10:04:02 ELECTRUM: GetBestBlock called
2025/09/16 10:04:02 ELECTRUM: Subscribing to headers to get current height
2025/09/16 10:04:02 ELECTRUM: Got current height 4663667 from headers subscription
2025/09/16 10:04:02 ELECTRUM: Returning hash 000000000001b1a9e11fe0faff12c82825187e5e893098f004391c91e70e4fb5 for height 4663667 (from headers subscription)
2025/09/16 10:04:02 ELECTRUM: GetBlockHeader called for hash: 000000000001b1a9e11fe0faff12c82825187e5e893098f004391c91e70e4fb5
2025/09/16 10:04:02 ELECTRUM: GetBestBlock called
2025/09/16 10:04:02 ELECTRUM: Subscribing to headers to get current height
2025/09/16 10:04:02 ELECTRUM: Got current height 4663668 from headers subscription
2025/09/16 10:04:02 ELECTRUM: Returning hash 000000000000fbbf56f3cf127d9fb7cacbf0cd3a59077d4dedfcf98a7535e2d7 for height 4663668 (from headers subscription)
2025-09-16 10:04:28.170 [DBG] LTND lnd.go:727: Syncing to block chain rev=4d1c86 best_block_time="2025-09-16 10:03:55 -0400 EDT" is_synced=false
2025/09/16 10:04:28 ELECTRUM: GetBestBlock called
2025/09/16 10:04:28 ELECTRUM: Subscribing to headers to get current height
2025/09/16 10:04:28 ELECTRUM: Got current height 4663678 from headers subscription
2025/09/16 10:04:28 ELECTRUM: Returning hash 00000000000398b0b8b9c1bf77716501a6b658423cf2ad48cc79bfa03c4e837a for height 4663678 (from headers subscription)
2025/09/16 10:04:28 ELECTRUM: Checking for new blocks - current: 4663678, last known: 4663667
2025/09/16 10:04:28 ELECTRUM: New block detected! Height: 4663678 (was 4663667)
2025/09/16 10:04:28 ELECTRUM: Sending block connected notification for height 4663678
2025/09/16 10:04:28 ELECTRUM: Block notification sent successfully for height 4663678
2025/09/16 10:04:29 ELECTRUM: GetBestBlock called
2025/09/16 10:04:29 ELECTRUM: Subscribing to headers to get current height
2025/09/16 10:04:29 ELECTRUM: Got current height 4663678 from headers subscription
2025/09/16 10:04:29 ELECTRUM: Returning hash 00000000000398b0b8b9c1bf77716501a6b658423cf2ad48cc79bfa03c4e837a for height 4663678 (from headers subscription)
2025/09/16 10:04:29 ELECTRUM: GetBlockHeader called for hash: 00000000000398b0b8b9c1bf77716501a6b658423cf2ad48cc79bfa03c4e837a
2025/09/16 10:04:29 ELECTRUM: GetBestBlock called
2025/09/16 10:04:29 ELECTRUM: Subscribing to headers to get current height
2025/09/16 10:04:29 ELECTRUM: GetBestBlock called
2025/09/16 10:04:29 ELECTRUM: Subscribing to headers to get current height
2025/09/16 10:04:29 ELECTRUM: Got current height 4663678 from headers subscription
2025/09/16 10:04:29 ELECTRUM: Returning hash 00000000000398b0b8b9c1bf77716501a6b658423cf2ad48cc79bfa03c4e837a for height 4663678 (from headers subscription)
2025/09/16 10:04:29 ELECTRUM: Got current height 4663678 from headers subscription
2025/09/16 10:04:29 ELECTRUM: Returning hash 00000000000398b0b8b9c1bf77716501a6b658423cf2ad48cc79bfa03c4e837a for height 4663678 (from headers subscription)
2025/09/16 10:04:29 ELECTRUM: Checking for new blocks - current: 4663678, last known: 4663667
2025/09/16 10:04:29 ELECTRUM: New block detected! Height: 4663678 (was 4663667)
2025/09/16 10:04:29 ELECTRUM: Sending block connected notification for height 4663678
2025/09/16 10:04:29 ELECTRUM: Block notification sent successfully for height 4663678
2025/09/16 10:04:29 ELECTRUM: GetBestBlock called
2025/09/16 10:04:29 ELECTRUM: Subscribing to headers to get current height
2025-09-16 10:04:29.974 [DBG] LTND lnd.go:727: Syncing to block chain rev=4d1c86 best_block_time="2025-09-16 10:04:23 -0400 EDT" is_synced=false
2025/09/16 10:04:30 ELECTRUM: Got current height 4663679 from headers subscription
2025/09/16 10:04:30 ELECTRUM: Returning hash 000000000003e4ec5fd46e7fee55c2fcb5b52c46314e335929733d6a06ec58c5 for height 4663679 (from headers subscription)
2025/09/16 10:04:30 ELECTRUM: Checking for new blocks - current: 4663679, last known: 4663667
2025/09/16 10:04:30 ELECTRUM: New block detected! Height: 4663679 (was 4663667)
2025/09/16 10:04:30 ELECTRUM: Sending block connected notification for height 4663679
2025/09/16 10:04:30 ELECTRUM: Block notification sent successfully for height 4663679
2025/09/16 10:04:30 ELECTRUM: GetBestBlock called
2025/09/16 10:04:30 ELECTRUM: Subscribing to headers to get current height
2025/09/16 10:04:31 ELECTRUM: Got current height 4663679 from headers subscription
2025/09/16 10:04:31 ELECTRUM: Returning hash 000000000003e4ec5fd46e7fee55c2fcb5b52c46314e335929733d6a06ec58c5 for height 4663679 (from headers subscription)
2025/09/16 10:04:31 ELECTRUM: GetBlockHeader called for hash: 000000000003e4ec5fd46e7fee55c2fcb5b52c46314e335929733d6a06ec58c5
2025/09/16 10:04:31 ELECTRUM: GetBestBlock called
2025/09/16 10:04:31 ELECTRUM: Subscribing to headers to get current height
2025/09/16 10:04:31 ELECTRUM: Got current height 4663679 from headers subscription
2025/09/16 10:04:31 ELECTRUM: Returning hash 000000000003e4ec5fd46e7fee55c2fcb5b52c46314e335929733d6a06ec58c5 for height 4663679 (from headers subscription)
2025-09-16 10:04:31.856 [DBG] LTND lnd.go:727: Syncing to block chain rev=4d1c86 best_block_time="2025-09-16 10:04:35 -0400 EDT" is_synced=false
2025/09/16 10:04:32 ELECTRUM: GetBestBlock called
2025/09/16 10:04:32 ELECTRUM: Subscribing to headers to get current height
2025/09/16 10:04:33 ELECTRUM: Got current height 4663680 from headers subscription
2025/09/16 10:04:33 ELECTRUM: Returning hash 00000000000243d33346e1e5043ae6b59c827d0288ce577c960918608370c2f4 for height 4663680 (from headers subscription)
2025/09/16 10:04:33 ELECTRUM: GetBlockHeader called for hash: 00000000000243d33346e1e5043ae6b59c827d0288ce577c960918608370c2f4
2025/09/16 10:04:33 ELECTRUM: GetBestBlock called
2025/09/16 10:04:33 ELECTRUM: Subscribing to headers to get current height
2025/09/16 10:04:33 ELECTRUM: Got current height 4663680 from headers subscription
2025/09/16 10:04:33 ELECTRUM: Returning hash 00000000000243d33346e1e5043ae6b59c827d0288ce577c960918608370c2f4 for height 4663680 (from headers subscription)
2025-09-16 10:04:33.570 [DBG] LTND lnd.go:727: Syncing to block chain rev=4d1c86 best_block_time="2025-09-16 10:04:35 -0400 EDT" is_synced=false
2025/09/16 10:04:34 ELECTRUM: GetBestBlock called
2025/09/16 10:04:34 ELECTRUM: Subscribing to headers to get current height
2025/09/16 10:04:34 ELECTRUM: Got current height 4663682 from headers subscription
2025/09/16 10:04:34 ELECTRUM: Returning hash 000000000002302ff0f518ebc396d658308eee7627e892385407015bef4221be for height 4663682 (from headers subscription)
2025/09/16 10:04:34 ELECTRUM: GetBlockHeader called for hash: 000000000002302ff0f518ebc396d658308eee7627e892385407015bef4221be
2025/09/16 10:04:34 ELECTRUM: GetBestBlock called
2025/09/16 10:04:34 ELECTRUM: Subscribing to headers to get current height
2025/09/16 10:04:35 ELECTRUM: Got current height 4663683 from headers subscription
2025/09/16 10:04:35 ELECTRUM: Returning hash 00000000000067edf22bd6141c38e619d607d93c1f5f262873b7e984ee36ef8a for height 4663683 (from headers subscription)
2025/09/16 10:04:58 ELECTRUM: GetBestBlock called
2025/09/16 10:04:58 ELECTRUM: Subscribing to headers to get current height
2025/09/16 10:04:58 ELECTRUM: Got current height 4663696 from headers subscription
2025/09/16 10:04:58 ELECTRUM: Returning hash 00000000000049993c1ea432ef8fd502df26fd90fdfc2d34525abe40c2a3f7c0 for height 4663696 (from headers subscription)
2025/09/16 10:04:58 ELECTRUM: Checking for new blocks - current: 4663696, last known: 4663678
2025/09/16 10:04:58 ELECTRUM: New block detected! Height: 4663696 (was 4663678)
2025/09/16 10:04:58 ELECTRUM: Sending block connected notification for height 4663696
2025/09/16 10:04:58 ELECTRUM: Block notification sent successfully for height 4663696
2025/09/16 10:04:59 ELECTRUM: GetBestBlock called
2025/09/16 10:04:59 ELECTRUM: Subscribing to headers to get current height
2025/09/16 10:04:59 ELECTRUM: Got current height 4663697 from headers subscription
2025/09/16 10:04:59 ELECTRUM: Returning hash 00000000000044155672e607e753f251b492cefd49b5a17e6fdfe2c0738ef61c for height 4663697 (from headers subscription)
2025/09/16 10:04:59 ELECTRUM: Checking for new blocks - current: 4663697, last known: 4663678
2025/09/16 10:04:59 ELECTRUM: New block detected! Height: 4663697 (was 4663678)
2025/09/16 10:04:59 ELECTRUM: Sending block connected notification for height 4663697
2025/09/16 10:04:59 ELECTRUM: Block notification sent successfully for height 4663697
2025/09/16 10:04:59 ELECTRUM: GetBestBlock called
2025/09/16 10:04:59 ELECTRUM: Subscribing to headers to get current height
2025/09/16 10:05:00 ELECTRUM: Got current height 4663697 from headers subscription
2025/09/16 10:05:00 ELECTRUM: Returning hash 00000000000044155672e607e753f251b492cefd49b5a17e6fdfe2c0738ef61c for height 4663697 (from headers subscription)
2025/09/16 10:05:00 ELECTRUM: Checking for new blocks - current: 4663697, last known: 4663679
2025/09/16 10:05:00 ELECTRUM: New block detected! Height: 4663697 (was 4663679)
2025/09/16 10:05:00 ELECTRUM: Sending block connected notification for height 4663697
2025/09/16 10:05:00 ELECTRUM: Block notification sent successfully for height 4663697
2025-09-16 10:05:00.630 [DBG] LTND lnd.go:727: Syncing to block chain rev=4d1c86 best_block_time="2025-09-16 10:04:33 -0400 EDT" is_synced=false
2025/09/16 10:05:01 ELECTRUM: GetBestBlock called
2025/09/16 10:05:01 ELECTRUM: Subscribing to headers to get current height
2025/09/16 10:05:01 ELECTRUM: Got current height 4663698 from headers subscription
2025/09/16 10:05:01 ELECTRUM: Returning hash 0000000000001acd58a24f6a2e56f3d0449f35a1ea50116503ebac7b2bef48ca for height 4663698 (from headers subscription)
2025/09/16 10:05:01 ELECTRUM: GetBlockHeader called for hash: 0000000000001acd58a24f6a2e56f3d0449f35a1ea50116503ebac7b2bef48ca
2025/09/16 10:05:01 ELECTRUM: GetBestBlock called
2025/09/16 10:05:01 ELECTRUM: Subscribing to headers to get current height
2025/09/16 10:05:02 ELECTRUM: Got current height 4663698 from headers subscription
2025/09/16 10:05:02 ELECTRUM: Returning hash 0000000000001acd58a24f6a2e56f3d0449f35a1ea50116503ebac7b2bef48ca for height 4663698 (from headers subscription)
2025-09-16 10:05:02.577 [DBG] LTND lnd.go:727: Syncing to block chain rev=4d1c86 best_block_time="2025-09-16 10:04:59 -0400 EDT" is_synced=false
2025/09/16 10:05:03 ELECTRUM: GetBestBlock called
2025/09/16 10:05:03 ELECTRUM: Subscribing to headers to get current height
2025/09/16 10:05:03 ELECTRUM: Got current height 4663699 from headers subscription
2025/09/16 10:05:03 ELECTRUM: Returning hash 0000000000007215f5a6228cd29bb7effa6c953ae614b87c6452d0fe8060390a for height 4663699 (from headers subscription)
2025/09/16 10:05:03 ELECTRUM: GetBlockHeader called for hash: 0000000000007215f5a6228cd29bb7effa6c953ae614b87c6452d0fe8060390a
2025/09/16 10:05:03 ELECTRUM: GetBestBlock called
2025/09/16 10:05:03 ELECTRUM: Subscribing to headers to get current height
2025/09/16 10:05:04 ELECTRUM: Got current height 4663699 from headers subscription
2025/09/16 10:05:04 ELECTRUM: Returning hash 0000000000007215f5a6228cd29bb7effa6c953ae614b87c6452d0fe8060390a for height 4663699 (from headers subscription)
2025-09-16 10:05:04.392 [DBG] LTND lnd.go:727: Syncing to block chain rev=4d1c86 best_block_time="2025-09-16 10:05:09 -0400 EDT" is_synced=false
2025/09/16 10:05:05 ELECTRUM: GetBestBlock called
2025/09/16 10:05:05 ELECTRUM: Subscribing to headers to get current height
2025/09/16 10:05:05 ELECTRUM: Got current height 4663701 from headers subscription
2025/09/16 10:05:05 ELECTRUM: Returning hash 000000000000351491ddecc1200db6a6d3dc0430924d2ce1748e3a0514b5c455 for height 4663701 (from headers subscription)
2025/09/16 10:05:05 ELECTRUM: GetBlockHeader called for hash: 000000000000351491ddecc1200db6a6d3dc0430924d2ce1748e3a0514b5c455
2025/09/16 10:05:05 ELECTRUM: GetBestBlock called
2025/09/16 10:05:05 ELECTRUM: Subscribing to headers to get current height
2025/09/16 10:05:05 ELECTRUM: Got current height 4663701 from headers subscription
2025/09/16 10:05:05 ELECTRUM: Returning hash 000000000000351491ddecc1200db6a6d3dc0430924d2ce1748e3a0514b5c455 for height 4663701 (from headers subscription)
2025-09-16 10:05:06.162 [DBG] LTND lnd.go:727: Syncing to block chain rev=4d1c86 best_block_time="2025-09-16 10:05:03 -0400 EDT" is_synced=false
2025/09/16 10:05:07 ELECTRUM: GetBestBlock called
2025/09/16 10:05:07 ELECTRUM: Subscribing to headers to get current height
2025/09/16 10:05:07 ELECTRUM: Got current height 4663702 from headers subscription
2025/09/16 10:05:07 ELECTRUM: Returning hash 0000000000003cc4cd88b4a9a6d485885c7e9237ee41df988368edf586ba6be5 for height 4663702 (from headers subscription)
2025/09/16 10:05:07 ELECTRUM: GetBlockHeader called for hash: 0000000000003cc4cd88b4a9a6d485885c7e9237ee41df988368edf586ba6be5
2025/09/16 10:05:07 ELECTRUM: GetBestBlock called
2025/09/16 10:05:07 ELECTRUM: Subscribing to headers to get current height
2025/09/16 10:05:07 ELECTRUM: Got current height 4663702 from headers subscription
2025/09/16 10:05:07 ELECTRUM: Returning hash 0000000000003cc4cd88b4a9a6d485885c7e9237ee41df988368edf586ba6be5 for height 4663702 (from headers subscription)
2025-09-16 10:05:07.879 [DBG] LTND lnd.go:727: Syncing to block chain rev=4d1c86 best_block_time="2025-09-16 10:05:07 -0400 EDT" is_synced=false
2025/09/16 10:05:08 ELECTRUM: GetBestBlock called
2025/09/16 10:05:08 ELECTRUM: Subscribing to headers to get current height
2025/09/16 10:05:09 ELECTRUM: Got current height 4663702 from headers subscription
2025/09/16 10:05:09 ELECTRUM: Returning hash 0000000000003cc4cd88b4a9a6d485885c7e9237ee41df988368edf586ba6be5 for height 4663702 (from headers subscription)
2025/09/16 10:05:09 ELECTRUM: GetBlockHeader called for hash: 0000000000003cc4cd88b4a9a6d485885c7e9237ee41df988368edf586ba6be5
2025/09/16 10:05:09 ELECTRUM: GetBestBlock called
2025/09/16 10:05:09 ELECTRUM: Subscribing to headers to get current height
2025/09/16 10:05:09 ELECTRUM: Got current height 4663702 from headers subscription
2025/09/16 10:05:09 ELECTRUM: Returning hash 0000000000003cc4cd88b4a9a6d485885c7e9237ee41df988368edf586ba6be5 for height 4663702 (from headers subscription)
2025-09-16 10:05:09.678 [DBG] LTND lnd.go:727: Syncing to block chain rev=4d1c86 best_block_time="2025-09-16 10:05:07 -0400 EDT" is_synced=false
2025/09/16 10:05:10 ELECTRUM: GetBestBlock called
2025/09/16 10:05:10 ELECTRUM: Subscribing to headers to get current height
2025/09/16 10:05:10 ELECTRUM: Got current height 4663703 from headers subscription
2025/09/16 10:05:10 ELECTRUM: Returning hash 000000000002869692162a401a87cec254a6825d77312ad029e32910c23a57ac for height 4663703 (from headers subscription)
2025/09/16 10:05:10 ELECTRUM: GetBlockHeader called for hash: 000000000002869692162a401a87cec254a6825d77312ad029e32910c23a57ac
2025/09/16 10:05:10 ELECTRUM: GetBestBlock called
2025/09/16 10:05:10 ELECTRUM: Subscribing to headers to get current height
2025/09/16 10:05:11 ELECTRUM: Got current height 4663703 from headers subscription
2025/09/16 10:05:11 ELECTRUM: Returning hash 000000000002869692162a401a87cec254a6825d77312ad029e32910c23a57ac for height 4663703 (from headers subscription)
2025-09-16 10:05:11.486 [DBG] LTND lnd.go:727: Syncing to block chain rev=4d1c86 best_block_time="2025-09-16 10:05:11 -0400 EDT" is_synced=false
2025/09/16 10:05:12 ELECTRUM: GetBestBlock called
2025/09/16 10:05:12 ELECTRUM: Subscribing to headers to get current height
2025/09/16 10:05:12 ELECTRUM: Got current height 4663706 from headers subscription
2025/09/16 10:05:12 ELECTRUM: Returning hash 000000000453f1db75f967915dd23901e79dd5d164d68e8a4830adbe7e8062db for height 4663706 (from headers subscription)
2025/09/16 10:05:12 ELECTRUM: GetBlockHeader called for hash: 000000000453f1db75f967915dd23901e79dd5d164d68e8a4830adbe7e8062db
2025/09/16 10:05:12 ELECTRUM: GetBestBlock called
2025/09/16 10:05:12 ELECTRUM: Subscribing to headers to get current height
2025/09/16 10:05:12 ELECTRUM: Got current height 4663706 from headers subscription
2025/09/16 10:05:12 ELECTRUM: Returning hash 000000000453f1db75f967915dd23901e79dd5d164d68e8a4830adbe7e8062db for height 4663706 (from headers subscription)
2025-09-16 10:05:13.234 [DBG] LTND lnd.go:727: Syncing to block chain rev=4d1c86 best_block_time="2025-09-16 10:05:11 -0400 EDT" is_synced=false
2025/09/16 10:05:14 ELECTRUM: GetBestBlock called
2025/09/16 10:05:14 ELECTRUM: Subscribing to headers to get current height
2025/09/16 10:05:14 ELECTRUM: Got current height 4663707 from headers subscription
2025/09/16 10:05:14 ELECTRUM: Returning hash 0000000000007c2229a59ab9223c4b79417a8bf68ffc60d2647f5ad62f7d1b0d for height 4663707 (from headers subscription)
2025/09/16 10:05:14 ELECTRUM: GetBlockHeader called for hash: 0000000000007c2229a59ab9223c4b79417a8bf68ffc60d2647f5ad62f7d1b0d
2025/09/16 10:05:14 ELECTRUM: GetBestBlock called
2025/09/16 10:05:14 ELECTRUM: Subscribing to headers to get current height
2025/09/16 10:05:14 ELECTRUM: Got current height 4663707 from headers subscription
2025/09/16 10:05:14 ELECTRUM: Returning hash 0000000000007c2229a59ab9223c4b79417a8bf68ffc60d2647f5ad62f7d1b0d for height 4663707 (from headers subscription)
2025-09-16 10:05:15.104 [DBG] LTND lnd.go:727: Syncing to block chain rev=4d1c86 best_block_time="2025-09-16 10:05:12 -0400 EDT" is_synced=false
2025/09/16 10:05:16 ELECTRUM: GetBestBlock called
2025/09/16 10:05:16 ELECTRUM: Subscribing to headers to get current height
2025/09/16 10:05:16 ELECTRUM: Got current height 4663707 from headers subscription
2025/09/16 10:05:16 ELECTRUM: Returning hash 0000000000007c2229a59ab9223c4b79417a8bf68ffc60d2647f5ad62f7d1b0d for height 4663707 (from headers subscription)
2025/09/16 10:05:16 ELECTRUM: GetBlockHeader called for hash: 0000000000007c2229a59ab9223c4b79417a8bf68ffc60d2647f5ad62f7d1b0d
2025/09/16 10:05:16 ELECTRUM: GetBestBlock called
2025/09/16 10:05:16 ELECTRUM: Subscribing to headers to get current height
2025/09/16 10:05:16 ELECTRUM: Got current height 4663708 from headers subscription
2025/09/16 10:05:16 ELECTRUM: Returning hash 0000000000025777e3950ea5a79ad98ce3277ad45009563f27f947a80c452dfc for height 4663708 (from headers subscription)
2025/09/16 10:05:28 ELECTRUM: GetBestBlock called
2025/09/16 10:05:28 ELECTRUM: Subscribing to headers to get current height
2025/09/16 10:05:28 ELECTRUM: Got current height 4663714 from headers subscription
2025/09/16 10:05:28 ELECTRUM: Returning hash 0000000000003c5c75efc21bd8e34cb6fa8bd645210479b95f8d9a0b29247f5e for height 4663714 (from headers subscription)
2025/09/16 10:05:28 ELECTRUM: Checking for new blocks - current: 4663714, last known: 4663696
2025/09/16 10:05:28 ELECTRUM: New block detected! Height: 4663714 (was 4663696)
2025/09/16 10:05:28 ELECTRUM: Sending block connected notification for height 4663714
2025/09/16 10:05:28 ELECTRUM: Block notification sent successfully for height 4663714
2025/09/16 10:05:29 ELECTRUM: GetBestBlock called
2025/09/16 10:05:29 ELECTRUM: Subscribing to headers to get current height
2025/09/16 10:05:29 ELECTRUM: Got current height 4663715 from headers subscription
2025/09/16 10:05:29 ELECTRUM: Returning hash 000000000000559e8f05cc35eeeda3be26c3bd3bb7a51740f1d72db4bd115109 for height 4663715 (from headers subscription)
2025/09/16 10:05:29 ELECTRUM: Checking for new blocks - current: 4663715, last known: 4663697
2025/09/16 10:05:29 ELECTRUM: New block detected! Height: 4663715 (was 4663697)
2025/09/16 10:05:29 ELECTRUM: Sending block connected notification for height 4663715
2025/09/16 10:05:29 ELECTRUM: Block notification sent successfully for height 4663715
2025/09/16 10:05:29 ELECTRUM: GetBestBlock called
2025/09/16 10:05:29 ELECTRUM: Subscribing to headers to get current height
2025/09/16 10:05:30 ELECTRUM: Got current height 4663715 from headers subscription
2025/09/16 10:05:30 ELECTRUM: Returning hash 000000000000559e8f05cc35eeeda3be26c3bd3bb7a51740f1d72db4bd115109 for height 4663715 (from headers subscription)
2025/09/16 10:05:30 ELECTRUM: Checking for new blocks - current: 4663715, last known: 4663697
2025/09/16 10:05:30 ELECTRUM: New block detected! Height: 4663715 (was 4663697)
2025/09/16 10:05:30 ELECTRUM: Sending block connected notification for height 4663715
2025/09/16 10:05:30 ELECTRUM: Block notification sent successfully for height 4663715
2025-09-16 10:05:42.632 [DBG] LTND lnd.go:727: Syncing to block chain rev=4d1c86 best_block_time="2025-09-16 10:05:12 -0400 EDT" is_synced=false
2025/09/16 10:05:43 ELECTRUM: GetBestBlock called
2025/09/16 10:05:43 ELECTRUM: Subscribing to headers to get current height
2025/09/16 10:05:43 ELECTRUM: Got current height 4663720 from headers subscription
2025/09/16 10:05:43 ELECTRUM: Returning hash 00000000133282707e12231b967d69a73a3078c2d3fc8a65e47d8d23e1293ad0 for height 4663720 (from headers subscription)
2025/09/16 10:05:43 ELECTRUM: GetBlockHeader called for hash: 00000000133282707e12231b967d69a73a3078c2d3fc8a65e47d8d23e1293ad0
2025/09/16 10:05:43 ELECTRUM: GetBestBlock called
2025/09/16 10:05:43 ELECTRUM: Subscribing to headers to get current height
2025/09/16 10:05:44 ELECTRUM: Got current height 4663720 from headers subscription
2025/09/16 10:05:44 ELECTRUM: Returning hash 00000000133282707e12231b967d69a73a3078c2d3fc8a65e47d8d23e1293ad0 for height 4663720 (from headers subscription)
2025-09-16 10:05:44.357 [DBG] LTND lnd.go:727: Syncing to block chain rev=4d1c86 best_block_time="2025-09-16 10:05:40 -0400 EDT" is_synced=false
2025/09/16 10:05:45 ELECTRUM: GetBestBlock called
2025/09/16 10:05:45 ELECTRUM: Subscribing to headers to get current height
2025/09/16 10:05:45 ELECTRUM: Got current height 4663720 from headers subscription
2025/09/16 10:05:45 ELECTRUM: Returning hash 00000000133282707e12231b967d69a73a3078c2d3fc8a65e47d8d23e1293ad0 for height 4663720 (from headers subscription)
2025/09/16 10:05:45 ELECTRUM: GetBlockHeader called for hash: 00000000133282707e12231b967d69a73a3078c2d3fc8a65e47d8d23e1293ad0
2025/09/16 10:05:45 ELECTRUM: GetBestBlock called
2025/09/16 10:05:45 ELECTRUM: Subscribing to headers to get current height
2025/09/16 10:05:45 ELECTRUM: Got current height 4663721 from headers subscription
2025/09/16 10:05:45 ELECTRUM: Returning hash 00000000000024ceb1bbe01d56b6943e46fd2c6dfff067d75bea24212ad6cf41 for height 4663721 (from headers subscription)
2025/09/16 10:05:58 ELECTRUM: GetBestBlock called
2025/09/16 10:05:58 ELECTRUM: Subscribing to headers to get current height
2025/09/16 10:05:58 ELECTRUM: Got current height 4663725 from headers subscription
2025/09/16 10:05:58 ELECTRUM: Returning hash 000000000001129a3fda4c10f4bcb0dd4061be8b595f9f1836bcfae589829329 for height 4663725 (from headers subscription)
2025/09/16 10:05:58 ELECTRUM: Checking for new blocks - current: 4663725, last known: 4663714
2025/09/16 10:05:58 ELECTRUM: New block detected! Height: 4663725 (was 4663714)
2025/09/16 10:05:58 ELECTRUM: Sending block connected notification for height 4663725
2025/09/16 10:05:58 ELECTRUM: Block notification sent successfully for height 4663725
2025/09/16 10:05:59 ELECTRUM: GetBestBlock called
2025/09/16 10:05:59 ELECTRUM: Subscribing to headers to get current height
2025/09/16 10:05:59 ELECTRUM: Got current height 4663726 from headers subscription
2025/09/16 10:05:59 ELECTRUM: Returning hash 0000000000007dbe1d4ad9bfc776c3dbdfd43e9a558428e5ec54cbe581ebd9ad for height 4663726 (from headers subscription)
2025/09/16 10:05:59 ELECTRUM: Checking for new blocks - current: 4663726, last known: 4663715
2025/09/16 10:05:59 ELECTRUM: New block detected! Height: 4663726 (was 4663715)
2025/09/16 10:05:59 ELECTRUM: Sending block connected notification for height 4663726
2025/09/16 10:05:59 ELECTRUM: Block notification sent successfully for height 4663726
2025/09/16 10:05:59 ELECTRUM: GetBestBlock called
2025/09/16 10:05:59 ELECTRUM: Subscribing to headers to get current height
2025/09/16 10:06:00 ELECTRUM: Got current height 4663726 from headers subscription
2025/09/16 10:06:00 ELECTRUM: Returning hash 0000000000007dbe1d4ad9bfc776c3dbdfd43e9a558428e5ec54cbe581ebd9ad for height 4663726 (from headers subscription)
2025/09/16 10:06:00 ELECTRUM: Checking for new blocks - current: 4663726, last known: 4663715
2025/09/16 10:06:00 ELECTRUM: New block detected! Height: 4663726 (was 4663715)
2025/09/16 10:06:00 ELECTRUM: Sending block connected notification for height 4663726
2025/09/16 10:06:00 ELECTRUM: Block notification sent successfully for height 4663726
2025-09-16 10:06:11.376 [DBG] LTND lnd.go:727: Syncing to block chain rev=4d1c86 best_block_time="2025-09-16 10:05:40 -0400 EDT" is_synced=false
2025/09/16 10:06:12 ELECTRUM: GetBestBlock called
2025/09/16 10:06:12 ELECTRUM: Subscribing to headers to get current height
2025/09/16 10:06:12 ELECTRUM: Got current height 4663733 from headers subscription
2025/09/16 10:06:12 ELECTRUM: Returning hash 000000000000205167600cb3b2abb58d9cd9d0f02a833e1462d5333f8da8884a for height 4663733 (from headers subscription)
2025/09/16 10:06:12 ELECTRUM: GetBlockHeader called for hash: 000000000000205167600cb3b2abb58d9cd9d0f02a833e1462d5333f8da8884a
2025/09/16 10:06:12 ELECTRUM: GetBestBlock called
2025/09/16 10:06:12 ELECTRUM: Subscribing to headers to get current height
2025/09/16 10:06:12 ELECTRUM: Got current height 4663733 from headers subscription
2025/09/16 10:06:12 ELECTRUM: Returning hash 000000000000205167600cb3b2abb58d9cd9d0f02a833e1462d5333f8da8884a for height 4663733 (from headers subscription)
2025-09-16 10:06:13.158 [DBG] LTND lnd.go:727: Syncing to block chain rev=4d1c86 best_block_time="2025-09-16 10:06:10 -0400 EDT" is_synced=false
2025/09/16 10:06:14 ELECTRUM: GetBestBlock called
2025/09/16 10:06:14 ELECTRUM: Subscribing to headers to get current height
2025/09/16 10:06:14 ELECTRUM: Got current height 4663733 from headers subscription
2025/09/16 10:06:14 ELECTRUM: Returning hash 000000000000205167600cb3b2abb58d9cd9d0f02a833e1462d5333f8da8884a for height 4663733 (from headers subscription)
2025/09/16 10:06:14 ELECTRUM: GetBlockHeader called for hash: 000000000000205167600cb3b2abb58d9cd9d0f02a833e1462d5333f8da8884a
2025/09/16 10:06:14 ELECTRUM: GetBestBlock called
2025/09/16 10:06:14 ELECTRUM: Subscribing to headers to get current height
2025/09/16 10:06:14 ELECTRUM: Got current height 4663733 from headers subscription
2025/09/16 10:06:14 ELECTRUM: Returning hash 000000000000205167600cb3b2abb58d9cd9d0f02a833e1462d5333f8da8884a for height 4663733 (from headers subscription)
2025-09-16 10:06:14.877 [DBG] LTND lnd.go:727: Syncing to block chain rev=4d1c86 best_block_time="2025-09-16 10:06:10 -0400 EDT" is_synced=false
2025/09/16 10:06:15 ELECTRUM: GetBestBlock called
2025/09/16 10:06:15 ELECTRUM: Subscribing to headers to get current height
2025/09/16 10:06:16 ELECTRUM: Got current height 4663733 from headers subscription
2025/09/16 10:06:16 ELECTRUM: Returning hash 000000000000205167600cb3b2abb58d9cd9d0f02a833e1462d5333f8da8884a for height 4663733 (from headers subscription)
2025/09/16 10:06:16 ELECTRUM: GetBlockHeader called for hash: 000000000000205167600cb3b2abb58d9cd9d0f02a833e1462d5333f8da8884a
2025/09/16 10:06:16 ELECTRUM: GetBestBlock called
2025/09/16 10:06:16 ELECTRUM: Subscribing to headers to get current height
2025/09/16 10:06:16 ELECTRUM: Got current height 4663734 from headers subscription
2025/09/16 10:06:16 ELECTRUM: Returning hash 0000000000032ea7616b4f0c50e54eaec6a0ab36eb0e69107c97ebc648e1695a for height 4663734 (from headers subscription)
2025/09/16 10:06:28 ELECTRUM: GetBestBlock called
2025/09/16 10:06:28 ELECTRUM: Subscribing to headers to get current height
2025/09/16 10:06:28 ELECTRUM: Got current height 4663740 from headers subscription
2025/09/16 10:06:28 ELECTRUM: Returning hash 000000000000296f0d470cf20389aa3b0279f11c856a8c87402a1597e86083f6 for height 4663740 (from headers subscription)
2025/09/16 10:06:28 ELECTRUM: Checking for new blocks - current: 4663740, last known: 4663725
2025/09/16 10:06:28 ELECTRUM: New block detected! Height: 4663740 (was 4663725)
2025/09/16 10:06:28 ELECTRUM: Sending block connected notification for height 4663740
2025/09/16 10:06:28 ELECTRUM: Block notification sent successfully for height 4663740
2025/09/16 10:06:29 ELECTRUM: GetBestBlock called
2025/09/16 10:06:29 ELECTRUM: Subscribing to headers to get current height
2025/09/16 10:06:29 ELECTRUM: GetBestBlock called
2025/09/16 10:06:29 ELECTRUM: Subscribing to headers to get current height
2025/09/16 10:06:29 ELECTRUM: Got current height 4663741 from headers subscription
2025/09/16 10:06:29 ELECTRUM: Returning hash 00000000000026bfc3910f7ab5cc6d5f200d062085b039b58df8d0dda281bfc4 for height 4663741 (from headers subscription)
2025/09/16 10:06:29 ELECTRUM: Checking for new blocks - current: 4663741, last known: 4663726
2025/09/16 10:06:29 ELECTRUM: New block detected! Height: 4663741 (was 4663726)
2025/09/16 10:06:29 ELECTRUM: Sending block connected notification for height 4663741
2025/09/16 10:06:29 ELECTRUM: Block notification sent successfully for height 4663741
2025/09/16 10:06:30 ELECTRUM: Got current height 4663741 from headers subscription
2025/09/16 10:06:30 ELECTRUM: Returning hash 00000000000026bfc3910f7ab5cc6d5f200d062085b039b58df8d0dda281bfc4 for height 4663741 (from headers subscription)
2025/09/16 10:06:30 ELECTRUM: Checking for new blocks - current: 4663741, last known: 4663726
2025/09/16 10:06:30 ELECTRUM: New block detected! Height: 4663741 (was 4663726)
2025/09/16 10:06:30 ELECTRUM: Sending block connected notification for height 4663741
2025/09/16 10:06:30 ELECTRUM: Block notification sent successfully for height 4663741
2025-09-16 10:06:43.139 [DBG] LTND lnd.go:727: Syncing to block chain rev=4d1c86 best_block_time="2025-09-16 10:06:10 -0400 EDT" is_synced=false
2025/09/16 10:06:44 ELECTRUM: GetBestBlock called
2025/09/16 10:06:44 ELECTRUM: Subscribing to headers to get current height
2025/09/16 10:06:44 ELECTRUM: Got current height 4663747 from headers subscription
2025/09/16 10:06:44 ELECTRUM: Returning hash 0000000000000f0a8aa3c0b3170ec9c20a6fe4363ce5e0329c84ffaf4905c420 for height 4663747 (from headers subscription)
2025/09/16 10:06:44 ELECTRUM: GetBlockHeader called for hash: 0000000000000f0a8aa3c0b3170ec9c20a6fe4363ce5e0329c84ffaf4905c420
2025/09/16 10:06:44 ELECTRUM: GetBestBlock called
2025/09/16 10:06:44 ELECTRUM: Subscribing to headers to get current height
2025/09/16 10:06:44 ELECTRUM: Got current height 4663747 from headers subscription
2025/09/16 10:06:44 ELECTRUM: Returning hash 0000000000000f0a8aa3c0b3170ec9c20a6fe4363ce5e0329c84ffaf4905c420 for height 4663747 (from headers subscription)
2025-09-16 10:06:44.910 [DBG] LTND lnd.go:727: Syncing to block chain rev=4d1c86 best_block_time="2025-09-16 10:06:49 -0400 EDT" is_synced=false
2025/09/16 10:06:45 ELECTRUM: GetBestBlock called
2025/09/16 10:06:45 ELECTRUM: Subscribing to headers to get current height
2025/09/16 10:06:46 ELECTRUM: Got current height 4663747 from headers subscription
2025/09/16 10:06:46 ELECTRUM: Returning hash 0000000000000f0a8aa3c0b3170ec9c20a6fe4363ce5e0329c84ffaf4905c420 for height 4663747 (from headers subscription)
2025/09/16 10:06:46 ELECTRUM: GetBlockHeader called for hash: 0000000000000f0a8aa3c0b3170ec9c20a6fe4363ce5e0329c84ffaf4905c420
2025/09/16 10:06:46 ELECTRUM: GetBestBlock called
2025/09/16 10:06:46 ELECTRUM: Subscribing to headers to get current height
2025/09/16 10:06:46 ELECTRUM: Got current height 4663748 from headers subscription
2025/09/16 10:06:46 ELECTRUM: Returning hash 0000000000036be454a7fc09acf4acc37374792272a52d515cace01d0d1c58c5 for height 4663748 (from headers subscription)
2025/09/16 10:06:58 ELECTRUM: GetBestBlock called
2025/09/16 10:06:58 ELECTRUM: Subscribing to headers to get current height
2025/09/16 10:06:58 ELECTRUM: Got current height 4663755 from headers subscription
2025/09/16 10:06:58 ELECTRUM: Returning hash 0000000000019be0db7e7513e5c2175849cceccd19a23d16fa17a57e84ff3060 for height 4663755 (from headers subscription)
2025/09/16 10:06:58 ELECTRUM: Checking for new blocks - current: 4663755, last known: 4663740
2025/09/16 10:06:58 ELECTRUM: New block detected! Height: 4663755 (was 4663740)
2025/09/16 10:06:58 ELECTRUM: Sending block connected notification for height 4663755
2025/09/16 10:06:58 ELECTRUM: Block notification sent successfully for height 4663755
2025/09/16 10:06:59 ELECTRUM: GetBestBlock called
2025/09/16 10:06:59 ELECTRUM: Subscribing to headers to get current height
2025/09/16 10:06:59 ELECTRUM: Got current height 4663755 from headers subscription
2025/09/16 10:06:59 ELECTRUM: Returning hash 0000000000019be0db7e7513e5c2175849cceccd19a23d16fa17a57e84ff3060 for height 4663755 (from headers subscription)
2025/09/16 10:06:59 ELECTRUM: Checking for new blocks - current: 4663755, last known: 4663741
2025/09/16 10:06:59 ELECTRUM: New block detected! Height: 4663755 (was 4663741)
2025/09/16 10:06:59 ELECTRUM: Sending block connected notification for height 4663755
2025/09/16 10:06:59 ELECTRUM: Block notification sent successfully for height 4663755
2025/09/16 10:06:59 ELECTRUM: GetBestBlock called
2025/09/16 10:06:59 ELECTRUM: Subscribing to headers to get current height
2025/09/16 10:07:00 ELECTRUM: Got current height 4663755 from headers subscription
2025/09/16 10:07:00 ELECTRUM: Returning hash 0000000000019be0db7e7513e5c2175849cceccd19a23d16fa17a57e84ff3060 for height 4663755 (from headers subscription)
2025/09/16 10:07:00 ELECTRUM: Checking for new blocks - current: 4663755, last known: 4663741
2025/09/16 10:07:00 ELECTRUM: New block detected! Height: 4663755 (was 4663741)
2025/09/16 10:07:00 ELECTRUM: Sending block connected notification for height 4663755
2025/09/16 10:07:00 ELECTRUM: Block notification sent successfully for height 4663755
2025-09-16 10:07:12.329 [DBG] LTND lnd.go:727: Syncing to block chain rev=4d1c86 best_block_time="2025-09-16 10:06:49 -0400 EDT" is_synced=false
2025/09/16 10:07:13 ELECTRUM: GetBestBlock called
2025/09/16 10:07:13 ELECTRUM: Subscribing to headers to get current height
2025/09/16 10:07:13 ELECTRUM: Got current height 4663763 from headers subscription
2025/09/16 10:07:13 ELECTRUM: Returning hash 000000000001dd9ed1f6fed06825b6ecc1590a5af95858c787178db7bdee5b01 for height 4663763 (from headers subscription)
2025/09/16 10:07:13 ELECTRUM: GetBlockHeader called for hash: 000000000001dd9ed1f6fed06825b6ecc1590a5af95858c787178db7bdee5b01
2025/09/16 10:07:13 ELECTRUM: GetBestBlock called
2025/09/16 10:07:13 ELECTRUM: Subscribing to headers to get current height
2025/09/16 10:07:13 ELECTRUM: Got current height 4663764 from headers subscription
2025/09/16 10:07:13 ELECTRUM: Returning hash 0000000000035ab00e5883be5562c20701bda3dd2c4bbe9d92142610e6c0d509 for height 4663764 (from headers subscription)
2025/09/16 10:07:28 ELECTRUM: GetBestBlock called
2025/09/16 10:07:28 ELECTRUM: Subscribing to headers to get current height
2025/09/16 10:07:28 ELECTRUM: Got current height 4663771 from headers subscription
2025/09/16 10:07:28 ELECTRUM: Returning hash 000000000000295c0a83f6c5e8387973b4d740cfda1fa45ac7da4c482dc7c681 for height 4663771 (from headers subscription)
2025/09/16 10:07:28 ELECTRUM: Checking for new blocks - current: 4663771, last known: 4663755
2025/09/16 10:07:28 ELECTRUM: New block detected! Height: 4663771 (was 4663755)
2025/09/16 10:07:28 ELECTRUM: Sending block connected notification for height 4663771
2025/09/16 10:07:28 ELECTRUM: Block notification sent successfully for height 4663771
2025/09/16 10:07:29 ELECTRUM: GetBestBlock called
2025/09/16 10:07:29 ELECTRUM: Subscribing to headers to get current height
2025/09/16 10:07:29 ELECTRUM: Got current height 4663771 from headers subscription
2025/09/16 10:07:29 ELECTRUM: Returning hash 000000000000295c0a83f6c5e8387973b4d740cfda1fa45ac7da4c482dc7c681 for height 4663771 (from headers subscription)
2025/09/16 10:07:29 ELECTRUM: Checking for new blocks - current: 4663771, last known: 4663755
2025/09/16 10:07:29 ELECTRUM: New block detected! Height: 4663771 (was 4663755)
2025/09/16 10:07:29 ELECTRUM: Sending block connected notification for height 4663771
2025/09/16 10:07:29 ELECTRUM: Block notification sent successfully for height 4663771
2025/09/16 10:07:29 ELECTRUM: GetBestBlock called
2025/09/16 10:07:29 ELECTRUM: Subscribing to headers to get current height
2025/09/16 10:07:30 ELECTRUM: Got current height 4663771 from headers subscription
2025/09/16 10:07:30 ELECTRUM: Returning hash 000000000000295c0a83f6c5e8387973b4d740cfda1fa45ac7da4c482dc7c681 for height 4663771 (from headers subscription)
2025/09/16 10:07:30 ELECTRUM: Checking for new blocks - current: 4663771, last known: 4663755
2025/09/16 10:07:30 ELECTRUM: New block detected! Height: 4663771 (was 4663755)
2025/09/16 10:07:30 ELECTRUM: Sending block connected notification for height 4663771
2025/09/16 10:07:30 ELECTRUM: Block notification sent successfully for height 4663771
2025-09-16 10:07:39.458 [DBG] LTND lnd.go:727: Syncing to block chain rev=4d1c86 best_block_time="2025-09-16 10:07:11 -0400 EDT" is_synced=false
2025/09/16 10:07:40 ELECTRUM: GetBestBlock called
2025/09/16 10:07:40 ELECTRUM: Subscribing to headers to get current height
2025/09/16 10:07:40 ELECTRUM: Got current height 4663777 from headers subscription
2025/09/16 10:07:40 ELECTRUM: Returning hash 000000000000095de593248c97c8d32774a3752c5362602cced10508fb0d5e11 for height 4663777 (from headers subscription)
2025/09/16 10:07:40 ELECTRUM: GetBlockHeader called for hash: 000000000000095de593248c97c8d32774a3752c5362602cced10508fb0d5e11
2025/09/16 10:07:40 ELECTRUM: GetBestBlock called
2025/09/16 10:07:40 ELECTRUM: Subscribing to headers to get current height
2025/09/16 10:07:41 ELECTRUM: Got current height 4663777 from headers subscription
2025/09/16 10:07:41 ELECTRUM: Returning hash 000000000000095de593248c97c8d32774a3752c5362602cced10508fb0d5e11 for height 4663777 (from headers subscription)
2025-09-16 10:07:41.302 [DBG] LTND lnd.go:727: Syncing to block chain rev=4d1c86 best_block_time="2025-09-16 10:07:40 -0400 EDT" is_synced=false
2025/09/16 10:07:42 ELECTRUM: GetBestBlock called
2025/09/16 10:07:42 ELECTRUM: Subscribing to headers to get current height
2025/09/16 10:07:42 ELECTRUM: Got current height 4663778 from headers subscription
2025/09/16 10:07:42 ELECTRUM: Returning hash 00000000000019dd28eff9a777a761c78d747a48b1fc0ccdfd4dc782861c469f for height 4663778 (from headers subscription)
2025/09/16 10:07:42 ELECTRUM: GetBlockHeader called for hash: 00000000000019dd28eff9a777a761c78d747a48b1fc0ccdfd4dc782861c469f
2025/09/16 10:07:42 ELECTRUM: GetBestBlock called
2025/09/16 10:07:42 ELECTRUM: Subscribing to headers to get current height
2025/09/16 10:07:42 ELECTRUM: Got current height 4663778 from headers subscription
2025/09/16 10:07:42 ELECTRUM: Returning hash 00000000000019dd28eff9a777a761c78d747a48b1fc0ccdfd4dc782861c469f for height 4663778 (from headers subscription)
2025-09-16 10:07:43.170 [DBG] LTND lnd.go:727: Syncing to block chain rev=4d1c86 best_block_time="2025-09-16 10:07:39 -0400 EDT" is_synced=false
2025/09/16 10:07:44 ELECTRUM: GetBestBlock called
2025/09/16 10:07:44 ELECTRUM: Subscribing to headers to get current height
2025/09/16 10:07:44 ELECTRUM: Got current height 4663780 from headers subscription
2025/09/16 10:07:44 ELECTRUM: Returning hash 000000000001c8208e543bddef34e01679a6c5c94b64dbc6384a3bad767e9824 for height 4663780 (from headers subscription)
2025/09/16 10:07:44 ELECTRUM: GetBlockHeader called for hash: 000000000001c8208e543bddef34e01679a6c5c94b64dbc6384a3bad767e9824
2025/09/16 10:07:44 ELECTRUM: GetBestBlock called
2025/09/16 10:07:44 ELECTRUM: Subscribing to headers to get current height
2025/09/16 10:07:44 ELECTRUM: Got current height 4663780 from headers subscription
2025/09/16 10:07:44 ELECTRUM: Returning hash 000000000001c8208e543bddef34e01679a6c5c94b64dbc6384a3bad767e9824 for height 4663780 (from headers subscription)
2025-09-16 10:07:44.987 [DBG] LTND lnd.go:727: Syncing to block chain rev=4d1c86 best_block_time="2025-09-16 10:07:42 -0400 EDT" is_synced=false
2025/09/16 10:07:45 ELECTRUM: GetBestBlock called
2025/09/16 10:07:45 ELECTRUM: Subscribing to headers to get current height
2025/09/16 10:07:46 ELECTRUM: Got current height 4663781 from headers subscription
2025/09/16 10:07:46 ELECTRUM: Returning hash 00000000000018dff580dc5d120515d604955711c06b9dd5739d9b63ffc0a8a0 for height 4663781 (from headers subscription)
2025/09/16 10:07:46 ELECTRUM: GetBlockHeader called for hash: 00000000000018dff580dc5d120515d604955711c06b9dd5739d9b63ffc0a8a0
2025/09/16 10:07:46 ELECTRUM: GetBestBlock called
2025/09/16 10:07:46 ELECTRUM: Subscribing to headers to get current height
2025/09/16 10:07:46 ELECTRUM: Got current height 4663781 from headers subscription
2025/09/16 10:07:46 ELECTRUM: Returning hash 00000000000018dff580dc5d120515d604955711c06b9dd5739d9b63ffc0a8a0 for height 4663781 (from headers subscription)
2025-09-16 10:07:46.933 [DBG] LTND lnd.go:727: Syncing to block chain rev=4d1c86 best_block_time="2025-09-16 10:07:43 -0400 EDT" is_synced=false
2025/09/16 10:07:47 ELECTRUM: GetBestBlock called
2025/09/16 10:07:47 ELECTRUM: Subscribing to headers to get current height
2025/09/16 10:07:48 ELECTRUM: Got current height 4663782 from headers subscription
2025/09/16 10:07:48 ELECTRUM: Returning hash 00000000000005c5e26e91744453cf9a403c7260b8a5eb0949e563b41d265d39 for height 4663782 (from headers subscription)
2025/09/16 10:07:48 ELECTRUM: GetBlockHeader called for hash: 00000000000005c5e26e91744453cf9a403c7260b8a5eb0949e563b41d265d39
2025/09/16 10:07:48 ELECTRUM: GetBestBlock called
2025/09/16 10:07:48 ELECTRUM: Subscribing to headers to get current height
2025/09/16 10:07:48 ELECTRUM: Got current height 4663782 from headers subscription
2025/09/16 10:07:48 ELECTRUM: Returning hash 00000000000005c5e26e91744453cf9a403c7260b8a5eb0949e563b41d265d39 for height 4663782 (from headers subscription)
2025-09-16 10:07:48.743 [DBG] LTND lnd.go:727: Syncing to block chain rev=4d1c86 best_block_time="2025-09-16 10:07:44 -0400 EDT" is_synced=false
2025/09/16 10:07:49 ELECTRUM: GetBestBlock called
2025/09/16 10:07:49 ELECTRUM: Subscribing to headers to get current height
2025/09/16 10:07:50 ELECTRUM: Got current height 4663783 from headers subscription
2025/09/16 10:07:50 ELECTRUM: Returning hash 0000000000000700705a73ec182c5cab94d4819536dc870c9aecff6f2593fc6f for height 4663783 (from headers subscription)
2025/09/16 10:07:50 ELECTRUM: GetBlockHeader called for hash: 0000000000000700705a73ec182c5cab94d4819536dc870c9aecff6f2593fc6f
2025/09/16 10:07:50 ELECTRUM: GetBestBlock called
2025/09/16 10:07:50 ELECTRUM: Subscribing to headers to get current height
2025/09/16 10:07:50 ELECTRUM: Got current height 4663783 from headers subscription
2025/09/16 10:07:50 ELECTRUM: Returning hash 0000000000000700705a73ec182c5cab94d4819536dc870c9aecff6f2593fc6f for height 4663783 (from headers subscription)
2025-09-16 10:07:50.620 [DBG] LTND lnd.go:727: Syncing to block chain rev=4d1c86 best_block_time="2025-09-16 10:07:57 -0400 EDT" is_synced=false
2025-09-16 10:07:50.713 [DBG] RPCS interceptor.go:775: [/lnrpc.Lightning/WalletBalance] requested
2025-09-16 10:07:50.713 [INF] BTWL btcwallet.go:780: BTCWALLET: ConfirmedBalance called with confs=0, accountFilter=default
2025-09-16 10:07:50.714 [INF] BTWL btcwallet.go:780: BTCWALLET: ConfirmedBalance called with confs=1, accountFilter=default
2025-09-16 10:07:50.714 [DBG] RPCS rpcserver.go:3746: [walletbalance] Total balance=0 BTC (confirmed=0 BTC, unconfirmed=0 BTC, locked=0 BTC)
2025/09/16 10:07:51 ELECTRUM: GetBestBlock called
2025/09/16 10:07:51 ELECTRUM: Subscribing to headers to get current height
2025/09/16 10:07:51 ELECTRUM: Got current height 4663784 from headers subscription
2025/09/16 10:07:51 ELECTRUM: Returning hash 000000000003c0aba8c87b4cb9f9e9390881fc568dffd700ebb06be21c57cc4c for height 4663784 (from headers subscription)
2025/09/16 10:07:51 ELECTRUM: GetBlockHeader called for hash: 000000000003c0aba8c87b4cb9f9e9390881fc568dffd700ebb06be21c57cc4c
2025/09/16 10:07:51 ELECTRUM: GetBestBlock called
2025/09/16 10:07:51 ELECTRUM: Subscribing to headers to get current height
2025/09/16 10:07:52 ELECTRUM: Got current height 4663784 from headers subscription
2025/09/16 10:07:52 ELECTRUM: Returning hash 000000000003c0aba8c87b4cb9f9e9390881fc568dffd700ebb06be21c57cc4c for height 4663784 (from headers subscription)
2025-09-16 10:07:52.564 [DBG] LTND lnd.go:727: Syncing to block chain rev=4d1c86 best_block_time="2025-09-16 10:07:48 -0400 EDT" is_synced=false
2025/09/16 10:07:53 ELECTRUM: GetBestBlock called
2025/09/16 10:07:53 ELECTRUM: Subscribing to headers to get current height
2025/09/16 10:07:53 ELECTRUM: Got current height 4663784 from headers subscription
2025/09/16 10:07:53 ELECTRUM: Returning hash 000000000003c0aba8c87b4cb9f9e9390881fc568dffd700ebb06be21c57cc4c for height 4663784 (from headers subscription)
2025/09/16 10:07:53 ELECTRUM: GetBlockHeader called for hash: 000000000003c0aba8c87b4cb9f9e9390881fc568dffd700ebb06be21c57cc4c
2025/09/16 10:07:53 ELECTRUM: GetBestBlock called
2025/09/16 10:07:53 ELECTRUM: Subscribing to headers to get current height
2025/09/16 10:07:54 ELECTRUM: Got current height 4663784 from headers subscription
2025/09/16 10:07:54 ELECTRUM: Returning hash 000000000003c0aba8c87b4cb9f9e9390881fc568dffd700ebb06be21c57cc4c for height 4663784 (from headers subscription)
2025-09-16 10:07:54.307 [DBG] LTND lnd.go:727: Syncing to block chain rev=4d1c86 best_block_time="2025-09-16 10:07:48 -0400 EDT" is_synced=false
2025/09/16 10:07:55 ELECTRUM: GetBestBlock called
2025/09/16 10:07:55 ELECTRUM: Subscribing to headers to get current height
2025/09/16 10:07:55 ELECTRUM: Got current height 4663785 from headers subscription
2025/09/16 10:07:55 ELECTRUM: Returning hash 0000000000003dc7e4b7ff664fb71cef7633d1609112ce90d48bf7c12bf11bf9 for height 4663785 (from headers subscription)
2025/09/16 10:07:55 ELECTRUM: GetBlockHeader called for hash: 0000000000003dc7e4b7ff664fb71cef7633d1609112ce90d48bf7c12bf11bf9
2025/09/16 10:07:55 ELECTRUM: GetBestBlock called
2025/09/16 10:07:55 ELECTRUM: Subscribing to headers to get current height
2025/09/16 10:07:55 ELECTRUM: Got current height 4663785 from headers subscription
2025/09/16 10:07:55 ELECTRUM: Returning hash 0000000000003dc7e4b7ff664fb71cef7633d1609112ce90d48bf7c12bf11bf9 for height 4663785 (from headers subscription)
2025-09-16 10:07:56.076 [DBG] LTND lnd.go:727: Syncing to block chain rev=4d1c86 best_block_time="2025-09-16 10:07:58 -0400 EDT" is_synced=false
2025/09/16 10:07:57 ELECTRUM: GetBestBlock called
2025/09/16 10:07:57 ELECTRUM: Subscribing to headers to get current height
2025/09/16 10:07:57 ELECTRUM: Got current height 4663785 from headers subscription
2025/09/16 10:07:57 ELECTRUM: Returning hash 0000000000003dc7e4b7ff664fb71cef7633d1609112ce90d48bf7c12bf11bf9 for height 4663785 (from headers subscription)
2025/09/16 10:07:57 ELECTRUM: GetBlockHeader called for hash: 0000000000003dc7e4b7ff664fb71cef7633d1609112ce90d48bf7c12bf11bf9
2025/09/16 10:07:57 ELECTRUM: GetBestBlock called
2025/09/16 10:07:57 ELECTRUM: Subscribing to headers to get current height
2025/09/16 10:07:57 ELECTRUM: Got current height 4663785 from headers subscription
2025/09/16 10:07:57 ELECTRUM: Returning hash 0000000000003dc7e4b7ff664fb71cef7633d1609112ce90d48bf7c12bf11bf9 for height 4663785 (from headers subscription)
2025-09-16 10:07:57.864 [DBG] LTND lnd.go:727: Syncing to block chain rev=4d1c86 best_block_time="2025-09-16 10:07:58 -0400 EDT" is_synced=false
2025/09/16 10:07:58 ELECTRUM: GetBestBlock called
2025/09/16 10:07:58 ELECTRUM: Subscribing to headers to get current height
2025/09/16 10:07:58 ELECTRUM: Got current height 4663786 from headers subscription
2025/09/16 10:07:58 ELECTRUM: Returning hash 00000000000029e2bb29a68eb657285aac5aa61db9384c51bb476600e35c98e4 for height 4663786 (from headers subscription)
2025/09/16 10:07:58 ELECTRUM: Checking for new blocks - current: 4663786, last known: 4663771
2025/09/16 10:07:58 ELECTRUM: New block detected! Height: 4663786 (was 4663771)
2025/09/16 10:07:58 ELECTRUM: Sending block connected notification for height 4663786
2025/09/16 10:07:58 ELECTRUM: Block notification sent successfully for height 4663786
2025/09/16 10:07:58 ELECTRUM: GetBestBlock called
2025/09/16 10:07:58 ELECTRUM: Subscribing to headers to get current height
2025/09/16 10:07:59 ELECTRUM: Got current height 4663786 from headers subscription
2025/09/16 10:07:59 ELECTRUM: Returning hash 00000000000029e2bb29a68eb657285aac5aa61db9384c51bb476600e35c98e4 for height 4663786 (from headers subscription)
2025/09/16 10:07:59 ELECTRUM: GetBlockHeader called for hash: 00000000000029e2bb29a68eb657285aac5aa61db9384c51bb476600e35c98e4
2025/09/16 10:07:59 ELECTRUM: GetBestBlock called
2025/09/16 10:07:59 ELECTRUM: Subscribing to headers to get current height
2025/09/16 10:07:59 ELECTRUM: Got current height 4663786 from headers subscription
2025/09/16 10:07:59 ELECTRUM: Returning hash 00000000000029e2bb29a68eb657285aac5aa61db9384c51bb476600e35c98e4 for height 4663786 (from headers subscription)
2025/09/16 10:07:59 ELECTRUM: GetBestBlock called
2025/09/16 10:07:59 ELECTRUM: Subscribing to headers to get current height
2025-09-16 10:07:59.695 [DBG] LTND lnd.go:727: Syncing to block chain rev=4d1c86 best_block_time="2025-09-16 10:08:05 -0400 EDT" is_synced=false
2025/09/16 10:07:59 ELECTRUM: Got current height 4663788 from headers subscription
2025/09/16 10:07:59 ELECTRUM: Returning hash 0000000000007c2cc9c88a8462bd029a0ea9535df1ed78970ad52ef6d8400884 for height 4663788 (from headers subscription)
2025/09/16 10:07:59 ELECTRUM: Checking for new blocks - current: 4663788, last known: 4663771
2025/09/16 10:07:59 ELECTRUM: New block detected! Height: 4663788 (was 4663771)
2025/09/16 10:07:59 ELECTRUM: Sending block connected notification for height 4663788
2025/09/16 10:07:59 ELECTRUM: Block notification sent successfully for height 4663788
2025/09/16 10:07:59 ELECTRUM: GetBestBlock called
2025/09/16 10:07:59 ELECTRUM: Subscribing to headers to get current height
2025/09/16 10:08:00 ELECTRUM: Got current height 4663788 from headers subscription
2025/09/16 10:08:00 ELECTRUM: Returning hash 0000000000007c2cc9c88a8462bd029a0ea9535df1ed78970ad52ef6d8400884 for height 4663788 (from headers subscription)
2025/09/16 10:08:00 ELECTRUM: Checking for new blocks - current: 4663788, last known: 4663771
2025/09/16 10:08:00 ELECTRUM: New block detected! Height: 4663788 (was 4663771)
2025/09/16 10:08:00 ELECTRUM: Sending block connected notification for height 4663788
2025/09/16 10:08:00 ELECTRUM: Block notification sent successfully for height 4663788
2025/09/16 10:08:00 ELECTRUM: GetBestBlock called
2025/09/16 10:08:00 ELECTRUM: Subscribing to headers to get current height
2025/09/16 10:08:00 ELECTRUM: Got current height 4663788 from headers subscription
2025/09/16 10:08:00 ELECTRUM: Returning hash 0000000000007c2cc9c88a8462bd029a0ea9535df1ed78970ad52ef6d8400884 for height 4663788 (from headers subscription)
2025/09/16 10:08:00 ELECTRUM: GetBlockHeader called for hash: 0000000000007c2cc9c88a8462bd029a0ea9535df1ed78970ad52ef6d8400884
2025/09/16 10:08:00 ELECTRUM: GetBestBlock called
2025/09/16 10:08:00 ELECTRUM: Subscribing to headers to get current height
2025/09/16 10:08:01 ELECTRUM: Got current height 4663788 from headers subscription
2025/09/16 10:08:01 ELECTRUM: Returning hash 0000000000007c2cc9c88a8462bd029a0ea9535df1ed78970ad52ef6d8400884 for height 4663788 (from headers subscription)
2025-09-16 10:08:01.473 [DBG] LTND lnd.go:727: Syncing to block chain rev=4d1c86 best_block_time="2025-09-16 10:07:58 -0400 EDT" is_synced=false
2025/09/16 10:08:02 ELECTRUM: GetBestBlock called
2025/09/16 10:08:02 ELECTRUM: Subscribing to headers to get current height
2025/09/16 10:08:02 ELECTRUM: Got current height 4663788 from headers subscription
2025/09/16 10:08:02 ELECTRUM: Returning hash 0000000000007c2cc9c88a8462bd029a0ea9535df1ed78970ad52ef6d8400884 for height 4663788 (from headers subscription)
2025/09/16 10:08:02 ELECTRUM: GetBlockHeader called for hash: 0000000000007c2cc9c88a8462bd029a0ea9535df1ed78970ad52ef6d8400884
2025/09/16 10:08:02 ELECTRUM: GetBestBlock called
2025/09/16 10:08:02 ELECTRUM: Subscribing to headers to get current height
2025/09/16 10:08:03 ELECTRUM: Got current height 4663788 from headers subscription
2025/09/16 10:08:03 ELECTRUM: Returning hash 0000000000007c2cc9c88a8462bd029a0ea9535df1ed78970ad52ef6d8400884 for height 4663788 (from headers subscription)
2025-09-16 10:08:03.662 [DBG] LTND lnd.go:727: Syncing to block chain rev=4d1c86 best_block_time="2025-09-16 10:07:58 -0400 EDT" is_synced=false
2025/09/16 10:08:04 ELECTRUM: GetBestBlock called
2025/09/16 10:08:04 ELECTRUM: Subscribing to headers to get current height
2025/09/16 10:08:04 ELECTRUM: Got current height 4663789 from headers subscription
2025/09/16 10:08:04 ELECTRUM: Returning hash 000000000000ad1ee151ec6a6de18e21fd2a95d8b7d9cf8b7e1b56128da3dcce for height 4663789 (from headers subscription)
2025/09/16 10:08:04 ELECTRUM: GetBlockHeader called for hash: 000000000000ad1ee151ec6a6de18e21fd2a95d8b7d9cf8b7e1b56128da3dcce
2025/09/16 10:08:04 ELECTRUM: GetBestBlock called
2025/09/16 10:08:04 ELECTRUM: Subscribing to headers to get current height
2025/09/16 10:08:05 ELECTRUM: Got current height 4663789 from headers subscription
2025/09/16 10:08:05 ELECTRUM: Returning hash 000000000000ad1ee151ec6a6de18e21fd2a95d8b7d9cf8b7e1b56128da3dcce for height 4663789 (from headers subscription)
2025-09-16 10:08:05.495 [DBG] LTND lnd.go:727: Syncing to block chain rev=4d1c86 best_block_time="2025-09-16 10:07:59 -0400 EDT" is_synced=false
2025/09/16 10:08:06 ELECTRUM: GetBestBlock called
2025/09/16 10:08:06 ELECTRUM: Subscribing to headers to get current height
2025/09/16 10:08:06 ELECTRUM: Got current height 4663790 from headers subscription
2025/09/16 10:08:06 ELECTRUM: Returning hash 0000000000033aa18141f6c45a7fe091815553480f431c481ed97b21956c2175 for height 4663790 (from headers subscription)
2025/09/16 10:08:06 ELECTRUM: GetBlockHeader called for hash: 0000000000033aa18141f6c45a7fe091815553480f431c481ed97b21956c2175
2025/09/16 10:08:06 ELECTRUM: GetBestBlock called
2025/09/16 10:08:06 ELECTRUM: Subscribing to headers to get current height
2025/09/16 10:08:07 ELECTRUM: Got current height 4663791 from headers subscription
2025/09/16 10:08:07 ELECTRUM: Returning hash 000000000000c4a9ac838c7a7c9b6ea4dfa47a848676d74bedc3e94fd251e858 for height 4663791 (from headers subscription)
2025/09/16 10:08:28 ELECTRUM: GetBestBlock called
2025/09/16 10:08:28 ELECTRUM: Subscribing to headers to get current height
2025/09/16 10:08:28 ELECTRUM: Got current height 4663797 from headers subscription
2025/09/16 10:08:28 ELECTRUM: Returning hash 0000000000001921c05e18623c0675ae0825b9457429427f3d2cfa6b2358872d for height 4663797 (from headers subscription)
2025/09/16 10:08:28 ELECTRUM: Checking for new blocks - current: 4663797, last known: 4663786
2025/09/16 10:08:28 ELECTRUM: New block detected! Height: 4663797 (was 4663786)
2025/09/16 10:08:28 ELECTRUM: Sending block connected notification for height 4663797
2025/09/16 10:08:28 ELECTRUM: Block notification sent successfully for height 4663797
2025/09/16 10:08:29 ELECTRUM: GetBestBlock called
2025/09/16 10:08:29 ELECTRUM: Subscribing to headers to get current height
2025/09/16 10:08:29 ELECTRUM: Got current height 4663798 from headers subscription
2025/09/16 10:08:29 ELECTRUM: Returning hash 0000000000001f9a4f7caaf4e23cf5ef011226c760f96c249e15742d0620720c for height 4663798 (from headers subscription)
2025/09/16 10:08:29 ELECTRUM: Checking for new blocks - current: 4663798, last known: 4663788
2025/09/16 10:08:29 ELECTRUM: New block detected! Height: 4663798 (was 4663788)
2025/09/16 10:08:29 ELECTRUM: Sending block connected notification for height 4663798
2025/09/16 10:08:29 ELECTRUM: Block notification sent successfully for height 4663798
2025/09/16 10:08:29 ELECTRUM: GetBestBlock called
2025/09/16 10:08:29 ELECTRUM: Subscribing to headers to get current height
2025/09/16 10:08:30 ELECTRUM: Got current height 4663798 from headers subscription
2025/09/16 10:08:30 ELECTRUM: Returning hash 0000000000001f9a4f7caaf4e23cf5ef011226c760f96c249e15742d0620720c for height 4663798 (from headers subscription)
2025/09/16 10:08:30 ELECTRUM: Checking for new blocks - current: 4663798, last known: 4663788
2025/09/16 10:08:30 ELECTRUM: New block detected! Height: 4663798 (was 4663788)
2025/09/16 10:08:30 ELECTRUM: Sending block connected notification for height 4663798
2025/09/16 10:08:30 ELECTRUM: Block notification sent successfully for height 4663798
2025-09-16 10:08:32.430 [DBG] LTND lnd.go:727: Syncing to block chain rev=4d1c86 best_block_time="2025-09-16 10:08:14 -0400 EDT" is_synced=false
2025/09/16 10:08:33 ELECTRUM: GetBestBlock called
2025/09/16 10:08:33 ELECTRUM: Subscribing to headers to get current height
2025/09/16 10:08:33 ELECTRUM: Got current height 4663801 from headers subscription
2025/09/16 10:08:33 ELECTRUM: Returning hash 000000000000ebfdae1af478f0271fc2b1bba36082954cdcb94ea25b945ffab8 for height 4663801 (from headers subscription)
2025/09/16 10:08:33 ELECTRUM: GetBlockHeader called for hash: 000000000000ebfdae1af478f0271fc2b1bba36082954cdcb94ea25b945ffab8
2025/09/16 10:08:33 ELECTRUM: GetBestBlock called
2025/09/16 10:08:33 ELECTRUM: Subscribing to headers to get current height
2025/09/16 10:08:33 ELECTRUM: Got current height 4663801 from headers subscription
2025/09/16 10:08:33 ELECTRUM: Returning hash 000000000000ebfdae1af478f0271fc2b1bba36082954cdcb94ea25b945ffab8 for height 4663801 (from headers subscription)
2025-09-16 10:08:34.179 [DBG] LTND lnd.go:727: Syncing to block chain rev=4d1c86 best_block_time="2025-09-16 10:08:31 -0400 EDT" is_synced=false
2025/09/16 10:08:35 ELECTRUM: GetBestBlock called
2025/09/16 10:08:35 ELECTRUM: Subscribing to headers to get current height
2025/09/16 10:08:35 ELECTRUM: Got current height 4663801 from headers subscription
2025/09/16 10:08:35 ELECTRUM: Returning hash 000000000000ebfdae1af478f0271fc2b1bba36082954cdcb94ea25b945ffab8 for height 4663801 (from headers subscription)
2025/09/16 10:08:35 ELECTRUM: GetBlockHeader called for hash: 000000000000ebfdae1af478f0271fc2b1bba36082954cdcb94ea25b945ffab8
2025/09/16 10:08:35 ELECTRUM: GetBestBlock called
2025/09/16 10:08:35 ELECTRUM: Subscribing to headers to get current height
2025/09/16 10:08:35 ELECTRUM: Got current height 4663801 from headers subscription
2025/09/16 10:08:35 ELECTRUM: Returning hash 000000000000ebfdae1af478f0271fc2b1bba36082954cdcb94ea25b945ffab8 for height 4663801 (from headers subscription)
2025-09-16 10:08:36.013 [DBG] LTND lnd.go:727: Syncing to block chain rev=4d1c86 best_block_time="2025-09-16 10:08:31 -0400 EDT" is_synced=false
2025/09/16 10:08:37 ELECTRUM: GetBestBlock called
2025/09/16 10:08:37 ELECTRUM: Subscribing to headers to get current height
2025/09/16 10:08:37 ELECTRUM: Got current height 4663802 from headers subscription
2025/09/16 10:08:37 ELECTRUM: Returning hash 0000000000016cf076d645898078e2ec3f2b82016e723ef3c64f1244cfc391ee for height 4663802 (from headers subscription)
2025/09/16 10:08:37 ELECTRUM: GetBlockHeader called for hash: 0000000000016cf076d645898078e2ec3f2b82016e723ef3c64f1244cfc391ee
2025/09/16 10:08:37 ELECTRUM: GetBestBlock called
2025/09/16 10:08:37 ELECTRUM: Subscribing to headers to get current height
2025/09/16 10:08:37 ELECTRUM: Got current height 4663802 from headers subscription
2025/09/16 10:08:37 ELECTRUM: Returning hash 0000000000016cf076d645898078e2ec3f2b82016e723ef3c64f1244cfc391ee for height 4663802 (from headers subscription)
2025-09-16 10:08:37.827 [DBG] LTND lnd.go:727: Syncing to block chain rev=4d1c86 best_block_time="2025-09-16 10:08:32 -0400 EDT" is_synced=false
2025/09/16 10:08:38 ELECTRUM: GetBestBlock called
2025/09/16 10:08:38 ELECTRUM: Subscribing to headers to get current height
2025/09/16 10:08:39 ELECTRUM: Got current height 4663803 from headers subscription
2025/09/16 10:08:39 ELECTRUM: Returning hash 000000000003b3623842a1405fb0ce0141423d3b5685da7f8ae965e05664f7b5 for height 4663803 (from headers subscription)
2025/09/16 10:08:39 ELECTRUM: GetBlockHeader called for hash: 000000000003b3623842a1405fb0ce0141423d3b5685da7f8ae965e05664f7b5
2025/09/16 10:08:39 ELECTRUM: GetBestBlock called
2025/09/16 10:08:39 ELECTRUM: Subscribing to headers to get current height
2025/09/16 10:08:39 ELECTRUM: Got current height 4663803 from headers subscription
2025/09/16 10:08:39 ELECTRUM: Returning hash 000000000003b3623842a1405fb0ce0141423d3b5685da7f8ae965e05664f7b5 for height 4663803 (from headers subscription)
2025-09-16 10:08:39.531 [DBG] LTND lnd.go:727: Syncing to block chain rev=4d1c86 best_block_time="2025-09-16 10:08:36 -0400 EDT" is_synced=false
2025/09/16 10:08:40 ELECTRUM: GetBestBlock called
2025/09/16 10:08:40 ELECTRUM: Subscribing to headers to get current height
2025/09/16 10:08:40 ELECTRUM: Got current height 4663804 from headers subscription
2025/09/16 10:08:40 ELECTRUM: Returning hash 00000000000066075b44f7ee68941134f31889822a07a39baabb7ec80e83c6ab for height 4663804 (from headers subscription)
2025/09/16 10:08:40 ELECTRUM: GetBlockHeader called for hash: 00000000000066075b44f7ee68941134f31889822a07a39baabb7ec80e83c6ab
2025/09/16 10:08:40 ELECTRUM: GetBestBlock called
2025/09/16 10:08:40 ELECTRUM: Subscribing to headers to get current height
2025/09/16 10:08:41 ELECTRUM: Got current height 4663804 from headers subscription
2025/09/16 10:08:41 ELECTRUM: Returning hash 00000000000066075b44f7ee68941134f31889822a07a39baabb7ec80e83c6ab for height 4663804 (from headers subscription)
2025-09-16 10:08:41.340 [DBG] LTND lnd.go:727: Syncing to block chain rev=4d1c86 best_block_time="2025-09-16 10:08:38 -0400 EDT" is_synced=false
2025/09/16 10:08:42 ELECTRUM: GetBestBlock called
2025/09/16 10:08:42 ELECTRUM: Subscribing to headers to get current height
2025/09/16 10:08:42 ELECTRUM: Got current height 4663804 from headers subscription
2025/09/16 10:08:42 ELECTRUM: Returning hash 00000000000066075b44f7ee68941134f31889822a07a39baabb7ec80e83c6ab for height 4663804 (from headers subscription)
2025/09/16 10:08:42 ELECTRUM: GetBlockHeader called for hash: 00000000000066075b44f7ee68941134f31889822a07a39baabb7ec80e83c6ab
2025/09/16 10:08:42 ELECTRUM: GetBestBlock called
2025/09/16 10:08:42 ELECTRUM: Subscribing to headers to get current height
2025/09/16 10:08:42 ELECTRUM: Got current height 4663804 from headers subscription
2025/09/16 10:08:42 ELECTRUM: Returning hash 00000000000066075b44f7ee68941134f31889822a07a39baabb7ec80e83c6ab for height 4663804 (from headers subscription)
2025-09-16 10:08:43.046 [DBG] LTND lnd.go:727: Syncing to block chain rev=4d1c86 best_block_time="2025-09-16 10:08:38 -0400 EDT" is_synced=false
2025/09/16 10:08:44 ELECTRUM: GetBestBlock called
2025/09/16 10:08:44 ELECTRUM: Subscribing to headers to get current height
2025/09/16 10:08:44 ELECTRUM: Got current height 4663804 from headers subscription
2025/09/16 10:08:44 ELECTRUM: Returning hash 00000000000066075b44f7ee68941134f31889822a07a39baabb7ec80e83c6ab for height 4663804 (from headers subscription)
2025/09/16 10:08:44 ELECTRUM: GetBlockHeader called for hash: 00000000000066075b44f7ee68941134f31889822a07a39baabb7ec80e83c6ab
2025/09/16 10:08:44 ELECTRUM: GetBestBlock called
2025/09/16 10:08:44 ELECTRUM: Subscribing to headers to get current height
2025/09/16 10:08:44 ELECTRUM: Got current height 4663804 from headers subscription
2025/09/16 10:08:44 ELECTRUM: Returning hash 00000000000066075b44f7ee68941134f31889822a07a39baabb7ec80e83c6ab for height 4663804 (from headers subscription)
2025-09-16 10:08:44.848 [DBG] LTND lnd.go:727: Syncing to block chain rev=4d1c86 best_block_time="2025-09-16 10:08:38 -0400 EDT" is_synced=false
2025/09/16 10:08:45 ELECTRUM: GetBestBlock called
2025/09/16 10:08:45 ELECTRUM: Subscribing to headers to get current height
2025/09/16 10:08:46 ELECTRUM: Got current height 4663805 from headers subscription
2025/09/16 10:08:46 ELECTRUM: Returning hash 000000000000446b0729667338fd49aaebee82a153a52f169440422e984c6d33 for height 4663805 (from headers subscription)
2025/09/16 10:08:46 ELECTRUM: GetBlockHeader called for hash: 000000000000446b0729667338fd49aaebee82a153a52f169440422e984c6d33
2025/09/16 10:08:46 ELECTRUM: GetBestBlock called
2025/09/16 10:08:46 ELECTRUM: Subscribing to headers to get current height
2025/09/16 10:08:46 ELECTRUM: Got current height 4663805 from headers subscription
2025/09/16 10:08:46 ELECTRUM: Returning hash 000000000000446b0729667338fd49aaebee82a153a52f169440422e984c6d33 for height 4663805 (from headers subscription)
2025-09-16 10:08:46.739 [DBG] LTND lnd.go:727: Syncing to block chain rev=4d1c86 best_block_time="2025-09-16 10:08:40 -0400 EDT" is_synced=false
2025/09/16 10:08:47 ELECTRUM: GetBestBlock called
2025/09/16 10:08:47 ELECTRUM: Subscribing to headers to get current height
2025/09/16 10:08:47 ELECTRUM: Got current height 4663805 from headers subscription
2025/09/16 10:08:47 ELECTRUM: Returning hash 000000000000446b0729667338fd49aaebee82a153a52f169440422e984c6d33 for height 4663805 (from headers subscription)
2025/09/16 10:08:47 ELECTRUM: GetBlockHeader called for hash: 000000000000446b0729667338fd49aaebee82a153a52f169440422e984c6d33
2025/09/16 10:08:47 ELECTRUM: GetBestBlock called
2025/09/16 10:08:47 ELECTRUM: Subscribing to headers to get current height
2025/09/16 10:08:48 ELECTRUM: Got current height 4663805 from headers subscription
2025/09/16 10:08:48 ELECTRUM: Returning hash 000000000000446b0729667338fd49aaebee82a153a52f169440422e984c6d33 for height 4663805 (from headers subscription)
2025-09-16 10:08:48.578 [DBG] LTND lnd.go:727: Syncing to block chain rev=4d1c86 best_block_time="2025-09-16 10:08:40 -0400 EDT" is_synced=false
2025/09/16 10:08:49 ELECTRUM: GetBestBlock called
2025/09/16 10:08:49 ELECTRUM: Subscribing to headers to get current height
2025/09/16 10:08:49 ELECTRUM: Got current height 4663806 from headers subscription
2025/09/16 10:08:49 ELECTRUM: Returning hash 0000000000019e5b10fcdeb30f1b326129fd0f516aa0ceacaa9b95d8d7663855 for height 4663806 (from headers subscription)
2025/09/16 10:08:49 ELECTRUM: GetBlockHeader called for hash: 0000000000019e5b10fcdeb30f1b326129fd0f516aa0ceacaa9b95d8d7663855
2025/09/16 10:08:49 ELECTRUM: GetBestBlock called
2025/09/16 10:08:49 ELECTRUM: Subscribing to headers to get current height
2025/09/16 10:08:50 ELECTRUM: Got current height 4663806 from headers subscription
2025/09/16 10:08:50 ELECTRUM: Returning hash 0000000000019e5b10fcdeb30f1b326129fd0f516aa0ceacaa9b95d8d7663855 for height 4663806 (from headers subscription)
2025-09-16 10:08:50.278 [DBG] LTND lnd.go:727: Syncing to block chain rev=4d1c86 best_block_time="2025-09-16 10:08:46 -0400 EDT" is_synced=false
2025/09/16 10:08:51 ELECTRUM: GetBestBlock called
2025/09/16 10:08:51 ELECTRUM: Subscribing to headers to get current height
2025/09/16 10:08:51 ELECTRUM: Got current height 4663806 from headers subscription
2025/09/16 10:08:51 ELECTRUM: Returning hash 0000000000019e5b10fcdeb30f1b326129fd0f516aa0ceacaa9b95d8d7663855 for height 4663806 (from headers subscription)
2025/09/16 10:08:51 ELECTRUM: GetBlockHeader called for hash: 0000000000019e5b10fcdeb30f1b326129fd0f516aa0ceacaa9b95d8d7663855
2025/09/16 10:08:51 ELECTRUM: GetBestBlock called
2025/09/16 10:08:51 ELECTRUM: Subscribing to headers to get current height
2025/09/16 10:08:51 ELECTRUM: Got current height 4663806 from headers subscription
2025/09/16 10:08:51 ELECTRUM: Returning hash 0000000000019e5b10fcdeb30f1b326129fd0f516aa0ceacaa9b95d8d7663855 for height 4663806 (from headers subscription)
2025-09-16 10:08:52.058 [DBG] LTND lnd.go:727: Syncing to block chain rev=4d1c86 best_block_time="2025-09-16 10:08:46 -0400 EDT" is_synced=false
2025/09/16 10:08:53 ELECTRUM: GetBestBlock called
2025/09/16 10:08:53 ELECTRUM: Subscribing to headers to get current height
2025/09/16 10:08:53 ELECTRUM: Got current height 4663807 from headers subscription
2025/09/16 10:08:53 ELECTRUM: Returning hash 00000000000398c7fece6bb28b643efe466297588bb8734a1013795ae41e382f for height 4663807 (from headers subscription)
2025/09/16 10:08:53 ELECTRUM: GetBlockHeader called for hash: 00000000000398c7fece6bb28b643efe466297588bb8734a1013795ae41e382f
2025/09/16 10:08:53 ELECTRUM: GetBestBlock called
2025/09/16 10:08:53 ELECTRUM: Subscribing to headers to get current height
2025/09/16 10:08:53 ELECTRUM: Got current height 4663807 from headers subscription
2025/09/16 10:08:53 ELECTRUM: Returning hash 00000000000398c7fece6bb28b643efe466297588bb8734a1013795ae41e382f for height 4663807 (from headers subscription)
2025-09-16 10:08:53.798 [DBG] LTND lnd.go:727: Syncing to block chain rev=4d1c86 best_block_time="2025-09-16 10:08:49 -0400 EDT" is_synced=false
2025/09/16 10:08:54 ELECTRUM: GetBestBlock called
2025/09/16 10:08:54 ELECTRUM: Subscribing to headers to get current height
2025/09/16 10:08:55 ELECTRUM: Got current height 4663807 from headers subscription
2025/09/16 10:08:55 ELECTRUM: Returning hash 00000000000398c7fece6bb28b643efe466297588bb8734a1013795ae41e382f for height 4663807 (from headers subscription)
2025/09/16 10:08:55 ELECTRUM: GetBlockHeader called for hash: 00000000000398c7fece6bb28b643efe466297588bb8734a1013795ae41e382f
2025/09/16 10:08:55 ELECTRUM: GetBestBlock called
2025/09/16 10:08:55 ELECTRUM: Subscribing to headers to get current height
2025/09/16 10:08:55 ELECTRUM: Got current height 4663807 from headers subscription
2025/09/16 10:08:55 ELECTRUM: Returning hash 00000000000398c7fece6bb28b643efe466297588bb8734a1013795ae41e382f for height 4663807 (from headers subscription)
2025-09-16 10:08:55.561 [DBG] LTND lnd.go:727: Syncing to block chain rev=4d1c86 best_block_time="2025-09-16 10:08:49 -0400 EDT" is_synced=false
2025/09/16 10:08:56 ELECTRUM: GetBestBlock called
2025/09/16 10:08:56 ELECTRUM: Subscribing to headers to get current height
2025/09/16 10:08:56 ELECTRUM: Got current height 4663809 from headers subscription
2025/09/16 10:08:56 ELECTRUM: Returning hash 000000000003d9c701ba25a23303f435a33a5ee02e46f77e293184633aaa3cc8 for height 4663809 (from headers subscription)
2025/09/16 10:08:56 ELECTRUM: GetBlockHeader called for hash: 000000000003d9c701ba25a23303f435a33a5ee02e46f77e293184633aaa3cc8
2025/09/16 10:08:56 ELECTRUM: GetBestBlock called
2025/09/16 10:08:56 ELECTRUM: Subscribing to headers to get current height
2025/09/16 10:08:57 ELECTRUM: Got current height 4663809 from headers subscription
2025/09/16 10:08:57 ELECTRUM: Returning hash 000000000003d9c701ba25a23303f435a33a5ee02e46f77e293184633aaa3cc8 for height 4663809 (from headers subscription)
2025-09-16 10:08:57.311 [DBG] LTND lnd.go:727: Syncing to block chain rev=4d1c86 best_block_time="2025-09-16 10:08:54 -0400 EDT" is_synced=false
2025/09/16 10:08:58 ELECTRUM: GetBestBlock called
2025/09/16 10:08:58 ELECTRUM: Subscribing to headers to get current height
2025/09/16 10:08:58 ELECTRUM: GetBestBlock called
2025/09/16 10:08:58 ELECTRUM: Subscribing to headers to get current height
2025/09/16 10:08:58 ELECTRUM: Got current height 4663809 from headers subscription
2025/09/16 10:08:58 ELECTRUM: Returning hash 000000000003d9c701ba25a23303f435a33a5ee02e46f77e293184633aaa3cc8 for height 4663809 (from headers subscription)
2025/09/16 10:08:58 ELECTRUM: GetBlockHeader called for hash: 000000000003d9c701ba25a23303f435a33a5ee02e46f77e293184633aaa3cc8
2025/09/16 10:08:58 ELECTRUM: GetBestBlock called
2025/09/16 10:08:58 ELECTRUM: Subscribing to headers to get current height
2025/09/16 10:08:58 ELECTRUM: Got current height 4663809 from headers subscription
2025/09/16 10:08:58 ELECTRUM: Returning hash 000000000003d9c701ba25a23303f435a33a5ee02e46f77e293184633aaa3cc8 for height 4663809 (from headers subscription)
2025/09/16 10:08:58 ELECTRUM: Checking for new blocks - current: 4663809, last known: 4663797
2025/09/16 10:08:58 ELECTRUM: New block detected! Height: 4663809 (was 4663797)
2025/09/16 10:08:58 ELECTRUM: Sending block connected notification for height 4663809
2025/09/16 10:08:58 ELECTRUM: Block notification sent successfully for height 4663809
2025/09/16 10:08:58 ELECTRUM: Got current height 4663809 from headers subscription
2025/09/16 10:08:58 ELECTRUM: Returning hash 000000000003d9c701ba25a23303f435a33a5ee02e46f77e293184633aaa3cc8 for height 4663809 (from headers subscription)
2025-09-16 10:08:59.017 [DBG] LTND lnd.go:727: Syncing to block chain rev=4d1c86 best_block_time="2025-09-16 10:08:54 -0400 EDT" is_synced=false
2025/09/16 10:08:59 ELECTRUM: GetBestBlock called
2025/09/16 10:08:59 ELECTRUM: Subscribing to headers to get current height
2025/09/16 10:08:59 ELECTRUM: Got current height 4663809 from headers subscription
2025/09/16 10:08:59 ELECTRUM: Returning hash 000000000003d9c701ba25a23303f435a33a5ee02e46f77e293184633aaa3cc8 for height 4663809 (from headers subscription)
2025/09/16 10:08:59 ELECTRUM: Checking for new blocks - current: 4663809, last known: 4663798
2025/09/16 10:08:59 ELECTRUM: New block detected! Height: 4663809 (was 4663798)
2025/09/16 10:08:59 ELECTRUM: Sending block connected notification for height 4663809
2025/09/16 10:08:59 ELECTRUM: Block notification sent successfully for height 4663809
2025/09/16 10:08:59 ELECTRUM: GetBestBlock called
2025/09/16 10:08:59 ELECTRUM: Subscribing to headers to get current height
2025/09/16 10:09:00 ELECTRUM: GetBestBlock called
2025/09/16 10:09:00 ELECTRUM: Subscribing to headers to get current height
2025/09/16 10:09:00 ELECTRUM: Got current height 4663809 from headers subscription
2025/09/16 10:09:00 ELECTRUM: Returning hash 000000000003d9c701ba25a23303f435a33a5ee02e46f77e293184633aaa3cc8 for height 4663809 (from headers subscription)
2025/09/16 10:09:00 ELECTRUM: Checking for new blocks - current: 4663809, last known: 4663798
2025/09/16 10:09:00 ELECTRUM: New block detected! Height: 4663809 (was 4663798)
2025/09/16 10:09:00 ELECTRUM: Sending block connected notification for height 4663809
2025/09/16 10:09:00 ELECTRUM: Block notification sent successfully for height 4663809
2025/09/16 10:09:00 ELECTRUM: Got current height 4663809 from headers subscription
2025/09/16 10:09:00 ELECTRUM: Returning hash 000000000003d9c701ba25a23303f435a33a5ee02e46f77e293184633aaa3cc8 for height 4663809 (from headers subscription)
2025/09/16 10:09:00 ELECTRUM: GetBlockHeader called for hash: 000000000003d9c701ba25a23303f435a33a5ee02e46f77e293184633aaa3cc8
2025/09/16 10:09:00 ELECTRUM: GetBestBlock called
2025/09/16 10:09:00 ELECTRUM: Subscribing to headers to get current height
2025/09/16 10:09:00 ELECTRUM: Got current height 4663809 from headers subscription
2025/09/16 10:09:00 ELECTRUM: Returning hash 000000000003d9c701ba25a23303f435a33a5ee02e46f77e293184633aaa3cc8 for height 4663809 (from headers subscription)
2025-09-16 10:09:00.763 [DBG] LTND lnd.go:727: Syncing to block chain rev=4d1c86 best_block_time="2025-09-16 10:08:54 -0400 EDT" is_synced=false
2025/09/16 10:09:01 ELECTRUM: GetBestBlock called
2025/09/16 10:09:01 ELECTRUM: Subscribing to headers to get current height
2025/09/16 10:09:02 ELECTRUM: Got current height 4663809 from headers subscription
2025/09/16 10:09:02 ELECTRUM: Returning hash 000000000003d9c701ba25a23303f435a33a5ee02e46f77e293184633aaa3cc8 for height 4663809 (from headers subscription)
2025/09/16 10:09:02 ELECTRUM: GetBlockHeader called for hash: 000000000003d9c701ba25a23303f435a33a5ee02e46f77e293184633aaa3cc8
2025/09/16 10:09:02 ELECTRUM: GetBestBlock called
2025/09/16 10:09:02 ELECTRUM: Subscribing to headers to get current height
2025/09/16 10:09:02 ELECTRUM: Got current height 4663809 from headers subscription
2025/09/16 10:09:02 ELECTRUM: Returning hash 000000000003d9c701ba25a23303f435a33a5ee02e46f77e293184633aaa3cc8 for height 4663809 (from headers subscription)
2025-09-16 10:09:02.468 [DBG] LTND lnd.go:727: Syncing to block chain rev=4d1c86 best_block_time="2025-09-16 10:08:54 -0400 EDT" is_synced=false
2025/09/16 10:09:03 ELECTRUM: GetBestBlock called
2025/09/16 10:09:03 ELECTRUM: Subscribing to headers to get current height
2025/09/16 10:09:03 ELECTRUM: Got current height 4663809 from headers subscription
2025/09/16 10:09:03 ELECTRUM: Returning hash 000000000003d9c701ba25a23303f435a33a5ee02e46f77e293184633aaa3cc8 for height 4663809 (from headers subscription)
2025/09/16 10:09:03 ELECTRUM: GetBlockHeader called for hash: 000000000003d9c701ba25a23303f435a33a5ee02e46f77e293184633aaa3cc8
2025/09/16 10:09:03 ELECTRUM: GetBestBlock called
2025/09/16 10:09:03 ELECTRUM: Subscribing to headers to get current height
2025/09/16 10:09:03 ELECTRUM: Got current height 4663809 from headers subscription
2025/09/16 10:09:03 ELECTRUM: Returning hash 000000000003d9c701ba25a23303f435a33a5ee02e46f77e293184633aaa3cc8 for height 4663809 (from headers subscription)
2025-09-16 10:09:04.256 [DBG] LTND lnd.go:727: Syncing to block chain rev=4d1c86 best_block_time="2025-09-16 10:08:54 -0400 EDT" is_synced=false
2025/09/16 10:09:05 ELECTRUM: GetBestBlock called
2025/09/16 10:09:05 ELECTRUM: Subscribing to headers to get current height
2025/09/16 10:09:05 ELECTRUM: Got current height 4663810 from headers subscription
2025/09/16 10:09:05 ELECTRUM: Returning hash 0000000000003ca17efa5cf73c5d420f29b0321b04ad7dd72b53b35a0bcd7397 for height 4663810 (from headers subscription)
2025/09/16 10:09:05 ELECTRUM: GetBlockHeader called for hash: 0000000000003ca17efa5cf73c5d420f29b0321b04ad7dd72b53b35a0bcd7397
2025/09/16 10:09:05 ELECTRUM: GetBestBlock called
2025/09/16 10:09:05 ELECTRUM: Subscribing to headers to get current height
2025/09/16 10:09:05 ELECTRUM: Got current height 4663810 from headers subscription
2025/09/16 10:09:05 ELECTRUM: Returning hash 0000000000003ca17efa5cf73c5d420f29b0321b04ad7dd72b53b35a0bcd7397 for height 4663810 (from headers subscription)
2025-09-16 10:09:06.087 [DBG] LTND lnd.go:727: Syncing to block chain rev=4d1c86 best_block_time="2025-09-16 10:09:06 -0400 EDT" is_synced=false
2025/09/16 10:09:07 ELECTRUM: GetBestBlock called
2025/09/16 10:09:07 ELECTRUM: Subscribing to headers to get current height
2025/09/16 10:09:07 ELECTRUM: Got current height 4663810 from headers subscription
2025/09/16 10:09:07 ELECTRUM: Returning hash 0000000000003ca17efa5cf73c5d420f29b0321b04ad7dd72b53b35a0bcd7397 for height 4663810 (from headers subscription)
2025/09/16 10:09:07 ELECTRUM: GetBlockHeader called for hash: 0000000000003ca17efa5cf73c5d420f29b0321b04ad7dd72b53b35a0bcd7397
2025/09/16 10:09:07 ELECTRUM: GetBestBlock called
2025/09/16 10:09:07 ELECTRUM: Subscribing to headers to get current height
2025/09/16 10:09:07 ELECTRUM: Got current height 4663810 from headers subscription
2025/09/16 10:09:07 ELECTRUM: Returning hash 0000000000003ca17efa5cf73c5d420f29b0321b04ad7dd72b53b35a0bcd7397 for height 4663810 (from headers subscription)
2025-09-16 10:09:07.931 [DBG] LTND lnd.go:727: Syncing to block chain rev=4d1c86 best_block_time="2025-09-16 10:09:06 -0400 EDT" is_synced=false
2025/09/16 10:09:08 ELECTRUM: GetBestBlock called
2025/09/16 10:09:08 ELECTRUM: Subscribing to headers to get current height
2025/09/16 10:09:09 ELECTRUM: Got current height 4663811 from headers subscription
2025/09/16 10:09:09 ELECTRUM: Returning hash 000000000000d8545760734de9bd14da3b2e9f06ef99f1f4ff21e2ff1c34c27e for height 4663811 (from headers subscription)
2025/09/16 10:09:09 ELECTRUM: GetBlockHeader called for hash: 000000000000d8545760734de9bd14da3b2e9f06ef99f1f4ff21e2ff1c34c27e
2025/09/16 10:09:09 ELECTRUM: GetBestBlock called
2025/09/16 10:09:09 ELECTRUM: Subscribing to headers to get current height
2025/09/16 10:09:09 ELECTRUM: Got current height 4663811 from headers subscription
2025/09/16 10:09:09 ELECTRUM: Returning hash 000000000000d8545760734de9bd14da3b2e9f06ef99f1f4ff21e2ff1c34c27e for height 4663811 (from headers subscription)
2025-09-16 10:09:09.697 [DBG] LTND lnd.go:727: Syncing to block chain rev=4d1c86 best_block_time="2025-09-16 10:09:08 -0400 EDT" is_synced=false
2025/09/16 10:09:10 ELECTRUM: GetBestBlock called
2025/09/16 10:09:10 ELECTRUM: Subscribing to headers to get current height
2025/09/16 10:09:10 ELECTRUM: Got current height 4663813 from headers subscription
2025/09/16 10:09:10 ELECTRUM: Returning hash 00000000000012bd7bf869c64ac8e393d0c266dd6ca1c18a57142763b594f3c9 for height 4663813 (from headers subscription)
2025/09/16 10:09:10 ELECTRUM: GetBlockHeader called for hash: 00000000000012bd7bf869c64ac8e393d0c266dd6ca1c18a57142763b594f3c9
2025/09/16 10:09:10 ELECTRUM: GetBestBlock called
2025/09/16 10:09:10 ELECTRUM: Subscribing to headers to get current height
2025/09/16 10:09:11 ELECTRUM: Got current height 4663813 from headers subscription
2025/09/16 10:09:11 ELECTRUM: Returning hash 00000000000012bd7bf869c64ac8e393d0c266dd6ca1c18a57142763b594f3c9 for height 4663813 (from headers subscription)
2025-09-16 10:09:11.413 [DBG] LTND lnd.go:727: Syncing to block chain rev=4d1c86 best_block_time="2025-09-16 10:09:09 -0400 EDT" is_synced=false
2025/09/16 10:09:12 ELECTRUM: GetBestBlock called
2025/09/16 10:09:12 ELECTRUM: Subscribing to headers to get current height
2025/09/16 10:09:12 ELECTRUM: Got current height 4663815 from headers subscription
2025/09/16 10:09:12 ELECTRUM: Returning hash 000000000000002acb3d9ba59d092d5acbaf4cabfe8761292bf545dc6d3b0444 for height 4663815 (from headers subscription)
2025/09/16 10:09:12 ELECTRUM: GetBlockHeader called for hash: 000000000000002acb3d9ba59d092d5acbaf4cabfe8761292bf545dc6d3b0444
2025/09/16 10:09:12 ELECTRUM: GetBestBlock called
2025/09/16 10:09:12 ELECTRUM: Subscribing to headers to get current height
2025/09/16 10:09:12 ELECTRUM: Got current height 4663815 from headers subscription
2025/09/16 10:09:12 ELECTRUM: Returning hash 000000000000002acb3d9ba59d092d5acbaf4cabfe8761292bf545dc6d3b0444 for height 4663815 (from headers subscription)
2025-09-16 10:09:13.120 [DBG] LTND lnd.go:727: Syncing to block chain rev=4d1c86 best_block_time="2025-09-16 10:09:11 -0400 EDT" is_synced=false
2025/09/16 10:09:14 ELECTRUM: GetBestBlock called
2025/09/16 10:09:14 ELECTRUM: Subscribing to headers to get current height
2025/09/16 10:09:14 ELECTRUM: Got current height 4663815 from headers subscription
2025/09/16 10:09:14 ELECTRUM: Returning hash 000000000000002acb3d9ba59d092d5acbaf4cabfe8761292bf545dc6d3b0444 for height 4663815 (from headers subscription)
2025/09/16 10:09:14 ELECTRUM: GetBlockHeader called for hash: 000000000000002acb3d9ba59d092d5acbaf4cabfe8761292bf545dc6d3b0444
2025/09/16 10:09:14 ELECTRUM: GetBestBlock called
2025/09/16 10:09:14 ELECTRUM: Subscribing to headers to get current height
2025/09/16 10:09:14 ELECTRUM: Got current height 4663815 from headers subscription
2025/09/16 10:09:14 ELECTRUM: Returning hash 000000000000002acb3d9ba59d092d5acbaf4cabfe8761292bf545dc6d3b0444 for height 4663815 (from headers subscription)
2025-09-16 10:09:14.921 [DBG] LTND lnd.go:727: Syncing to block chain rev=4d1c86 best_block_time="2025-09-16 10:09:11 -0400 EDT" is_synced=false
2025/09/16 10:09:15 ELECTRUM: GetBestBlock called
2025/09/16 10:09:15 ELECTRUM: Subscribing to headers to get current height
2025/09/16 10:09:16 ELECTRUM: Got current height 4663816 from headers subscription
2025/09/16 10:09:16 ELECTRUM: Returning hash 000000000004040e2a91edac9b9e1bbacfd9121194a94bc9f1c99a5101463318 for height 4663816 (from headers subscription)
2025/09/16 10:09:16 ELECTRUM: GetBlockHeader called for hash: 000000000004040e2a91edac9b9e1bbacfd9121194a94bc9f1c99a5101463318
2025/09/16 10:09:16 ELECTRUM: GetBestBlock called
2025/09/16 10:09:16 ELECTRUM: Subscribing to headers to get current height
2025/09/16 10:09:16 ELECTRUM: Got current height 4663816 from headers subscription
2025/09/16 10:09:16 ELECTRUM: Returning hash 000000000004040e2a91edac9b9e1bbacfd9121194a94bc9f1c99a5101463318 for height 4663816 (from headers subscription)
2025-09-16 10:09:16.634 [DBG] LTND lnd.go:727: Syncing to block chain rev=4d1c86 best_block_time="2025-09-16 10:09:20 -0400 EDT" is_synced=false
2025/09/16 10:09:17 ELECTRUM: GetBestBlock called
2025/09/16 10:09:17 ELECTRUM: Subscribing to headers to get current height
2025/09/16 10:09:17 ELECTRUM: Got current height 4663817 from headers subscription
2025/09/16 10:09:17 ELECTRUM: Returning hash 00000000000027cc8495d27b2926853e298ace4daf694a35eabd6c6e3d24e9eb for height 4663817 (from headers subscription)
2025/09/16 10:09:17 ELECTRUM: GetBlockHeader called for hash: 00000000000027cc8495d27b2926853e298ace4daf694a35eabd6c6e3d24e9eb
2025/09/16 10:09:17 ELECTRUM: GetBestBlock called
2025/09/16 10:09:17 ELECTRUM: Subscribing to headers to get current height
2025/09/16 10:09:18 ELECTRUM: Got current height 4663817 from headers subscription
2025/09/16 10:09:18 ELECTRUM: Returning hash 00000000000027cc8495d27b2926853e298ace4daf694a35eabd6c6e3d24e9eb for height 4663817 (from headers subscription)
2025-09-16 10:09:18.445 [DBG] LTND lnd.go:727: Syncing to block chain rev=4d1c86 best_block_time="2025-09-16 10:09:18 -0400 EDT" is_synced=false
2025/09/16 10:09:19 ELECTRUM: GetBestBlock called
2025/09/16 10:09:19 ELECTRUM: Subscribing to headers to get current height
2025/09/16 10:09:19 ELECTRUM: Got current height 4663818 from headers subscription
2025/09/16 10:09:19 ELECTRUM: Returning hash 0000000000001cfeecd6c1394f058a44dae30a37756cd9b4159bae2dfe7116e5 for height 4663818 (from headers subscription)
2025/09/16 10:09:19 ELECTRUM: GetBlockHeader called for hash: 0000000000001cfeecd6c1394f058a44dae30a37756cd9b4159bae2dfe7116e5
2025/09/16 10:09:19 ELECTRUM: GetBestBlock called
2025/09/16 10:09:19 ELECTRUM: Subscribing to headers to get current height
2025/09/16 10:09:20 ELECTRUM: Got current height 4663818 from headers subscription
2025/09/16 10:09:20 ELECTRUM: Returning hash 0000000000001cfeecd6c1394f058a44dae30a37756cd9b4159bae2dfe7116e5 for height 4663818 (from headers subscription)
2025-09-16 10:09:20.248 [DBG] LTND lnd.go:727: Syncing to block chain rev=4d1c86 best_block_time="2025-09-16 10:09:17 -0400 EDT" is_synced=false
2025/09/16 10:09:21 ELECTRUM: GetBestBlock called
2025/09/16 10:09:21 ELECTRUM: Subscribing to headers to get current height
2025/09/16 10:09:21 ELECTRUM: Got current height 4663818 from headers subscription
2025/09/16 10:09:21 ELECTRUM: Returning hash 0000000000001cfeecd6c1394f058a44dae30a37756cd9b4159bae2dfe7116e5 for height 4663818 (from headers subscription)
2025/09/16 10:09:21 ELECTRUM: GetBlockHeader called for hash: 0000000000001cfeecd6c1394f058a44dae30a37756cd9b4159bae2dfe7116e5
2025/09/16 10:09:21 ELECTRUM: GetBestBlock called
2025/09/16 10:09:21 ELECTRUM: Subscribing to headers to get current height
2025/09/16 10:09:21 ELECTRUM: Got current height 4663819 from headers subscription
2025/09/16 10:09:21 ELECTRUM: Returning hash 000000000002fe0bf520e1c54a156d4cab2c9e4248cf33ebc67a217abf4c1026 for height 4663819 (from headers subscription)
2025/09/16 10:09:28 ELECTRUM: GetBestBlock called
2025/09/16 10:09:28 ELECTRUM: Subscribing to headers to get current height
2025/09/16 10:09:28 ELECTRUM: Got current height 4663822 from headers subscription
2025/09/16 10:09:28 ELECTRUM: Returning hash 000000000000020166d124120ba858b71e0a0ef29a0a66651ce6fb81d7fcbbbb for height 4663822 (from headers subscription)
2025/09/16 10:09:28 ELECTRUM: Checking for new blocks - current: 4663822, last known: 4663809
2025/09/16 10:09:28 ELECTRUM: New block detected! Height: 4663822 (was 4663809)
2025/09/16 10:09:28 ELECTRUM: Sending block connected notification for height 4663822
2025/09/16 10:09:28 ELECTRUM: Block notification sent successfully for height 4663822
2025/09/16 10:09:29 ELECTRUM: GetBestBlock called
2025/09/16 10:09:29 ELECTRUM: Subscribing to headers to get current height
2025/09/16 10:09:29 ELECTRUM: GetBestBlock called
2025/09/16 10:09:29 ELECTRUM: Subscribing to headers to get current height
2025/09/16 10:09:29 ELECTRUM: Got current height 4663823 from headers subscription
2025/09/16 10:09:29 ELECTRUM: Returning hash 00000000000003f8400e2ac624b52f89a00a36a2b59e9387b3f562a8f9239ad0 for height 4663823 (from headers subscription)
2025/09/16 10:09:29 ELECTRUM: Checking for new blocks - current: 4663823, last known: 4663809
2025/09/16 10:09:29 ELECTRUM: New block detected! Height: 4663823 (was 4663809)
2025/09/16 10:09:29 ELECTRUM: Sending block connected notification for height 4663823
2025/09/16 10:09:29 ELECTRUM: Block notification sent successfully for height 4663823
2025/09/16 10:09:30 ELECTRUM: Got current height 4663823 from headers subscription
2025/09/16 10:09:30 ELECTRUM: Returning hash 00000000000003f8400e2ac624b52f89a00a36a2b59e9387b3f562a8f9239ad0 for height 4663823 (from headers subscription)
2025/09/16 10:09:30 ELECTRUM: Checking for new blocks - current: 4663823, last known: 4663809
2025/09/16 10:09:30 ELECTRUM: New block detected! Height: 4663823 (was 4663809)
2025/09/16 10:09:30 ELECTRUM: Sending block connected notification for height 4663823
2025/09/16 10:09:30 ELECTRUM: Block notification sent successfully for height 4663823
2025-09-16 10:09:47.153 [DBG] LTND lnd.go:727: Syncing to block chain rev=4d1c86 best_block_time="2025-09-16 10:09:17 -0400 EDT" is_synced=false
2025/09/16 10:09:48 ELECTRUM: GetBestBlock called
2025/09/16 10:09:48 ELECTRUM: Subscribing to headers to get current height
2025/09/16 10:09:48 ELECTRUM: Got current height 4663832 from headers subscription
2025/09/16 10:09:48 ELECTRUM: Returning hash 00000000000041d23f99319b77e75d177965e60b36990ac194df128f1a5b61b1 for height 4663832 (from headers subscription)
2025/09/16 10:09:48 ELECTRUM: GetBlockHeader called for hash: 00000000000041d23f99319b77e75d177965e60b36990ac194df128f1a5b61b1
2025/09/16 10:09:48 ELECTRUM: GetBestBlock called
2025/09/16 10:09:48 ELECTRUM: Subscribing to headers to get current height
2025/09/16 10:09:48 ELECTRUM: Got current height 4663832 from headers subscription
2025/09/16 10:09:48 ELECTRUM: Returning hash 00000000000041d23f99319b77e75d177965e60b36990ac194df128f1a5b61b1 for height 4663832 (from headers subscription)
2025-09-16 10:09:48.978 [DBG] LTND lnd.go:727: Syncing to block chain rev=4d1c86 best_block_time="2025-09-16 10:09:56 -0400 EDT" is_synced=false
2025/09/16 10:09:49 ELECTRUM: GetBestBlock called
2025/09/16 10:09:49 ELECTRUM: Subscribing to headers to get current height
2025/09/16 10:09:50 ELECTRUM: Got current height 4663832 from headers subscription
2025/09/16 10:09:50 ELECTRUM: Returning hash 00000000000041d23f99319b77e75d177965e60b36990ac194df128f1a5b61b1 for height 4663832 (from headers subscription)
2025/09/16 10:09:50 ELECTRUM: GetBlockHeader called for hash: 00000000000041d23f99319b77e75d177965e60b36990ac194df128f1a5b61b1
2025/09/16 10:09:50 ELECTRUM: GetBestBlock called
2025/09/16 10:09:50 ELECTRUM: Subscribing to headers to get current height
2025/09/16 10:09:50 ELECTRUM: Got current height 4663832 from headers subscription
2025/09/16 10:09:50 ELECTRUM: Returning hash 00000000000041d23f99319b77e75d177965e60b36990ac194df128f1a5b61b1 for height 4663832 (from headers subscription)
2025-09-16 10:09:50.837 [DBG] LTND lnd.go:727: Syncing to block chain rev=4d1c86 best_block_time="2025-09-16 10:09:56 -0400 EDT" is_synced=false
2025/09/16 10:09:51 ELECTRUM: GetBestBlock called
2025/09/16 10:09:51 ELECTRUM: Subscribing to headers to get current height
2025/09/16 10:09:52 ELECTRUM: Got current height 4663832 from headers subscription
2025/09/16 10:09:52 ELECTRUM: Returning hash 00000000000041d23f99319b77e75d177965e60b36990ac194df128f1a5b61b1 for height 4663832 (from headers subscription)
2025/09/16 10:09:52 ELECTRUM: GetBlockHeader called for hash: 00000000000041d23f99319b77e75d177965e60b36990ac194df128f1a5b61b1
2025/09/16 10:09:52 ELECTRUM: GetBestBlock called
2025/09/16 10:09:52 ELECTRUM: Subscribing to headers to get current height
2025/09/16 10:09:52 ELECTRUM: Got current height 4663832 from headers subscription
2025/09/16 10:09:52 ELECTRUM: Returning hash 00000000000041d23f99319b77e75d177965e60b36990ac194df128f1a5b61b1 for height 4663832 (from headers subscription)
2025-09-16 10:09:52.644 [DBG] LTND lnd.go:727: Syncing to block chain rev=4d1c86 best_block_time="2025-09-16 10:09:56 -0400 EDT" is_synced=false
2025/09/16 10:09:53 ELECTRUM: GetBestBlock called
2025/09/16 10:09:53 ELECTRUM: Subscribing to headers to get current height
2025/09/16 10:09:53 ELECTRUM: Got current height 4663832 from headers subscription
2025/09/16 10:09:53 ELECTRUM: Returning hash 00000000000041d23f99319b77e75d177965e60b36990ac194df128f1a5b61b1 for height 4663832 (from headers subscription)
2025/09/16 10:09:53 ELECTRUM: GetBlockHeader called for hash: 00000000000041d23f99319b77e75d177965e60b36990ac194df128f1a5b61b1
2025/09/16 10:09:53 ELECTRUM: GetBestBlock called
2025/09/16 10:09:53 ELECTRUM: Subscribing to headers to get current height
2025/09/16 10:09:54 ELECTRUM: Got current height 4663832 from headers subscription
2025/09/16 10:09:54 ELECTRUM: Returning hash 00000000000041d23f99319b77e75d177965e60b36990ac194df128f1a5b61b1 for height 4663832 (from headers subscription)
2025-09-16 10:09:54.422 [DBG] LTND lnd.go:727: Syncing to block chain rev=4d1c86 best_block_time="2025-09-16 10:09:56 -0400 EDT" is_synced=false
2025/09/16 10:09:55 ELECTRUM: GetBestBlock called
2025/09/16 10:09:55 ELECTRUM: Subscribing to headers to get current height
2025/09/16 10:09:55 ELECTRUM: Got current height 4663832 from headers subscription
2025/09/16 10:09:55 ELECTRUM: Returning hash 00000000000041d23f99319b77e75d177965e60b36990ac194df128f1a5b61b1 for height 4663832 (from headers subscription)
2025/09/16 10:09:55 ELECTRUM: GetBlockHeader called for hash: 00000000000041d23f99319b77e75d177965e60b36990ac194df128f1a5b61b1
2025/09/16 10:09:55 ELECTRUM: GetBestBlock called
2025/09/16 10:09:55 ELECTRUM: Subscribing to headers to get current height
2025/09/16 10:09:55 ELECTRUM: Got current height 4663832 from headers subscription
2025/09/16 10:09:55 ELECTRUM: Returning hash 00000000000041d23f99319b77e75d177965e60b36990ac194df128f1a5b61b1 for height 4663832 (from headers subscription)
2025-09-16 10:09:56.163 [DBG] LTND lnd.go:727: Syncing to block chain rev=4d1c86 best_block_time="2025-09-16 10:09:56 -0400 EDT" is_synced=false
2025/09/16 10:09:57 ELECTRUM: GetBestBlock called
2025/09/16 10:09:57 ELECTRUM: Subscribing to headers to get current height
2025/09/16 10:09:57 ELECTRUM: Got current height 4663833 from headers subscription
2025/09/16 10:09:57 ELECTRUM: Returning hash 0000000000001a08d96620c621ea07b85b02b932d6266e71112e15a998c77946 for height 4663833 (from headers subscription)
2025/09/16 10:09:57 ELECTRUM: GetBlockHeader called for hash: 0000000000001a08d96620c621ea07b85b02b932d6266e71112e15a998c77946
2025/09/16 10:09:57 ELECTRUM: GetBestBlock called
2025/09/16 10:09:57 ELECTRUM: Subscribing to headers to get current height
2025/09/16 10:09:57 ELECTRUM: Got current height 4663833 from headers subscription
2025/09/16 10:09:57 ELECTRUM: Returning hash 0000000000001a08d96620c621ea07b85b02b932d6266e71112e15a998c77946 for height 4663833 (from headers subscription)
2025-09-16 10:09:57.927 [DBG] LTND lnd.go:727: Syncing to block chain rev=4d1c86 best_block_time="2025-09-16 10:09:47 -0400 EDT" is_synced=false
2025/09/16 10:09:58 ELECTRUM: GetBestBlock called
2025/09/16 10:09:58 ELECTRUM: Subscribing to headers to get current height
2025/09/16 10:09:58 ELECTRUM: Got current height 4663833 from headers subscription
2025/09/16 10:09:58 ELECTRUM: Returning hash 0000000000001a08d96620c621ea07b85b02b932d6266e71112e15a998c77946 for height 4663833 (from headers subscription)
2025/09/16 10:09:58 ELECTRUM: Checking for new blocks - current: 4663833, last known: 4663822
2025/09/16 10:09:58 ELECTRUM: New block detected! Height: 4663833 (was 4663822)
2025/09/16 10:09:58 ELECTRUM: Sending block connected notification for height 4663833
2025/09/16 10:09:58 ELECTRUM: Block notification sent successfully for height 4663833
2025/09/16 10:09:58 ELECTRUM: GetBestBlock called
2025/09/16 10:09:58 ELECTRUM: Subscribing to headers to get current height
2025/09/16 10:09:59 ELECTRUM: Got current height 4663833 from headers subscription
2025/09/16 10:09:59 ELECTRUM: Returning hash 0000000000001a08d96620c621ea07b85b02b932d6266e71112e15a998c77946 for height 4663833 (from headers subscription)
2025/09/16 10:09:59 ELECTRUM: GetBlockHeader called for hash: 0000000000001a08d96620c621ea07b85b02b932d6266e71112e15a998c77946
2025/09/16 10:09:59 ELECTRUM: GetBestBlock called
2025/09/16 10:09:59 ELECTRUM: Subscribing to headers to get current height
2025/09/16 10:09:59 ELECTRUM: Got current height 4663833 from headers subscription
2025/09/16 10:09:59 ELECTRUM: Returning hash 0000000000001a08d96620c621ea07b85b02b932d6266e71112e15a998c77946 for height 4663833 (from headers subscription)
2025/09/16 10:09:59 ELECTRUM: GetBestBlock called
2025/09/16 10:09:59 ELECTRUM: Subscribing to headers to get current height
2025-09-16 10:09:59.695 [DBG] LTND lnd.go:727: Syncing to block chain rev=4d1c86 best_block_time="2025-09-16 10:09:47 -0400 EDT" is_synced=false
2025/09/16 10:09:59 ELECTRUM: Got current height 4663833 from headers subscription
2025/09/16 10:09:59 ELECTRUM: Returning hash 0000000000001a08d96620c621ea07b85b02b932d6266e71112e15a998c77946 for height 4663833 (from headers subscription)
2025/09/16 10:09:59 ELECTRUM: Checking for new blocks - current: 4663833, last known: 4663823
2025/09/16 10:09:59 ELECTRUM: New block detected! Height: 4663833 (was 4663823)
2025/09/16 10:09:59 ELECTRUM: Sending block connected notification for height 4663833
2025/09/16 10:09:59 ELECTRUM: Block notification sent successfully for height 4663833
2025/09/16 10:09:59 ELECTRUM: GetBestBlock called
2025/09/16 10:09:59 ELECTRUM: Subscribing to headers to get current height
2025/09/16 10:10:00 ELECTRUM: Got current height 4663834 from headers subscription
2025/09/16 10:10:00 ELECTRUM: Returning hash 00000000000056430b2896b4e4794b943f2374ecdbbe1712df6e946ace2f482e for height 4663834 (from headers subscription)
2025/09/16 10:10:00 ELECTRUM: Checking for new blocks - current: 4663834, last known: 4663823
2025/09/16 10:10:00 ELECTRUM: New block detected! Height: 4663834 (was 4663823)
2025/09/16 10:10:00 ELECTRUM: Sending block connected notification for height 4663834
2025/09/16 10:10:00 ELECTRUM: Block notification sent successfully for height 4663834
2025/09/16 10:10:00 ELECTRUM: GetBestBlock called
2025/09/16 10:10:00 ELECTRUM: Subscribing to headers to get current height
2025/09/16 10:10:00 ELECTRUM: Got current height 4663834 from headers subscription
2025/09/16 10:10:00 ELECTRUM: Returning hash 00000000000056430b2896b4e4794b943f2374ecdbbe1712df6e946ace2f482e for height 4663834 (from headers subscription)
2025/09/16 10:10:00 ELECTRUM: GetBlockHeader called for hash: 00000000000056430b2896b4e4794b943f2374ecdbbe1712df6e946ace2f482e
2025/09/16 10:10:00 ELECTRUM: GetBestBlock called
2025/09/16 10:10:00 ELECTRUM: Subscribing to headers to get current height
2025/09/16 10:10:01 ELECTRUM: Got current height 4663834 from headers subscription
2025/09/16 10:10:01 ELECTRUM: Returning hash 00000000000056430b2896b4e4794b943f2374ecdbbe1712df6e946ace2f482e for height 4663834 (from headers subscription)
2025-09-16 10:10:01.488 [DBG] LTND lnd.go:727: Syncing to block chain rev=4d1c86 best_block_time="2025-09-16 10:09:59 -0400 EDT" is_synced=false
2025/09/16 10:10:02 ELECTRUM: GetBestBlock called
2025/09/16 10:10:02 ELECTRUM: Subscribing to headers to get current height
2025/09/16 10:10:02 ELECTRUM: Got current height 4663834 from headers subscription
2025/09/16 10:10:02 ELECTRUM: Returning hash 00000000000056430b2896b4e4794b943f2374ecdbbe1712df6e946ace2f482e for height 4663834 (from headers subscription)
2025/09/16 10:10:02 ELECTRUM: GetBlockHeader called for hash: 00000000000056430b2896b4e4794b943f2374ecdbbe1712df6e946ace2f482e
2025/09/16 10:10:02 ELECTRUM: GetBestBlock called
2025/09/16 10:10:02 ELECTRUM: Subscribing to headers to get current height
2025/09/16 10:10:03 ELECTRUM: Got current height 4663834 from headers subscription
2025/09/16 10:10:03 ELECTRUM: Returning hash 00000000000056430b2896b4e4794b943f2374ecdbbe1712df6e946ace2f482e for height 4663834 (from headers subscription)
2025-09-16 10:10:03.365 [DBG] LTND lnd.go:727: Syncing to block chain rev=4d1c86 best_block_time="2025-09-16 10:09:59 -0400 EDT" is_synced=false
2025/09/16 10:10:04 ELECTRUM: GetBestBlock called
2025/09/16 10:10:04 ELECTRUM: Subscribing to headers to get current height
2025/09/16 10:10:04 ELECTRUM: Got current height 4663835 from headers subscription
2025/09/16 10:10:04 ELECTRUM: Returning hash 00000000000025052073800803658ed50c6e87179b1cfeb3d91a05fe18e6f32d for height 4663835 (from headers subscription)
2025/09/16 10:10:04 ELECTRUM: GetBlockHeader called for hash: 00000000000025052073800803658ed50c6e87179b1cfeb3d91a05fe18e6f32d
2025/09/16 10:10:04 ELECTRUM: GetBestBlock called
2025/09/16 10:10:04 ELECTRUM: Subscribing to headers to get current height
2025/09/16 10:10:04 ELECTRUM: Got current height 4663835 from headers subscription
2025/09/16 10:10:04 ELECTRUM: Returning hash 00000000000025052073800803658ed50c6e87179b1cfeb3d91a05fe18e6f32d for height 4663835 (from headers subscription)
2025-09-16 10:10:05.141 [DBG] LTND lnd.go:727: Syncing to block chain rev=4d1c86 best_block_time="2025-09-16 10:10:10 -0400 EDT" is_synced=false
2025/09/16 10:10:06 ELECTRUM: GetBestBlock called
2025/09/16 10:10:06 ELECTRUM: Subscribing to headers to get current height
2025/09/16 10:10:06 ELECTRUM: Got current height 4663836 from headers subscription
2025/09/16 10:10:06 ELECTRUM: Returning hash 0000000000003e755436f4d2e80bd0dd01569cc7afdaba374973f106fa979711 for height 4663836 (from headers subscription)
2025/09/16 10:10:06 ELECTRUM: GetBlockHeader called for hash: 0000000000003e755436f4d2e80bd0dd01569cc7afdaba374973f106fa979711
2025/09/16 10:10:06 ELECTRUM: GetBestBlock called
2025/09/16 10:10:06 ELECTRUM: Subscribing to headers to get current height
2025/09/16 10:10:06 ELECTRUM: Got current height 4663836 from headers subscription
2025/09/16 10:10:06 ELECTRUM: Returning hash 0000000000003e755436f4d2e80bd0dd01569cc7afdaba374973f106fa979711 for height 4663836 (from headers subscription)
2025-09-16 10:10:06.917 [DBG] LTND lnd.go:727: Syncing to block chain rev=4d1c86 best_block_time="2025-09-16 10:10:11 -0400 EDT" is_synced=false
2025/09/16 10:10:07 ELECTRUM: GetBestBlock called
2025/09/16 10:10:07 ELECTRUM: Subscribing to headers to get current height
2025/09/16 10:10:08 ELECTRUM: Got current height 4663836 from headers subscription
2025/09/16 10:10:08 ELECTRUM: Returning hash 0000000000003e755436f4d2e80bd0dd01569cc7afdaba374973f106fa979711 for height 4663836 (from headers subscription)
2025/09/16 10:10:08 ELECTRUM: GetBlockHeader called for hash: 0000000000003e755436f4d2e80bd0dd01569cc7afdaba374973f106fa979711
2025/09/16 10:10:08 ELECTRUM: GetBestBlock called
2025/09/16 10:10:08 ELECTRUM: Subscribing to headers to get current height
2025/09/16 10:10:08 ELECTRUM: Got current height 4663836 from headers subscription
2025/09/16 10:10:08 ELECTRUM: Returning hash 0000000000003e755436f4d2e80bd0dd01569cc7afdaba374973f106fa979711 for height 4663836 (from headers subscription)
2025-09-16 10:10:08.615 [DBG] LTND lnd.go:727: Syncing to block chain rev=4d1c86 best_block_time="2025-09-16 10:10:11 -0400 EDT" is_synced=false
2025/09/16 10:10:09 ELECTRUM: GetBestBlock called
2025/09/16 10:10:09 ELECTRUM: Subscribing to headers to get current height
2025/09/16 10:10:09 ELECTRUM: Got current height 4663838 from headers subscription
2025/09/16 10:10:09 ELECTRUM: Returning hash 0000000000000e4a00b64bea86ec78a64bba56955363394b5b80884f9a3c05d4 for height 4663838 (from headers subscription)
2025/09/16 10:10:09 ELECTRUM: GetBlockHeader called for hash: 0000000000000e4a00b64bea86ec78a64bba56955363394b5b80884f9a3c05d4
2025/09/16 10:10:09 ELECTRUM: GetBestBlock called
2025/09/16 10:10:09 ELECTRUM: Subscribing to headers to get current height
2025/09/16 10:10:10 ELECTRUM: Got current height 4663838 from headers subscription
2025/09/16 10:10:10 ELECTRUM: Returning hash 0000000000000e4a00b64bea86ec78a64bba56955363394b5b80884f9a3c05d4 for height 4663838 (from headers subscription)
2025-09-16 10:10:10.396 [DBG] LTND lnd.go:727: Syncing to block chain rev=4d1c86 best_block_time="2025-09-16 10:10:08 -0400 EDT" is_synced=false
2025/09/16 10:10:11 ELECTRUM: GetBestBlock called
2025/09/16 10:10:11 ELECTRUM: Subscribing to headers to get current height
2025/09/16 10:10:11 ELECTRUM: Got current height 4663839 from headers subscription
2025/09/16 10:10:11 ELECTRUM: Returning hash 0000000000001930506004cbe7d259f5acc67c42793d36633ffade6c51d1ad38 for height 4663839 (from headers subscription)
2025/09/16 10:10:11 ELECTRUM: GetBlockHeader called for hash: 0000000000001930506004cbe7d259f5acc67c42793d36633ffade6c51d1ad38
2025/09/16 10:10:11 ELECTRUM: GetBestBlock called
2025/09/16 10:10:11 ELECTRUM: Subscribing to headers to get current height
2025/09/16 10:10:11 ELECTRUM: Got current height 4663839 from headers subscription
2025/09/16 10:10:11 ELECTRUM: Returning hash 0000000000001930506004cbe7d259f5acc67c42793d36633ffade6c51d1ad38 for height 4663839 (from headers subscription)
2025-09-16 10:10:12.138 [DBG] LTND lnd.go:727: Syncing to block chain rev=4d1c86 best_block_time="2025-09-16 10:10:14 -0400 EDT" is_synced=false
2025/09/16 10:10:13 ELECTRUM: GetBestBlock called
2025/09/16 10:10:13 ELECTRUM: Subscribing to headers to get current height
2025/09/16 10:10:13 ELECTRUM: Got current height 4663839 from headers subscription
2025/09/16 10:10:13 ELECTRUM: Returning hash 0000000000001930506004cbe7d259f5acc67c42793d36633ffade6c51d1ad38 for height 4663839 (from headers subscription)
2025/09/16 10:10:13 ELECTRUM: GetBlockHeader called for hash: 0000000000001930506004cbe7d259f5acc67c42793d36633ffade6c51d1ad38
2025/09/16 10:10:13 ELECTRUM: GetBestBlock called
2025/09/16 10:10:13 ELECTRUM: Subscribing to headers to get current height
2025/09/16 10:10:13 ELECTRUM: Got current height 4663839 from headers subscription
2025/09/16 10:10:13 ELECTRUM: Returning hash 0000000000001930506004cbe7d259f5acc67c42793d36633ffade6c51d1ad38 for height 4663839 (from headers subscription)
2025-09-16 10:10:13.838 [DBG] LTND lnd.go:727: Syncing to block chain rev=4d1c86 best_block_time="2025-09-16 10:10:14 -0400 EDT" is_synced=false
2025/09/16 10:10:14 ELECTRUM: GetBestBlock called
2025/09/16 10:10:14 ELECTRUM: Subscribing to headers to get current height
2025/09/16 10:10:15 ELECTRUM: Got current height 4663840 from headers subscription
2025/09/16 10:10:15 ELECTRUM: Returning hash 00000000000074f95486d5d3a99caa4b8baa4cfada3be81045f3865c5e58e927 for height 4663840 (from headers subscription)
2025/09/16 10:10:15 ELECTRUM: GetBlockHeader called for hash: 00000000000074f95486d5d3a99caa4b8baa4cfada3be81045f3865c5e58e927
2025/09/16 10:10:15 ELECTRUM: GetBestBlock called
2025/09/16 10:10:15 ELECTRUM: Subscribing to headers to get current height
2025/09/16 10:10:15 ELECTRUM: Got current height 4663840 from headers subscription
2025/09/16 10:10:15 ELECTRUM: Returning hash 00000000000074f95486d5d3a99caa4b8baa4cfada3be81045f3865c5e58e927 for height 4663840 (from headers subscription)
2025-09-16 10:10:15.619 [DBG] LTND lnd.go:727: Syncing to block chain rev=4d1c86 best_block_time="2025-09-16 10:10:15 -0400 EDT" is_synced=false
2025/09/16 10:10:16 ELECTRUM: GetBestBlock called
2025/09/16 10:10:16 ELECTRUM: Subscribing to headers to get current height
2025/09/16 10:10:16 ELECTRUM: Got current height 4663841 from headers subscription
2025/09/16 10:10:16 ELECTRUM: Returning hash 000000000002da03a33d240bafcf2e36209b0807b93aa373f8cfc76e81b4c43b for height 4663841 (from headers subscription)
2025/09/16 10:10:16 ELECTRUM: GetBlockHeader called for hash: 000000000002da03a33d240bafcf2e36209b0807b93aa373f8cfc76e81b4c43b
2025/09/16 10:10:16 ELECTRUM: GetBestBlock called
2025/09/16 10:10:16 ELECTRUM: Subscribing to headers to get current height
2025/09/16 10:10:17 ELECTRUM: Got current height 4663841 from headers subscription
2025/09/16 10:10:17 ELECTRUM: Returning hash 000000000002da03a33d240bafcf2e36209b0807b93aa373f8cfc76e81b4c43b for height 4663841 (from headers subscription)
2025-09-16 10:10:17.492 [DBG] LTND lnd.go:727: Syncing to block chain rev=4d1c86 best_block_time="2025-09-16 10:10:13 -0400 EDT" is_synced=false
2025/09/16 10:10:18 ELECTRUM: GetBestBlock called
2025/09/16 10:10:18 ELECTRUM: Subscribing to headers to get current height
2025/09/16 10:10:18 ELECTRUM: Got current height 4663842 from headers subscription
2025/09/16 10:10:18 ELECTRUM: Returning hash 0000000000007eb5d56afdf8ebe7a11db1978f8fe23aa0134ff0fec2b11c5c31 for height 4663842 (from headers subscription)
2025/09/16 10:10:18 ELECTRUM: GetBlockHeader called for hash: 0000000000007eb5d56afdf8ebe7a11db1978f8fe23aa0134ff0fec2b11c5c31
2025/09/16 10:10:18 ELECTRUM: GetBestBlock called
2025/09/16 10:10:18 ELECTRUM: Subscribing to headers to get current height
2025/09/16 10:10:18 ELECTRUM: Got current height 4663842 from headers subscription
2025/09/16 10:10:18 ELECTRUM: Returning hash 0000000000007eb5d56afdf8ebe7a11db1978f8fe23aa0134ff0fec2b11c5c31 for height 4663842 (from headers subscription)
2025-09-16 10:10:19.190 [DBG] LTND lnd.go:727: Syncing to block chain rev=4d1c86 best_block_time="2025-09-16 10:10:15 -0400 EDT" is_synced=false
2025/09/16 10:10:20 ELECTRUM: GetBestBlock called
2025/09/16 10:10:20 ELECTRUM: Subscribing to headers to get current height
2025/09/16 10:10:20 ELECTRUM: Got current height 4663843 from headers subscription
2025/09/16 10:10:20 ELECTRUM: Returning hash 00000000000160804e1b9aa3b33c2b64299a873d02a2f36aeed6d018fdf5584d for height 4663843 (from headers subscription)
2025/09/16 10:10:20 ELECTRUM: GetBlockHeader called for hash: 00000000000160804e1b9aa3b33c2b64299a873d02a2f36aeed6d018fdf5584d
2025/09/16 10:10:20 ELECTRUM: GetBestBlock called
2025/09/16 10:10:20 ELECTRUM: Subscribing to headers to get current height
2025/09/16 10:10:20 ELECTRUM: Got current height 4663843 from headers subscription
2025/09/16 10:10:20 ELECTRUM: Returning hash 00000000000160804e1b9aa3b33c2b64299a873d02a2f36aeed6d018fdf5584d for height 4663843 (from headers subscription)
2025-09-16 10:10:21.073 [DBG] LTND lnd.go:727: Syncing to block chain rev=4d1c86 best_block_time="2025-09-16 10:10:23 -0400 EDT" is_synced=false
2025/09/16 10:10:22 ELECTRUM: GetBestBlock called
2025/09/16 10:10:22 ELECTRUM: Subscribing to headers to get current height
2025/09/16 10:10:22 ELECTRUM: Got current height 4663844 from headers subscription
2025/09/16 10:10:22 ELECTRUM: Returning hash 000000000000464a58bfeede97ae6f72ccd36d8f44fdb672723270ea082ebde5 for height 4663844 (from headers subscription)
2025/09/16 10:10:22 ELECTRUM: GetBlockHeader called for hash: 000000000000464a58bfeede97ae6f72ccd36d8f44fdb672723270ea082ebde5
2025/09/16 10:10:22 ELECTRUM: GetBestBlock called
2025/09/16 10:10:22 ELECTRUM: Subscribing to headers to get current height
2025/09/16 10:10:22 ELECTRUM: Got current height 4663844 from headers subscription
2025/09/16 10:10:22 ELECTRUM: Returning hash 000000000000464a58bfeede97ae6f72ccd36d8f44fdb672723270ea082ebde5 for height 4663844 (from headers subscription)
2025-09-16 10:10:22.891 [DBG] LTND lnd.go:727: Syncing to block chain rev=4d1c86 best_block_time="2025-09-16 10:10:24 -0400 EDT" is_synced=false
2025/09/16 10:10:23 ELECTRUM: GetBestBlock called
2025/09/16 10:10:23 ELECTRUM: Subscribing to headers to get current height
2025/09/16 10:10:24 ELECTRUM: Got current height 4663845 from headers subscription
2025/09/16 10:10:24 ELECTRUM: Returning hash 0000000000019f00f925dde1c680b8e04350a8c139c14339966c7416cd2428bf for height 4663845 (from headers subscription)
2025/09/16 10:10:24 ELECTRUM: GetBlockHeader called for hash: 0000000000019f00f925dde1c680b8e04350a8c139c14339966c7416cd2428bf
2025/09/16 10:10:24 ELECTRUM: GetBestBlock called
2025/09/16 10:10:24 ELECTRUM: Subscribing to headers to get current height
2025/09/16 10:10:24 ELECTRUM: Got current height 4663845 from headers subscription
2025/09/16 10:10:24 ELECTRUM: Returning hash 0000000000019f00f925dde1c680b8e04350a8c139c14339966c7416cd2428bf for height 4663845 (from headers subscription)
2025-09-16 10:10:24.594 [DBG] LTND lnd.go:727: Syncing to block chain rev=4d1c86 best_block_time="2025-09-16 10:10:21 -0400 EDT" is_synced=false
2025/09/16 10:10:25 ELECTRUM: GetBestBlock called
2025/09/16 10:10:25 ELECTRUM: Subscribing to headers to get current height
2025/09/16 10:10:25 ELECTRUM: Got current height 4663846 from headers subscription
2025/09/16 10:10:25 ELECTRUM: Returning hash 0000000000008b2c58783418e2efaf9f081fc4584545ff84e4e9759a6de59f2d for height 4663846 (from headers subscription)
2025/09/16 10:10:25 ELECTRUM: GetBlockHeader called for hash: 0000000000008b2c58783418e2efaf9f081fc4584545ff84e4e9759a6de59f2d
2025/09/16 10:10:25 ELECTRUM: GetBestBlock called
2025/09/16 10:10:25 ELECTRUM: Subscribing to headers to get current height
2025/09/16 10:10:26 ELECTRUM: Got current height 4663846 from headers subscription
2025/09/16 10:10:26 ELECTRUM: Returning hash 0000000000008b2c58783418e2efaf9f081fc4584545ff84e4e9759a6de59f2d for height 4663846 (from headers subscription)
2025-09-16 10:10:26.400 [DBG] LTND lnd.go:727: Syncing to block chain rev=4d1c86 best_block_time="2025-09-16 10:10:29 -0400 EDT" is_synced=false
2025/09/16 10:10:27 ELECTRUM: GetBestBlock called
2025/09/16 10:10:27 ELECTRUM: Subscribing to headers to get current height
2025/09/16 10:10:27 ELECTRUM: Got current height 4663846 from headers subscription
2025/09/16 10:10:27 ELECTRUM: Returning hash 0000000000008b2c58783418e2efaf9f081fc4584545ff84e4e9759a6de59f2d for height 4663846 (from headers subscription)
2025/09/16 10:10:27 ELECTRUM: GetBlockHeader called for hash: 0000000000008b2c58783418e2efaf9f081fc4584545ff84e4e9759a6de59f2d
2025/09/16 10:10:27 ELECTRUM: GetBestBlock called
2025/09/16 10:10:27 ELECTRUM: Subscribing to headers to get current height
2025/09/16 10:10:27 ELECTRUM: Got current height 4663847 from headers subscription
2025/09/16 10:10:27 ELECTRUM: Returning hash 000000000001d84ff5193542983afa5c555c47a5e863849be16d7d241befce37 for height 4663847 (from headers subscription)
2025/09/16 10:10:28 ELECTRUM: GetBestBlock called
2025/09/16 10:10:28 ELECTRUM: Subscribing to headers to get current height
2025/09/16 10:10:28 ELECTRUM: Got current height 4663847 from headers subscription
2025/09/16 10:10:28 ELECTRUM: Returning hash 000000000001d84ff5193542983afa5c555c47a5e863849be16d7d241befce37 for height 4663847 (from headers subscription)
2025/09/16 10:10:28 ELECTRUM: Checking for new blocks - current: 4663847, last known: 4663833
2025/09/16 10:10:28 ELECTRUM: New block detected! Height: 4663847 (was 4663833)
2025/09/16 10:10:28 ELECTRUM: Sending block connected notification for height 4663847
2025/09/16 10:10:28 ELECTRUM: Block notification sent successfully for height 4663847
2025/09/16 10:10:29 ELECTRUM: GetBestBlock called
2025/09/16 10:10:29 ELECTRUM: Subscribing to headers to get current height
2025/09/16 10:10:29 ELECTRUM: Got current height 4663848 from headers subscription
2025/09/16 10:10:29 ELECTRUM: Returning hash 0000000000016cc77653bb080418593df2ece6ddf8cbd025837276be9e3c8178 for height 4663848 (from headers subscription)
2025/09/16 10:10:29 ELECTRUM: Checking for new blocks - current: 4663848, last known: 4663833
2025/09/16 10:10:29 ELECTRUM: New block detected! Height: 4663848 (was 4663833)
2025/09/16 10:10:29 ELECTRUM: Sending block connected notification for height 4663848
2025/09/16 10:10:29 ELECTRUM: Block notification sent successfully for height 4663848
2025/09/16 10:10:29 ELECTRUM: GetBestBlock called
2025/09/16 10:10:29 ELECTRUM: Subscribing to headers to get current height
2025/09/16 10:10:30 ELECTRUM: Got current height 4663848 from headers subscription
2025/09/16 10:10:30 ELECTRUM: Returning hash 0000000000016cc77653bb080418593df2ece6ddf8cbd025837276be9e3c8178 for height 4663848 (from headers subscription)
2025/09/16 10:10:30 ELECTRUM: Checking for new blocks - current: 4663848, last known: 4663834
2025/09/16 10:10:30 ELECTRUM: New block detected! Height: 4663848 (was 4663834)
2025/09/16 10:10:30 ELECTRUM: Sending block connected notification for height 4663848
2025/09/16 10:10:30 ELECTRUM: Block notification sent successfully for height 4663848
2025-09-16 10:10:53.807 [DBG] LTND lnd.go:727: Syncing to block chain rev=4d1c86 best_block_time="2025-09-16 10:10:29 -0400 EDT" is_synced=false
2025/09/16 10:10:54 ELECTRUM: GetBestBlock called
2025/09/16 10:10:54 ELECTRUM: Subscribing to headers to get current height
2025/09/16 10:10:55 ELECTRUM: Got current height 4663857 from headers subscription
2025/09/16 10:10:55 ELECTRUM: Returning hash 0000000000001b106de10851b23b3915645c123857903203b0ed79a5eadf50e2 for height 4663857 (from headers subscription)
2025/09/16 10:10:55 ELECTRUM: GetBlockHeader called for hash: 0000000000001b106de10851b23b3915645c123857903203b0ed79a5eadf50e2
2025/09/16 10:10:55 ELECTRUM: GetBestBlock called
2025/09/16 10:10:55 ELECTRUM: Subscribing to headers to get current height
2025/09/16 10:10:55 ELECTRUM: Got current height 4663857 from headers subscription
2025/09/16 10:10:55 ELECTRUM: Returning hash 0000000000001b106de10851b23b3915645c123857903203b0ed79a5eadf50e2 for height 4663857 (from headers subscription)
2025-09-16 10:10:55.658 [DBG] LTND lnd.go:727: Syncing to block chain rev=4d1c86 best_block_time="2025-09-16 10:10:47 -0400 EDT" is_synced=false
2025/09/16 10:10:56 ELECTRUM: GetBestBlock called
2025/09/16 10:10:56 ELECTRUM: Subscribing to headers to get current height
2025/09/16 10:10:56 ELECTRUM: Got current height 4663858 from headers subscription
2025/09/16 10:10:56 ELECTRUM: Returning hash 0000000000001989744138dc0dca4ef3662f034319b87d2b58bd3917febb225b for height 4663858 (from headers subscription)
2025/09/16 10:10:56 ELECTRUM: GetBlockHeader called for hash: 0000000000001989744138dc0dca4ef3662f034319b87d2b58bd3917febb225b
2025/09/16 10:10:56 ELECTRUM: GetBestBlock called
2025/09/16 10:10:56 ELECTRUM: Subscribing to headers to get current height
2025/09/16 10:10:57 ELECTRUM: Got current height 4663858 from headers subscription
2025/09/16 10:10:57 ELECTRUM: Returning hash 0000000000001989744138dc0dca4ef3662f034319b87d2b58bd3917febb225b for height 4663858 (from headers subscription)
2025-09-16 10:10:57.534 [DBG] LTND lnd.go:727: Syncing to block chain rev=4d1c86 best_block_time="2025-09-16 10:10:52 -0400 EDT" is_synced=false
2025/09/16 10:10:58 ELECTRUM: GetBestBlock called
2025/09/16 10:10:58 ELECTRUM: Subscribing to headers to get current height
2025/09/16 10:10:58 ELECTRUM: GetBestBlock called
2025/09/16 10:10:58 ELECTRUM: Subscribing to headers to get current height
2025/09/16 10:10:58 ELECTRUM: Got current height 4663859 from headers subscription
2025/09/16 10:10:58 ELECTRUM: Returning hash 000000000002ad7b6a258059d812d59abcbf3a9ae75973cb34dd99e152d1c414 for height 4663859 (from headers subscription)
2025/09/16 10:10:58 ELECTRUM: Checking for new blocks - current: 4663859, last known: 4663847
2025/09/16 10:10:58 ELECTRUM: New block detected! Height: 4663859 (was 4663847)
2025/09/16 10:10:58 ELECTRUM: Sending block connected notification for height 4663859
2025/09/16 10:10:58 ELECTRUM: Block notification sent successfully for height 4663859
2025/09/16 10:10:58 ELECTRUM: Got current height 4663859 from headers subscription
2025/09/16 10:10:58 ELECTRUM: Returning hash 000000000002ad7b6a258059d812d59abcbf3a9ae75973cb34dd99e152d1c414 for height 4663859 (from headers subscription)
2025/09/16 10:10:58 ELECTRUM: GetBlockHeader called for hash: 000000000002ad7b6a258059d812d59abcbf3a9ae75973cb34dd99e152d1c414
2025/09/16 10:10:58 ELECTRUM: GetBestBlock called
2025/09/16 10:10:58 ELECTRUM: Subscribing to headers to get current height
2025/09/16 10:10:58 ELECTRUM: Got current height 4663859 from headers subscription
2025/09/16 10:10:58 ELECTRUM: Returning hash 000000000002ad7b6a258059d812d59abcbf3a9ae75973cb34dd99e152d1c414 for height 4663859 (from headers subscription)
2025-09-16 10:10:59.242 [DBG] LTND lnd.go:727: Syncing to block chain rev=4d1c86 best_block_time="2025-09-16 10:11:04 -0400 EDT" is_synced=false
2025-09-16 10:10:59.507 [INF] LTND signal.go:177: Received terminated
2025-09-16 10:10:59.507 [INF] LTND signal.go:166: Shutting down...
2025-09-16 10:10:59.507 [INF] LTND signal.go:185: Gracefully shutting down.
2025-09-16 10:10:59.507 [INF] RPCS rpcserver.go:1026: Stopping RPC Server
2025-09-16 10:10:59.507 [INF] RPCS rpcserver.go:1034: Stopping ChainRPC Sub-RPC Server
2025-09-16 10:10:59.507 [INF] RPCS rpcserver.go:1034: Stopping DevRPC Sub-RPC Server
2025-09-16 10:10:59.507 [INF] RPCS rpcserver.go:1034: Stopping InvoicesRPC Sub-RPC Server
2025-09-16 10:10:59.507 [INF] RPCS rpcserver.go:1034: Stopping VersionRPC Sub-RPC Server
2025-09-16 10:10:59.507 [INF] RPCS rpcserver.go:1034: Stopping WalletKitRPC Sub-RPC Server
2025-09-16 10:10:59.507 [INF] RPCS rpcserver.go:1034: Stopping PeersRPC Sub-RPC Server
2025-09-16 10:10:59.507 [INF] RPCS rpcserver.go:1034: Stopping RouterRPC Sub-RPC Server
2025-09-16 10:10:59.507 [INF] RPCS rpcserver.go:1034: Stopping SignRPC Sub-RPC Server
2025-09-16 10:10:59.507 [INF] RPCS rpcserver.go:1034: Stopping WatchtowerClientRPC Sub-RPC Server
2025/09/16 10:10:59 ELECTRUM: Block notification loop shutting down
2025/09/16 10:10:59 ELECTRUM: Block notification loop shutting down
2025/09/16 10:10:59 ELECTRUM: Block notification loop shutting down
2025-09-16 10:10:59.507 [INF] LTND lnd.go:152: Shutdown complete
