2025-09-16 09:40:05.190 [INF] LTND lnd.go:186: Version Info rev=4d1c86 version=0.19.99-beta commit=sqldb/v1.0.10-645-g4d1c86bd6-dirty debuglevel=development logging=debug
2025-09-16 09:40:05.190 [INF] LTND lnd.go:213: Network Info rev=4d1c86 active_chain=Bitcoin network=testnet
2025-09-16 09:40:05.191 [DBG] IRPC invoices_server.go:190: Invoices RPC server successfully registered with root gRPC server
2025-09-16 09:40:05.191 [DBG] PRPC peers_server.go:119: Peers RPC server successfully registered with root gRPC server
2025-09-16 09:40:05.192 [DBG] RRPC router_server.go:301: Router RPC server successfully registered with root gRPC server
2025-09-16 09:40:05.192 [DBG] SGNR signer_server.go:216: Signer RPC server successfully registered with root gRPC server
2025-09-16 09:40:05.192 [DBG] VRPC server.go:66: Versioner RPC server successfully registered with root gRPC server
2025-09-16 09:40:05.192 [DBG] WLKT walletkit_server.go:344: WalletKit RPC server successfully registered with root gRPC server
2025-09-16 09:40:05.192 [DBG] NTFR chain_server.go:210: ChainNotifier RPC server successfully registered with root gRPC server
2025-09-16 09:40:05.192 [DBG] NTFR chain_server.go:214: ChainKit RPC server successfully registered with root gRPC server
2025-09-16 09:40:05.192 [DBG] DRPC dev_server.go:137: DEV RPC server successfully registered with root the gRPC server
2025-09-16 09:40:05.192 [INF] RPCS lnd.go:925: RPC server listening on 127.0.0.1:10009
2025-09-16 09:40:05.193 [DBG] IRPC invoices_server.go:213: Invoices REST server successfully registered with root REST server
2025-09-16 09:40:05.193 [DBG] PRPC peers_server.go:142: Peers REST server successfully registered with root REST server
2025-09-16 09:40:05.193 [DBG] RRPC router_server.go:324: Router REST server successfully registered with root REST server
2025-09-16 09:40:05.193 [DBG] SGNR signer_server.go:239: Signer REST server successfully registered with root REST server
2025-09-16 09:40:05.193 [DBG] VRPC server.go:89: Versioner REST server successfully registered with root REST server
2025-09-16 09:40:05.194 [DBG] WLKT walletkit_server.go:367: WalletKit REST server successfully registered with root REST server
2025-09-16 09:40:05.197 [DBG] NTFR chain_server.go:237: ChainNotifier REST server successfully registered with root REST server
2025-09-16 09:40:05.197 [DBG] NTFR chain_server.go:248: ChainKit REST server successfully registered with root REST server
2025-09-16 09:40:05.197 [DBG] DRPC dev_server.go:160: DEV REST server successfully registered with the root REST server
2025-09-16 09:40:05.198 [INF] RPCS lnd.go:1046: gRPC proxy started at 127.0.0.1:8080
2025-09-16 09:40:05.198 [INF] LTND config_builder.go:1009: Opening the main database, this might take a few minutes...
2025-09-16 09:40:05.198 [INF] LTND config_builder.go:1014: Opening bbolt database, sync_freelist=false, auto_compact=false
2025-09-16 09:40:05.198 [INF] LTND config_builder.go:1057: Creating local graph and channel state DB instances
2025-09-16 09:40:05.212 [INF] CHDB db.go:1687: Checking for schema update: latest_version=33, db_version=33
2025-09-16 09:40:05.213 [INF] CHDB db.go:1781: Applying 2 optional migrations
2025-09-16 09:40:05.213 [INF] CHDB db.go:1785: Checking for optional update: name=prune_revocation_log
2025-09-16 09:40:05.213 [DBG] CHDB db.go:1789: Skipping optional migration: name=prune_revocation_log as it is not specified in the config
2025-09-16 09:40:05.213 [INF] CHDB db.go:1785: Checking for optional update: name=gc_decayed_log
2025-09-16 09:40:05.213 [DBG] CHDB db.go:1799: Skipping optional migration: name=gc_decayed_log as it has already been applied
2025-09-16 09:40:05.224 [INF] LTND config_builder.go:1289: Database(s) now open (time_to_open=26.349209ms)!
2025-09-16 09:40:05.224 [INF] LTND signal.go:45: We're not running within systemd or the service type is not 'notify'
2025-09-16 09:40:05.224 [INF] LTND config_builder.go:1302: Waiting for wallet encryption password. Use `lncli create` to create a wallet, `lncli unlock` to unlock an existing wallet, or `lncli changepassword` to change the password of an existing wallet and unlock it.
2025-09-16 09:40:14.017 [DBG] RPCS interceptor.go:775: [/lnrpc.WalletUnlocker/UnlockWallet] requested
2025-09-16 09:40:15.040 [INF] BTWL wallet.go:4340: Opened wallet
2025-09-16 09:40:15.144 [INF] CHRE chainregistry.go:694: Initializing electrum backend
2025-09-16 09:40:15.144 [INF] CHRE chainregistry.go:695: ElectrumMode config: &{ServerAddr:testnet.aranguren.org:51002 UseTLS:true ValidateServerCertificate:false ConnectTimeout:30s RequestTimeout:30s PersistTxHistory:false}
2025-09-16 09:40:15.144 [INF] CHRE chainregistry.go:699: ElectrumMode server: testnet.aranguren.org:51002
2025/09/16 09:40:15 ELECTRUM: Config - ServerAddr: testnet.aranguren.org:51002, UseTLS: true, ValidateServerCertificate: false
2025/09/16 09:40:15 ELECTRUM: Creating TLS client for server: testnet.aranguren.org:51002
2025/09/16 09:40:15 ELECTRUM: Successfully created TLS client
2025/09/16 09:40:15 ELECTRUM: Initializing best block during startup
2025/09/16 09:40:15 ELECTRUM: GetBestBlock called
2025/09/16 09:40:15 ELECTRUM: Subscribing to headers to get current height
2025/09/16 09:40:15 ELECTRUM: Got current height 4663042 from headers subscription
2025/09/16 09:40:15 ELECTRUM: Returning hash 000000000d0e481080f4ca32394dea02809a5f9a25a9130919106105a9b5466b for height 4663042 (from headers subscription)
2025/09/16 09:40:15 ELECTRUM: Successfully initialized best block
2025-09-16 09:40:15.904 [INF] LTND lnd.go:496: About to call BuildChainControl
2025/09/16 09:40:15 ELECTRUM: Starting continuous block notification loop
2025-09-16 09:40:15.904 [INF] LTND config_builder.go:769: BuildChainControl called - starting wallet controller creation
2025-09-16 09:40:15.904 [INF] LTND config_builder.go:772: About to call btcwallet.New
2025-09-16 09:40:15.904 [INF] LTND config_builder.go:776: btcwallet.New completed
2025-09-16 09:40:15.904 [INF] LTND config_builder.go:789: Setting WalletController type: *btcwallet.BtcWallet
2025-09-16 09:40:16.891 [INF] BTWL wallet.go:1430: The wallet has been unlocked without a time limit
2025/09/16 09:40:16 ELECTRUM: Initializing best block during startup
2025/09/16 09:40:16 ELECTRUM: GetBestBlock called
2025/09/16 09:40:16 ELECTRUM: Subscribing to headers to get current height
2025/09/16 09:40:17 ELECTRUM: Got current height 4663043 from headers subscription
2025/09/16 09:40:17 ELECTRUM: Returning hash 000000000000069eb5b8627b5c2fc48743d21aeeff305ffb2cc605f54e1c9e25 for height 4663043 (from headers subscription)
2025/09/16 09:40:17 ELECTRUM: Successfully initialized best block
2025-09-16 09:40:17.143 [INF] BTWL btcwallet.go:405: BTCWALLET: Starting Electrum rescan during wallet initialization
2025/09/16 09:40:17 ELECTRUM: Starting continuous block notification loop
2025-09-16 09:40:17.143 [INF] CHRE chainregistry.go:845: LightningWallet opened
2025-09-16 09:40:17.143 [INF] BTWL btcwallet.go:439: BTCWALLET: TriggerElectrumRescan called
2025-09-16 09:40:17.143 [INF] LTND lnd.go:500: BuildChainControl completed
2025-09-16 09:40:17.143 [INF] BTWL btcwallet.go:448: BTCWALLET: Using Electrum backend, triggering Electrum-specific rescan
2025/09/16 09:40:17 ELECTRUM: Sending current best block to client 1 - Hash: 000000000000069eb5b8627b5c2fc48743d21aeeff305ffb2cc605f54e1c9e25, Height: 4663043, BlockHeader: true
2025/09/16 09:40:17 ELECTRUM: Successfully sent block epoch to client 1
2025-09-16 09:40:17.143 [INF] BTWL btcwallet.go:535: BTCWALLET: Getting all wallet addresses dynamically
2025-09-16 09:40:17.143 [INF] BTCN broadcaster.go:131: Broadcaster now active
2025/09/16 09:40:17 ELECTRUM: Initializing best block during startup
2025/09/16 09:40:17 ELECTRUM: GetBestBlock called
2025/09/16 09:40:17 ELECTRUM: Subscribing to headers to get current height
2025-09-16 09:40:17.227 [INF] BTWL btcwallet.go:577: BTCWALLET: Found 44 total addresses to check dynamically
2025-09-16 09:40:17.227 [INF] BTWL btcwallet.go:457: BTCWALLET: Found 44 wallet addresses to check
2025-09-16 09:40:17.227 [INF] BTWL btcwallet.go:461: BTCWALLET: Using Electrum backend, calling ElectrumRescanAddresses directly
2025-09-16 09:40:17.227 [INF] BTWL btcwallet.go:468: BTCWALLET: Found ElectrumRescanAddresses method, calling it
2025/09/16 09:40:17 ELECTRUM: Got current height 4663043 from headers subscription
2025/09/16 09:40:17 ELECTRUM: Returning hash 000000000000069eb5b8627b5c2fc48743d21aeeff305ffb2cc605f54e1c9e25 for height 4663043 (from headers subscription)
2025/09/16 09:40:17 ELECTRUM: Successfully initialized best block
2025/09/16 09:40:17 ELECTRUM: GetBestBlock called
2025/09/16 09:40:17 ELECTRUM: Subscribing to headers to get current height
2025/09/16 09:40:17 ELECTRUM: Starting continuous block notification loop
2025/09/16 09:40:17 ELECTRUM: Got current height 4663043 from headers subscription
2025/09/16 09:40:17 ELECTRUM: Returning hash 000000000000069eb5b8627b5c2fc48743d21aeeff305ffb2cc605f54e1c9e25 for height 4663043 (from headers subscription)
2025-09-16 09:40:17.662 [INF] HSWC circuit_map.go:280: Cleaning circuits from disk for closed channels
2025-09-16 09:40:17.662 [DBG] HSWC circuit_map.go:324: Found 0 closed channels
2025-09-16 09:40:17.662 [INF] HSWC circuit_map.go:328: Finished cleaning: no closed channels found, no actions taken.
2025-09-16 09:40:17.662 [INF] HSWC circuit_map.go:497: Restoring in-memory circuit state from disk
2025-09-16 09:40:17.674 [INF] HSWC circuit_map.go:602: Payment circuits loaded: num_pending=0, num_open=0
2025-09-16 09:40:17.702 [DBG] CRTR missioncontrol.go:307: Instantiating mission control with config: maximum history: 1000, minimum failure relax interval: 1m0s, estimator type: apriori, penalty halflife time: 1h0m0s, apriori hop probability: 0.6, apriori weight: 0.5, previous success probability: 0.95, capacity fraction: 0.9999
2025-09-16 09:40:17.713 [INF] CRTR missioncontrol_store.go:107: Loaded 0 mission control entries
2025-09-16 09:40:17.713 [DBG] CRTR missioncontrol.go:455: [default]: Mission control state reconstruction started
2025-09-16 09:40:17.713 [DBG] CRTR missioncontrol.go:471: [default]: Mission control state reconstruction finished: n=0, time=4.667µs
2025-09-16 09:40:17.713 [DBG] SRVR server.go:1111: Instantiating payment session source with config: AttemptCost=100 + 0.1%, MinRouteProbability=0.01
2025-09-16 09:40:17.725 [INF] ACSM accessman.go:79: Access Manager initialized
2025-09-16 09:40:17.738 [INF] LTND channel_notifier.go:39: Channel backup proxy channel notifier starting
2025-09-16 09:40:17.738 [INF] CHIO dispatcher.go:92: Registered queue=1 with 3 blockbeat consumers
2025-09-16 09:40:17.738 [DBG] CHIO dispatcher.go:96: Consumer [ChainArbitrator] registered in queue 1
2025-09-16 09:40:17.738 [DBG] CHIO dispatcher.go:96: Consumer [UtxoSweeper] registered in queue 1
2025-09-16 09:40:17.738 [DBG] CHIO dispatcher.go:96: Consumer [TxPublisher] registered in queue 1
2025-09-16 09:40:17.738 [INF] ATPL pilot.go:143: Instantiating autopilot with active=false, max_channels=5, allocation=0.600000, min_chan_size=20000, max_chan_size=16777215, private=false, min_confs=1, conf_target=3
2025-09-16 09:40:17.738 [DBG] LTND subrpcserver_config.go:145: Populating dependencies for sub RPC server: SignRPC
2025-09-16 09:40:17.739 [DBG] LTND subrpcserver_config.go:145: Populating dependencies for sub RPC server: WalletKitRPC
2025-09-16 09:40:17.739 [DBG] LTND subrpcserver_config.go:145: Populating dependencies for sub RPC server: AutopilotRPC
2025-09-16 09:40:17.739 [DBG] LTND subrpcserver_config.go:145: Populating dependencies for sub RPC server: ChainRPC
2025-09-16 09:40:17.739 [DBG] LTND subrpcserver_config.go:145: Populating dependencies for sub RPC server: InvoicesRPC
2025-09-16 09:40:17.739 [DBG] LTND subrpcserver_config.go:145: Populating dependencies for sub RPC server: PeersRPC
2025-09-16 09:40:17.739 [DBG] LTND subrpcserver_config.go:145: Populating dependencies for sub RPC server: NeutrinoKitRPC
2025-09-16 09:40:17.739 [DBG] LTND subrpcserver_config.go:145: Populating dependencies for sub RPC server: RouterRPC
2025-09-16 09:40:17.739 [DBG] LTND subrpcserver_config.go:145: Populating dependencies for sub RPC server: WatchtowerRPC
2025-09-16 09:40:17.739 [DBG] LTND subrpcserver_config.go:145: Populating dependencies for sub RPC server: WatchtowerClientRPC
2025-09-16 09:40:17.739 [DBG] LTND subrpcserver_config.go:145: Populating dependencies for sub RPC server: DevRPC
2025-09-16 09:40:17.740 [DBG] RPCS rpcserver.go:963: Starting sub RPC server: InvoicesRPC
2025-09-16 09:40:17.740 [DBG] RPCS rpcserver.go:963: Starting sub RPC server: PeersRPC
2025-09-16 09:40:17.740 [DBG] RPCS rpcserver.go:963: Starting sub RPC server: RouterRPC
2025-09-16 09:40:17.740 [DBG] RPCS rpcserver.go:963: Starting sub RPC server: SignRPC
2025-09-16 09:40:17.740 [DBG] RPCS rpcserver.go:963: Starting sub RPC server: VersionRPC
2025-09-16 09:40:17.740 [DBG] RPCS rpcserver.go:963: Starting sub RPC server: WalletKitRPC
2025-09-16 09:40:17.740 [DBG] RPCS rpcserver.go:963: Starting sub RPC server: WatchtowerClientRPC
2025-09-16 09:40:17.740 [DBG] RPCS rpcserver.go:963: Starting sub RPC server: ChainRPC
2025-09-16 09:40:17.740 [DBG] RPCS rpcserver.go:963: Starting sub RPC server: DevRPC
2025-09-16 09:40:17.740 [INF] LTND signal.go:45: We're not running within systemd or the service type is not 'notify'
2025/09/16 09:40:17 ELECTRUM: GetBestBlock called
2025/09/16 09:40:17 ELECTRUM: Subscribing to headers to get current height
2025/09/16 09:40:17 ELECTRUM: Got current height 4663043 from headers subscription
2025/09/16 09:40:17 ELECTRUM: Returning hash 000000000000069eb5b8627b5c2fc48743d21aeeff305ffb2cc605f54e1c9e25 for height 4663043 (from headers subscription)
2025-09-16 09:40:17.981 [INF] LTND lnd.go:696: Waiting for chain backend to finish sync rev=4d1c86 start_height=4663043
2025/09/16 09:40:17 ELECTRUM: GetBestBlock called
2025/09/16 09:40:17 ELECTRUM: Subscribing to headers to get current height
2025/09/16 09:40:18 ELECTRUM: Got current height 4663043 from headers subscription
2025/09/16 09:40:18 ELECTRUM: Returning hash 000000000000069eb5b8627b5c2fc48743d21aeeff305ffb2cc605f54e1c9e25 for height 4663043 (from headers subscription)
2025/09/16 09:40:18 ELECTRUM: GetBlockHeader called for hash: 000000000000069eb5b8627b5c2fc48743d21aeeff305ffb2cc605f54e1c9e25
2025/09/16 09:40:18 ELECTRUM: GetBestBlock called
2025/09/16 09:40:18 ELECTRUM: Subscribing to headers to get current height
2025/09/16 09:40:18 ELECTRUM: Got current height 4663044 from headers subscription
2025/09/16 09:40:18 ELECTRUM: Returning hash 000000000003b4ef27c91e2afa2608c71eea3d8c127a3ed6c4973efcfcc39912 for height 4663044 (from headers subscription)
2025-09-16 09:40:18.690 [DBG] LTND lnd.go:727: Syncing to block chain rev=4d1c86 best_block_time="2025-09-16 09:40:21 -0400 EDT" is_synced=false
2025/09/16 09:40:18 ELECTRUM: GetBestBlock called
2025/09/16 09:40:18 ELECTRUM: Subscribing to headers to get current height
2025/09/16 09:40:19 ELECTRUM: Got current height 4663044 from headers subscription
2025/09/16 09:40:19 ELECTRUM: Returning hash 000000000003b4ef27c91e2afa2608c71eea3d8c127a3ed6c4973efcfcc39912 for height 4663044 (from headers subscription)
2025/09/16 09:40:19 ELECTRUM: Sending initial block notification for height 4663044
2025/09/16 09:40:19 ELECTRUM: Sending block connected notification for height 4663044
2025/09/16 09:40:19 ELECTRUM: Block notification sent successfully for height 4663044
2025-09-16 09:40:19.502 [DBG] RPCS interceptor.go:775: [/lnrpc.Lightning/WalletBalance] requested
2025/09/16 09:40:19 ELECTRUM: GetBestBlock called
2025/09/16 09:40:19 ELECTRUM: Subscribing to headers to get current height
2025/09/16 09:40:19 ELECTRUM: Got current height 4663044 from headers subscription
2025/09/16 09:40:19 ELECTRUM: Returning hash 000000000003b4ef27c91e2afa2608c71eea3d8c127a3ed6c4973efcfcc39912 for height 4663044 (from headers subscription)
2025/09/16 09:40:19 ELECTRUM: GetBlockHeader called for hash: 000000000003b4ef27c91e2afa2608c71eea3d8c127a3ed6c4973efcfcc39912
2025/09/16 09:40:19 ELECTRUM: GetBestBlock called
2025/09/16 09:40:19 ELECTRUM: Subscribing to headers to get current height
2025/09/16 09:40:20 ELECTRUM: GetBestBlock called
2025/09/16 09:40:20 ELECTRUM: Subscribing to headers to get current height
2025/09/16 09:40:20 ELECTRUM: Got current height 4663044 from headers subscription
2025/09/16 09:40:20 ELECTRUM: Returning hash 000000000003b4ef27c91e2afa2608c71eea3d8c127a3ed6c4973efcfcc39912 for height 4663044 (from headers subscription)
2025-09-16 09:40:20.192 [INF] BTWL btcwallet.go:650: BTCWALLET: ConfirmedBalance called with confs=0, accountFilter=default
2025-09-16 09:40:20.193 [INF] BTWL btcwallet.go:650: BTCWALLET: ConfirmedBalance called with confs=1, accountFilter=default
2025-09-16 09:40:20.193 [DBG] RPCS rpcserver.go:3746: [walletbalance] Total balance=0 BTC (confirmed=0 BTC, unconfirmed=0 BTC, locked=0 BTC)
2025/09/16 09:40:20 ELECTRUM: Got current height 4663044 from headers subscription
2025/09/16 09:40:20 ELECTRUM: Returning hash 000000000003b4ef27c91e2afa2608c71eea3d8c127a3ed6c4973efcfcc39912 for height 4663044 (from headers subscription)
2025/09/16 09:40:20 ELECTRUM: Sending initial block notification for height 4663044
2025/09/16 09:40:20 ELECTRUM: Sending block connected notification for height 4663044
2025/09/16 09:40:20 ELECTRUM: Block notification sent successfully for height 4663044
2025/09/16 09:40:20 ELECTRUM: GetBestBlock called
2025/09/16 09:40:20 ELECTRUM: Subscribing to headers to get current height
2025-09-16 09:40:20.398 [DBG] LTND lnd.go:727: Syncing to block chain rev=4d1c86 best_block_time="2025-09-16 09:40:21 -0400 EDT" is_synced=false
2025/09/16 09:40:20 ELECTRUM: Got current height 4663044 from headers subscription
2025/09/16 09:40:20 ELECTRUM: Returning hash 000000000003b4ef27c91e2afa2608c71eea3d8c127a3ed6c4973efcfcc39912 for height 4663044 (from headers subscription)
2025/09/16 09:40:20 ELECTRUM: Sending initial block notification for height 4663044
2025/09/16 09:40:20 ELECTRUM: Sending block connected notification for height 4663044
2025/09/16 09:40:20 ELECTRUM: Block notification sent successfully for height 4663044
2025/09/16 09:40:21 ELECTRUM: GetBestBlock called
2025/09/16 09:40:21 ELECTRUM: Subscribing to headers to get current height
2025/09/16 09:40:21 ELECTRUM: Got current height 4663044 from headers subscription
2025/09/16 09:40:21 ELECTRUM: Returning hash 000000000003b4ef27c91e2afa2608c71eea3d8c127a3ed6c4973efcfcc39912 for height 4663044 (from headers subscription)
2025/09/16 09:40:21 ELECTRUM: GetBlockHeader called for hash: 000000000003b4ef27c91e2afa2608c71eea3d8c127a3ed6c4973efcfcc39912
2025/09/16 09:40:21 ELECTRUM: GetBestBlock called
2025/09/16 09:40:21 ELECTRUM: Subscribing to headers to get current height
2025/09/16 09:40:21 ELECTRUM: Got current height 4663044 from headers subscription
2025/09/16 09:40:21 ELECTRUM: Returning hash 000000000003b4ef27c91e2afa2608c71eea3d8c127a3ed6c4973efcfcc39912 for height 4663044 (from headers subscription)
2025-09-16 09:40:22.188 [DBG] LTND lnd.go:727: Syncing to block chain rev=4d1c86 best_block_time="2025-09-16 09:40:21 -0400 EDT" is_synced=false
2025/09/16 09:40:23 ELECTRUM: GetBestBlock called
2025/09/16 09:40:23 ELECTRUM: Subscribing to headers to get current height
2025/09/16 09:40:23 ELECTRUM: Got current height 4663045 from headers subscription
2025/09/16 09:40:23 ELECTRUM: Returning hash 00000000000040e6d297dc3c4ba333abca8552fc8680c0ac5c1f1ecac68fbb9e for height 4663045 (from headers subscription)
2025/09/16 09:40:23 ELECTRUM: GetBlockHeader called for hash: 00000000000040e6d297dc3c4ba333abca8552fc8680c0ac5c1f1ecac68fbb9e
2025/09/16 09:40:23 ELECTRUM: GetBestBlock called
2025/09/16 09:40:23 ELECTRUM: Subscribing to headers to get current height
2025/09/16 09:40:23 ELECTRUM: Got current height 4663045 from headers subscription
2025/09/16 09:40:23 ELECTRUM: Returning hash 00000000000040e6d297dc3c4ba333abca8552fc8680c0ac5c1f1ecac68fbb9e for height 4663045 (from headers subscription)
2025-09-16 09:40:23.892 [DBG] LTND lnd.go:727: Syncing to block chain rev=4d1c86 best_block_time="2025-09-16 09:40:25 -0400 EDT" is_synced=false
2025/09/16 09:40:24 ELECTRUM: GetBestBlock called
2025/09/16 09:40:24 ELECTRUM: Subscribing to headers to get current height
2025/09/16 09:40:25 ELECTRUM: Got current height 4663045 from headers subscription
2025/09/16 09:40:25 ELECTRUM: Returning hash 00000000000040e6d297dc3c4ba333abca8552fc8680c0ac5c1f1ecac68fbb9e for height 4663045 (from headers subscription)
2025/09/16 09:40:25 ELECTRUM: GetBlockHeader called for hash: 00000000000040e6d297dc3c4ba333abca8552fc8680c0ac5c1f1ecac68fbb9e
2025/09/16 09:40:25 ELECTRUM: GetBestBlock called
2025/09/16 09:40:25 ELECTRUM: Subscribing to headers to get current height
2025/09/16 09:40:25 ELECTRUM: Got current height 4663045 from headers subscription
2025/09/16 09:40:25 ELECTRUM: Returning hash 00000000000040e6d297dc3c4ba333abca8552fc8680c0ac5c1f1ecac68fbb9e for height 4663045 (from headers subscription)
2025-09-16 09:40:25.604 [DBG] LTND lnd.go:727: Syncing to block chain rev=4d1c86 best_block_time="2025-09-16 09:40:25 -0400 EDT" is_synced=false
2025/09/16 09:40:26 ELECTRUM: GetBestBlock called
2025/09/16 09:40:26 ELECTRUM: Subscribing to headers to get current height
2025/09/16 09:40:26 ELECTRUM: Got current height 4663045 from headers subscription
2025/09/16 09:40:26 ELECTRUM: Returning hash 00000000000040e6d297dc3c4ba333abca8552fc8680c0ac5c1f1ecac68fbb9e for height 4663045 (from headers subscription)
2025/09/16 09:40:26 ELECTRUM: GetBlockHeader called for hash: 00000000000040e6d297dc3c4ba333abca8552fc8680c0ac5c1f1ecac68fbb9e
2025/09/16 09:40:26 ELECTRUM: GetBestBlock called
2025/09/16 09:40:26 ELECTRUM: Subscribing to headers to get current height
2025/09/16 09:40:27 ELECTRUM: Got current height 4663045 from headers subscription
2025/09/16 09:40:27 ELECTRUM: Returning hash 00000000000040e6d297dc3c4ba333abca8552fc8680c0ac5c1f1ecac68fbb9e for height 4663045 (from headers subscription)
2025-09-16 09:40:27.313 [DBG] LTND lnd.go:727: Syncing to block chain rev=4d1c86 best_block_time="2025-09-16 09:40:25 -0400 EDT" is_synced=false
2025/09/16 09:40:28 ELECTRUM: GetBestBlock called
2025/09/16 09:40:28 ELECTRUM: Subscribing to headers to get current height
2025/09/16 09:40:28 ELECTRUM: Got current height 4663045 from headers subscription
2025/09/16 09:40:28 ELECTRUM: Returning hash 00000000000040e6d297dc3c4ba333abca8552fc8680c0ac5c1f1ecac68fbb9e for height 4663045 (from headers subscription)
2025/09/16 09:40:28 ELECTRUM: GetBlockHeader called for hash: 00000000000040e6d297dc3c4ba333abca8552fc8680c0ac5c1f1ecac68fbb9e
2025/09/16 09:40:28 ELECTRUM: GetBestBlock called
2025/09/16 09:40:28 ELECTRUM: Subscribing to headers to get current height
2025/09/16 09:40:28 ELECTRUM: Got current height 4663045 from headers subscription
2025/09/16 09:40:28 ELECTRUM: Returning hash 00000000000040e6d297dc3c4ba333abca8552fc8680c0ac5c1f1ecac68fbb9e for height 4663045 (from headers subscription)
2025-09-16 09:40:29.015 [DBG] LTND lnd.go:727: Syncing to block chain rev=4d1c86 best_block_time="2025-09-16 09:40:25 -0400 EDT" is_synced=false
2025/09/16 09:40:30 ELECTRUM: GetBestBlock called
2025/09/16 09:40:30 ELECTRUM: Subscribing to headers to get current height
2025/09/16 09:40:30 ELECTRUM: Got current height 4663046 from headers subscription
2025/09/16 09:40:30 ELECTRUM: Returning hash 0000000000018bd5aca722de5aa41b368f652f6d0dfd2c6e9b64f9d41126151c for height 4663046 (from headers subscription)
2025/09/16 09:40:30 ELECTRUM: GetBlockHeader called for hash: 0000000000018bd5aca722de5aa41b368f652f6d0dfd2c6e9b64f9d41126151c
2025/09/16 09:40:30 ELECTRUM: GetBestBlock called
2025/09/16 09:40:30 ELECTRUM: Subscribing to headers to get current height
2025/09/16 09:40:30 ELECTRUM: Got current height 4663046 from headers subscription
2025/09/16 09:40:30 ELECTRUM: Returning hash 0000000000018bd5aca722de5aa41b368f652f6d0dfd2c6e9b64f9d41126151c for height 4663046 (from headers subscription)
2025-09-16 09:40:30.720 [DBG] LTND lnd.go:727: Syncing to block chain rev=4d1c86 best_block_time="2025-09-16 09:40:23 -0400 EDT" is_synced=false
2025/09/16 09:40:31 ELECTRUM: GetBestBlock called
2025/09/16 09:40:31 ELECTRUM: Subscribing to headers to get current height
2025/09/16 09:40:31 ELECTRUM: Got current height 4663047 from headers subscription
2025/09/16 09:40:31 ELECTRUM: Returning hash 00000000000049e80e131facb76445907b6689c7448e20672accdedd4d0a764a for height 4663047 (from headers subscription)
2025/09/16 09:40:31 ELECTRUM: GetBlockHeader called for hash: 00000000000049e80e131facb76445907b6689c7448e20672accdedd4d0a764a
2025/09/16 09:40:31 ELECTRUM: GetBestBlock called
2025/09/16 09:40:31 ELECTRUM: Subscribing to headers to get current height
2025/09/16 09:40:32 ELECTRUM: Got current height 4663047 from headers subscription
2025/09/16 09:40:32 ELECTRUM: Returning hash 00000000000049e80e131facb76445907b6689c7448e20672accdedd4d0a764a for height 4663047 (from headers subscription)
2025-09-16 09:40:32.429 [DBG] LTND lnd.go:727: Syncing to block chain rev=4d1c86 best_block_time="2025-09-16 09:40:40 -0400 EDT" is_synced=false
2025/09/16 09:40:33 ELECTRUM: GetBestBlock called
2025/09/16 09:40:33 ELECTRUM: Subscribing to headers to get current height
2025-09-16 09:40:33.438 [INF] BTWL btcwallet.go:411: BTCWALLET: Electrum rescan completed successfully during initialization
2025/09/16 09:40:33 ELECTRUM: Got current height 4663047 from headers subscription
2025/09/16 09:40:33 ELECTRUM: Returning hash 00000000000049e80e131facb76445907b6689c7448e20672accdedd4d0a764a for height 4663047 (from headers subscription)
2025/09/16 09:40:33 ELECTRUM: GetBlockHeader called for hash: 00000000000049e80e131facb76445907b6689c7448e20672accdedd4d0a764a
2025/09/16 09:40:33 ELECTRUM: GetBestBlock called
2025/09/16 09:40:33 ELECTRUM: Subscribing to headers to get current height
2025/09/16 09:40:33 ELECTRUM: Got current height 4663048 from headers subscription
2025/09/16 09:40:33 ELECTRUM: Returning hash 0000000000001b8a9fb5b44a010a31573d023ca46b17a75bc4268e9b05a5b794 for height 4663048 (from headers subscription)
2025-09-16 09:40:34.148 [DBG] LTND lnd.go:727: Syncing to block chain rev=4d1c86 best_block_time="2025-09-16 09:40:30 -0400 EDT" is_synced=false
2025/09/16 09:40:35 ELECTRUM: GetBestBlock called
2025/09/16 09:40:35 ELECTRUM: Subscribing to headers to get current height
2025/09/16 09:40:35 ELECTRUM: Got current height 4663048 from headers subscription
2025/09/16 09:40:35 ELECTRUM: Returning hash 0000000000001b8a9fb5b44a010a31573d023ca46b17a75bc4268e9b05a5b794 for height 4663048 (from headers subscription)
2025/09/16 09:40:35 ELECTRUM: GetBlockHeader called for hash: 0000000000001b8a9fb5b44a010a31573d023ca46b17a75bc4268e9b05a5b794
2025/09/16 09:40:35 ELECTRUM: GetBestBlock called
2025/09/16 09:40:35 ELECTRUM: Subscribing to headers to get current height
2025/09/16 09:40:35 ELECTRUM: Got current height 4663048 from headers subscription
2025/09/16 09:40:35 ELECTRUM: Returning hash 0000000000001b8a9fb5b44a010a31573d023ca46b17a75bc4268e9b05a5b794 for height 4663048 (from headers subscription)
2025-09-16 09:40:35.944 [DBG] LTND lnd.go:727: Syncing to block chain rev=4d1c86 best_block_time="2025-09-16 09:40:30 -0400 EDT" is_synced=false
2025/09/16 09:40:36 ELECTRUM: GetBestBlock called
2025/09/16 09:40:36 ELECTRUM: Subscribing to headers to get current height
2025/09/16 09:40:37 ELECTRUM: Got current height 4663049 from headers subscription
2025/09/16 09:40:37 ELECTRUM: Returning hash 00000000000141a1e643b742ca8963d47628f7215fa0b2ba23ccba95a375de5f for height 4663049 (from headers subscription)
2025/09/16 09:40:37 ELECTRUM: GetBlockHeader called for hash: 00000000000141a1e643b742ca8963d47628f7215fa0b2ba23ccba95a375de5f
2025/09/16 09:40:37 ELECTRUM: GetBestBlock called
2025/09/16 09:40:37 ELECTRUM: Subscribing to headers to get current height
2025/09/16 09:40:37 ELECTRUM: Got current height 4663049 from headers subscription
2025/09/16 09:40:37 ELECTRUM: Returning hash 00000000000141a1e643b742ca8963d47628f7215fa0b2ba23ccba95a375de5f for height 4663049 (from headers subscription)
2025-09-16 09:40:37.819 [DBG] LTND lnd.go:727: Syncing to block chain rev=4d1c86 best_block_time="2025-09-16 09:40:38 -0400 EDT" is_synced=false
2025/09/16 09:40:38 ELECTRUM: GetBestBlock called
2025/09/16 09:40:38 ELECTRUM: Subscribing to headers to get current height
2025/09/16 09:40:39 ELECTRUM: Got current height 4663050 from headers subscription
2025/09/16 09:40:39 ELECTRUM: Returning hash 00000000000188887a5373867ae3a382db27293de719bde0a30980b956f19369 for height 4663050 (from headers subscription)
2025/09/16 09:40:39 ELECTRUM: GetBlockHeader called for hash: 00000000000188887a5373867ae3a382db27293de719bde0a30980b956f19369
2025/09/16 09:40:39 ELECTRUM: GetBestBlock called
2025/09/16 09:40:39 ELECTRUM: Subscribing to headers to get current height
2025/09/16 09:40:39 ELECTRUM: Got current height 4663050 from headers subscription
2025/09/16 09:40:39 ELECTRUM: Returning hash 00000000000188887a5373867ae3a382db27293de719bde0a30980b956f19369 for height 4663050 (from headers subscription)
2025-09-16 09:40:39.632 [DBG] LTND lnd.go:727: Syncing to block chain rev=4d1c86 best_block_time="2025-09-16 09:40:35 -0400 EDT" is_synced=false
2025/09/16 09:40:40 ELECTRUM: GetBestBlock called
2025/09/16 09:40:40 ELECTRUM: Subscribing to headers to get current height
2025/09/16 09:40:40 ELECTRUM: Got current height 4663051 from headers subscription
2025/09/16 09:40:40 ELECTRUM: Returning hash 00000000000041b203626db6db8aa2426f9b1ce3d9eb020d89f3bfbffafe4c11 for height 4663051 (from headers subscription)
2025/09/16 09:40:40 ELECTRUM: GetBlockHeader called for hash: 00000000000041b203626db6db8aa2426f9b1ce3d9eb020d89f3bfbffafe4c11
2025/09/16 09:40:40 ELECTRUM: GetBestBlock called
2025/09/16 09:40:40 ELECTRUM: Subscribing to headers to get current height
2025/09/16 09:40:41 ELECTRUM: Got current height 4663051 from headers subscription
2025/09/16 09:40:41 ELECTRUM: Returning hash 00000000000041b203626db6db8aa2426f9b1ce3d9eb020d89f3bfbffafe4c11 for height 4663051 (from headers subscription)
2025-09-16 09:40:41.340 [DBG] LTND lnd.go:727: Syncing to block chain rev=4d1c86 best_block_time="2025-09-16 09:40:47 -0400 EDT" is_synced=false
2025/09/16 09:40:42 ELECTRUM: GetBestBlock called
2025/09/16 09:40:42 ELECTRUM: Subscribing to headers to get current height
2025/09/16 09:40:42 ELECTRUM: Got current height 4663052 from headers subscription
2025/09/16 09:40:42 ELECTRUM: Returning hash 00000000000014b69d1a8aaf64170c8f7eb8462871ef60b45e58b4320e899019 for height 4663052 (from headers subscription)
2025/09/16 09:40:42 ELECTRUM: GetBlockHeader called for hash: 00000000000014b69d1a8aaf64170c8f7eb8462871ef60b45e58b4320e899019
2025/09/16 09:40:42 ELECTRUM: GetBestBlock called
2025/09/16 09:40:42 ELECTRUM: Subscribing to headers to get current height
2025/09/16 09:40:42 ELECTRUM: Got current height 4663052 from headers subscription
2025/09/16 09:40:42 ELECTRUM: Returning hash 00000000000014b69d1a8aaf64170c8f7eb8462871ef60b45e58b4320e899019 for height 4663052 (from headers subscription)
2025-09-16 09:40:43.122 [DBG] LTND lnd.go:727: Syncing to block chain rev=4d1c86 best_block_time="2025-09-16 09:40:45 -0400 EDT" is_synced=false
2025/09/16 09:40:44 ELECTRUM: GetBestBlock called
2025/09/16 09:40:44 ELECTRUM: Subscribing to headers to get current height
2025/09/16 09:40:44 ELECTRUM: Got current height 4663053 from headers subscription
2025/09/16 09:40:44 ELECTRUM: Returning hash 0000000000002b7bb15fe06b3d1611c13717323ccdfe86eadbe75a43bd784ad9 for height 4663053 (from headers subscription)
2025/09/16 09:40:44 ELECTRUM: GetBlockHeader called for hash: 0000000000002b7bb15fe06b3d1611c13717323ccdfe86eadbe75a43bd784ad9
2025/09/16 09:40:44 ELECTRUM: GetBestBlock called
2025/09/16 09:40:44 ELECTRUM: Subscribing to headers to get current height
2025/09/16 09:40:44 ELECTRUM: Got current height 4663053 from headers subscription
2025/09/16 09:40:44 ELECTRUM: Returning hash 0000000000002b7bb15fe06b3d1611c13717323ccdfe86eadbe75a43bd784ad9 for height 4663053 (from headers subscription)
2025-09-16 09:40:44.966 [DBG] LTND lnd.go:727: Syncing to block chain rev=4d1c86 best_block_time="2025-09-16 09:40:43 -0400 EDT" is_synced=false
2025/09/16 09:40:45 ELECTRUM: GetBestBlock called
2025/09/16 09:40:45 ELECTRUM: Subscribing to headers to get current height
2025/09/16 09:40:46 ELECTRUM: Got current height 4663054 from headers subscription
2025/09/16 09:40:46 ELECTRUM: Returning hash 000000000000da35117ce18f4686b3bb7002566fd8eabfb1d3ead6dfc1259f4b for height 4663054 (from headers subscription)
2025/09/16 09:40:46 ELECTRUM: GetBlockHeader called for hash: 000000000000da35117ce18f4686b3bb7002566fd8eabfb1d3ead6dfc1259f4b
2025/09/16 09:40:46 ELECTRUM: GetBestBlock called
2025/09/16 09:40:46 ELECTRUM: Subscribing to headers to get current height
2025/09/16 09:40:46 ELECTRUM: Got current height 4663054 from headers subscription
2025/09/16 09:40:46 ELECTRUM: Returning hash 000000000000da35117ce18f4686b3bb7002566fd8eabfb1d3ead6dfc1259f4b for height 4663054 (from headers subscription)
2025-09-16 09:40:46.672 [DBG] LTND lnd.go:727: Syncing to block chain rev=4d1c86 best_block_time="2025-09-16 09:40:47 -0400 EDT" is_synced=false
2025-09-16 09:40:46.739 [DBG] RPCS interceptor.go:775: [/lnrpc.Lightning/WalletBalance] requested
2025-09-16 09:40:46.740 [INF] BTWL btcwallet.go:650: BTCWALLET: ConfirmedBalance called with confs=0, accountFilter=default
2025-09-16 09:40:46.740 [INF] BTWL btcwallet.go:650: BTCWALLET: ConfirmedBalance called with confs=1, accountFilter=default
2025-09-16 09:40:46.740 [DBG] RPCS rpcserver.go:3746: [walletbalance] Total balance=0 BTC (confirmed=0 BTC, unconfirmed=0 BTC, locked=0 BTC)
2025/09/16 09:40:47 ELECTRUM: GetBestBlock called
2025/09/16 09:40:47 ELECTRUM: Subscribing to headers to get current height
2025/09/16 09:40:47 ELECTRUM: Got current height 4663055 from headers subscription
2025/09/16 09:40:47 ELECTRUM: Returning hash 000000000003f1b494608768c05b80903f35d3aab2cd473370193a23cba4e966 for height 4663055 (from headers subscription)
2025/09/16 09:40:47 ELECTRUM: GetBlockHeader called for hash: 000000000003f1b494608768c05b80903f35d3aab2cd473370193a23cba4e966
2025/09/16 09:40:47 ELECTRUM: GetBestBlock called
2025/09/16 09:40:47 ELECTRUM: Subscribing to headers to get current height
2025/09/16 09:40:48 ELECTRUM: Got current height 4663055 from headers subscription
2025/09/16 09:40:48 ELECTRUM: Returning hash 000000000003f1b494608768c05b80903f35d3aab2cd473370193a23cba4e966 for height 4663055 (from headers subscription)
2025-09-16 09:40:48.378 [DBG] LTND lnd.go:727: Syncing to block chain rev=4d1c86 best_block_time="2025-09-16 09:40:50 -0400 EDT" is_synced=false
2025/09/16 09:40:49 ELECTRUM: GetBestBlock called
2025/09/16 09:40:49 ELECTRUM: Subscribing to headers to get current height
2025/09/16 09:40:49 ELECTRUM: GetBestBlock called
2025/09/16 09:40:49 ELECTRUM: Subscribing to headers to get current height
2025/09/16 09:40:49 ELECTRUM: Got current height 4663057 from headers subscription
2025/09/16 09:40:49 ELECTRUM: Returning hash 000000008c65091669cf29f881f1afa2c3a894933950939aeda11dd9c7503ed9 for height 4663057 (from headers subscription)
2025/09/16 09:40:49 ELECTRUM: Checking for new blocks - current: 4663057, last known: 4663044
2025/09/16 09:40:49 ELECTRUM: New block detected! Height: 4663057 (was 4663044)
2025/09/16 09:40:49 ELECTRUM: Sending block connected notification for height 4663057
2025/09/16 09:40:49 ELECTRUM: Block notification sent successfully for height 4663057
2025/09/16 09:40:49 ELECTRUM: Got current height 4663057 from headers subscription
2025/09/16 09:40:49 ELECTRUM: Returning hash 000000008c65091669cf29f881f1afa2c3a894933950939aeda11dd9c7503ed9 for height 4663057 (from headers subscription)
2025/09/16 09:40:49 ELECTRUM: GetBlockHeader called for hash: 000000008c65091669cf29f881f1afa2c3a894933950939aeda11dd9c7503ed9
2025/09/16 09:40:49 ELECTRUM: GetBestBlock called
2025/09/16 09:40:49 ELECTRUM: Subscribing to headers to get current height
2025/09/16 09:40:49 ELECTRUM: Got current height 4663057 from headers subscription
2025/09/16 09:40:49 ELECTRUM: Returning hash 000000008c65091669cf29f881f1afa2c3a894933950939aeda11dd9c7503ed9 for height 4663057 (from headers subscription)
2025-09-16 09:40:50.236 [DBG] LTND lnd.go:727: Syncing to block chain rev=4d1c86 best_block_time="2025-09-16 10:00:48 -0400 EDT" is_synced=false
2025/09/16 09:40:50 ELECTRUM: GetBestBlock called
2025/09/16 09:40:50 ELECTRUM: Subscribing to headers to get current height
2025/09/16 09:40:50 ELECTRUM: Got current height 4663057 from headers subscription
2025/09/16 09:40:50 ELECTRUM: Returning hash 000000008c65091669cf29f881f1afa2c3a894933950939aeda11dd9c7503ed9 for height 4663057 (from headers subscription)
2025/09/16 09:40:50 ELECTRUM: Checking for new blocks - current: 4663057, last known: 4663044
2025/09/16 09:40:50 ELECTRUM: New block detected! Height: 4663057 (was 4663044)
2025/09/16 09:40:50 ELECTRUM: Sending block connected notification for height 4663057
2025/09/16 09:40:50 ELECTRUM: Block notification sent successfully for height 4663057
2025/09/16 09:40:50 ELECTRUM: GetBestBlock called
2025/09/16 09:40:50 ELECTRUM: Subscribing to headers to get current height
2025/09/16 09:40:50 ELECTRUM: Got current height 4663057 from headers subscription
2025/09/16 09:40:50 ELECTRUM: Returning hash 000000008c65091669cf29f881f1afa2c3a894933950939aeda11dd9c7503ed9 for height 4663057 (from headers subscription)
2025/09/16 09:40:50 ELECTRUM: Checking for new blocks - current: 4663057, last known: 4663044
2025/09/16 09:40:50 ELECTRUM: New block detected! Height: 4663057 (was 4663044)
2025/09/16 09:40:50 ELECTRUM: Sending block connected notification for height 4663057
2025/09/16 09:40:50 ELECTRUM: Block notification sent successfully for height 4663057
2025/09/16 09:40:51 ELECTRUM: GetBestBlock called
2025/09/16 09:40:51 ELECTRUM: Subscribing to headers to get current height
2025/09/16 09:40:51 ELECTRUM: Got current height 4663058 from headers subscription
2025/09/16 09:40:51 ELECTRUM: Returning hash 000000000000122d04ee0b16ced0a6fac07b622048a4f5047dbf756806911f97 for height 4663058 (from headers subscription)
2025/09/16 09:40:51 ELECTRUM: GetBlockHeader called for hash: 000000000000122d04ee0b16ced0a6fac07b622048a4f5047dbf756806911f97
2025/09/16 09:40:51 ELECTRUM: GetBestBlock called
2025/09/16 09:40:51 ELECTRUM: Subscribing to headers to get current height
2025/09/16 09:40:51 ELECTRUM: Got current height 4663058 from headers subscription
2025/09/16 09:40:51 ELECTRUM: Returning hash 000000000000122d04ee0b16ced0a6fac07b622048a4f5047dbf756806911f97 for height 4663058 (from headers subscription)
2025-09-16 09:40:51.951 [DBG] LTND lnd.go:727: Syncing to block chain rev=4d1c86 best_block_time="2025-09-16 09:40:49 -0400 EDT" is_synced=false
2025/09/16 09:40:52 ELECTRUM: GetBestBlock called
2025/09/16 09:40:52 ELECTRUM: Subscribing to headers to get current height
2025/09/16 09:40:53 ELECTRUM: Got current height 4663059 from headers subscription
2025/09/16 09:40:53 ELECTRUM: Returning hash 00000000000007f62cec24fa3afad18724bc0685564f111c6b667e14c2e7b764 for height 4663059 (from headers subscription)
2025/09/16 09:40:53 ELECTRUM: GetBlockHeader called for hash: 00000000000007f62cec24fa3afad18724bc0685564f111c6b667e14c2e7b764
2025/09/16 09:40:53 ELECTRUM: GetBestBlock called
2025/09/16 09:40:53 ELECTRUM: Subscribing to headers to get current height
2025/09/16 09:40:53 ELECTRUM: Got current height 4663059 from headers subscription
2025/09/16 09:40:53 ELECTRUM: Returning hash 00000000000007f62cec24fa3afad18724bc0685564f111c6b667e14c2e7b764 for height 4663059 (from headers subscription)
2025-09-16 09:40:53.749 [DBG] LTND lnd.go:727: Syncing to block chain rev=4d1c86 best_block_time="2025-09-16 09:40:59 -0400 EDT" is_synced=false
2025/09/16 09:40:54 ELECTRUM: GetBestBlock called
2025/09/16 09:40:54 ELECTRUM: Subscribing to headers to get current height
2025/09/16 09:40:55 ELECTRUM: Got current height 4663060 from headers subscription
2025/09/16 09:40:55 ELECTRUM: Returning hash 000000000000098f711010cf4ed7620530200432738b51aeffdb1daa5b7f40ba for height 4663060 (from headers subscription)
2025/09/16 09:40:55 ELECTRUM: GetBlockHeader called for hash: 000000000000098f711010cf4ed7620530200432738b51aeffdb1daa5b7f40ba
2025/09/16 09:40:55 ELECTRUM: GetBestBlock called
2025/09/16 09:40:55 ELECTRUM: Subscribing to headers to get current height
2025/09/16 09:40:55 ELECTRUM: Got current height 4663060 from headers subscription
2025/09/16 09:40:55 ELECTRUM: Returning hash 000000000000098f711010cf4ed7620530200432738b51aeffdb1daa5b7f40ba for height 4663060 (from headers subscription)
2025-09-16 09:40:55.520 [DBG] LTND lnd.go:727: Syncing to block chain rev=4d1c86 best_block_time="2025-09-16 09:41:02 -0400 EDT" is_synced=false
2025/09/16 09:40:56 ELECTRUM: GetBestBlock called
2025/09/16 09:40:56 ELECTRUM: Subscribing to headers to get current height
2025/09/16 09:40:56 ELECTRUM: Got current height 4663060 from headers subscription
2025/09/16 09:40:56 ELECTRUM: Returning hash 000000000000098f711010cf4ed7620530200432738b51aeffdb1daa5b7f40ba for height 4663060 (from headers subscription)
2025/09/16 09:40:56 ELECTRUM: GetBlockHeader called for hash: 000000000000098f711010cf4ed7620530200432738b51aeffdb1daa5b7f40ba
2025/09/16 09:40:56 ELECTRUM: GetBestBlock called
2025/09/16 09:40:56 ELECTRUM: Subscribing to headers to get current height
2025/09/16 09:40:56 ELECTRUM: Got current height 4663060 from headers subscription
2025/09/16 09:40:56 ELECTRUM: Returning hash 000000000000098f711010cf4ed7620530200432738b51aeffdb1daa5b7f40ba for height 4663060 (from headers subscription)
2025-09-16 09:40:57.246 [DBG] LTND lnd.go:727: Syncing to block chain rev=4d1c86 best_block_time="2025-09-16 09:41:02 -0400 EDT" is_synced=false
2025/09/16 09:40:58 ELECTRUM: GetBestBlock called
2025/09/16 09:40:58 ELECTRUM: Subscribing to headers to get current height
2025/09/16 09:40:58 ELECTRUM: Got current height 4663060 from headers subscription
2025/09/16 09:40:58 ELECTRUM: Returning hash 000000000000098f711010cf4ed7620530200432738b51aeffdb1daa5b7f40ba for height 4663060 (from headers subscription)
2025/09/16 09:40:58 ELECTRUM: GetBlockHeader called for hash: 000000000000098f711010cf4ed7620530200432738b51aeffdb1daa5b7f40ba
2025/09/16 09:40:58 ELECTRUM: GetBestBlock called
2025/09/16 09:40:58 ELECTRUM: Subscribing to headers to get current height
2025/09/16 09:40:58 ELECTRUM: Got current height 4663060 from headers subscription
2025/09/16 09:40:58 ELECTRUM: Returning hash 000000000000098f711010cf4ed7620530200432738b51aeffdb1daa5b7f40ba for height 4663060 (from headers subscription)
2025-09-16 09:40:58.975 [DBG] LTND lnd.go:727: Syncing to block chain rev=4d1c86 best_block_time="2025-09-16 09:41:02 -0400 EDT" is_synced=false
2025/09/16 09:40:59 ELECTRUM: GetBestBlock called
2025/09/16 09:40:59 ELECTRUM: Subscribing to headers to get current height
2025/09/16 09:41:00 ELECTRUM: Got current height 4663061 from headers subscription
2025/09/16 09:41:00 ELECTRUM: Returning hash 000000000001f714ba36eec6365af78fb40969b26e343532aba9c72c570e0f68 for height 4663061 (from headers subscription)
2025/09/16 09:41:00 ELECTRUM: GetBlockHeader called for hash: 000000000001f714ba36eec6365af78fb40969b26e343532aba9c72c570e0f68
2025/09/16 09:41:00 ELECTRUM: GetBestBlock called
2025/09/16 09:41:00 ELECTRUM: Subscribing to headers to get current height
2025/09/16 09:41:00 ELECTRUM: Got current height 4663062 from headers subscription
2025/09/16 09:41:00 ELECTRUM: Returning hash 00000000000025a6fde861f78cceb66ff75f76df2eb5ad4083c97e0f32045f12 for height 4663062 (from headers subscription)
2025-09-16 09:41:00.933 [DBG] LTND lnd.go:727: Syncing to block chain rev=4d1c86 best_block_time="2025-09-16 09:41:08 -0400 EDT" is_synced=false
2025/09/16 09:41:01 ELECTRUM: GetBestBlock called
2025/09/16 09:41:01 ELECTRUM: Subscribing to headers to get current height
2025/09/16 09:41:02 ELECTRUM: Got current height 4663062 from headers subscription
2025/09/16 09:41:02 ELECTRUM: Returning hash 00000000000025a6fde861f78cceb66ff75f76df2eb5ad4083c97e0f32045f12 for height 4663062 (from headers subscription)
2025/09/16 09:41:02 ELECTRUM: GetBlockHeader called for hash: 00000000000025a6fde861f78cceb66ff75f76df2eb5ad4083c97e0f32045f12
2025/09/16 09:41:02 ELECTRUM: GetBestBlock called
2025/09/16 09:41:02 ELECTRUM: Subscribing to headers to get current height
2025/09/16 09:41:02 ELECTRUM: Got current height 4663062 from headers subscription
2025/09/16 09:41:02 ELECTRUM: Returning hash 00000000000025a6fde861f78cceb66ff75f76df2eb5ad4083c97e0f32045f12 for height 4663062 (from headers subscription)
2025-09-16 09:41:02.643 [DBG] LTND lnd.go:727: Syncing to block chain rev=4d1c86 best_block_time="2025-09-16 09:41:08 -0400 EDT" is_synced=false
2025/09/16 09:41:03 ELECTRUM: GetBestBlock called
2025/09/16 09:41:03 ELECTRUM: Subscribing to headers to get current height
2025/09/16 09:41:03 ELECTRUM: Got current height 4663062 from headers subscription
2025/09/16 09:41:03 ELECTRUM: Returning hash 00000000000025a6fde861f78cceb66ff75f76df2eb5ad4083c97e0f32045f12 for height 4663062 (from headers subscription)
2025/09/16 09:41:03 ELECTRUM: GetBlockHeader called for hash: 00000000000025a6fde861f78cceb66ff75f76df2eb5ad4083c97e0f32045f12
2025/09/16 09:41:03 ELECTRUM: GetBestBlock called
2025/09/16 09:41:03 ELECTRUM: Subscribing to headers to get current height
2025/09/16 09:41:04 ELECTRUM: Got current height 4663063 from headers subscription
2025/09/16 09:41:04 ELECTRUM: Returning hash 00000000000028676caa7a4f1005b1b339dc7eb091179c4441540689488cb545 for height 4663063 (from headers subscription)
2025-09-16 09:41:04.411 [DBG] LTND lnd.go:727: Syncing to block chain rev=4d1c86 best_block_time="2025-09-16 09:41:01 -0400 EDT" is_synced=false
2025/09/16 09:41:05 ELECTRUM: GetBestBlock called
2025/09/16 09:41:05 ELECTRUM: Subscribing to headers to get current height
2025/09/16 09:41:05 ELECTRUM: Got current height 4663063 from headers subscription
2025/09/16 09:41:05 ELECTRUM: Returning hash 00000000000028676caa7a4f1005b1b339dc7eb091179c4441540689488cb545 for height 4663063 (from headers subscription)
2025/09/16 09:41:05 ELECTRUM: GetBlockHeader called for hash: 00000000000028676caa7a4f1005b1b339dc7eb091179c4441540689488cb545
2025/09/16 09:41:05 ELECTRUM: GetBestBlock called
2025/09/16 09:41:05 ELECTRUM: Subscribing to headers to get current height
2025/09/16 09:41:05 ELECTRUM: Got current height 4663063 from headers subscription
2025/09/16 09:41:05 ELECTRUM: Returning hash 00000000000028676caa7a4f1005b1b339dc7eb091179c4441540689488cb545 for height 4663063 (from headers subscription)
2025-09-16 09:41:06.153 [DBG] LTND lnd.go:727: Syncing to block chain rev=4d1c86 best_block_time="2025-09-16 09:41:01 -0400 EDT" is_synced=false
2025/09/16 09:41:07 ELECTRUM: GetBestBlock called
2025/09/16 09:41:07 ELECTRUM: Subscribing to headers to get current height
2025/09/16 09:41:07 ELECTRUM: Got current height 4663063 from headers subscription
2025/09/16 09:41:07 ELECTRUM: Returning hash 00000000000028676caa7a4f1005b1b339dc7eb091179c4441540689488cb545 for height 4663063 (from headers subscription)
2025/09/16 09:41:07 ELECTRUM: GetBlockHeader called for hash: 00000000000028676caa7a4f1005b1b339dc7eb091179c4441540689488cb545
2025/09/16 09:41:07 ELECTRUM: GetBestBlock called
2025/09/16 09:41:07 ELECTRUM: Subscribing to headers to get current height
2025/09/16 09:41:07 ELECTRUM: Got current height 4663063 from headers subscription
2025/09/16 09:41:07 ELECTRUM: Returning hash 00000000000028676caa7a4f1005b1b339dc7eb091179c4441540689488cb545 for height 4663063 (from headers subscription)
2025-09-16 09:41:07.951 [DBG] LTND lnd.go:727: Syncing to block chain rev=4d1c86 best_block_time="2025-09-16 09:41:01 -0400 EDT" is_synced=false
2025/09/16 09:41:08 ELECTRUM: GetBestBlock called
2025/09/16 09:41:08 ELECTRUM: Subscribing to headers to get current height
2025/09/16 09:41:09 ELECTRUM: Got current height 4663063 from headers subscription
2025/09/16 09:41:09 ELECTRUM: Returning hash 00000000000028676caa7a4f1005b1b339dc7eb091179c4441540689488cb545 for height 4663063 (from headers subscription)
2025/09/16 09:41:09 ELECTRUM: GetBlockHeader called for hash: 00000000000028676caa7a4f1005b1b339dc7eb091179c4441540689488cb545
2025/09/16 09:41:09 ELECTRUM: GetBestBlock called
2025/09/16 09:41:09 ELECTRUM: Subscribing to headers to get current height
2025/09/16 09:41:09 ELECTRUM: Got current height 4663063 from headers subscription
2025/09/16 09:41:09 ELECTRUM: Returning hash 00000000000028676caa7a4f1005b1b339dc7eb091179c4441540689488cb545 for height 4663063 (from headers subscription)
2025-09-16 09:41:09.662 [DBG] LTND lnd.go:727: Syncing to block chain rev=4d1c86 best_block_time="2025-09-16 09:41:01 -0400 EDT" is_synced=false
2025/09/16 09:41:10 ELECTRUM: GetBestBlock called
2025/09/16 09:41:10 ELECTRUM: Subscribing to headers to get current height
2025/09/16 09:41:10 ELECTRUM: Got current height 4663064 from headers subscription
2025/09/16 09:41:10 ELECTRUM: Returning hash 000000000001300b3fe56a327e15c13f9bc2097fbbfae7fdeb7062d75f5db267 for height 4663064 (from headers subscription)
2025/09/16 09:41:10 ELECTRUM: GetBlockHeader called for hash: 000000000001300b3fe56a327e15c13f9bc2097fbbfae7fdeb7062d75f5db267
2025/09/16 09:41:10 ELECTRUM: GetBestBlock called
2025/09/16 09:41:10 ELECTRUM: Subscribing to headers to get current height
2025/09/16 09:41:11 ELECTRUM: Got current height 4663064 from headers subscription
2025/09/16 09:41:11 ELECTRUM: Returning hash 000000000001300b3fe56a327e15c13f9bc2097fbbfae7fdeb7062d75f5db267 for height 4663064 (from headers subscription)
2025-09-16 09:41:11.418 [DBG] LTND lnd.go:727: Syncing to block chain rev=4d1c86 best_block_time="2025-09-16 09:41:03 -0400 EDT" is_synced=false
2025/09/16 09:41:12 ELECTRUM: GetBestBlock called
2025/09/16 09:41:12 ELECTRUM: Subscribing to headers to get current height
2025/09/16 09:41:12 ELECTRUM: Got current height 4663065 from headers subscription
2025/09/16 09:41:12 ELECTRUM: Returning hash 0000000000002cf8da4f5ed852c90b5929ff72659631387bc99db4dd98fe3234 for height 4663065 (from headers subscription)
2025/09/16 09:41:12 ELECTRUM: GetBlockHeader called for hash: 0000000000002cf8da4f5ed852c90b5929ff72659631387bc99db4dd98fe3234
2025/09/16 09:41:12 ELECTRUM: GetBestBlock called
2025/09/16 09:41:12 ELECTRUM: Subscribing to headers to get current height
2025/09/16 09:41:12 ELECTRUM: Got current height 4663065 from headers subscription
2025/09/16 09:41:12 ELECTRUM: Returning hash 0000000000002cf8da4f5ed852c90b5929ff72659631387bc99db4dd98fe3234 for height 4663065 (from headers subscription)
2025-09-16 09:41:13.135 [DBG] LTND lnd.go:727: Syncing to block chain rev=4d1c86 best_block_time="2025-09-16 09:41:13 -0400 EDT" is_synced=false
2025/09/16 09:41:14 ELECTRUM: GetBestBlock called
2025/09/16 09:41:14 ELECTRUM: Subscribing to headers to get current height
2025/09/16 09:41:14 ELECTRUM: Got current height 4663066 from headers subscription
2025/09/16 09:41:14 ELECTRUM: Returning hash 0000000000005caefa256966eb3d6a9d3b119e18cda1e6880b7d9bac0385160b for height 4663066 (from headers subscription)
2025/09/16 09:41:14 ELECTRUM: GetBlockHeader called for hash: 0000000000005caefa256966eb3d6a9d3b119e18cda1e6880b7d9bac0385160b
2025/09/16 09:41:14 ELECTRUM: GetBestBlock called
2025/09/16 09:41:14 ELECTRUM: Subscribing to headers to get current height
2025/09/16 09:41:14 ELECTRUM: Got current height 4663066 from headers subscription
2025/09/16 09:41:14 ELECTRUM: Returning hash 0000000000005caefa256966eb3d6a9d3b119e18cda1e6880b7d9bac0385160b for height 4663066 (from headers subscription)
2025-09-16 09:41:14.844 [DBG] LTND lnd.go:727: Syncing to block chain rev=4d1c86 best_block_time="2025-09-16 09:41:18 -0400 EDT" is_synced=false
2025/09/16 09:41:15 ELECTRUM: GetBestBlock called
2025/09/16 09:41:15 ELECTRUM: Subscribing to headers to get current height
2025/09/16 09:41:16 ELECTRUM: Got current height 4663066 from headers subscription
2025/09/16 09:41:16 ELECTRUM: Returning hash 0000000000005caefa256966eb3d6a9d3b119e18cda1e6880b7d9bac0385160b for height 4663066 (from headers subscription)
2025/09/16 09:41:16 ELECTRUM: GetBlockHeader called for hash: 0000000000005caefa256966eb3d6a9d3b119e18cda1e6880b7d9bac0385160b
2025/09/16 09:41:16 ELECTRUM: GetBestBlock called
2025/09/16 09:41:16 ELECTRUM: Subscribing to headers to get current height
2025/09/16 09:41:16 ELECTRUM: Got current height 4663066 from headers subscription
2025/09/16 09:41:16 ELECTRUM: Returning hash 0000000000005caefa256966eb3d6a9d3b119e18cda1e6880b7d9bac0385160b for height 4663066 (from headers subscription)
2025-09-16 09:41:16.549 [DBG] LTND lnd.go:727: Syncing to block chain rev=4d1c86 best_block_time="2025-09-16 09:41:18 -0400 EDT" is_synced=false
2025/09/16 09:41:17 ELECTRUM: GetBestBlock called
2025/09/16 09:41:17 ELECTRUM: Subscribing to headers to get current height
2025/09/16 09:41:17 ELECTRUM: Got current height 4663067 from headers subscription
2025/09/16 09:41:17 ELECTRUM: Returning hash 000000000000349150d13db1a75c715e1d5743dd5f5a0ce8353a003312f2e596 for height 4663067 (from headers subscription)
2025/09/16 09:41:17 ELECTRUM: GetBlockHeader called for hash: 000000000000349150d13db1a75c715e1d5743dd5f5a0ce8353a003312f2e596
2025/09/16 09:41:17 ELECTRUM: GetBestBlock called
2025/09/16 09:41:17 ELECTRUM: Subscribing to headers to get current height
2025/09/16 09:41:18 ELECTRUM: Got current height 4663067 from headers subscription
2025/09/16 09:41:18 ELECTRUM: Returning hash 000000000000349150d13db1a75c715e1d5743dd5f5a0ce8353a003312f2e596 for height 4663067 (from headers subscription)
2025-09-16 09:41:18.290 [DBG] LTND lnd.go:727: Syncing to block chain rev=4d1c86 best_block_time="2025-09-16 09:41:23 -0400 EDT" is_synced=false
2025/09/16 09:41:19 ELECTRUM: GetBestBlock called
2025/09/16 09:41:19 ELECTRUM: Subscribing to headers to get current height
2025/09/16 09:41:19 ELECTRUM: GetBestBlock called
2025/09/16 09:41:19 ELECTRUM: Subscribing to headers to get current height
2025/09/16 09:41:19 ELECTRUM: Got current height 4663067 from headers subscription
2025/09/16 09:41:19 ELECTRUM: Returning hash 000000000000349150d13db1a75c715e1d5743dd5f5a0ce8353a003312f2e596 for height 4663067 (from headers subscription)
2025/09/16 09:41:19 ELECTRUM: Checking for new blocks - current: 4663067, last known: 4663057
2025/09/16 09:41:19 ELECTRUM: New block detected! Height: 4663067 (was 4663057)
2025/09/16 09:41:19 ELECTRUM: Sending block connected notification for height 4663067
2025/09/16 09:41:19 ELECTRUM: Block notification sent successfully for height 4663067
2025/09/16 09:41:19 ELECTRUM: Got current height 4663067 from headers subscription
2025/09/16 09:41:19 ELECTRUM: Returning hash 000000000000349150d13db1a75c715e1d5743dd5f5a0ce8353a003312f2e596 for height 4663067 (from headers subscription)
2025/09/16 09:41:19 ELECTRUM: GetBlockHeader called for hash: 000000000000349150d13db1a75c715e1d5743dd5f5a0ce8353a003312f2e596
2025/09/16 09:41:19 ELECTRUM: GetBestBlock called
2025/09/16 09:41:19 ELECTRUM: Subscribing to headers to get current height
2025/09/16 09:41:19 ELECTRUM: Got current height 4663067 from headers subscription
2025/09/16 09:41:19 ELECTRUM: Returning hash 000000000000349150d13db1a75c715e1d5743dd5f5a0ce8353a003312f2e596 for height 4663067 (from headers subscription)
2025-09-16 09:41:20.009 [DBG] LTND lnd.go:727: Syncing to block chain rev=4d1c86 best_block_time="2025-09-16 09:41:23 -0400 EDT" is_synced=false
2025/09/16 09:41:20 ELECTRUM: GetBestBlock called
2025/09/16 09:41:20 ELECTRUM: Subscribing to headers to get current height
2025/09/16 09:41:20 ELECTRUM: Got current height 4663068 from headers subscription
2025/09/16 09:41:20 ELECTRUM: Returning hash 0000000000004cde58fde65813245fca1346364f43e0e0a2253b7536b83ea10c for height 4663068 (from headers subscription)
2025/09/16 09:41:20 ELECTRUM: Checking for new blocks - current: 4663068, last known: 4663057
2025/09/16 09:41:20 ELECTRUM: New block detected! Height: 4663068 (was 4663057)
2025/09/16 09:41:20 ELECTRUM: Sending block connected notification for height 4663068
2025/09/16 09:41:20 ELECTRUM: Block notification sent successfully for height 4663068
2025/09/16 09:41:20 ELECTRUM: GetBestBlock called
2025/09/16 09:41:20 ELECTRUM: Subscribing to headers to get current height
2025/09/16 09:41:20 ELECTRUM: Got current height 4663069 from headers subscription
2025/09/16 09:41:20 ELECTRUM: Returning hash 0000000000000a9feaa1b8f3b70a261af58014770d49649a1af5aab045dd73e4 for height 4663069 (from headers subscription)
2025/09/16 09:41:20 ELECTRUM: Checking for new blocks - current: 4663069, last known: 4663057
2025/09/16 09:41:20 ELECTRUM: New block detected! Height: 4663069 (was 4663057)
2025/09/16 09:41:20 ELECTRUM: Sending block connected notification for height 4663069
2025/09/16 09:41:20 ELECTRUM: Block notification sent successfully for height 4663069
2025/09/16 09:41:21 ELECTRUM: GetBestBlock called
2025/09/16 09:41:21 ELECTRUM: Subscribing to headers to get current height
2025/09/16 09:41:21 ELECTRUM: Got current height 4663070 from headers subscription
2025/09/16 09:41:21 ELECTRUM: Returning hash 00000000397adcdf3795aac5f6f8eb2458b65cf934d825a544a861c4494d730e for height 4663070 (from headers subscription)
2025/09/16 09:41:21 ELECTRUM: GetBlockHeader called for hash: 00000000397adcdf3795aac5f6f8eb2458b65cf934d825a544a861c4494d730e
2025/09/16 09:41:21 ELECTRUM: GetBestBlock called
2025/09/16 09:41:21 ELECTRUM: Subscribing to headers to get current height
2025/09/16 09:41:21 ELECTRUM: Got current height 4663070 from headers subscription
2025/09/16 09:41:21 ELECTRUM: Returning hash 00000000397adcdf3795aac5f6f8eb2458b65cf934d825a544a861c4494d730e for height 4663070 (from headers subscription)
2025-09-16 09:41:21.819 [DBG] LTND lnd.go:727: Syncing to block chain rev=4d1c86 best_block_time="2025-09-16 10:01:21 -0400 EDT" is_synced=false
2025/09/16 09:41:22 ELECTRUM: GetBestBlock called
2025/09/16 09:41:22 ELECTRUM: Subscribing to headers to get current height
2025/09/16 09:41:23 ELECTRUM: Got current height 4663072 from headers subscription
2025/09/16 09:41:23 ELECTRUM: Returning hash 000000000002339b5aff8317c0c6542c2650840e9353bfd1e00a16c6616b6204 for height 4663072 (from headers subscription)
2025/09/16 09:41:23 ELECTRUM: GetBlockHeader called for hash: 000000000002339b5aff8317c0c6542c2650840e9353bfd1e00a16c6616b6204
2025/09/16 09:41:23 ELECTRUM: GetBestBlock called
2025/09/16 09:41:23 ELECTRUM: Subscribing to headers to get current height
2025/09/16 09:41:23 ELECTRUM: Got current height 4663072 from headers subscription
2025/09/16 09:41:23 ELECTRUM: Returning hash 000000000002339b5aff8317c0c6542c2650840e9353bfd1e00a16c6616b6204 for height 4663072 (from headers subscription)
2025-09-16 09:41:23.599 [DBG] LTND lnd.go:727: Syncing to block chain rev=4d1c86 best_block_time="2025-09-16 09:41:22 -0400 EDT" is_synced=false
2025/09/16 09:41:24 ELECTRUM: GetBestBlock called
2025/09/16 09:41:24 ELECTRUM: Subscribing to headers to get current height
2025/09/16 09:41:24 ELECTRUM: Got current height 4663074 from headers subscription
2025/09/16 09:41:24 ELECTRUM: Returning hash 0000000000003afebc51e15a052fa17f2193cadc4cbefeda932cd5e306397ba7 for height 4663074 (from headers subscription)
2025/09/16 09:41:24 ELECTRUM: GetBlockHeader called for hash: 0000000000003afebc51e15a052fa17f2193cadc4cbefeda932cd5e306397ba7
2025/09/16 09:41:24 ELECTRUM: GetBestBlock called
2025/09/16 09:41:24 ELECTRUM: Subscribing to headers to get current height
2025/09/16 09:41:25 ELECTRUM: Got current height 4663074 from headers subscription
2025/09/16 09:41:25 ELECTRUM: Returning hash 0000000000003afebc51e15a052fa17f2193cadc4cbefeda932cd5e306397ba7 for height 4663074 (from headers subscription)
2025-09-16 09:41:25.403 [DBG] LTND lnd.go:727: Syncing to block chain rev=4d1c86 best_block_time="2025-09-16 09:41:33 -0400 EDT" is_synced=false
2025/09/16 09:41:26 ELECTRUM: GetBestBlock called
2025/09/16 09:41:26 ELECTRUM: Subscribing to headers to get current height
2025/09/16 09:41:26 ELECTRUM: Got current height 4663075 from headers subscription
2025/09/16 09:41:26 ELECTRUM: Returning hash 00000000000022d0005a5292610ddb0b5264381ef090bfb42d38c7593ad9610d for height 4663075 (from headers subscription)
2025/09/16 09:41:26 ELECTRUM: GetBlockHeader called for hash: 00000000000022d0005a5292610ddb0b5264381ef090bfb42d38c7593ad9610d
2025/09/16 09:41:26 ELECTRUM: GetBestBlock called
2025/09/16 09:41:26 ELECTRUM: Subscribing to headers to get current height
2025/09/16 09:41:26 ELECTRUM: Got current height 4663075 from headers subscription
2025/09/16 09:41:26 ELECTRUM: Returning hash 00000000000022d0005a5292610ddb0b5264381ef090bfb42d38c7593ad9610d for height 4663075 (from headers subscription)
2025-09-16 09:41:27.183 [DBG] LTND lnd.go:727: Syncing to block chain rev=4d1c86 best_block_time="2025-09-16 09:41:33 -0400 EDT" is_synced=false
2025/09/16 09:41:28 ELECTRUM: GetBestBlock called
2025/09/16 09:41:28 ELECTRUM: Subscribing to headers to get current height
2025/09/16 09:41:28 ELECTRUM: Got current height 4663075 from headers subscription
2025/09/16 09:41:28 ELECTRUM: Returning hash 00000000000022d0005a5292610ddb0b5264381ef090bfb42d38c7593ad9610d for height 4663075 (from headers subscription)
2025/09/16 09:41:28 ELECTRUM: GetBlockHeader called for hash: 00000000000022d0005a5292610ddb0b5264381ef090bfb42d38c7593ad9610d
2025/09/16 09:41:28 ELECTRUM: GetBestBlock called
2025/09/16 09:41:28 ELECTRUM: Subscribing to headers to get current height
2025/09/16 09:41:28 ELECTRUM: Got current height 4663076 from headers subscription
2025/09/16 09:41:28 ELECTRUM: Returning hash 0000000000005ccb1636e2289cfd65dec8d6c875cbdc54c576003c1e14b98f6e for height 4663076 (from headers subscription)
2025-09-16 09:41:28.952 [DBG] LTND lnd.go:727: Syncing to block chain rev=4d1c86 best_block_time="2025-09-16 09:41:26 -0400 EDT" is_synced=false
2025/09/16 09:41:29 ELECTRUM: GetBestBlock called
2025/09/16 09:41:29 ELECTRUM: Subscribing to headers to get current height
2025/09/16 09:41:30 ELECTRUM: Got current height 4663076 from headers subscription
2025/09/16 09:41:30 ELECTRUM: Returning hash 0000000000005ccb1636e2289cfd65dec8d6c875cbdc54c576003c1e14b98f6e for height 4663076 (from headers subscription)
2025/09/16 09:41:30 ELECTRUM: GetBlockHeader called for hash: 0000000000005ccb1636e2289cfd65dec8d6c875cbdc54c576003c1e14b98f6e
2025/09/16 09:41:30 ELECTRUM: GetBestBlock called
2025/09/16 09:41:30 ELECTRUM: Subscribing to headers to get current height
2025/09/16 09:41:30 ELECTRUM: Got current height 4663076 from headers subscription
2025/09/16 09:41:30 ELECTRUM: Returning hash 0000000000005ccb1636e2289cfd65dec8d6c875cbdc54c576003c1e14b98f6e for height 4663076 (from headers subscription)
2025-09-16 09:41:30.835 [DBG] LTND lnd.go:727: Syncing to block chain rev=4d1c86 best_block_time="2025-09-16 09:41:26 -0400 EDT" is_synced=false
2025/09/16 09:41:31 ELECTRUM: GetBestBlock called
2025/09/16 09:41:31 ELECTRUM: Subscribing to headers to get current height
2025/09/16 09:41:32 ELECTRUM: Got current height 4663076 from headers subscription
2025/09/16 09:41:32 ELECTRUM: Returning hash 0000000000005ccb1636e2289cfd65dec8d6c875cbdc54c576003c1e14b98f6e for height 4663076 (from headers subscription)
2025/09/16 09:41:32 ELECTRUM: GetBlockHeader called for hash: 0000000000005ccb1636e2289cfd65dec8d6c875cbdc54c576003c1e14b98f6e
2025/09/16 09:41:32 ELECTRUM: GetBestBlock called
2025/09/16 09:41:32 ELECTRUM: Subscribing to headers to get current height
2025/09/16 09:41:32 ELECTRUM: Got current height 4663076 from headers subscription
2025/09/16 09:41:32 ELECTRUM: Returning hash 0000000000005ccb1636e2289cfd65dec8d6c875cbdc54c576003c1e14b98f6e for height 4663076 (from headers subscription)
2025-09-16 09:41:32.573 [DBG] LTND lnd.go:727: Syncing to block chain rev=4d1c86 best_block_time="2025-09-16 09:41:26 -0400 EDT" is_synced=false
2025/09/16 09:41:33 ELECTRUM: GetBestBlock called
2025/09/16 09:41:33 ELECTRUM: Subscribing to headers to get current height
2025/09/16 09:41:33 ELECTRUM: Got current height 4663077 from headers subscription
2025/09/16 09:41:33 ELECTRUM: Returning hash 000000000000073cbc661463229104e93c1db74af8a7fb72cb3435dc3eeeb8bc for height 4663077 (from headers subscription)
2025/09/16 09:41:33 ELECTRUM: GetBlockHeader called for hash: 000000000000073cbc661463229104e93c1db74af8a7fb72cb3435dc3eeeb8bc
2025/09/16 09:41:33 ELECTRUM: GetBestBlock called
2025/09/16 09:41:33 ELECTRUM: Subscribing to headers to get current height
2025/09/16 09:41:34 ELECTRUM: Got current height 4663077 from headers subscription
2025/09/16 09:41:34 ELECTRUM: Returning hash 000000000000073cbc661463229104e93c1db74af8a7fb72cb3435dc3eeeb8bc for height 4663077 (from headers subscription)
2025-09-16 09:41:34.282 [DBG] LTND lnd.go:727: Syncing to block chain rev=4d1c86 best_block_time="2025-09-16 09:41:28 -0400 EDT" is_synced=false
2025/09/16 09:41:35 ELECTRUM: GetBestBlock called
2025/09/16 09:41:35 ELECTRUM: Subscribing to headers to get current height
2025/09/16 09:41:35 ELECTRUM: Got current height 4663077 from headers subscription
2025/09/16 09:41:35 ELECTRUM: Returning hash 000000000000073cbc661463229104e93c1db74af8a7fb72cb3435dc3eeeb8bc for height 4663077 (from headers subscription)
2025/09/16 09:41:35 ELECTRUM: GetBlockHeader called for hash: 000000000000073cbc661463229104e93c1db74af8a7fb72cb3435dc3eeeb8bc
2025/09/16 09:41:35 ELECTRUM: GetBestBlock called
2025/09/16 09:41:35 ELECTRUM: Subscribing to headers to get current height
2025/09/16 09:41:35 ELECTRUM: Got current height 4663077 from headers subscription
2025/09/16 09:41:35 ELECTRUM: Returning hash 000000000000073cbc661463229104e93c1db74af8a7fb72cb3435dc3eeeb8bc for height 4663077 (from headers subscription)
2025-09-16 09:41:35.992 [DBG] LTND lnd.go:727: Syncing to block chain rev=4d1c86 best_block_time="2025-09-16 09:41:28 -0400 EDT" is_synced=false
2025/09/16 09:41:36 ELECTRUM: GetBestBlock called
2025/09/16 09:41:36 ELECTRUM: Subscribing to headers to get current height
2025/09/16 09:41:37 ELECTRUM: Got current height 4663077 from headers subscription
2025/09/16 09:41:37 ELECTRUM: Returning hash 000000000000073cbc661463229104e93c1db74af8a7fb72cb3435dc3eeeb8bc for height 4663077 (from headers subscription)
2025/09/16 09:41:37 ELECTRUM: GetBlockHeader called for hash: 000000000000073cbc661463229104e93c1db74af8a7fb72cb3435dc3eeeb8bc
2025/09/16 09:41:37 ELECTRUM: GetBestBlock called
2025/09/16 09:41:37 ELECTRUM: Subscribing to headers to get current height
2025/09/16 09:41:37 ELECTRUM: Got current height 4663077 from headers subscription
2025/09/16 09:41:37 ELECTRUM: Returning hash 000000000000073cbc661463229104e93c1db74af8a7fb72cb3435dc3eeeb8bc for height 4663077 (from headers subscription)
2025-09-16 09:41:37.724 [DBG] LTND lnd.go:727: Syncing to block chain rev=4d1c86 best_block_time="2025-09-16 09:41:28 -0400 EDT" is_synced=false
2025/09/16 09:41:38 ELECTRUM: GetBestBlock called
2025/09/16 09:41:38 ELECTRUM: Subscribing to headers to get current height
2025/09/16 09:41:38 ELECTRUM: Got current height 4663078 from headers subscription
2025/09/16 09:41:38 ELECTRUM: Returning hash 000000000000a994056898806644deee3ef1917d5279181035d59fce45ceae22 for height 4663078 (from headers subscription)
2025/09/16 09:41:38 ELECTRUM: GetBlockHeader called for hash: 000000000000a994056898806644deee3ef1917d5279181035d59fce45ceae22
2025/09/16 09:41:38 ELECTRUM: GetBestBlock called
2025/09/16 09:41:38 ELECTRUM: Subscribing to headers to get current height
2025/09/16 09:41:39 ELECTRUM: Got current height 4663078 from headers subscription
2025/09/16 09:41:39 ELECTRUM: Returning hash 000000000000a994056898806644deee3ef1917d5279181035d59fce45ceae22 for height 4663078 (from headers subscription)
2025-09-16 09:41:39.433 [DBG] LTND lnd.go:727: Syncing to block chain rev=4d1c86 best_block_time="2025-09-16 09:41:40 -0400 EDT" is_synced=false
2025/09/16 09:41:40 ELECTRUM: GetBestBlock called
2025/09/16 09:41:40 ELECTRUM: Subscribing to headers to get current height
2025/09/16 09:41:40 ELECTRUM: Got current height 4663079 from headers subscription
2025/09/16 09:41:40 ELECTRUM: Returning hash 000000000001a1f32861e3212695e0932d468daa5970bce4a57757994be13c4e for height 4663079 (from headers subscription)
2025/09/16 09:41:40 ELECTRUM: GetBlockHeader called for hash: 000000000001a1f32861e3212695e0932d468daa5970bce4a57757994be13c4e
2025/09/16 09:41:40 ELECTRUM: GetBestBlock called
2025/09/16 09:41:40 ELECTRUM: Subscribing to headers to get current height
2025/09/16 09:41:40 ELECTRUM: Got current height 4663079 from headers subscription
2025/09/16 09:41:40 ELECTRUM: Returning hash 000000000001a1f32861e3212695e0932d468daa5970bce4a57757994be13c4e for height 4663079 (from headers subscription)
2025-09-16 09:41:41.144 [DBG] LTND lnd.go:727: Syncing to block chain rev=4d1c86 best_block_time="2025-09-16 09:41:37 -0400 EDT" is_synced=false
2025/09/16 09:41:42 ELECTRUM: GetBestBlock called
2025/09/16 09:41:42 ELECTRUM: Subscribing to headers to get current height
2025/09/16 09:41:42 ELECTRUM: Got current height 4663080 from headers subscription
2025/09/16 09:41:42 ELECTRUM: Returning hash 00000000000313310c9f32454d99157cea70da58bb80980df9314319ce655dfe for height 4663080 (from headers subscription)
2025/09/16 09:41:42 ELECTRUM: GetBlockHeader called for hash: 00000000000313310c9f32454d99157cea70da58bb80980df9314319ce655dfe
2025/09/16 09:41:42 ELECTRUM: GetBestBlock called
2025/09/16 09:41:42 ELECTRUM: Subscribing to headers to get current height
2025/09/16 09:41:42 ELECTRUM: Got current height 4663080 from headers subscription
2025/09/16 09:41:42 ELECTRUM: Returning hash 00000000000313310c9f32454d99157cea70da58bb80980df9314319ce655dfe for height 4663080 (from headers subscription)
2025-09-16 09:41:42.917 [DBG] LTND lnd.go:727: Syncing to block chain rev=4d1c86 best_block_time="2025-09-16 09:41:40 -0400 EDT" is_synced=false
2025/09/16 09:41:43 ELECTRUM: GetBestBlock called
2025/09/16 09:41:43 ELECTRUM: Subscribing to headers to get current height
2025/09/16 09:41:44 ELECTRUM: Got current height 4663080 from headers subscription
2025/09/16 09:41:44 ELECTRUM: Returning hash 00000000000313310c9f32454d99157cea70da58bb80980df9314319ce655dfe for height 4663080 (from headers subscription)
2025/09/16 09:41:44 ELECTRUM: GetBlockHeader called for hash: 00000000000313310c9f32454d99157cea70da58bb80980df9314319ce655dfe
2025/09/16 09:41:44 ELECTRUM: GetBestBlock called
2025/09/16 09:41:44 ELECTRUM: Subscribing to headers to get current height
2025/09/16 09:41:44 ELECTRUM: Got current height 4663081 from headers subscription
2025/09/16 09:41:44 ELECTRUM: Returning hash 00000000000029b0d22d7f29f9f782629597770865dc1d7f2188e087422d8ded for height 4663081 (from headers subscription)
2025-09-16 09:41:44.765 [DBG] LTND lnd.go:727: Syncing to block chain rev=4d1c86 best_block_time="2025-09-16 09:41:42 -0400 EDT" is_synced=false
2025/09/16 09:41:45 ELECTRUM: GetBestBlock called
2025/09/16 09:41:45 ELECTRUM: Subscribing to headers to get current height
2025/09/16 09:41:46 ELECTRUM: Got current height 4663081 from headers subscription
2025/09/16 09:41:46 ELECTRUM: Returning hash 00000000000029b0d22d7f29f9f782629597770865dc1d7f2188e087422d8ded for height 4663081 (from headers subscription)
2025/09/16 09:41:46 ELECTRUM: GetBlockHeader called for hash: 00000000000029b0d22d7f29f9f782629597770865dc1d7f2188e087422d8ded
2025/09/16 09:41:46 ELECTRUM: GetBestBlock called
2025/09/16 09:41:46 ELECTRUM: Subscribing to headers to get current height
2025/09/16 09:41:46 ELECTRUM: Got current height 4663082 from headers subscription
2025/09/16 09:41:46 ELECTRUM: Returning hash 0000000000030328c747100dd6e226c23eea42a9cc6d4195fd454f40a0ab6da7 for height 4663082 (from headers subscription)
2025-09-16 09:41:46.566 [DBG] LTND lnd.go:727: Syncing to block chain rev=4d1c86 best_block_time="2025-09-16 09:41:52 -0400 EDT" is_synced=false
2025/09/16 09:41:47 ELECTRUM: GetBestBlock called
2025/09/16 09:41:47 ELECTRUM: Subscribing to headers to get current height
2025/09/16 09:41:47 ELECTRUM: Got current height 4663082 from headers subscription
2025/09/16 09:41:47 ELECTRUM: Returning hash 0000000000030328c747100dd6e226c23eea42a9cc6d4195fd454f40a0ab6da7 for height 4663082 (from headers subscription)
2025/09/16 09:41:47 ELECTRUM: GetBlockHeader called for hash: 0000000000030328c747100dd6e226c23eea42a9cc6d4195fd454f40a0ab6da7
2025/09/16 09:41:47 ELECTRUM: GetBestBlock called
2025/09/16 09:41:47 ELECTRUM: Subscribing to headers to get current height
2025/09/16 09:41:48 ELECTRUM: Got current height 4663082 from headers subscription
2025/09/16 09:41:48 ELECTRUM: Returning hash 0000000000030328c747100dd6e226c23eea42a9cc6d4195fd454f40a0ab6da7 for height 4663082 (from headers subscription)
2025-09-16 09:41:48.337 [DBG] LTND lnd.go:727: Syncing to block chain rev=4d1c86 best_block_time="2025-09-16 09:41:52 -0400 EDT" is_synced=false
2025/09/16 09:41:49 ELECTRUM: GetBestBlock called
2025/09/16 09:41:49 ELECTRUM: Subscribing to headers to get current height
2025/09/16 09:41:49 ELECTRUM: GetBestBlock called
2025/09/16 09:41:49 ELECTRUM: Subscribing to headers to get current height
2025/09/16 09:41:49 ELECTRUM: Got current height 4663082 from headers subscription
2025/09/16 09:41:49 ELECTRUM: Returning hash 0000000000030328c747100dd6e226c23eea42a9cc6d4195fd454f40a0ab6da7 for height 4663082 (from headers subscription)
2025/09/16 09:41:49 ELECTRUM: Checking for new blocks - current: 4663082, last known: 4663067
2025/09/16 09:41:49 ELECTRUM: New block detected! Height: 4663082 (was 4663067)
2025/09/16 09:41:49 ELECTRUM: Sending block connected notification for height 4663082
2025/09/16 09:41:49 ELECTRUM: Block notification sent successfully for height 4663082
2025/09/16 09:41:49 ELECTRUM: Got current height 4663082 from headers subscription
2025/09/16 09:41:49 ELECTRUM: Returning hash 0000000000030328c747100dd6e226c23eea42a9cc6d4195fd454f40a0ab6da7 for height 4663082 (from headers subscription)
2025/09/16 09:41:49 ELECTRUM: GetBlockHeader called for hash: 0000000000030328c747100dd6e226c23eea42a9cc6d4195fd454f40a0ab6da7
2025/09/16 09:41:49 ELECTRUM: GetBestBlock called
2025/09/16 09:41:49 ELECTRUM: Subscribing to headers to get current height
2025/09/16 09:41:49 ELECTRUM: Got current height 4663082 from headers subscription
2025/09/16 09:41:49 ELECTRUM: Returning hash 0000000000030328c747100dd6e226c23eea42a9cc6d4195fd454f40a0ab6da7 for height 4663082 (from headers subscription)
2025-09-16 09:41:50.185 [DBG] LTND lnd.go:727: Syncing to block chain rev=4d1c86 best_block_time="2025-09-16 09:41:52 -0400 EDT" is_synced=false
2025/09/16 09:41:50 ELECTRUM: GetBestBlock called
2025/09/16 09:41:50 ELECTRUM: Subscribing to headers to get current height
2025/09/16 09:41:50 ELECTRUM: Got current height 4663083 from headers subscription
2025/09/16 09:41:50 ELECTRUM: Returning hash 000000000000bfe1f693219cfc7422428f8accbf6f73d5bf6a346e6ab6fcdfc9 for height 4663083 (from headers subscription)
2025/09/16 09:41:50 ELECTRUM: Checking for new blocks - current: 4663083, last known: 4663068
2025/09/16 09:41:50 ELECTRUM: New block detected! Height: 4663083 (was 4663068)
2025/09/16 09:41:50 ELECTRUM: Sending block connected notification for height 4663083
2025/09/16 09:41:50 ELECTRUM: Block notification sent successfully for height 4663083
2025/09/16 09:41:50 ELECTRUM: GetBestBlock called
2025/09/16 09:41:50 ELECTRUM: Subscribing to headers to get current height
2025/09/16 09:41:50 ELECTRUM: Got current height 4663083 from headers subscription
2025/09/16 09:41:50 ELECTRUM: Returning hash 000000000000bfe1f693219cfc7422428f8accbf6f73d5bf6a346e6ab6fcdfc9 for height 4663083 (from headers subscription)
2025/09/16 09:41:50 ELECTRUM: Checking for new blocks - current: 4663083, last known: 4663069
2025/09/16 09:41:50 ELECTRUM: New block detected! Height: 4663083 (was 4663069)
2025/09/16 09:41:50 ELECTRUM: Sending block connected notification for height 4663083
2025/09/16 09:41:50 ELECTRUM: Block notification sent successfully for height 4663083
2025/09/16 09:41:51 ELECTRUM: GetBestBlock called
2025/09/16 09:41:51 ELECTRUM: Subscribing to headers to get current height
2025/09/16 09:41:51 ELECTRUM: Got current height 4663083 from headers subscription
2025/09/16 09:41:51 ELECTRUM: Returning hash 000000000000bfe1f693219cfc7422428f8accbf6f73d5bf6a346e6ab6fcdfc9 for height 4663083 (from headers subscription)
2025/09/16 09:41:51 ELECTRUM: GetBlockHeader called for hash: 000000000000bfe1f693219cfc7422428f8accbf6f73d5bf6a346e6ab6fcdfc9
2025/09/16 09:41:51 ELECTRUM: GetBestBlock called
2025/09/16 09:41:51 ELECTRUM: Subscribing to headers to get current height
2025/09/16 09:41:51 ELECTRUM: Got current height 4663083 from headers subscription
2025/09/16 09:41:51 ELECTRUM: Returning hash 000000000000bfe1f693219cfc7422428f8accbf6f73d5bf6a346e6ab6fcdfc9 for height 4663083 (from headers subscription)
2025-09-16 09:41:51.903 [DBG] LTND lnd.go:727: Syncing to block chain rev=4d1c86 best_block_time="2025-09-16 09:41:46 -0400 EDT" is_synced=false
2025/09/16 09:41:52 ELECTRUM: GetBestBlock called
2025/09/16 09:41:52 ELECTRUM: Subscribing to headers to get current height
2025/09/16 09:41:53 ELECTRUM: Got current height 4663084 from headers subscription
2025/09/16 09:41:53 ELECTRUM: Returning hash 000000000000329eb8fc3c61e186cf9006e07c3467d8de0f5a7f475ef7096c78 for height 4663084 (from headers subscription)
2025/09/16 09:41:53 ELECTRUM: GetBlockHeader called for hash: 000000000000329eb8fc3c61e186cf9006e07c3467d8de0f5a7f475ef7096c78
2025/09/16 09:41:53 ELECTRUM: GetBestBlock called
2025/09/16 09:41:53 ELECTRUM: Subscribing to headers to get current height
2025/09/16 09:41:53 ELECTRUM: Got current height 4663084 from headers subscription
2025/09/16 09:41:53 ELECTRUM: Returning hash 000000000000329eb8fc3c61e186cf9006e07c3467d8de0f5a7f475ef7096c78 for height 4663084 (from headers subscription)
2025-09-16 09:41:53.737 [DBG] LTND lnd.go:727: Syncing to block chain rev=4d1c86 best_block_time="2025-09-16 09:41:56 -0400 EDT" is_synced=false
2025/09/16 09:41:54 ELECTRUM: GetBestBlock called
2025/09/16 09:41:54 ELECTRUM: Subscribing to headers to get current height
2025/09/16 09:41:54 ELECTRUM: Got current height 4663085 from headers subscription
2025/09/16 09:41:54 ELECTRUM: Returning hash 0000000000033adf19cefb600f8f86336787b04d6716eb93c69b5b1826c54190 for height 4663085 (from headers subscription)
2025/09/16 09:41:54 ELECTRUM: GetBlockHeader called for hash: 0000000000033adf19cefb600f8f86336787b04d6716eb93c69b5b1826c54190
2025/09/16 09:41:54 ELECTRUM: GetBestBlock called
2025/09/16 09:41:54 ELECTRUM: Subscribing to headers to get current height
2025/09/16 09:41:55 ELECTRUM: Got current height 4663085 from headers subscription
2025/09/16 09:41:55 ELECTRUM: Returning hash 0000000000033adf19cefb600f8f86336787b04d6716eb93c69b5b1826c54190 for height 4663085 (from headers subscription)
2025-09-16 09:41:55.510 [DBG] LTND lnd.go:727: Syncing to block chain rev=4d1c86 best_block_time="2025-09-16 09:41:59 -0400 EDT" is_synced=false
2025/09/16 09:41:56 ELECTRUM: GetBestBlock called
2025/09/16 09:41:56 ELECTRUM: Subscribing to headers to get current height
2025/09/16 09:41:56 ELECTRUM: Got current height 4663085 from headers subscription
2025/09/16 09:41:56 ELECTRUM: Returning hash 0000000000033adf19cefb600f8f86336787b04d6716eb93c69b5b1826c54190 for height 4663085 (from headers subscription)
2025/09/16 09:41:56 ELECTRUM: GetBlockHeader called for hash: 0000000000033adf19cefb600f8f86336787b04d6716eb93c69b5b1826c54190
2025/09/16 09:41:56 ELECTRUM: GetBestBlock called
2025/09/16 09:41:56 ELECTRUM: Subscribing to headers to get current height
2025/09/16 09:41:56 ELECTRUM: Got current height 4663085 from headers subscription
2025/09/16 09:41:56 ELECTRUM: Returning hash 0000000000033adf19cefb600f8f86336787b04d6716eb93c69b5b1826c54190 for height 4663085 (from headers subscription)
2025-09-16 09:41:57.252 [DBG] LTND lnd.go:727: Syncing to block chain rev=4d1c86 best_block_time="2025-09-16 09:41:59 -0400 EDT" is_synced=false
2025/09/16 09:41:58 ELECTRUM: GetBestBlock called
2025/09/16 09:41:58 ELECTRUM: Subscribing to headers to get current height
2025/09/16 09:41:58 ELECTRUM: Got current height 4663086 from headers subscription
2025/09/16 09:41:58 ELECTRUM: Returning hash 000000000002e4f97037ad9216cd54b0e0e676b40a874061c20c2797e73f14f1 for height 4663086 (from headers subscription)
2025/09/16 09:41:58 ELECTRUM: GetBlockHeader called for hash: 000000000002e4f97037ad9216cd54b0e0e676b40a874061c20c2797e73f14f1
2025/09/16 09:41:58 ELECTRUM: GetBestBlock called
2025/09/16 09:41:58 ELECTRUM: Subscribing to headers to get current height
2025/09/16 09:41:58 ELECTRUM: Got current height 4663086 from headers subscription
2025/09/16 09:41:58 ELECTRUM: Returning hash 000000000002e4f97037ad9216cd54b0e0e676b40a874061c20c2797e73f14f1 for height 4663086 (from headers subscription)
2025-09-16 09:41:59.126 [DBG] LTND lnd.go:727: Syncing to block chain rev=4d1c86 best_block_time="2025-09-16 09:42:00 -0400 EDT" is_synced=false
2025/09/16 09:42:00 ELECTRUM: GetBestBlock called
2025/09/16 09:42:00 ELECTRUM: Subscribing to headers to get current height
2025-09-16 09:42:00.173 [DBG] RPCS interceptor.go:775: [/lnrpc.Lightning/WalletBalance] requested
2025-09-16 09:42:00.174 [INF] BTWL btcwallet.go:650: BTCWALLET: ConfirmedBalance called with confs=0, accountFilter=default
2025-09-16 09:42:00.174 [INF] BTWL btcwallet.go:650: BTCWALLET: ConfirmedBalance called with confs=1, accountFilter=default
2025-09-16 09:42:00.174 [DBG] RPCS rpcserver.go:3746: [walletbalance] Total balance=0 BTC (confirmed=0 BTC, unconfirmed=0 BTC, locked=0 BTC)
2025/09/16 09:42:00 ELECTRUM: Got current height 4663087 from headers subscription
2025/09/16 09:42:00 ELECTRUM: Returning hash 00000000000037889356e0aed8abea3d4dfbe70ff4447217bd701835319fa049 for height 4663087 (from headers subscription)
2025/09/16 09:42:00 ELECTRUM: GetBlockHeader called for hash: 00000000000037889356e0aed8abea3d4dfbe70ff4447217bd701835319fa049
2025/09/16 09:42:00 ELECTRUM: GetBestBlock called
2025/09/16 09:42:00 ELECTRUM: Subscribing to headers to get current height
2025/09/16 09:42:00 ELECTRUM: Got current height 4663087 from headers subscription
2025/09/16 09:42:00 ELECTRUM: Returning hash 00000000000037889356e0aed8abea3d4dfbe70ff4447217bd701835319fa049 for height 4663087 (from headers subscription)
2025-09-16 09:42:00.897 [DBG] LTND lnd.go:727: Syncing to block chain rev=4d1c86 best_block_time="2025-09-16 09:42:07 -0400 EDT" is_synced=false
2025/09/16 09:42:01 ELECTRUM: GetBestBlock called
2025/09/16 09:42:01 ELECTRUM: Subscribing to headers to get current height
2025/09/16 09:42:02 ELECTRUM: Got current height 4663088 from headers subscription
2025/09/16 09:42:02 ELECTRUM: Returning hash 00000000000052e8f54e0e3b06a7041c5cb4f5c2a434306f0cf8cc149f198ee9 for height 4663088 (from headers subscription)
2025/09/16 09:42:02 ELECTRUM: GetBlockHeader called for hash: 00000000000052e8f54e0e3b06a7041c5cb4f5c2a434306f0cf8cc149f198ee9
2025/09/16 09:42:02 ELECTRUM: GetBestBlock called
2025/09/16 09:42:02 ELECTRUM: Subscribing to headers to get current height
2025/09/16 09:42:02 ELECTRUM: Got current height 4663088 from headers subscription
2025/09/16 09:42:02 ELECTRUM: Returning hash 00000000000052e8f54e0e3b06a7041c5cb4f5c2a434306f0cf8cc149f198ee9 for height 4663088 (from headers subscription)
2025-09-16 09:42:02.711 [DBG] LTND lnd.go:727: Syncing to block chain rev=4d1c86 best_block_time="2025-09-16 09:41:58 -0400 EDT" is_synced=false
2025/09/16 09:42:03 ELECTRUM: GetBestBlock called
2025/09/16 09:42:03 ELECTRUM: Subscribing to headers to get current height
2025/09/16 09:42:03 ELECTRUM: Got current height 4663088 from headers subscription
2025/09/16 09:42:03 ELECTRUM: Returning hash 00000000000052e8f54e0e3b06a7041c5cb4f5c2a434306f0cf8cc149f198ee9 for height 4663088 (from headers subscription)
2025/09/16 09:42:03 ELECTRUM: GetBlockHeader called for hash: 00000000000052e8f54e0e3b06a7041c5cb4f5c2a434306f0cf8cc149f198ee9
2025/09/16 09:42:03 ELECTRUM: GetBestBlock called
2025/09/16 09:42:03 ELECTRUM: Subscribing to headers to get current height
2025/09/16 09:42:04 ELECTRUM: Got current height 4663088 from headers subscription
2025/09/16 09:42:04 ELECTRUM: Returning hash 00000000000052e8f54e0e3b06a7041c5cb4f5c2a434306f0cf8cc149f198ee9 for height 4663088 (from headers subscription)
2025-09-16 09:42:04.428 [DBG] LTND lnd.go:727: Syncing to block chain rev=4d1c86 best_block_time="2025-09-16 09:41:58 -0400 EDT" is_synced=false
2025/09/16 09:42:05 ELECTRUM: GetBestBlock called
2025/09/16 09:42:05 ELECTRUM: Subscribing to headers to get current height
2025/09/16 09:42:05 ELECTRUM: Got current height 4663088 from headers subscription
2025/09/16 09:42:05 ELECTRUM: Returning hash 00000000000052e8f54e0e3b06a7041c5cb4f5c2a434306f0cf8cc149f198ee9 for height 4663088 (from headers subscription)
2025/09/16 09:42:05 ELECTRUM: GetBlockHeader called for hash: 00000000000052e8f54e0e3b06a7041c5cb4f5c2a434306f0cf8cc149f198ee9
2025/09/16 09:42:05 ELECTRUM: GetBestBlock called
2025/09/16 09:42:05 ELECTRUM: Subscribing to headers to get current height
2025/09/16 09:42:06 ELECTRUM: Got current height 4663088 from headers subscription
2025/09/16 09:42:06 ELECTRUM: Returning hash 00000000000052e8f54e0e3b06a7041c5cb4f5c2a434306f0cf8cc149f198ee9 for height 4663088 (from headers subscription)
2025-09-16 09:42:06.300 [DBG] LTND lnd.go:727: Syncing to block chain rev=4d1c86 best_block_time="2025-09-16 09:41:58 -0400 EDT" is_synced=false
2025/09/16 09:42:07 ELECTRUM: GetBestBlock called
2025/09/16 09:42:07 ELECTRUM: Subscribing to headers to get current height
2025/09/16 09:42:07 ELECTRUM: Got current height 4663089 from headers subscription
2025/09/16 09:42:07 ELECTRUM: Returning hash 00000000000300b1696b8e2622378d4829116097be42861e206df584346c22f9 for height 4663089 (from headers subscription)
2025/09/16 09:42:07 ELECTRUM: GetBlockHeader called for hash: 00000000000300b1696b8e2622378d4829116097be42861e206df584346c22f9
2025/09/16 09:42:07 ELECTRUM: GetBestBlock called
2025/09/16 09:42:07 ELECTRUM: Subscribing to headers to get current height
2025/09/16 09:42:07 ELECTRUM: Got current height 4663089 from headers subscription
2025/09/16 09:42:07 ELECTRUM: Returning hash 00000000000300b1696b8e2622378d4829116097be42861e206df584346c22f9 for height 4663089 (from headers subscription)
2025-09-16 09:42:08.209 [DBG] LTND lnd.go:727: Syncing to block chain rev=4d1c86 best_block_time="2025-09-16 09:42:04 -0400 EDT" is_synced=false
2025/09/16 09:42:09 ELECTRUM: GetBestBlock called
2025/09/16 09:42:09 ELECTRUM: Subscribing to headers to get current height
2025/09/16 09:42:09 ELECTRUM: Got current height 4663089 from headers subscription
2025/09/16 09:42:09 ELECTRUM: Returning hash 00000000000300b1696b8e2622378d4829116097be42861e206df584346c22f9 for height 4663089 (from headers subscription)
2025/09/16 09:42:09 ELECTRUM: GetBlockHeader called for hash: 00000000000300b1696b8e2622378d4829116097be42861e206df584346c22f9
2025/09/16 09:42:09 ELECTRUM: GetBestBlock called
2025/09/16 09:42:09 ELECTRUM: Subscribing to headers to get current height
2025/09/16 09:42:09 ELECTRUM: Got current height 4663089 from headers subscription
2025/09/16 09:42:09 ELECTRUM: Returning hash 00000000000300b1696b8e2622378d4829116097be42861e206df584346c22f9 for height 4663089 (from headers subscription)
2025-09-16 09:42:09.982 [DBG] LTND lnd.go:727: Syncing to block chain rev=4d1c86 best_block_time="2025-09-16 09:42:04 -0400 EDT" is_synced=false
2025/09/16 09:42:10 ELECTRUM: GetBestBlock called
2025/09/16 09:42:10 ELECTRUM: Subscribing to headers to get current height
2025/09/16 09:42:11 ELECTRUM: Got current height 4663090 from headers subscription
2025/09/16 09:42:11 ELECTRUM: Returning hash 00000000000233a2c743bbdf5c7ad3e110a70710eb9f13d09fa481b823960786 for height 4663090 (from headers subscription)
2025/09/16 09:42:11 ELECTRUM: GetBlockHeader called for hash: 00000000000233a2c743bbdf5c7ad3e110a70710eb9f13d09fa481b823960786
2025/09/16 09:42:11 ELECTRUM: GetBestBlock called
2025/09/16 09:42:11 ELECTRUM: Subscribing to headers to get current height
2025/09/16 09:42:11 ELECTRUM: Got current height 4663090 from headers subscription
2025/09/16 09:42:11 ELECTRUM: Returning hash 00000000000233a2c743bbdf5c7ad3e110a70710eb9f13d09fa481b823960786 for height 4663090 (from headers subscription)
2025-09-16 09:42:11.747 [DBG] LTND lnd.go:727: Syncing to block chain rev=4d1c86 best_block_time="2025-09-16 09:42:11 -0400 EDT" is_synced=false
2025/09/16 09:42:12 ELECTRUM: GetBestBlock called
2025/09/16 09:42:12 ELECTRUM: Subscribing to headers to get current height
2025/09/16 09:42:12 ELECTRUM: Got current height 4663092 from headers subscription
2025/09/16 09:42:12 ELECTRUM: Returning hash 0000000000036c9c2e93b760239403908f21f89f331385a375742f1ceda1bb77 for height 4663092 (from headers subscription)
2025/09/16 09:42:12 ELECTRUM: GetBlockHeader called for hash: 0000000000036c9c2e93b760239403908f21f89f331385a375742f1ceda1bb77
2025/09/16 09:42:12 ELECTRUM: GetBestBlock called
2025/09/16 09:42:12 ELECTRUM: Subscribing to headers to get current height
2025/09/16 09:42:13 ELECTRUM: Got current height 4663092 from headers subscription
2025/09/16 09:42:13 ELECTRUM: Returning hash 0000000000036c9c2e93b760239403908f21f89f331385a375742f1ceda1bb77 for height 4663092 (from headers subscription)
2025-09-16 09:42:13.575 [DBG] LTND lnd.go:727: Syncing to block chain rev=4d1c86 best_block_time="2025-09-16 09:42:12 -0400 EDT" is_synced=false
2025/09/16 09:42:14 ELECTRUM: GetBestBlock called
2025/09/16 09:42:14 ELECTRUM: Subscribing to headers to get current height
2025/09/16 09:42:14 ELECTRUM: Got current height 4663092 from headers subscription
2025/09/16 09:42:14 ELECTRUM: Returning hash 0000000000036c9c2e93b760239403908f21f89f331385a375742f1ceda1bb77 for height 4663092 (from headers subscription)
2025/09/16 09:42:14 ELECTRUM: GetBlockHeader called for hash: 0000000000036c9c2e93b760239403908f21f89f331385a375742f1ceda1bb77
2025/09/16 09:42:14 ELECTRUM: GetBestBlock called
2025/09/16 09:42:14 ELECTRUM: Subscribing to headers to get current height
2025/09/16 09:42:15 ELECTRUM: Got current height 4663092 from headers subscription
2025/09/16 09:42:15 ELECTRUM: Returning hash 0000000000036c9c2e93b760239403908f21f89f331385a375742f1ceda1bb77 for height 4663092 (from headers subscription)
2025-09-16 09:42:15.294 [DBG] LTND lnd.go:727: Syncing to block chain rev=4d1c86 best_block_time="2025-09-16 09:42:12 -0400 EDT" is_synced=false
2025/09/16 09:42:16 ELECTRUM: GetBestBlock called
2025/09/16 09:42:16 ELECTRUM: Subscribing to headers to get current height
2025/09/16 09:42:16 ELECTRUM: Got current height 4663092 from headers subscription
2025/09/16 09:42:16 ELECTRUM: Returning hash 0000000000036c9c2e93b760239403908f21f89f331385a375742f1ceda1bb77 for height 4663092 (from headers subscription)
2025/09/16 09:42:16 ELECTRUM: GetBlockHeader called for hash: 0000000000036c9c2e93b760239403908f21f89f331385a375742f1ceda1bb77
2025/09/16 09:42:16 ELECTRUM: GetBestBlock called
2025/09/16 09:42:16 ELECTRUM: Subscribing to headers to get current height
2025/09/16 09:42:16 ELECTRUM: Got current height 4663092 from headers subscription
2025/09/16 09:42:16 ELECTRUM: Returning hash 0000000000036c9c2e93b760239403908f21f89f331385a375742f1ceda1bb77 for height 4663092 (from headers subscription)
2025-09-16 09:42:17.120 [DBG] LTND lnd.go:727: Syncing to block chain rev=4d1c86 best_block_time="2025-09-16 09:42:12 -0400 EDT" is_synced=false
2025/09/16 09:42:18 ELECTRUM: GetBestBlock called
2025/09/16 09:42:18 ELECTRUM: Subscribing to headers to get current height
2025/09/16 09:42:18 ELECTRUM: Got current height 4663093 from headers subscription
2025/09/16 09:42:18 ELECTRUM: Returning hash 00000000cef38b6afe7d1515e0379af81036638ccb7330f77e16056d97c25ac2 for height 4663093 (from headers subscription)
2025/09/16 09:42:18 ELECTRUM: GetBlockHeader called for hash: 00000000cef38b6afe7d1515e0379af81036638ccb7330f77e16056d97c25ac2
2025/09/16 09:42:18 ELECTRUM: GetBestBlock called
2025/09/16 09:42:18 ELECTRUM: Subscribing to headers to get current height
2025/09/16 09:42:18 ELECTRUM: Got current height 4663093 from headers subscription
2025/09/16 09:42:18 ELECTRUM: Returning hash 00000000cef38b6afe7d1515e0379af81036638ccb7330f77e16056d97c25ac2 for height 4663093 (from headers subscription)
2025-09-16 09:42:18.920 [DBG] LTND lnd.go:727: Syncing to block chain rev=4d1c86 best_block_time="2025-09-16 10:02:13 -0400 EDT" is_synced=false
2025/09/16 09:42:19 ELECTRUM: GetBestBlock called
2025/09/16 09:42:19 ELECTRUM: Subscribing to headers to get current height
2025/09/16 09:42:19 ELECTRUM: Got current height 4663093 from headers subscription
2025/09/16 09:42:19 ELECTRUM: Returning hash 00000000cef38b6afe7d1515e0379af81036638ccb7330f77e16056d97c25ac2 for height 4663093 (from headers subscription)
2025/09/16 09:42:19 ELECTRUM: Checking for new blocks - current: 4663093, last known: 4663082
2025/09/16 09:42:19 ELECTRUM: New block detected! Height: 4663093 (was 4663082)
2025/09/16 09:42:19 ELECTRUM: Sending block connected notification for height 4663093
2025/09/16 09:42:19 ELECTRUM: Block notification sent successfully for height 4663093
2025/09/16 09:42:19 ELECTRUM: GetBestBlock called
2025/09/16 09:42:19 ELECTRUM: Subscribing to headers to get current height
2025/09/16 09:42:20 ELECTRUM: Got current height 4663093 from headers subscription
2025/09/16 09:42:20 ELECTRUM: Returning hash 00000000cef38b6afe7d1515e0379af81036638ccb7330f77e16056d97c25ac2 for height 4663093 (from headers subscription)
2025/09/16 09:42:20 ELECTRUM: GetBlockHeader called for hash: 00000000cef38b6afe7d1515e0379af81036638ccb7330f77e16056d97c25ac2
2025/09/16 09:42:20 ELECTRUM: GetBestBlock called
2025/09/16 09:42:20 ELECTRUM: Subscribing to headers to get current height
2025/09/16 09:42:20 ELECTRUM: GetBestBlock called
2025/09/16 09:42:20 ELECTRUM: Subscribing to headers to get current height
2025/09/16 09:42:20 ELECTRUM: Got current height 4663093 from headers subscription
2025/09/16 09:42:20 ELECTRUM: Returning hash 00000000cef38b6afe7d1515e0379af81036638ccb7330f77e16056d97c25ac2 for height 4663093 (from headers subscription)
2025/09/16 09:42:20 ELECTRUM: GetBestBlock called
2025/09/16 09:42:20 ELECTRUM: Subscribing to headers to get current height
2025/09/16 09:42:20 ELECTRUM: Got current height 4663093 from headers subscription
2025-09-16 09:42:20.657 [DBG] LTND lnd.go:727: Syncing to block chain rev=4d1c86 best_block_time="2025-09-16 10:02:13 -0400 EDT" is_synced=false
2025/09/16 09:42:20 ELECTRUM: Returning hash 00000000cef38b6afe7d1515e0379af81036638ccb7330f77e16056d97c25ac2 for height 4663093 (from headers subscription)
2025/09/16 09:42:20 ELECTRUM: Checking for new blocks - current: 4663093, last known: 4663083
2025/09/16 09:42:20 ELECTRUM: New block detected! Height: 4663093 (was 4663083)
2025/09/16 09:42:20 ELECTRUM: Sending block connected notification for height 4663093
2025/09/16 09:42:20 ELECTRUM: Block notification sent successfully for height 4663093
2025/09/16 09:42:20 ELECTRUM: Got current height 4663093 from headers subscription
2025/09/16 09:42:20 ELECTRUM: Returning hash 00000000cef38b6afe7d1515e0379af81036638ccb7330f77e16056d97c25ac2 for height 4663093 (from headers subscription)
2025/09/16 09:42:20 ELECTRUM: Checking for new blocks - current: 4663093, last known: 4663083
2025/09/16 09:42:20 ELECTRUM: New block detected! Height: 4663093 (was 4663083)
2025/09/16 09:42:20 ELECTRUM: Sending block connected notification for height 4663093
2025/09/16 09:42:20 ELECTRUM: Block notification sent successfully for height 4663093
2025/09/16 09:42:21 ELECTRUM: GetBestBlock called
2025/09/16 09:42:21 ELECTRUM: Subscribing to headers to get current height
2025/09/16 09:42:21 ELECTRUM: Got current height 4663093 from headers subscription
2025/09/16 09:42:21 ELECTRUM: Returning hash 00000000cef38b6afe7d1515e0379af81036638ccb7330f77e16056d97c25ac2 for height 4663093 (from headers subscription)
2025/09/16 09:42:21 ELECTRUM: GetBlockHeader called for hash: 00000000cef38b6afe7d1515e0379af81036638ccb7330f77e16056d97c25ac2
2025/09/16 09:42:21 ELECTRUM: GetBestBlock called
2025/09/16 09:42:21 ELECTRUM: Subscribing to headers to get current height
2025/09/16 09:42:22 ELECTRUM: Got current height 4663093 from headers subscription
2025/09/16 09:42:22 ELECTRUM: Returning hash 00000000cef38b6afe7d1515e0379af81036638ccb7330f77e16056d97c25ac2 for height 4663093 (from headers subscription)
2025-09-16 09:42:22.404 [DBG] LTND lnd.go:727: Syncing to block chain rev=4d1c86 best_block_time="2025-09-16 10:02:13 -0400 EDT" is_synced=false
2025/09/16 09:42:23 ELECTRUM: GetBestBlock called
2025/09/16 09:42:23 ELECTRUM: Subscribing to headers to get current height
2025/09/16 09:42:23 ELECTRUM: Got current height 4663094 from headers subscription
2025/09/16 09:42:23 ELECTRUM: Returning hash 000000000001444609f9f361867f05b9da17b1e8708da00c1f2076bfa8504d5a for height 4663094 (from headers subscription)
2025/09/16 09:42:23 ELECTRUM: GetBlockHeader called for hash: 000000000001444609f9f361867f05b9da17b1e8708da00c1f2076bfa8504d5a
2025/09/16 09:42:23 ELECTRUM: GetBestBlock called
2025/09/16 09:42:23 ELECTRUM: Subscribing to headers to get current height
2025/09/16 09:42:23 ELECTRUM: Got current height 4663094 from headers subscription
2025/09/16 09:42:23 ELECTRUM: Returning hash 000000000001444609f9f361867f05b9da17b1e8708da00c1f2076bfa8504d5a for height 4663094 (from headers subscription)
2025-09-16 09:42:24.139 [DBG] LTND lnd.go:727: Syncing to block chain rev=4d1c86 best_block_time="2025-09-16 09:42:16 -0400 EDT" is_synced=false
2025/09/16 09:42:25 ELECTRUM: GetBestBlock called
2025/09/16 09:42:25 ELECTRUM: Subscribing to headers to get current height
2025/09/16 09:42:25 ELECTRUM: Got current height 4663095 from headers subscription
2025/09/16 09:42:25 ELECTRUM: Returning hash 0000000015aa3c03d505850fe83b138a37f912d1bdc4dbaccef2ed7fd45608cd for height 4663095 (from headers subscription)
2025/09/16 09:42:25 ELECTRUM: GetBlockHeader called for hash: 0000000015aa3c03d505850fe83b138a37f912d1bdc4dbaccef2ed7fd45608cd
2025/09/16 09:42:25 ELECTRUM: GetBestBlock called
2025/09/16 09:42:25 ELECTRUM: Subscribing to headers to get current height
2025/09/16 09:42:25 ELECTRUM: Got current height 4663095 from headers subscription
2025/09/16 09:42:25 ELECTRUM: Returning hash 0000000015aa3c03d505850fe83b138a37f912d1bdc4dbaccef2ed7fd45608cd for height 4663095 (from headers subscription)
2025-09-16 09:42:26.023 [DBG] LTND lnd.go:727: Syncing to block chain rev=4d1c86 best_block_time="2025-09-16 10:02:17 -0400 EDT" is_synced=false
2025/09/16 09:42:27 ELECTRUM: GetBestBlock called
2025/09/16 09:42:27 ELECTRUM: Subscribing to headers to get current height
2025/09/16 09:42:27 ELECTRUM: Got current height 4663095 from headers subscription
2025/09/16 09:42:27 ELECTRUM: Returning hash 0000000015aa3c03d505850fe83b138a37f912d1bdc4dbaccef2ed7fd45608cd for height 4663095 (from headers subscription)
2025/09/16 09:42:27 ELECTRUM: GetBlockHeader called for hash: 0000000015aa3c03d505850fe83b138a37f912d1bdc4dbaccef2ed7fd45608cd
2025/09/16 09:42:27 ELECTRUM: GetBestBlock called
2025/09/16 09:42:27 ELECTRUM: Subscribing to headers to get current height
2025/09/16 09:42:27 ELECTRUM: Got current height 4663095 from headers subscription
2025/09/16 09:42:27 ELECTRUM: Returning hash 0000000015aa3c03d505850fe83b138a37f912d1bdc4dbaccef2ed7fd45608cd for height 4663095 (from headers subscription)
2025-09-16 09:42:27.868 [DBG] LTND lnd.go:727: Syncing to block chain rev=4d1c86 best_block_time="2025-09-16 10:02:17 -0400 EDT" is_synced=false
2025/09/16 09:42:28 ELECTRUM: GetBestBlock called
2025/09/16 09:42:28 ELECTRUM: Subscribing to headers to get current height
2025/09/16 09:42:29 ELECTRUM: Got current height 4663095 from headers subscription
2025/09/16 09:42:29 ELECTRUM: Returning hash 0000000015aa3c03d505850fe83b138a37f912d1bdc4dbaccef2ed7fd45608cd for height 4663095 (from headers subscription)
2025/09/16 09:42:29 ELECTRUM: GetBlockHeader called for hash: 0000000015aa3c03d505850fe83b138a37f912d1bdc4dbaccef2ed7fd45608cd
2025/09/16 09:42:29 ELECTRUM: GetBestBlock called
2025/09/16 09:42:29 ELECTRUM: Subscribing to headers to get current height
2025/09/16 09:42:29 ELECTRUM: Got current height 4663095 from headers subscription
2025/09/16 09:42:29 ELECTRUM: Returning hash 0000000015aa3c03d505850fe83b138a37f912d1bdc4dbaccef2ed7fd45608cd for height 4663095 (from headers subscription)
2025-09-16 09:42:29.711 [DBG] LTND lnd.go:727: Syncing to block chain rev=4d1c86 best_block_time="2025-09-16 10:02:17 -0400 EDT" is_synced=false
2025/09/16 09:42:30 ELECTRUM: GetBestBlock called
2025/09/16 09:42:30 ELECTRUM: Subscribing to headers to get current height
2025/09/16 09:42:31 ELECTRUM: Got current height 4663096 from headers subscription
2025/09/16 09:42:31 ELECTRUM: Returning hash 0000000000024ea60e748b253628b20e1f27085cf143309cd70413be9baf69e8 for height 4663096 (from headers subscription)
2025/09/16 09:42:31 ELECTRUM: GetBlockHeader called for hash: 0000000000024ea60e748b253628b20e1f27085cf143309cd70413be9baf69e8
2025/09/16 09:42:31 ELECTRUM: GetBestBlock called
2025/09/16 09:42:31 ELECTRUM: Subscribing to headers to get current height
2025/09/16 09:42:31 ELECTRUM: Got current height 4663096 from headers subscription
2025/09/16 09:42:31 ELECTRUM: Returning hash 0000000000024ea60e748b253628b20e1f27085cf143309cd70413be9baf69e8 for height 4663096 (from headers subscription)
2025-09-16 09:42:31.586 [DBG] LTND lnd.go:727: Syncing to block chain rev=4d1c86 best_block_time="2025-09-16 09:42:32 -0400 EDT" is_synced=false
2025/09/16 09:42:32 ELECTRUM: GetBestBlock called
2025/09/16 09:42:32 ELECTRUM: Subscribing to headers to get current height
2025/09/16 09:42:32 ELECTRUM: Got current height 4663096 from headers subscription
2025/09/16 09:42:32 ELECTRUM: Returning hash 0000000000024ea60e748b253628b20e1f27085cf143309cd70413be9baf69e8 for height 4663096 (from headers subscription)
2025/09/16 09:42:32 ELECTRUM: GetBlockHeader called for hash: 0000000000024ea60e748b253628b20e1f27085cf143309cd70413be9baf69e8
2025/09/16 09:42:32 ELECTRUM: GetBestBlock called
2025/09/16 09:42:32 ELECTRUM: Subscribing to headers to get current height
2025/09/16 09:42:33 ELECTRUM: Got current height 4663097 from headers subscription
2025/09/16 09:42:33 ELECTRUM: Returning hash 0000000000038605137e9b7df25fa9d94bb85944e9f9595c26337c428011380f for height 4663097 (from headers subscription)
2025-09-16 09:42:33.399 [DBG] LTND lnd.go:727: Syncing to block chain rev=4d1c86 best_block_time="2025-09-16 09:42:36 -0400 EDT" is_synced=false
2025/09/16 09:42:34 ELECTRUM: GetBestBlock called
2025/09/16 09:42:34 ELECTRUM: Subscribing to headers to get current height
2025/09/16 09:42:34 ELECTRUM: Got current height 4663097 from headers subscription
2025/09/16 09:42:34 ELECTRUM: Returning hash 0000000000038605137e9b7df25fa9d94bb85944e9f9595c26337c428011380f for height 4663097 (from headers subscription)
2025/09/16 09:42:34 ELECTRUM: GetBlockHeader called for hash: 0000000000038605137e9b7df25fa9d94bb85944e9f9595c26337c428011380f
2025/09/16 09:42:34 ELECTRUM: GetBestBlock called
2025/09/16 09:42:34 ELECTRUM: Subscribing to headers to get current height
2025/09/16 09:42:34 ELECTRUM: Got current height 4663097 from headers subscription
2025/09/16 09:42:34 ELECTRUM: Returning hash 0000000000038605137e9b7df25fa9d94bb85944e9f9595c26337c428011380f for height 4663097 (from headers subscription)
2025-09-16 09:42:35.178 [DBG] LTND lnd.go:727: Syncing to block chain rev=4d1c86 best_block_time="2025-09-16 09:42:36 -0400 EDT" is_synced=false
2025/09/16 09:42:36 ELECTRUM: GetBestBlock called
2025/09/16 09:42:36 ELECTRUM: Subscribing to headers to get current height
2025/09/16 09:42:36 ELECTRUM: Got current height 4663098 from headers subscription
2025/09/16 09:42:36 ELECTRUM: Returning hash 000000007c9e3dbf5c85699111b9619168ef203af94dd64186eda4891aaeba90 for height 4663098 (from headers subscription)
2025/09/16 09:42:36 ELECTRUM: GetBlockHeader called for hash: 000000007c9e3dbf5c85699111b9619168ef203af94dd64186eda4891aaeba90
2025/09/16 09:42:36 ELECTRUM: GetBestBlock called
2025/09/16 09:42:36 ELECTRUM: Subscribing to headers to get current height
2025/09/16 09:42:36 ELECTRUM: Got current height 4663098 from headers subscription
2025/09/16 09:42:36 ELECTRUM: Returning hash 000000007c9e3dbf5c85699111b9619168ef203af94dd64186eda4891aaeba90 for height 4663098 (from headers subscription)
2025-09-16 09:42:36.912 [DBG] LTND lnd.go:727: Syncing to block chain rev=4d1c86 best_block_time="2025-09-16 10:02:37 -0400 EDT" is_synced=false
2025/09/16 09:42:37 ELECTRUM: GetBestBlock called
2025/09/16 09:42:37 ELECTRUM: Subscribing to headers to get current height
2025/09/16 09:42:38 ELECTRUM: Got current height 4663099 from headers subscription
2025/09/16 09:42:38 ELECTRUM: Returning hash 000000000001a65d18fd304e384e9591d168d2475be5686d6eb94eb411bda6e8 for height 4663099 (from headers subscription)
2025/09/16 09:42:38 ELECTRUM: GetBlockHeader called for hash: 000000000001a65d18fd304e384e9591d168d2475be5686d6eb94eb411bda6e8
2025/09/16 09:42:38 ELECTRUM: GetBestBlock called
2025/09/16 09:42:38 ELECTRUM: Subscribing to headers to get current height
2025/09/16 09:42:38 ELECTRUM: Got current height 4663099 from headers subscription
2025/09/16 09:42:38 ELECTRUM: Returning hash 000000000001a65d18fd304e384e9591d168d2475be5686d6eb94eb411bda6e8 for height 4663099 (from headers subscription)
2025-09-16 09:42:38.687 [DBG] LTND lnd.go:727: Syncing to block chain rev=4d1c86 best_block_time="2025-09-16 09:42:35 -0400 EDT" is_synced=false
2025/09/16 09:42:39 ELECTRUM: GetBestBlock called
2025/09/16 09:42:39 ELECTRUM: Subscribing to headers to get current height
2025/09/16 09:42:39 ELECTRUM: Got current height 4663099 from headers subscription
2025/09/16 09:42:39 ELECTRUM: Returning hash 000000000001a65d18fd304e384e9591d168d2475be5686d6eb94eb411bda6e8 for height 4663099 (from headers subscription)
2025/09/16 09:42:39 ELECTRUM: GetBlockHeader called for hash: 000000000001a65d18fd304e384e9591d168d2475be5686d6eb94eb411bda6e8
2025/09/16 09:42:39 ELECTRUM: GetBestBlock called
2025/09/16 09:42:39 ELECTRUM: Subscribing to headers to get current height
2025/09/16 09:42:40 ELECTRUM: Got current height 4663100 from headers subscription
2025/09/16 09:42:40 ELECTRUM: Returning hash 00000000000339e28ce7930cc0d98acaa89ca6e4acb0d82cff88ca4070e8d0ff for height 4663100 (from headers subscription)
2025-09-16 09:42:40.402 [DBG] LTND lnd.go:727: Syncing to block chain rev=4d1c86 best_block_time="2025-09-16 09:42:36 -0400 EDT" is_synced=false
2025/09/16 09:42:41 ELECTRUM: GetBestBlock called
2025/09/16 09:42:41 ELECTRUM: Subscribing to headers to get current height
2025/09/16 09:42:41 ELECTRUM: Got current height 4663100 from headers subscription
2025/09/16 09:42:41 ELECTRUM: Returning hash 00000000000339e28ce7930cc0d98acaa89ca6e4acb0d82cff88ca4070e8d0ff for height 4663100 (from headers subscription)
2025/09/16 09:42:41 ELECTRUM: GetBlockHeader called for hash: 00000000000339e28ce7930cc0d98acaa89ca6e4acb0d82cff88ca4070e8d0ff
2025/09/16 09:42:41 ELECTRUM: GetBestBlock called
2025/09/16 09:42:41 ELECTRUM: Subscribing to headers to get current height
2025/09/16 09:42:41 ELECTRUM: Got current height 4663100 from headers subscription
2025/09/16 09:42:41 ELECTRUM: Returning hash 00000000000339e28ce7930cc0d98acaa89ca6e4acb0d82cff88ca4070e8d0ff for height 4663100 (from headers subscription)
2025-09-16 09:42:42.110 [DBG] LTND lnd.go:727: Syncing to block chain rev=4d1c86 best_block_time="2025-09-16 09:42:36 -0400 EDT" is_synced=false
2025/09/16 09:42:43 ELECTRUM: GetBestBlock called
2025/09/16 09:42:43 ELECTRUM: Subscribing to headers to get current height
2025/09/16 09:42:43 ELECTRUM: Got current height 4663101 from headers subscription
2025/09/16 09:42:43 ELECTRUM: Returning hash 00000000000347eda8534a65072784b8def666237b9981b4e45dbd6a7f0bcf55 for height 4663101 (from headers subscription)
2025/09/16 09:42:43 ELECTRUM: GetBlockHeader called for hash: 00000000000347eda8534a65072784b8def666237b9981b4e45dbd6a7f0bcf55
2025/09/16 09:42:43 ELECTRUM: GetBestBlock called
2025/09/16 09:42:43 ELECTRUM: Subscribing to headers to get current height
2025/09/16 09:42:43 ELECTRUM: Got current height 4663101 from headers subscription
2025/09/16 09:42:43 ELECTRUM: Returning hash 00000000000347eda8534a65072784b8def666237b9981b4e45dbd6a7f0bcf55 for height 4663101 (from headers subscription)
2025-09-16 09:42:43.961 [DBG] LTND lnd.go:727: Syncing to block chain rev=4d1c86 best_block_time="2025-09-16 09:42:39 -0400 EDT" is_synced=false
2025/09/16 09:42:44 ELECTRUM: GetBestBlock called
2025/09/16 09:42:44 ELECTRUM: Subscribing to headers to get current height
2025/09/16 09:42:45 ELECTRUM: Got current height 4663102 from headers subscription
2025/09/16 09:42:45 ELECTRUM: Returning hash 0000000000002f9679e1b4bb7769e157cb27f64313023ccb48b1fee98d65c6af for height 4663102 (from headers subscription)
2025/09/16 09:42:45 ELECTRUM: GetBlockHeader called for hash: 0000000000002f9679e1b4bb7769e157cb27f64313023ccb48b1fee98d65c6af
2025/09/16 09:42:45 ELECTRUM: GetBestBlock called
2025/09/16 09:42:45 ELECTRUM: Subscribing to headers to get current height
2025/09/16 09:42:45 ELECTRUM: Got current height 4663103 from headers subscription
2025/09/16 09:42:45 ELECTRUM: Returning hash 000000000002a105ca53f30614d4920f4c8d15b4cf126cfa71093fa151ebd9e2 for height 4663103 (from headers subscription)
2025-09-16 09:42:45.788 [DBG] LTND lnd.go:727: Syncing to block chain rev=4d1c86 best_block_time="2025-09-16 09:42:52 -0400 EDT" is_synced=false
2025/09/16 09:42:46 ELECTRUM: GetBestBlock called
2025/09/16 09:42:46 ELECTRUM: Subscribing to headers to get current height
2025/09/16 09:42:47 ELECTRUM: Got current height 4663104 from headers subscription
2025/09/16 09:42:47 ELECTRUM: Returning hash 0000000000002dd2cd6eb94ecfc1247351c59bbeceb18a0f292c27870dc5b115 for height 4663104 (from headers subscription)
2025/09/16 09:42:47 ELECTRUM: GetBlockHeader called for hash: 0000000000002dd2cd6eb94ecfc1247351c59bbeceb18a0f292c27870dc5b115
2025/09/16 09:42:47 ELECTRUM: GetBestBlock called
2025/09/16 09:42:47 ELECTRUM: Subscribing to headers to get current height
2025/09/16 09:42:47 ELECTRUM: Got current height 4663104 from headers subscription
2025/09/16 09:42:47 ELECTRUM: Returning hash 0000000000002dd2cd6eb94ecfc1247351c59bbeceb18a0f292c27870dc5b115 for height 4663104 (from headers subscription)
2025-09-16 09:42:47.529 [DBG] LTND lnd.go:727: Syncing to block chain rev=4d1c86 best_block_time="2025-09-16 09:42:52 -0400 EDT" is_synced=false
2025/09/16 09:42:48 ELECTRUM: GetBestBlock called
2025/09/16 09:42:48 ELECTRUM: Subscribing to headers to get current height
2025/09/16 09:42:48 ELECTRUM: Got current height 4663106 from headers subscription
2025/09/16 09:42:48 ELECTRUM: Returning hash 000000000003ee35637acf2225d5570ab5ff0b08ee96e4a0504e6e22da7302ad for height 4663106 (from headers subscription)
2025/09/16 09:42:48 ELECTRUM: GetBlockHeader called for hash: 000000000003ee35637acf2225d5570ab5ff0b08ee96e4a0504e6e22da7302ad
2025/09/16 09:42:48 ELECTRUM: GetBestBlock called
2025/09/16 09:42:48 ELECTRUM: Subscribing to headers to get current height
2025/09/16 09:42:49 ELECTRUM: Got current height 4663106 from headers subscription
2025/09/16 09:42:49 ELECTRUM: Returning hash 000000000003ee35637acf2225d5570ab5ff0b08ee96e4a0504e6e22da7302ad for height 4663106 (from headers subscription)
2025/09/16 09:42:49 ELECTRUM: GetBestBlock called
2025/09/16 09:42:49 ELECTRUM: Subscribing to headers to get current height
2025-09-16 09:42:49.242 [DBG] LTND lnd.go:727: Syncing to block chain rev=4d1c86 best_block_time="2025-09-16 09:42:48 -0400 EDT" is_synced=false
2025/09/16 09:42:49 ELECTRUM: Got current height 4663107 from headers subscription
2025/09/16 09:42:49 ELECTRUM: Returning hash 00000000000253a96130b3fe62e0ab9e8f83a2be2e24d3fae5cd46f6d9927424 for height 4663107 (from headers subscription)
2025/09/16 09:42:49 ELECTRUM: Checking for new blocks - current: 4663107, last known: 4663093
2025/09/16 09:42:49 ELECTRUM: New block detected! Height: 4663107 (was 4663093)
2025/09/16 09:42:49 ELECTRUM: Sending block connected notification for height 4663107
2025/09/16 09:42:49 ELECTRUM: Block notification sent successfully for height 4663107
2025/09/16 09:42:50 ELECTRUM: GetBestBlock called
2025/09/16 09:42:50 ELECTRUM: Subscribing to headers to get current height
2025/09/16 09:42:50 ELECTRUM: GetBestBlock called
2025/09/16 09:42:50 ELECTRUM: Subscribing to headers to get current height
2025/09/16 09:42:50 ELECTRUM: Got current height 4663107 from headers subscription
2025/09/16 09:42:50 ELECTRUM: Returning hash 00000000000253a96130b3fe62e0ab9e8f83a2be2e24d3fae5cd46f6d9927424 for height 4663107 (from headers subscription)
2025/09/16 09:42:50 ELECTRUM: GetBlockHeader called for hash: 00000000000253a96130b3fe62e0ab9e8f83a2be2e24d3fae5cd46f6d9927424
2025/09/16 09:42:50 ELECTRUM: GetBestBlock called
2025/09/16 09:42:50 ELECTRUM: Subscribing to headers to get current height
2025/09/16 09:42:50 ELECTRUM: Got current height 4663107 from headers subscription
2025/09/16 09:42:50 ELECTRUM: Returning hash 00000000000253a96130b3fe62e0ab9e8f83a2be2e24d3fae5cd46f6d9927424 for height 4663107 (from headers subscription)
2025/09/16 09:42:50 ELECTRUM: Checking for new blocks - current: 4663107, last known: 4663093
2025/09/16 09:42:50 ELECTRUM: New block detected! Height: 4663107 (was 4663093)
2025/09/16 09:42:50 ELECTRUM: Sending block connected notification for height 4663107
2025/09/16 09:42:50 ELECTRUM: Block notification sent successfully for height 4663107
2025/09/16 09:42:50 ELECTRUM: GetBestBlock called
2025/09/16 09:42:50 ELECTRUM: Subscribing to headers to get current height
2025/09/16 09:42:50 ELECTRUM: Got current height 4663107 from headers subscription
2025/09/16 09:42:50 ELECTRUM: Returning hash 00000000000253a96130b3fe62e0ab9e8f83a2be2e24d3fae5cd46f6d9927424 for height 4663107 (from headers subscription)
2025/09/16 09:42:50 ELECTRUM: Got current height 4663107 from headers subscription
2025/09/16 09:42:50 ELECTRUM: Returning hash 00000000000253a96130b3fe62e0ab9e8f83a2be2e24d3fae5cd46f6d9927424 for height 4663107 (from headers subscription)
2025/09/16 09:42:50 ELECTRUM: Checking for new blocks - current: 4663107, last known: 4663093
2025/09/16 09:42:50 ELECTRUM: New block detected! Height: 4663107 (was 4663093)
2025/09/16 09:42:50 ELECTRUM: Sending block connected notification for height 4663107
2025/09/16 09:42:50 ELECTRUM: Block notification sent successfully for height 4663107
2025-09-16 09:42:50.949 [DBG] LTND lnd.go:727: Syncing to block chain rev=4d1c86 best_block_time="2025-09-16 09:42:48 -0400 EDT" is_synced=false
2025/09/16 09:42:51 ELECTRUM: GetBestBlock called
2025/09/16 09:42:51 ELECTRUM: Subscribing to headers to get current height
2025/09/16 09:42:52 ELECTRUM: Got current height 4663109 from headers subscription
2025/09/16 09:42:52 ELECTRUM: Returning hash 000000000001197577299567911bb966dc26706c47ebb073aa372298e6361435 for height 4663109 (from headers subscription)
2025/09/16 09:42:52 ELECTRUM: GetBlockHeader called for hash: 000000000001197577299567911bb966dc26706c47ebb073aa372298e6361435
2025/09/16 09:42:52 ELECTRUM: GetBestBlock called
2025/09/16 09:42:52 ELECTRUM: Subscribing to headers to get current height
2025/09/16 09:42:52 ELECTRUM: Got current height 4663109 from headers subscription
2025/09/16 09:42:52 ELECTRUM: Returning hash 000000000001197577299567911bb966dc26706c47ebb073aa372298e6361435 for height 4663109 (from headers subscription)
2025-09-16 09:42:52.752 [DBG] LTND lnd.go:727: Syncing to block chain rev=4d1c86 best_block_time="2025-09-16 09:42:51 -0400 EDT" is_synced=false
2025/09/16 09:42:53 ELECTRUM: GetBestBlock called
2025/09/16 09:42:53 ELECTRUM: Subscribing to headers to get current height
2025/09/16 09:42:53 ELECTRUM: Got current height 4663109 from headers subscription
2025/09/16 09:42:53 ELECTRUM: Returning hash 000000000001197577299567911bb966dc26706c47ebb073aa372298e6361435 for height 4663109 (from headers subscription)
2025/09/16 09:42:53 ELECTRUM: GetBlockHeader called for hash: 000000000001197577299567911bb966dc26706c47ebb073aa372298e6361435
2025/09/16 09:42:53 ELECTRUM: GetBestBlock called
2025/09/16 09:42:53 ELECTRUM: Subscribing to headers to get current height
2025/09/16 09:42:54 ELECTRUM: Got current height 4663109 from headers subscription
2025/09/16 09:42:54 ELECTRUM: Returning hash 000000000001197577299567911bb966dc26706c47ebb073aa372298e6361435 for height 4663109 (from headers subscription)
2025-09-16 09:42:54.524 [DBG] LTND lnd.go:727: Syncing to block chain rev=4d1c86 best_block_time="2025-09-16 09:42:51 -0400 EDT" is_synced=false
2025/09/16 09:42:55 ELECTRUM: GetBestBlock called
2025/09/16 09:42:55 ELECTRUM: Subscribing to headers to get current height
2025/09/16 09:42:55 ELECTRUM: Got current height 4663109 from headers subscription
2025/09/16 09:42:55 ELECTRUM: Returning hash 000000000001197577299567911bb966dc26706c47ebb073aa372298e6361435 for height 4663109 (from headers subscription)
2025/09/16 09:42:55 ELECTRUM: GetBlockHeader called for hash: 000000000001197577299567911bb966dc26706c47ebb073aa372298e6361435
2025/09/16 09:42:55 ELECTRUM: GetBestBlock called
2025/09/16 09:42:55 ELECTRUM: Subscribing to headers to get current height
2025/09/16 09:42:56 ELECTRUM: Got current height 4663109 from headers subscription
2025/09/16 09:42:56 ELECTRUM: Returning hash 000000000001197577299567911bb966dc26706c47ebb073aa372298e6361435 for height 4663109 (from headers subscription)
2025-09-16 09:42:56.348 [DBG] LTND lnd.go:727: Syncing to block chain rev=4d1c86 best_block_time="2025-09-16 09:42:51 -0400 EDT" is_synced=false
2025/09/16 09:42:57 ELECTRUM: GetBestBlock called
2025/09/16 09:42:57 ELECTRUM: Subscribing to headers to get current height
2025/09/16 09:42:57 ELECTRUM: Got current height 4663110 from headers subscription
2025/09/16 09:42:57 ELECTRUM: Returning hash 00000000198c1300809e2e60f4824e3e220a132101bf80112e05a205d9700bd0 for height 4663110 (from headers subscription)
2025/09/16 09:42:57 ELECTRUM: GetBlockHeader called for hash: 00000000198c1300809e2e60f4824e3e220a132101bf80112e05a205d9700bd0
2025/09/16 09:42:57 ELECTRUM: GetBestBlock called
2025/09/16 09:42:57 ELECTRUM: Subscribing to headers to get current height
2025/09/16 09:42:57 ELECTRUM: Got current height 4663110 from headers subscription
2025/09/16 09:42:57 ELECTRUM: Returning hash 00000000198c1300809e2e60f4824e3e220a132101bf80112e05a205d9700bd0 for height 4663110 (from headers subscription)
2025-09-16 09:42:58.107 [DBG] LTND lnd.go:727: Syncing to block chain rev=4d1c86 best_block_time="2025-09-16 09:42:52 -0400 EDT" is_synced=false
2025/09/16 09:42:59 ELECTRUM: GetBestBlock called
2025/09/16 09:42:59 ELECTRUM: Subscribing to headers to get current height
2025/09/16 09:42:59 ELECTRUM: Got current height 4663110 from headers subscription
2025/09/16 09:42:59 ELECTRUM: Returning hash 00000000198c1300809e2e60f4824e3e220a132101bf80112e05a205d9700bd0 for height 4663110 (from headers subscription)
2025/09/16 09:42:59 ELECTRUM: GetBlockHeader called for hash: 00000000198c1300809e2e60f4824e3e220a132101bf80112e05a205d9700bd0
2025/09/16 09:42:59 ELECTRUM: GetBestBlock called
2025/09/16 09:42:59 ELECTRUM: Subscribing to headers to get current height
2025/09/16 09:42:59 ELECTRUM: Got current height 4663110 from headers subscription
2025/09/16 09:42:59 ELECTRUM: Returning hash 00000000198c1300809e2e60f4824e3e220a132101bf80112e05a205d9700bd0 for height 4663110 (from headers subscription)
2025-09-16 09:42:59.923 [DBG] LTND lnd.go:727: Syncing to block chain rev=4d1c86 best_block_time="2025-09-16 09:42:52 -0400 EDT" is_synced=false
2025/09/16 09:43:00 ELECTRUM: GetBestBlock called
2025/09/16 09:43:00 ELECTRUM: Subscribing to headers to get current height
2025/09/16 09:43:01 ELECTRUM: Got current height 4663111 from headers subscription
2025/09/16 09:43:01 ELECTRUM: Returning hash 000000000002f7c8b7334a2590f615ff70b4783292ad978b5874bbba6b65232c for height 4663111 (from headers subscription)
2025/09/16 09:43:01 ELECTRUM: GetBlockHeader called for hash: 000000000002f7c8b7334a2590f615ff70b4783292ad978b5874bbba6b65232c
2025/09/16 09:43:01 ELECTRUM: GetBestBlock called
2025/09/16 09:43:01 ELECTRUM: Subscribing to headers to get current height
2025/09/16 09:43:01 ELECTRUM: Got current height 4663111 from headers subscription
2025/09/16 09:43:01 ELECTRUM: Returning hash 000000000002f7c8b7334a2590f615ff70b4783292ad978b5874bbba6b65232c for height 4663111 (from headers subscription)
2025-09-16 09:43:01.697 [DBG] LTND lnd.go:727: Syncing to block chain rev=4d1c86 best_block_time="2025-09-16 09:42:56 -0400 EDT" is_synced=false
2025/09/16 09:43:02 ELECTRUM: GetBestBlock called
2025/09/16 09:43:02 ELECTRUM: Subscribing to headers to get current height
2025/09/16 09:43:02 ELECTRUM: Got current height 4663112 from headers subscription
2025/09/16 09:43:02 ELECTRUM: Returning hash 00000000000177778c28d86c2109cbb8c39d54c5ea657787b8e35a7d2c3d26b8 for height 4663112 (from headers subscription)
2025/09/16 09:43:02 ELECTRUM: GetBlockHeader called for hash: 00000000000177778c28d86c2109cbb8c39d54c5ea657787b8e35a7d2c3d26b8
2025/09/16 09:43:02 ELECTRUM: GetBestBlock called
2025/09/16 09:43:02 ELECTRUM: Subscribing to headers to get current height
2025/09/16 09:43:03 ELECTRUM: Got current height 4663112 from headers subscription
2025/09/16 09:43:03 ELECTRUM: Returning hash 00000000000177778c28d86c2109cbb8c39d54c5ea657787b8e35a7d2c3d26b8 for height 4663112 (from headers subscription)
2025-09-16 09:43:03.503 [DBG] LTND lnd.go:727: Syncing to block chain rev=4d1c86 best_block_time="2025-09-16 09:43:00 -0400 EDT" is_synced=false
2025/09/16 09:43:04 ELECTRUM: GetBestBlock called
2025/09/16 09:43:04 ELECTRUM: Subscribing to headers to get current height
2025/09/16 09:43:04 ELECTRUM: Got current height 4663112 from headers subscription
2025/09/16 09:43:04 ELECTRUM: Returning hash 00000000000177778c28d86c2109cbb8c39d54c5ea657787b8e35a7d2c3d26b8 for height 4663112 (from headers subscription)
2025/09/16 09:43:04 ELECTRUM: GetBlockHeader called for hash: 00000000000177778c28d86c2109cbb8c39d54c5ea657787b8e35a7d2c3d26b8
2025/09/16 09:43:04 ELECTRUM: GetBestBlock called
2025/09/16 09:43:04 ELECTRUM: Subscribing to headers to get current height
2025/09/16 09:43:05 ELECTRUM: Got current height 4663112 from headers subscription
2025/09/16 09:43:05 ELECTRUM: Returning hash 00000000000177778c28d86c2109cbb8c39d54c5ea657787b8e35a7d2c3d26b8 for height 4663112 (from headers subscription)
2025-09-16 09:43:05.346 [DBG] LTND lnd.go:727: Syncing to block chain rev=4d1c86 best_block_time="2025-09-16 09:43:00 -0400 EDT" is_synced=false
2025/09/16 09:43:06 ELECTRUM: GetBestBlock called
2025/09/16 09:43:06 ELECTRUM: Subscribing to headers to get current height
2025/09/16 09:43:06 ELECTRUM: Got current height 4663113 from headers subscription
2025/09/16 09:43:06 ELECTRUM: Returning hash 00000000000041bad3c9fd4cc7adb637dd115debbdfa23b96f9ff1c3811a3809 for height 4663113 (from headers subscription)
2025/09/16 09:43:06 ELECTRUM: GetBlockHeader called for hash: 00000000000041bad3c9fd4cc7adb637dd115debbdfa23b96f9ff1c3811a3809
2025/09/16 09:43:06 ELECTRUM: GetBestBlock called
2025/09/16 09:43:06 ELECTRUM: Subscribing to headers to get current height
2025/09/16 09:43:06 ELECTRUM: Got current height 4663113 from headers subscription
2025/09/16 09:43:06 ELECTRUM: Returning hash 00000000000041bad3c9fd4cc7adb637dd115debbdfa23b96f9ff1c3811a3809 for height 4663113 (from headers subscription)
2025-09-16 09:43:07.292 [DBG] LTND lnd.go:727: Syncing to block chain rev=4d1c86 best_block_time="2025-09-16 09:43:09 -0400 EDT" is_synced=false
2025/09/16 09:43:08 ELECTRUM: GetBestBlock called
2025/09/16 09:43:08 ELECTRUM: Subscribing to headers to get current height
2025/09/16 09:43:08 ELECTRUM: Got current height 4663113 from headers subscription
2025/09/16 09:43:08 ELECTRUM: Returning hash 00000000000041bad3c9fd4cc7adb637dd115debbdfa23b96f9ff1c3811a3809 for height 4663113 (from headers subscription)
2025/09/16 09:43:08 ELECTRUM: GetBlockHeader called for hash: 00000000000041bad3c9fd4cc7adb637dd115debbdfa23b96f9ff1c3811a3809
2025/09/16 09:43:08 ELECTRUM: GetBestBlock called
2025/09/16 09:43:08 ELECTRUM: Subscribing to headers to get current height
2025/09/16 09:43:08 ELECTRUM: Got current height 4663113 from headers subscription
2025/09/16 09:43:08 ELECTRUM: Returning hash 00000000000041bad3c9fd4cc7adb637dd115debbdfa23b96f9ff1c3811a3809 for height 4663113 (from headers subscription)
2025-09-16 09:43:09.012 [DBG] LTND lnd.go:727: Syncing to block chain rev=4d1c86 best_block_time="2025-09-16 09:43:09 -0400 EDT" is_synced=false
2025/09/16 09:43:10 ELECTRUM: GetBestBlock called
2025/09/16 09:43:10 ELECTRUM: Subscribing to headers to get current height
2025/09/16 09:43:10 ELECTRUM: Got current height 4663114 from headers subscription
2025/09/16 09:43:10 ELECTRUM: Returning hash 000000000003373cc653c1c6cb5e258d2f034f32f0be7f897ab40972c5eb91ef for height 4663114 (from headers subscription)
2025/09/16 09:43:10 ELECTRUM: GetBlockHeader called for hash: 000000000003373cc653c1c6cb5e258d2f034f32f0be7f897ab40972c5eb91ef
2025/09/16 09:43:10 ELECTRUM: GetBestBlock called
2025/09/16 09:43:10 ELECTRUM: Subscribing to headers to get current height
2025/09/16 09:43:10 ELECTRUM: Got current height 4663115 from headers subscription
2025/09/16 09:43:10 ELECTRUM: Returning hash 00000000000127225e79a8cc5b6a9c49db723c6320a1982fd4d7f57168d8ce3a for height 4663115 (from headers subscription)
2025-09-16 09:43:10.774 [DBG] LTND lnd.go:727: Syncing to block chain rev=4d1c86 best_block_time="2025-09-16 09:43:08 -0400 EDT" is_synced=false
2025/09/16 09:43:11 ELECTRUM: GetBestBlock called
2025/09/16 09:43:11 ELECTRUM: Subscribing to headers to get current height
2025/09/16 09:43:12 ELECTRUM: Got current height 4663116 from headers subscription
2025/09/16 09:43:12 ELECTRUM: Returning hash 000000000001273a7711c0e1ac0d4e580aad1d3a3339939e1884735414e5e308 for height 4663116 (from headers subscription)
2025/09/16 09:43:12 ELECTRUM: GetBlockHeader called for hash: 000000000001273a7711c0e1ac0d4e580aad1d3a3339939e1884735414e5e308
2025/09/16 09:43:12 ELECTRUM: GetBestBlock called
2025/09/16 09:43:12 ELECTRUM: Subscribing to headers to get current height
2025/09/16 09:43:12 ELECTRUM: Got current height 4663116 from headers subscription
2025/09/16 09:43:12 ELECTRUM: Returning hash 000000000001273a7711c0e1ac0d4e580aad1d3a3339939e1884735414e5e308 for height 4663116 (from headers subscription)
2025-09-16 09:43:12.617 [DBG] LTND lnd.go:727: Syncing to block chain rev=4d1c86 best_block_time="2025-09-16 09:43:09 -0400 EDT" is_synced=false
2025/09/16 09:43:13 ELECTRUM: GetBestBlock called
2025/09/16 09:43:13 ELECTRUM: Subscribing to headers to get current height
2025/09/16 09:43:13 ELECTRUM: Got current height 4663117 from headers subscription
2025/09/16 09:43:13 ELECTRUM: Returning hash 00000000000371d1822cdbcb931e24eb7dfd09f5e44a0b38a429fb3905a6a26d for height 4663117 (from headers subscription)
2025/09/16 09:43:13 ELECTRUM: GetBlockHeader called for hash: 00000000000371d1822cdbcb931e24eb7dfd09f5e44a0b38a429fb3905a6a26d
2025/09/16 09:43:13 ELECTRUM: GetBestBlock called
2025/09/16 09:43:13 ELECTRUM: Subscribing to headers to get current height
2025/09/16 09:43:14 ELECTRUM: Got current height 4663117 from headers subscription
2025/09/16 09:43:14 ELECTRUM: Returning hash 00000000000371d1822cdbcb931e24eb7dfd09f5e44a0b38a429fb3905a6a26d for height 4663117 (from headers subscription)
2025-09-16 09:43:14.411 [DBG] LTND lnd.go:727: Syncing to block chain rev=4d1c86 best_block_time="2025-09-16 09:43:13 -0400 EDT" is_synced=false
2025/09/16 09:43:15 ELECTRUM: GetBestBlock called
2025/09/16 09:43:15 ELECTRUM: Subscribing to headers to get current height
2025/09/16 09:43:15 ELECTRUM: Got current height 4663119 from headers subscription
2025/09/16 09:43:15 ELECTRUM: Returning hash 0000000000000a6a72ae77e2d0b1fe8b6ecf5800f7be4226692e520e80c6c8e6 for height 4663119 (from headers subscription)
2025/09/16 09:43:15 ELECTRUM: GetBlockHeader called for hash: 0000000000000a6a72ae77e2d0b1fe8b6ecf5800f7be4226692e520e80c6c8e6
2025/09/16 09:43:15 ELECTRUM: GetBestBlock called
2025/09/16 09:43:15 ELECTRUM: Subscribing to headers to get current height
2025/09/16 09:43:15 ELECTRUM: Got current height 4663119 from headers subscription
2025/09/16 09:43:15 ELECTRUM: Returning hash 0000000000000a6a72ae77e2d0b1fe8b6ecf5800f7be4226692e520e80c6c8e6 for height 4663119 (from headers subscription)
2025-09-16 09:43:16.202 [DBG] LTND lnd.go:727: Syncing to block chain rev=4d1c86 best_block_time="2025-09-16 09:43:14 -0400 EDT" is_synced=false
2025/09/16 09:43:17 ELECTRUM: GetBestBlock called
2025/09/16 09:43:17 ELECTRUM: Subscribing to headers to get current height
2025/09/16 09:43:17 ELECTRUM: Got current height 4663120 from headers subscription
2025/09/16 09:43:17 ELECTRUM: Returning hash 000000000516eaf2e2f53982e5026c2870a86fc6f76e61053cbff08844ecff14 for height 4663120 (from headers subscription)
2025/09/16 09:43:17 ELECTRUM: GetBlockHeader called for hash: 000000000516eaf2e2f53982e5026c2870a86fc6f76e61053cbff08844ecff14
2025/09/16 09:43:17 ELECTRUM: GetBestBlock called
2025/09/16 09:43:17 ELECTRUM: Subscribing to headers to get current height
2025/09/16 09:43:17 ELECTRUM: Got current height 4663120 from headers subscription
2025/09/16 09:43:17 ELECTRUM: Returning hash 000000000516eaf2e2f53982e5026c2870a86fc6f76e61053cbff08844ecff14 for height 4663120 (from headers subscription)
2025-09-16 09:43:18.031 [DBG] LTND lnd.go:727: Syncing to block chain rev=4d1c86 best_block_time="2025-09-16 09:43:14 -0400 EDT" is_synced=false
2025/09/16 09:43:19 ELECTRUM: GetBestBlock called
2025/09/16 09:43:19 ELECTRUM: Subscribing to headers to get current height
2025/09/16 09:43:19 ELECTRUM: GetBestBlock called
2025/09/16 09:43:19 ELECTRUM: Subscribing to headers to get current height
2025/09/16 09:43:19 ELECTRUM: Got current height 4663122 from headers subscription
2025/09/16 09:43:19 ELECTRUM: Returning hash 000000000001e5ae4a0e2253cd8f3025c2b4da1f38ac93ff1c2bb7ddf3c1a756 for height 4663122 (from headers subscription)
2025/09/16 09:43:19 ELECTRUM: GetBlockHeader called for hash: 000000000001e5ae4a0e2253cd8f3025c2b4da1f38ac93ff1c2bb7ddf3c1a756
2025/09/16 09:43:19 ELECTRUM: GetBestBlock called
2025/09/16 09:43:19 ELECTRUM: Subscribing to headers to get current height
2025/09/16 09:43:19 ELECTRUM: Got current height 4663122 from headers subscription
2025/09/16 09:43:19 ELECTRUM: Returning hash 000000000001e5ae4a0e2253cd8f3025c2b4da1f38ac93ff1c2bb7ddf3c1a756 for height 4663122 (from headers subscription)
2025/09/16 09:43:19 ELECTRUM: Checking for new blocks - current: 4663122, last known: 4663107
2025/09/16 09:43:19 ELECTRUM: New block detected! Height: 4663122 (was 4663107)
2025/09/16 09:43:19 ELECTRUM: Sending block connected notification for height 4663122
2025/09/16 09:43:19 ELECTRUM: Block notification sent successfully for height 4663122
2025/09/16 09:43:19 ELECTRUM: Got current height 4663122 from headers subscription
2025/09/16 09:43:19 ELECTRUM: Returning hash 000000000001e5ae4a0e2253cd8f3025c2b4da1f38ac93ff1c2bb7ddf3c1a756 for height 4663122 (from headers subscription)
2025-09-16 09:43:19.751 [DBG] LTND lnd.go:727: Syncing to block chain rev=4d1c86 best_block_time="2025-09-16 09:43:20 -0400 EDT" is_synced=false
2025/09/16 09:43:20 ELECTRUM: GetBestBlock called
2025/09/16 09:43:20 ELECTRUM: Subscribing to headers to get current height
2025/09/16 09:43:20 ELECTRUM: GetBestBlock called
2025/09/16 09:43:20 ELECTRUM: Subscribing to headers to get current height
2025/09/16 09:43:20 ELECTRUM: Got current height 4663122 from headers subscription
2025/09/16 09:43:20 ELECTRUM: Returning hash 000000000001e5ae4a0e2253cd8f3025c2b4da1f38ac93ff1c2bb7ddf3c1a756 for height 4663122 (from headers subscription)
2025/09/16 09:43:20 ELECTRUM: Checking for new blocks - current: 4663122, last known: 4663107
2025/09/16 09:43:20 ELECTRUM: New block detected! Height: 4663122 (was 4663107)
2025/09/16 09:43:20 ELECTRUM: Sending block connected notification for height 4663122
2025/09/16 09:43:20 ELECTRUM: Block notification sent successfully for height 4663122
2025/09/16 09:43:20 ELECTRUM: GetBestBlock called
2025/09/16 09:43:20 ELECTRUM: Subscribing to headers to get current height
2025/09/16 09:43:20 ELECTRUM: Got current height 4663122 from headers subscription
2025/09/16 09:43:20 ELECTRUM: Returning hash 000000000001e5ae4a0e2253cd8f3025c2b4da1f38ac93ff1c2bb7ddf3c1a756 for height 4663122 (from headers subscription)
2025/09/16 09:43:20 ELECTRUM: Checking for new blocks - current: 4663122, last known: 4663107
2025/09/16 09:43:20 ELECTRUM: New block detected! Height: 4663122 (was 4663107)
2025/09/16 09:43:20 ELECTRUM: Sending block connected notification for height 4663122
2025/09/16 09:43:20 ELECTRUM: Block notification sent successfully for height 4663122
2025/09/16 09:43:20 ELECTRUM: Got current height 4663122 from headers subscription
2025/09/16 09:43:20 ELECTRUM: Returning hash 000000000001e5ae4a0e2253cd8f3025c2b4da1f38ac93ff1c2bb7ddf3c1a756 for height 4663122 (from headers subscription)
2025/09/16 09:43:20 ELECTRUM: GetBlockHeader called for hash: 000000000001e5ae4a0e2253cd8f3025c2b4da1f38ac93ff1c2bb7ddf3c1a756
2025/09/16 09:43:20 ELECTRUM: GetBestBlock called
2025/09/16 09:43:20 ELECTRUM: Subscribing to headers to get current height
2025/09/16 09:43:21 ELECTRUM: Got current height 4663122 from headers subscription
2025/09/16 09:43:21 ELECTRUM: Returning hash 000000000001e5ae4a0e2253cd8f3025c2b4da1f38ac93ff1c2bb7ddf3c1a756 for height 4663122 (from headers subscription)
2025-09-16 09:43:21.526 [DBG] LTND lnd.go:727: Syncing to block chain rev=4d1c86 best_block_time="2025-09-16 09:43:20 -0400 EDT" is_synced=false
2025/09/16 09:43:22 ELECTRUM: GetBestBlock called
2025/09/16 09:43:22 ELECTRUM: Subscribing to headers to get current height
2025/09/16 09:43:22 ELECTRUM: Got current height 4663123 from headers subscription
2025/09/16 09:43:22 ELECTRUM: Returning hash 000000000000232ce481bef68ca7a76257f1ca6ad0caee366673878de2cc8d3d for height 4663123 (from headers subscription)
2025/09/16 09:43:22 ELECTRUM: GetBlockHeader called for hash: 000000000000232ce481bef68ca7a76257f1ca6ad0caee366673878de2cc8d3d
2025/09/16 09:43:22 ELECTRUM: GetBestBlock called
2025/09/16 09:43:22 ELECTRUM: Subscribing to headers to get current height
2025/09/16 09:43:23 ELECTRUM: Got current height 4663123 from headers subscription
2025/09/16 09:43:23 ELECTRUM: Returning hash 000000000000232ce481bef68ca7a76257f1ca6ad0caee366673878de2cc8d3d for height 4663123 (from headers subscription)
2025-09-16 09:43:23.371 [DBG] LTND lnd.go:727: Syncing to block chain rev=4d1c86 best_block_time="2025-09-16 09:43:29 -0400 EDT" is_synced=false
2025/09/16 09:43:24 ELECTRUM: GetBestBlock called
2025/09/16 09:43:24 ELECTRUM: Subscribing to headers to get current height
2025/09/16 09:43:24 ELECTRUM: Got current height 4663124 from headers subscription
2025/09/16 09:43:24 ELECTRUM: Returning hash 000000000dedf266e371191597324dbae901d898e083c04556e6b7cb94ce441f for height 4663124 (from headers subscription)
2025/09/16 09:43:24 ELECTRUM: GetBlockHeader called for hash: 000000000dedf266e371191597324dbae901d898e083c04556e6b7cb94ce441f
2025/09/16 09:43:24 ELECTRUM: GetBestBlock called
2025/09/16 09:43:24 ELECTRUM: Subscribing to headers to get current height
2025/09/16 09:43:24 ELECTRUM: Got current height 4663124 from headers subscription
2025/09/16 09:43:24 ELECTRUM: Returning hash 000000000dedf266e371191597324dbae901d898e083c04556e6b7cb94ce441f for height 4663124 (from headers subscription)
2025-09-16 09:43:25.179 [DBG] LTND lnd.go:727: Syncing to block chain rev=4d1c86 best_block_time="2025-09-16 10:03:30 -0400 EDT" is_synced=false
2025/09/16 09:43:26 ELECTRUM: GetBestBlock called
2025/09/16 09:43:26 ELECTRUM: Subscribing to headers to get current height
2025/09/16 09:43:26 ELECTRUM: Got current height 4663124 from headers subscription
2025/09/16 09:43:26 ELECTRUM: Returning hash 000000000dedf266e371191597324dbae901d898e083c04556e6b7cb94ce441f for height 4663124 (from headers subscription)
2025/09/16 09:43:26 ELECTRUM: GetBlockHeader called for hash: 000000000dedf266e371191597324dbae901d898e083c04556e6b7cb94ce441f
2025/09/16 09:43:26 ELECTRUM: GetBestBlock called
2025/09/16 09:43:26 ELECTRUM: Subscribing to headers to get current height
2025/09/16 09:43:26 ELECTRUM: Got current height 4663124 from headers subscription
2025/09/16 09:43:26 ELECTRUM: Returning hash 000000000dedf266e371191597324dbae901d898e083c04556e6b7cb94ce441f for height 4663124 (from headers subscription)
2025-09-16 09:43:27.093 [DBG] LTND lnd.go:727: Syncing to block chain rev=4d1c86 best_block_time="2025-09-16 10:03:30 -0400 EDT" is_synced=false
2025/09/16 09:43:28 ELECTRUM: GetBestBlock called
2025/09/16 09:43:28 ELECTRUM: Subscribing to headers to get current height
2025/09/16 09:43:28 ELECTRUM: Got current height 4663125 from headers subscription
2025/09/16 09:43:28 ELECTRUM: Returning hash 0000000000001cdca7897e7410556e56ffa94ad3cf448bee69894207ab72a9bd for height 4663125 (from headers subscription)
2025/09/16 09:43:28 ELECTRUM: GetBlockHeader called for hash: 0000000000001cdca7897e7410556e56ffa94ad3cf448bee69894207ab72a9bd
2025/09/16 09:43:28 ELECTRUM: GetBestBlock called
2025/09/16 09:43:28 ELECTRUM: Subscribing to headers to get current height
2025/09/16 09:43:28 ELECTRUM: Got current height 4663125 from headers subscription
2025/09/16 09:43:28 ELECTRUM: Returning hash 0000000000001cdca7897e7410556e56ffa94ad3cf448bee69894207ab72a9bd for height 4663125 (from headers subscription)
2025-09-16 09:43:28.901 [DBG] LTND lnd.go:727: Syncing to block chain rev=4d1c86 best_block_time="2025-09-16 09:43:33 -0400 EDT" is_synced=false
2025/09/16 09:43:29 ELECTRUM: GetBestBlock called
2025/09/16 09:43:29 ELECTRUM: Subscribing to headers to get current height
2025/09/16 09:43:30 ELECTRUM: Got current height 4663126 from headers subscription
2025/09/16 09:43:30 ELECTRUM: Returning hash 000000000003a32eb2f0e346681532731b7c5d01103a51e80f58beefe12d360e for height 4663126 (from headers subscription)
2025/09/16 09:43:30 ELECTRUM: GetBlockHeader called for hash: 000000000003a32eb2f0e346681532731b7c5d01103a51e80f58beefe12d360e
2025/09/16 09:43:30 ELECTRUM: GetBestBlock called
2025/09/16 09:43:30 ELECTRUM: Subscribing to headers to get current height
2025/09/16 09:43:30 ELECTRUM: Got current height 4663127 from headers subscription
2025/09/16 09:43:30 ELECTRUM: Returning hash 000000000000e48cf5e20688dc71d309231ca877fb5a6433198c2f34e8c01329 for height 4663127 (from headers subscription)
2025-09-16 09:43:30.749 [DBG] LTND lnd.go:727: Syncing to block chain rev=4d1c86 best_block_time="2025-09-16 09:43:31 -0400 EDT" is_synced=false
2025/09/16 09:43:31 ELECTRUM: GetBestBlock called
2025/09/16 09:43:31 ELECTRUM: Subscribing to headers to get current height
2025/09/16 09:43:32 ELECTRUM: Got current height 4663127 from headers subscription
2025/09/16 09:43:32 ELECTRUM: Returning hash 000000000000e48cf5e20688dc71d309231ca877fb5a6433198c2f34e8c01329 for height 4663127 (from headers subscription)
2025/09/16 09:43:32 ELECTRUM: GetBlockHeader called for hash: 000000000000e48cf5e20688dc71d309231ca877fb5a6433198c2f34e8c01329
2025/09/16 09:43:32 ELECTRUM: GetBestBlock called
2025/09/16 09:43:32 ELECTRUM: Subscribing to headers to get current height
2025/09/16 09:43:32 ELECTRUM: Got current height 4663127 from headers subscription
2025/09/16 09:43:32 ELECTRUM: Returning hash 000000000000e48cf5e20688dc71d309231ca877fb5a6433198c2f34e8c01329 for height 4663127 (from headers subscription)
2025-09-16 09:43:32.694 [DBG] LTND lnd.go:727: Syncing to block chain rev=4d1c86 best_block_time="2025-09-16 09:43:31 -0400 EDT" is_synced=false
2025/09/16 09:43:33 ELECTRUM: GetBestBlock called
2025/09/16 09:43:33 ELECTRUM: Subscribing to headers to get current height
2025/09/16 09:43:33 ELECTRUM: Got current height 4663128 from headers subscription
2025/09/16 09:43:33 ELECTRUM: Returning hash 000000000002eb3b2e5d004b4c9e40d6e8d7fe2de710de954a0b64707280b6f4 for height 4663128 (from headers subscription)
2025/09/16 09:43:33 ELECTRUM: GetBlockHeader called for hash: 000000000002eb3b2e5d004b4c9e40d6e8d7fe2de710de954a0b64707280b6f4
2025/09/16 09:43:33 ELECTRUM: GetBestBlock called
2025/09/16 09:43:33 ELECTRUM: Subscribing to headers to get current height
2025/09/16 09:43:34 ELECTRUM: Got current height 4663128 from headers subscription
2025/09/16 09:43:34 ELECTRUM: Returning hash 000000000002eb3b2e5d004b4c9e40d6e8d7fe2de710de954a0b64707280b6f4 for height 4663128 (from headers subscription)
2025-09-16 09:43:34.509 [DBG] LTND lnd.go:727: Syncing to block chain rev=4d1c86 best_block_time="2025-09-16 09:43:29 -0400 EDT" is_synced=false
2025/09/16 09:43:35 ELECTRUM: GetBestBlock called
2025/09/16 09:43:35 ELECTRUM: Subscribing to headers to get current height
2025/09/16 09:43:35 ELECTRUM: Got current height 4663128 from headers subscription
2025/09/16 09:43:35 ELECTRUM: Returning hash 000000000002eb3b2e5d004b4c9e40d6e8d7fe2de710de954a0b64707280b6f4 for height 4663128 (from headers subscription)
2025/09/16 09:43:35 ELECTRUM: GetBlockHeader called for hash: 000000000002eb3b2e5d004b4c9e40d6e8d7fe2de710de954a0b64707280b6f4
2025/09/16 09:43:35 ELECTRUM: GetBestBlock called
2025/09/16 09:43:35 ELECTRUM: Subscribing to headers to get current height
2025/09/16 09:43:36 ELECTRUM: Got current height 4663128 from headers subscription
2025/09/16 09:43:36 ELECTRUM: Returning hash 000000000002eb3b2e5d004b4c9e40d6e8d7fe2de710de954a0b64707280b6f4 for height 4663128 (from headers subscription)
2025-09-16 09:43:36.357 [DBG] LTND lnd.go:727: Syncing to block chain rev=4d1c86 best_block_time="2025-09-16 09:43:29 -0400 EDT" is_synced=false
2025/09/16 09:43:37 ELECTRUM: GetBestBlock called
2025/09/16 09:43:37 ELECTRUM: Subscribing to headers to get current height
2025/09/16 09:43:37 ELECTRUM: Got current height 4663128 from headers subscription
2025/09/16 09:43:37 ELECTRUM: Returning hash 000000000002eb3b2e5d004b4c9e40d6e8d7fe2de710de954a0b64707280b6f4 for height 4663128 (from headers subscription)
2025/09/16 09:43:37 ELECTRUM: GetBlockHeader called for hash: 000000000002eb3b2e5d004b4c9e40d6e8d7fe2de710de954a0b64707280b6f4
2025/09/16 09:43:37 ELECTRUM: GetBestBlock called
2025/09/16 09:43:37 ELECTRUM: Subscribing to headers to get current height
2025/09/16 09:43:37 ELECTRUM: Got current height 4663128 from headers subscription
2025/09/16 09:43:37 ELECTRUM: Returning hash 000000000002eb3b2e5d004b4c9e40d6e8d7fe2de710de954a0b64707280b6f4 for height 4663128 (from headers subscription)
2025-09-16 09:43:38.081 [DBG] LTND lnd.go:727: Syncing to block chain rev=4d1c86 best_block_time="2025-09-16 09:43:29 -0400 EDT" is_synced=false
2025/09/16 09:43:39 ELECTRUM: GetBestBlock called
2025/09/16 09:43:39 ELECTRUM: Subscribing to headers to get current height
2025/09/16 09:43:39 ELECTRUM: Got current height 4663129 from headers subscription
2025/09/16 09:43:39 ELECTRUM: Returning hash 00000000000011972b2f22df7b63afa9340a169c65f934c5c8df2c451ae1054b for height 4663129 (from headers subscription)
2025/09/16 09:43:39 ELECTRUM: GetBlockHeader called for hash: 00000000000011972b2f22df7b63afa9340a169c65f934c5c8df2c451ae1054b
2025/09/16 09:43:39 ELECTRUM: GetBestBlock called
2025/09/16 09:43:39 ELECTRUM: Subscribing to headers to get current height
2025/09/16 09:43:39 ELECTRUM: Got current height 4663129 from headers subscription
2025/09/16 09:43:39 ELECTRUM: Returning hash 00000000000011972b2f22df7b63afa9340a169c65f934c5c8df2c451ae1054b for height 4663129 (from headers subscription)
2025-09-16 09:43:39.860 [DBG] LTND lnd.go:727: Syncing to block chain rev=4d1c86 best_block_time="2025-09-16 09:43:40 -0400 EDT" is_synced=false
2025/09/16 09:43:40 ELECTRUM: GetBestBlock called
2025/09/16 09:43:40 ELECTRUM: Subscribing to headers to get current height
2025/09/16 09:43:41 ELECTRUM: Got current height 4663130 from headers subscription
2025/09/16 09:43:41 ELECTRUM: Returning hash 0000000000002c082a50d26e1c7d21d6e42f9112b78d17ed24eb2e4b0d2d1c1f for height 4663130 (from headers subscription)
2025/09/16 09:43:41 ELECTRUM: GetBlockHeader called for hash: 0000000000002c082a50d26e1c7d21d6e42f9112b78d17ed24eb2e4b0d2d1c1f
2025/09/16 09:43:41 ELECTRUM: GetBestBlock called
2025/09/16 09:43:41 ELECTRUM: Subscribing to headers to get current height
2025/09/16 09:43:41 ELECTRUM: Got current height 4663130 from headers subscription
2025/09/16 09:43:41 ELECTRUM: Returning hash 0000000000002c082a50d26e1c7d21d6e42f9112b78d17ed24eb2e4b0d2d1c1f for height 4663130 (from headers subscription)
2025-09-16 09:43:41.700 [DBG] LTND lnd.go:727: Syncing to block chain rev=4d1c86 best_block_time="2025-09-16 09:43:45 -0400 EDT" is_synced=false
2025/09/16 09:43:42 ELECTRUM: GetBestBlock called
2025/09/16 09:43:42 ELECTRUM: Subscribing to headers to get current height
2025/09/16 09:43:42 ELECTRUM: Got current height 4663132 from headers subscription
2025/09/16 09:43:42 ELECTRUM: Returning hash 00000000176c45d0ffc609ae98c49a085d35964e76d37a64a07aca3736a880d9 for height 4663132 (from headers subscription)
2025/09/16 09:43:42 ELECTRUM: GetBlockHeader called for hash: 00000000176c45d0ffc609ae98c49a085d35964e76d37a64a07aca3736a880d9
2025/09/16 09:43:42 ELECTRUM: GetBestBlock called
2025/09/16 09:43:42 ELECTRUM: Subscribing to headers to get current height
2025/09/16 09:43:43 ELECTRUM: Got current height 4663132 from headers subscription
2025/09/16 09:43:43 ELECTRUM: Returning hash 00000000176c45d0ffc609ae98c49a085d35964e76d37a64a07aca3736a880d9 for height 4663132 (from headers subscription)
2025-09-16 09:43:43.543 [DBG] LTND lnd.go:727: Syncing to block chain rev=4d1c86 best_block_time="2025-09-16 09:43:40 -0400 EDT" is_synced=false
2025/09/16 09:43:44 ELECTRUM: GetBestBlock called
2025/09/16 09:43:44 ELECTRUM: Subscribing to headers to get current height
2025/09/16 09:43:44 ELECTRUM: Got current height 4663133 from headers subscription
2025/09/16 09:43:44 ELECTRUM: Returning hash 000000000000281b0ad386a9aa7791a0d06411fd69bd7c92c9c3bfe5fe0f9113 for height 4663133 (from headers subscription)
2025/09/16 09:43:44 ELECTRUM: GetBlockHeader called for hash: 000000000000281b0ad386a9aa7791a0d06411fd69bd7c92c9c3bfe5fe0f9113
2025/09/16 09:43:44 ELECTRUM: GetBestBlock called
2025/09/16 09:43:44 ELECTRUM: Subscribing to headers to get current height
2025/09/16 09:43:45 ELECTRUM: Got current height 4663133 from headers subscription
2025/09/16 09:43:45 ELECTRUM: Returning hash 000000000000281b0ad386a9aa7791a0d06411fd69bd7c92c9c3bfe5fe0f9113 for height 4663133 (from headers subscription)
2025-09-16 09:43:45.391 [DBG] LTND lnd.go:727: Syncing to block chain rev=4d1c86 best_block_time="2025-09-16 09:43:43 -0400 EDT" is_synced=false
2025/09/16 09:43:46 ELECTRUM: GetBestBlock called
2025/09/16 09:43:46 ELECTRUM: Subscribing to headers to get current height
2025/09/16 09:43:46 ELECTRUM: Got current height 4663134 from headers subscription
2025/09/16 09:43:46 ELECTRUM: Returning hash 00000000000159940d612e43e97f75b24a2cb3baeeaa92b38ac157478c700c55 for height 4663134 (from headers subscription)
2025/09/16 09:43:46 ELECTRUM: GetBlockHeader called for hash: 00000000000159940d612e43e97f75b24a2cb3baeeaa92b38ac157478c700c55
2025/09/16 09:43:46 ELECTRUM: GetBestBlock called
2025/09/16 09:43:46 ELECTRUM: Subscribing to headers to get current height
2025/09/16 09:43:46 ELECTRUM: Got current height 4663134 from headers subscription
2025/09/16 09:43:46 ELECTRUM: Returning hash 00000000000159940d612e43e97f75b24a2cb3baeeaa92b38ac157478c700c55 for height 4663134 (from headers subscription)
2025-09-16 09:43:47.096 [DBG] LTND lnd.go:727: Syncing to block chain rev=4d1c86 best_block_time="2025-09-16 09:43:44 -0400 EDT" is_synced=false
2025/09/16 09:43:48 ELECTRUM: GetBestBlock called
2025/09/16 09:43:48 ELECTRUM: Subscribing to headers to get current height
2025/09/16 09:43:48 ELECTRUM: Got current height 4663134 from headers subscription
2025/09/16 09:43:48 ELECTRUM: Returning hash 00000000000159940d612e43e97f75b24a2cb3baeeaa92b38ac157478c700c55 for height 4663134 (from headers subscription)
2025/09/16 09:43:48 ELECTRUM: GetBlockHeader called for hash: 00000000000159940d612e43e97f75b24a2cb3baeeaa92b38ac157478c700c55
2025/09/16 09:43:48 ELECTRUM: GetBestBlock called
2025/09/16 09:43:48 ELECTRUM: Subscribing to headers to get current height
2025/09/16 09:43:48 ELECTRUM: Got current height 4663135 from headers subscription
2025/09/16 09:43:48 ELECTRUM: Returning hash 0000000000034db8c61a5b0a05f01c8fb274921e01ad1d4e9299e376a3f60687 for height 4663135 (from headers subscription)
2025-09-16 09:43:48.843 [DBG] LTND lnd.go:727: Syncing to block chain rev=4d1c86 best_block_time="2025-09-16 09:43:46 -0400 EDT" is_synced=false
2025/09/16 09:43:49 ELECTRUM: GetBestBlock called
2025/09/16 09:43:49 ELECTRUM: Subscribing to headers to get current height
2025/09/16 09:43:49 ELECTRUM: Got current height 4663136 from headers subscription
2025/09/16 09:43:49 ELECTRUM: Returning hash 0000000007f5e89f3d9c87e39db405dfa9b1e6f975d09e6be9bbe24f12e09624 for height 4663136 (from headers subscription)
2025/09/16 09:43:49 ELECTRUM: Checking for new blocks - current: 4663136, last known: 4663122
2025/09/16 09:43:49 ELECTRUM: New block detected! Height: 4663136 (was 4663122)
2025/09/16 09:43:49 ELECTRUM: Sending block connected notification for height 4663136
2025/09/16 09:43:49 ELECTRUM: Block notification sent successfully for height 4663136
2025/09/16 09:43:49 ELECTRUM: GetBestBlock called
2025/09/16 09:43:49 ELECTRUM: Subscribing to headers to get current height
2025/09/16 09:43:50 ELECTRUM: Got current height 4663137 from headers subscription
2025/09/16 09:43:50 ELECTRUM: Returning hash 000000006cfdaee67ec2d225b6f0f3923d962195546b30dedd834f56373caf56 for height 4663137 (from headers subscription)
2025/09/16 09:43:50 ELECTRUM: GetBlockHeader called for hash: 000000006cfdaee67ec2d225b6f0f3923d962195546b30dedd834f56373caf56
2025/09/16 09:43:50 ELECTRUM: GetBestBlock called
2025/09/16 09:43:50 ELECTRUM: Subscribing to headers to get current height
2025/09/16 09:43:50 ELECTRUM: GetBestBlock called
2025/09/16 09:43:50 ELECTRUM: Subscribing to headers to get current height
2025/09/16 09:43:50 ELECTRUM: Got current height 4663137 from headers subscription
2025/09/16 09:43:50 ELECTRUM: Returning hash 000000006cfdaee67ec2d225b6f0f3923d962195546b30dedd834f56373caf56 for height 4663137 (from headers subscription)
2025/09/16 09:43:50 ELECTRUM: Got current height 4663137 from headers subscription
2025/09/16 09:43:50 ELECTRUM: Returning hash 000000006cfdaee67ec2d225b6f0f3923d962195546b30dedd834f56373caf56 for height 4663137 (from headers subscription)
2025/09/16 09:43:50 ELECTRUM: Checking for new blocks - current: 4663137, last known: 4663122
2025/09/16 09:43:50 ELECTRUM: New block detected! Height: 4663137 (was 4663122)
2025/09/16 09:43:50 ELECTRUM: Sending block connected notification for height 4663137
2025/09/16 09:43:50 ELECTRUM: Block notification sent successfully for height 4663137
2025/09/16 09:43:50 ELECTRUM: GetBestBlock called
2025/09/16 09:43:50 ELECTRUM: Subscribing to headers to get current height
2025-09-16 09:43:50.678 [DBG] LTND lnd.go:727: Syncing to block chain rev=4d1c86 best_block_time="2025-09-16 10:03:48 -0400 EDT" is_synced=false
2025/09/16 09:43:50 ELECTRUM: Got current height 4663137 from headers subscription
2025/09/16 09:43:50 ELECTRUM: Returning hash 000000006cfdaee67ec2d225b6f0f3923d962195546b30dedd834f56373caf56 for height 4663137 (from headers subscription)
2025/09/16 09:43:50 ELECTRUM: Checking for new blocks - current: 4663137, last known: 4663122
2025/09/16 09:43:50 ELECTRUM: New block detected! Height: 4663137 (was 4663122)
2025/09/16 09:43:50 ELECTRUM: Sending block connected notification for height 4663137
2025/09/16 09:43:50 ELECTRUM: Block notification sent successfully for height 4663137
2025/09/16 09:43:51 ELECTRUM: GetBestBlock called
2025/09/16 09:43:51 ELECTRUM: Subscribing to headers to get current height
2025/09/16 09:43:51 ELECTRUM: Got current height 4663137 from headers subscription
2025/09/16 09:43:51 ELECTRUM: Returning hash 000000006cfdaee67ec2d225b6f0f3923d962195546b30dedd834f56373caf56 for height 4663137 (from headers subscription)
2025/09/16 09:43:51 ELECTRUM: GetBlockHeader called for hash: 000000006cfdaee67ec2d225b6f0f3923d962195546b30dedd834f56373caf56
2025/09/16 09:43:51 ELECTRUM: GetBestBlock called
2025/09/16 09:43:51 ELECTRUM: Subscribing to headers to get current height
2025/09/16 09:43:52 ELECTRUM: Got current height 4663137 from headers subscription
2025/09/16 09:43:52 ELECTRUM: Returning hash 000000006cfdaee67ec2d225b6f0f3923d962195546b30dedd834f56373caf56 for height 4663137 (from headers subscription)
2025-09-16 09:43:52.503 [DBG] LTND lnd.go:727: Syncing to block chain rev=4d1c86 best_block_time="2025-09-16 10:03:48 -0400 EDT" is_synced=false
2025/09/16 09:43:53 ELECTRUM: GetBestBlock called
2025/09/16 09:43:53 ELECTRUM: Subscribing to headers to get current height
2025/09/16 09:43:53 ELECTRUM: Got current height 4663138 from headers subscription
2025/09/16 09:43:53 ELECTRUM: Returning hash 00000000000006c16a8e6e3eb123042ad756b598091e5156efb340a53b4b46e3 for height 4663138 (from headers subscription)
2025/09/16 09:43:53 ELECTRUM: GetBlockHeader called for hash: 00000000000006c16a8e6e3eb123042ad756b598091e5156efb340a53b4b46e3
2025/09/16 09:43:53 ELECTRUM: GetBestBlock called
2025/09/16 09:43:53 ELECTRUM: Subscribing to headers to get current height
2025/09/16 09:43:54 ELECTRUM: Got current height 4663139 from headers subscription
2025/09/16 09:43:54 ELECTRUM: Returning hash 0000000000000768697e58d7a4b886511a47d700c986955ccb43c41345bc74b8 for height 4663139 (from headers subscription)
2025-09-16 09:43:54.294 [DBG] LTND lnd.go:727: Syncing to block chain rev=4d1c86 best_block_time="2025-09-16 09:43:52 -0400 EDT" is_synced=false
2025/09/16 09:43:55 ELECTRUM: GetBestBlock called
2025/09/16 09:43:55 ELECTRUM: Subscribing to headers to get current height
2025/09/16 09:43:55 ELECTRUM: Got current height 4663139 from headers subscription
2025/09/16 09:43:55 ELECTRUM: Returning hash 0000000000000768697e58d7a4b886511a47d700c986955ccb43c41345bc74b8 for height 4663139 (from headers subscription)
2025/09/16 09:43:55 ELECTRUM: GetBlockHeader called for hash: 0000000000000768697e58d7a4b886511a47d700c986955ccb43c41345bc74b8
2025/09/16 09:43:55 ELECTRUM: GetBestBlock called
2025/09/16 09:43:55 ELECTRUM: Subscribing to headers to get current height
2025/09/16 09:43:55 ELECTRUM: Got current height 4663139 from headers subscription
2025/09/16 09:43:55 ELECTRUM: Returning hash 0000000000000768697e58d7a4b886511a47d700c986955ccb43c41345bc74b8 for height 4663139 (from headers subscription)
2025-09-16 09:43:56.066 [DBG] LTND lnd.go:727: Syncing to block chain rev=4d1c86 best_block_time="2025-09-16 09:43:52 -0400 EDT" is_synced=false
2025/09/16 09:43:57 ELECTRUM: GetBestBlock called
2025/09/16 09:43:57 ELECTRUM: Subscribing to headers to get current height
2025/09/16 09:43:57 ELECTRUM: Got current height 4663141 from headers subscription
2025/09/16 09:43:57 ELECTRUM: Returning hash 0000000000032420249196c810ef695a77f78e54ceec287d73bda83e4ff044d3 for height 4663141 (from headers subscription)
2025/09/16 09:43:57 ELECTRUM: GetBlockHeader called for hash: 0000000000032420249196c810ef695a77f78e54ceec287d73bda83e4ff044d3
2025/09/16 09:43:57 ELECTRUM: GetBestBlock called
2025/09/16 09:43:57 ELECTRUM: Subscribing to headers to get current height
2025/09/16 09:43:57 ELECTRUM: Got current height 4663142 from headers subscription
2025/09/16 09:43:57 ELECTRUM: Returning hash 0000000028a2b97f16f3138461cc44f8b4b262b45c74ef9e067bbe3a0587e9b3 for height 4663142 (from headers subscription)
2025-09-16 09:43:57.868 [DBG] LTND lnd.go:727: Syncing to block chain rev=4d1c86 best_block_time="2025-09-16 10:03:56 -0400 EDT" is_synced=false
2025/09/16 09:43:58 ELECTRUM: GetBestBlock called
2025/09/16 09:43:58 ELECTRUM: Subscribing to headers to get current height
2025/09/16 09:43:59 ELECTRUM: Got current height 4663142 from headers subscription
2025/09/16 09:43:59 ELECTRUM: Returning hash 0000000028a2b97f16f3138461cc44f8b4b262b45c74ef9e067bbe3a0587e9b3 for height 4663142 (from headers subscription)
2025/09/16 09:43:59 ELECTRUM: GetBlockHeader called for hash: 0000000028a2b97f16f3138461cc44f8b4b262b45c74ef9e067bbe3a0587e9b3
2025/09/16 09:43:59 ELECTRUM: GetBestBlock called
2025/09/16 09:43:59 ELECTRUM: Subscribing to headers to get current height
2025/09/16 09:43:59 ELECTRUM: Got current height 4663142 from headers subscription
2025/09/16 09:43:59 ELECTRUM: Returning hash 0000000028a2b97f16f3138461cc44f8b4b262b45c74ef9e067bbe3a0587e9b3 for height 4663142 (from headers subscription)
2025-09-16 09:43:59.722 [DBG] LTND lnd.go:727: Syncing to block chain rev=4d1c86 best_block_time="2025-09-16 10:03:56 -0400 EDT" is_synced=false
2025/09/16 09:44:00 ELECTRUM: GetBestBlock called
2025/09/16 09:44:00 ELECTRUM: Subscribing to headers to get current height
2025/09/16 09:44:01 ELECTRUM: Got current height 4663143 from headers subscription
2025/09/16 09:44:01 ELECTRUM: Returning hash 0000000000003b762ac31b0d7216dd0a0275d3a23539679d6570fcc283475c9e for height 4663143 (from headers subscription)
2025/09/16 09:44:01 ELECTRUM: GetBlockHeader called for hash: 0000000000003b762ac31b0d7216dd0a0275d3a23539679d6570fcc283475c9e
2025/09/16 09:44:01 ELECTRUM: GetBestBlock called
2025/09/16 09:44:01 ELECTRUM: Subscribing to headers to get current height
2025/09/16 09:44:01 ELECTRUM: Got current height 4663144 from headers subscription
2025/09/16 09:44:01 ELECTRUM: Returning hash 00000000ec80b6c4d9986ec8935ff26fe92c93f485c0d6a97ed41c92f50228c8 for height 4663144 (from headers subscription)
2025-09-16 09:44:01.565 [DBG] LTND lnd.go:727: Syncing to block chain rev=4d1c86 best_block_time="2025-09-16 10:04:02 -0400 EDT" is_synced=false
2025/09/16 09:44:02 ELECTRUM: GetBestBlock called
2025/09/16 09:44:02 ELECTRUM: Subscribing to headers to get current height
2025/09/16 09:44:02 ELECTRUM: Got current height 4663144 from headers subscription
2025/09/16 09:44:02 ELECTRUM: Returning hash 00000000ec80b6c4d9986ec8935ff26fe92c93f485c0d6a97ed41c92f50228c8 for height 4663144 (from headers subscription)
2025/09/16 09:44:02 ELECTRUM: GetBlockHeader called for hash: 00000000ec80b6c4d9986ec8935ff26fe92c93f485c0d6a97ed41c92f50228c8
2025/09/16 09:44:02 ELECTRUM: GetBestBlock called
2025/09/16 09:44:02 ELECTRUM: Subscribing to headers to get current height
2025/09/16 09:44:03 ELECTRUM: Got current height 4663145 from headers subscription
2025/09/16 09:44:03 ELECTRUM: Returning hash 00000000924f0dac24fe46e3f7910226c5fd02d323ac88728078ff0c296b169f for height 4663145 (from headers subscription)
2025-09-16 09:44:03.401 [DBG] LTND lnd.go:727: Syncing to block chain rev=4d1c86 best_block_time="2025-09-16 10:24:03 -0400 EDT" is_synced=false
2025/09/16 09:44:04 ELECTRUM: GetBestBlock called
2025/09/16 09:44:04 ELECTRUM: Subscribing to headers to get current height
2025/09/16 09:44:04 ELECTRUM: Got current height 4663146 from headers subscription
2025/09/16 09:44:04 ELECTRUM: Returning hash 000000000777561c8193915f09ae5ddf665ad12950c733f6829fc72921f72738 for height 4663146 (from headers subscription)
2025/09/16 09:44:04 ELECTRUM: GetBlockHeader called for hash: 000000000777561c8193915f09ae5ddf665ad12950c733f6829fc72921f72738
2025/09/16 09:44:04 ELECTRUM: GetBestBlock called
2025/09/16 09:44:04 ELECTRUM: Subscribing to headers to get current height
2025/09/16 09:44:04 ELECTRUM: Got current height 4663146 from headers subscription
2025/09/16 09:44:04 ELECTRUM: Returning hash 000000000777561c8193915f09ae5ddf665ad12950c733f6829fc72921f72738 for height 4663146 (from headers subscription)
2025-09-16 09:44:05.255 [DBG] LTND lnd.go:727: Syncing to block chain rev=4d1c86 best_block_time="2025-09-16 09:44:03 -0400 EDT" is_synced=false
2025/09/16 09:44:06 ELECTRUM: GetBestBlock called
2025/09/16 09:44:06 ELECTRUM: Subscribing to headers to get current height
2025/09/16 09:44:06 ELECTRUM: Got current height 4663146 from headers subscription
2025/09/16 09:44:06 ELECTRUM: Returning hash 000000000777561c8193915f09ae5ddf665ad12950c733f6829fc72921f72738 for height 4663146 (from headers subscription)
2025/09/16 09:44:06 ELECTRUM: GetBlockHeader called for hash: 000000000777561c8193915f09ae5ddf665ad12950c733f6829fc72921f72738
2025/09/16 09:44:06 ELECTRUM: GetBestBlock called
2025/09/16 09:44:06 ELECTRUM: Subscribing to headers to get current height
2025/09/16 09:44:06 ELECTRUM: Got current height 4663146 from headers subscription
2025/09/16 09:44:06 ELECTRUM: Returning hash 000000000777561c8193915f09ae5ddf665ad12950c733f6829fc72921f72738 for height 4663146 (from headers subscription)
2025-09-16 09:44:07.096 [DBG] LTND lnd.go:727: Syncing to block chain rev=4d1c86 best_block_time="2025-09-16 09:44:03 -0400 EDT" is_synced=false
2025/09/16 09:44:08 ELECTRUM: GetBestBlock called
2025/09/16 09:44:08 ELECTRUM: Subscribing to headers to get current height
2025/09/16 09:44:08 ELECTRUM: Got current height 4663147 from headers subscription
2025/09/16 09:44:08 ELECTRUM: Returning hash 00000000c665d73b57d37e14e9e278566ed5e46222282e57b438e96d2aa1376c for height 4663147 (from headers subscription)
2025/09/16 09:44:08 ELECTRUM: GetBlockHeader called for hash: 00000000c665d73b57d37e14e9e278566ed5e46222282e57b438e96d2aa1376c
2025/09/16 09:44:08 ELECTRUM: GetBestBlock called
2025/09/16 09:44:08 ELECTRUM: Subscribing to headers to get current height
2025/09/16 09:44:08 ELECTRUM: Got current height 4663147 from headers subscription
2025/09/16 09:44:08 ELECTRUM: Returning hash 00000000c665d73b57d37e14e9e278566ed5e46222282e57b438e96d2aa1376c for height 4663147 (from headers subscription)
2025-09-16 09:44:08.916 [DBG] LTND lnd.go:727: Syncing to block chain rev=4d1c86 best_block_time="2025-09-16 10:04:04 -0400 EDT" is_synced=false
2025/09/16 09:44:09 ELECTRUM: GetBestBlock called
2025/09/16 09:44:09 ELECTRUM: Subscribing to headers to get current height
2025/09/16 09:44:10 ELECTRUM: Got current height 4663150 from headers subscription
2025/09/16 09:44:10 ELECTRUM: Returning hash 000000000001cb1b72bc12191b60e0497faeb6dd3bf69d051578fc6474755e8b for height 4663150 (from headers subscription)
2025/09/16 09:44:10 ELECTRUM: GetBlockHeader called for hash: 000000000001cb1b72bc12191b60e0497faeb6dd3bf69d051578fc6474755e8b
2025/09/16 09:44:10 ELECTRUM: GetBestBlock called
2025/09/16 09:44:10 ELECTRUM: Subscribing to headers to get current height
2025/09/16 09:44:10 ELECTRUM: Got current height 4663150 from headers subscription
2025/09/16 09:44:10 ELECTRUM: Returning hash 000000000001cb1b72bc12191b60e0497faeb6dd3bf69d051578fc6474755e8b for height 4663150 (from headers subscription)
2025-09-16 09:44:10.678 [DBG] LTND lnd.go:727: Syncing to block chain rev=4d1c86 best_block_time="2025-09-16 09:44:08 -0400 EDT" is_synced=false
2025/09/16 09:44:11 ELECTRUM: GetBestBlock called
2025/09/16 09:44:11 ELECTRUM: Subscribing to headers to get current height
2025/09/16 09:44:11 ELECTRUM: Got current height 4663150 from headers subscription
2025/09/16 09:44:11 ELECTRUM: Returning hash 000000000001cb1b72bc12191b60e0497faeb6dd3bf69d051578fc6474755e8b for height 4663150 (from headers subscription)
2025/09/16 09:44:11 ELECTRUM: GetBlockHeader called for hash: 000000000001cb1b72bc12191b60e0497faeb6dd3bf69d051578fc6474755e8b
2025/09/16 09:44:11 ELECTRUM: GetBestBlock called
2025/09/16 09:44:11 ELECTRUM: Subscribing to headers to get current height
2025/09/16 09:44:12 ELECTRUM: Got current height 4663150 from headers subscription
2025/09/16 09:44:12 ELECTRUM: Returning hash 000000000001cb1b72bc12191b60e0497faeb6dd3bf69d051578fc6474755e8b for height 4663150 (from headers subscription)
2025-09-16 09:44:12.400 [DBG] LTND lnd.go:727: Syncing to block chain rev=4d1c86 best_block_time="2025-09-16 09:44:08 -0400 EDT" is_synced=false
2025/09/16 09:44:13 ELECTRUM: GetBestBlock called
2025/09/16 09:44:13 ELECTRUM: Subscribing to headers to get current height
2025/09/16 09:44:13 ELECTRUM: Got current height 4663151 from headers subscription
2025/09/16 09:44:13 ELECTRUM: Returning hash 0000000000002783de2a72e15f45118db1bb1dd025495a243f53b8dbca1f9ed7 for height 4663151 (from headers subscription)
2025/09/16 09:44:13 ELECTRUM: GetBlockHeader called for hash: 0000000000002783de2a72e15f45118db1bb1dd025495a243f53b8dbca1f9ed7
2025/09/16 09:44:13 ELECTRUM: GetBestBlock called
2025/09/16 09:44:13 ELECTRUM: Subscribing to headers to get current height
2025/09/16 09:44:13 ELECTRUM: Got current height 4663151 from headers subscription
2025/09/16 09:44:13 ELECTRUM: Returning hash 0000000000002783de2a72e15f45118db1bb1dd025495a243f53b8dbca1f9ed7 for height 4663151 (from headers subscription)
2025-09-16 09:44:14.113 [DBG] LTND lnd.go:727: Syncing to block chain rev=4d1c86 best_block_time="2025-09-16 09:44:09 -0400 EDT" is_synced=false
2025/09/16 09:44:15 ELECTRUM: GetBestBlock called
2025/09/16 09:44:15 ELECTRUM: Subscribing to headers to get current height
2025/09/16 09:44:15 ELECTRUM: Got current height 4663152 from headers subscription
2025/09/16 09:44:15 ELECTRUM: Returning hash 0000000000040435adaa7167ff825c93e1156a90da8f136619152240e0766cf4 for height 4663152 (from headers subscription)
2025/09/16 09:44:15 ELECTRUM: GetBlockHeader called for hash: 0000000000040435adaa7167ff825c93e1156a90da8f136619152240e0766cf4
2025/09/16 09:44:15 ELECTRUM: GetBestBlock called
2025/09/16 09:44:15 ELECTRUM: Subscribing to headers to get current height
2025/09/16 09:44:15 ELECTRUM: Got current height 4663152 from headers subscription
2025/09/16 09:44:15 ELECTRUM: Returning hash 0000000000040435adaa7167ff825c93e1156a90da8f136619152240e0766cf4 for height 4663152 (from headers subscription)
2025-09-16 09:44:15.934 [DBG] LTND lnd.go:727: Syncing to block chain rev=4d1c86 best_block_time="2025-09-16 09:44:12 -0400 EDT" is_synced=false
2025/09/16 09:44:16 ELECTRUM: GetBestBlock called
2025/09/16 09:44:16 ELECTRUM: Subscribing to headers to get current height
2025/09/16 09:44:17 ELECTRUM: Got current height 4663153 from headers subscription
2025/09/16 09:44:17 ELECTRUM: Returning hash 000000000001e17d5d0f7a1b8e7f6910a2c45b878c3c9f88c9c047a8567074ba for height 4663153 (from headers subscription)
2025/09/16 09:44:17 ELECTRUM: GetBlockHeader called for hash: 000000000001e17d5d0f7a1b8e7f6910a2c45b878c3c9f88c9c047a8567074ba
2025/09/16 09:44:17 ELECTRUM: GetBestBlock called
2025/09/16 09:44:17 ELECTRUM: Subscribing to headers to get current height
2025/09/16 09:44:17 ELECTRUM: Got current height 4663153 from headers subscription
2025/09/16 09:44:17 ELECTRUM: Returning hash 000000000001e17d5d0f7a1b8e7f6910a2c45b878c3c9f88c9c047a8567074ba for height 4663153 (from headers subscription)
2025-09-16 09:44:17.746 [DBG] LTND lnd.go:727: Syncing to block chain rev=4d1c86 best_block_time="2025-09-16 09:44:15 -0400 EDT" is_synced=false
2025/09/16 09:44:18 ELECTRUM: GetBestBlock called
2025/09/16 09:44:18 ELECTRUM: Subscribing to headers to get current height
2025/09/16 09:44:18 ELECTRUM: Got current height 4663153 from headers subscription
2025/09/16 09:44:18 ELECTRUM: Returning hash 000000000001e17d5d0f7a1b8e7f6910a2c45b878c3c9f88c9c047a8567074ba for height 4663153 (from headers subscription)
2025/09/16 09:44:18 ELECTRUM: GetBlockHeader called for hash: 000000000001e17d5d0f7a1b8e7f6910a2c45b878c3c9f88c9c047a8567074ba
2025/09/16 09:44:18 ELECTRUM: GetBestBlock called
2025/09/16 09:44:18 ELECTRUM: Subscribing to headers to get current height
2025/09/16 09:44:19 ELECTRUM: GetBestBlock called
2025/09/16 09:44:19 ELECTRUM: Subscribing to headers to get current height
2025/09/16 09:44:19 ELECTRUM: Got current height 4663154 from headers subscription
2025/09/16 09:44:19 ELECTRUM: Returning hash 0000000000003f7e13e83eeed3197932700fe8a7d51a103c02e2934005957aa6 for height 4663154 (from headers subscription)
2025/09/16 09:44:19 ELECTRUM: Got current height 4663154 from headers subscription
2025/09/16 09:44:19 ELECTRUM: Returning hash 0000000000003f7e13e83eeed3197932700fe8a7d51a103c02e2934005957aa6 for height 4663154 (from headers subscription)
2025/09/16 09:44:19 ELECTRUM: Checking for new blocks - current: 4663154, last known: 4663136
2025/09/16 09:44:19 ELECTRUM: New block detected! Height: 4663154 (was 4663136)
2025/09/16 09:44:19 ELECTRUM: Sending block connected notification for height 4663154
2025/09/16 09:44:19 ELECTRUM: Block notification sent successfully for height 4663154
2025-09-16 09:44:19.499 [DBG] LTND lnd.go:727: Syncing to block chain rev=4d1c86 best_block_time="2025-09-16 09:44:22 -0400 EDT" is_synced=false
2025/09/16 09:44:20 ELECTRUM: GetBestBlock called
2025/09/16 09:44:20 ELECTRUM: Subscribing to headers to get current height
2025/09/16 09:44:20 ELECTRUM: GetBestBlock called
2025/09/16 09:44:20 ELECTRUM: Subscribing to headers to get current height
2025/09/16 09:44:20 ELECTRUM: Got current height 4663154 from headers subscription
2025/09/16 09:44:20 ELECTRUM: Returning hash 0000000000003f7e13e83eeed3197932700fe8a7d51a103c02e2934005957aa6 for height 4663154 (from headers subscription)
2025/09/16 09:44:20 ELECTRUM: Checking for new blocks - current: 4663154, last known: 4663137
2025/09/16 09:44:20 ELECTRUM: New block detected! Height: 4663154 (was 4663137)
2025/09/16 09:44:20 ELECTRUM: Sending block connected notification for height 4663154
2025/09/16 09:44:20 ELECTRUM: Block notification sent successfully for height 4663154
2025/09/16 09:44:20 ELECTRUM: GetBestBlock called
2025/09/16 09:44:20 ELECTRUM: Subscribing to headers to get current height
2025/09/16 09:44:20 ELECTRUM: Got current height 4663154 from headers subscription
2025/09/16 09:44:20 ELECTRUM: Returning hash 0000000000003f7e13e83eeed3197932700fe8a7d51a103c02e2934005957aa6 for height 4663154 (from headers subscription)
2025/09/16 09:44:20 ELECTRUM: GetBlockHeader called for hash: 0000000000003f7e13e83eeed3197932700fe8a7d51a103c02e2934005957aa6
2025/09/16 09:44:20 ELECTRUM: GetBestBlock called
2025/09/16 09:44:20 ELECTRUM: Subscribing to headers to get current height
2025/09/16 09:44:20 ELECTRUM: Got current height 4663154 from headers subscription
2025/09/16 09:44:20 ELECTRUM: Returning hash 0000000000003f7e13e83eeed3197932700fe8a7d51a103c02e2934005957aa6 for height 4663154 (from headers subscription)
2025/09/16 09:44:20 ELECTRUM: Checking for new blocks - current: 4663154, last known: 4663137
2025/09/16 09:44:20 ELECTRUM: New block detected! Height: 4663154 (was 4663137)
2025/09/16 09:44:20 ELECTRUM: Sending block connected notification for height 4663154
2025/09/16 09:44:20 ELECTRUM: Block notification sent successfully for height 4663154
2025/09/16 09:44:20 ELECTRUM: Got current height 4663154 from headers subscription
2025/09/16 09:44:20 ELECTRUM: Returning hash 0000000000003f7e13e83eeed3197932700fe8a7d51a103c02e2934005957aa6 for height 4663154 (from headers subscription)
2025-09-16 09:44:21.217 [DBG] LTND lnd.go:727: Syncing to block chain rev=4d1c86 best_block_time="2025-09-16 09:44:22 -0400 EDT" is_synced=false
2025/09/16 09:44:22 ELECTRUM: GetBestBlock called
2025/09/16 09:44:22 ELECTRUM: Subscribing to headers to get current height
2025/09/16 09:44:22 ELECTRUM: Got current height 4663154 from headers subscription
2025/09/16 09:44:22 ELECTRUM: Returning hash 0000000000003f7e13e83eeed3197932700fe8a7d51a103c02e2934005957aa6 for height 4663154 (from headers subscription)
2025/09/16 09:44:22 ELECTRUM: GetBlockHeader called for hash: 0000000000003f7e13e83eeed3197932700fe8a7d51a103c02e2934005957aa6
2025/09/16 09:44:22 ELECTRUM: GetBestBlock called
2025/09/16 09:44:22 ELECTRUM: Subscribing to headers to get current height
2025/09/16 09:44:22 ELECTRUM: Got current height 4663154 from headers subscription
2025/09/16 09:44:22 ELECTRUM: Returning hash 0000000000003f7e13e83eeed3197932700fe8a7d51a103c02e2934005957aa6 for height 4663154 (from headers subscription)
2025-09-16 09:44:23.073 [DBG] LTND lnd.go:727: Syncing to block chain rev=4d1c86 best_block_time="2025-09-16 09:44:22 -0400 EDT" is_synced=false
2025/09/16 09:44:24 ELECTRUM: GetBestBlock called
2025/09/16 09:44:24 ELECTRUM: Subscribing to headers to get current height
2025/09/16 09:44:24 ELECTRUM: Got current height 4663154 from headers subscription
2025/09/16 09:44:24 ELECTRUM: Returning hash 0000000000003f7e13e83eeed3197932700fe8a7d51a103c02e2934005957aa6 for height 4663154 (from headers subscription)
2025/09/16 09:44:24 ELECTRUM: GetBlockHeader called for hash: 0000000000003f7e13e83eeed3197932700fe8a7d51a103c02e2934005957aa6
2025/09/16 09:44:24 ELECTRUM: GetBestBlock called
2025/09/16 09:44:24 ELECTRUM: Subscribing to headers to get current height
2025/09/16 09:44:24 ELECTRUM: Got current height 4663154 from headers subscription
2025/09/16 09:44:24 ELECTRUM: Returning hash 0000000000003f7e13e83eeed3197932700fe8a7d51a103c02e2934005957aa6 for height 4663154 (from headers subscription)
2025-09-16 09:44:25.017 [DBG] LTND lnd.go:727: Syncing to block chain rev=4d1c86 best_block_time="2025-09-16 09:44:22 -0400 EDT" is_synced=false
2025/09/16 09:44:26 ELECTRUM: GetBestBlock called
2025/09/16 09:44:26 ELECTRUM: Subscribing to headers to get current height
2025/09/16 09:44:26 ELECTRUM: Got current height 4663154 from headers subscription
2025/09/16 09:44:26 ELECTRUM: Returning hash 0000000000003f7e13e83eeed3197932700fe8a7d51a103c02e2934005957aa6 for height 4663154 (from headers subscription)
2025/09/16 09:44:26 ELECTRUM: GetBlockHeader called for hash: 0000000000003f7e13e83eeed3197932700fe8a7d51a103c02e2934005957aa6
2025/09/16 09:44:26 ELECTRUM: GetBestBlock called
2025/09/16 09:44:26 ELECTRUM: Subscribing to headers to get current height
2025/09/16 09:44:26 ELECTRUM: Got current height 4663155 from headers subscription
2025/09/16 09:44:26 ELECTRUM: Returning hash 000000007a64b5bb709adb45ef14739b15fedd91edb7b1f62162485942c1e0f4 for height 4663155 (from headers subscription)
2025-09-16 09:44:26.821 [DBG] LTND lnd.go:727: Syncing to block chain rev=4d1c86 best_block_time="2025-09-16 10:04:23 -0400 EDT" is_synced=false
2025/09/16 09:44:27 ELECTRUM: GetBestBlock called
2025/09/16 09:44:27 ELECTRUM: Subscribing to headers to get current height
2025/09/16 09:44:28 ELECTRUM: Got current height 4663155 from headers subscription
2025/09/16 09:44:28 ELECTRUM: Returning hash 00000000000022d8766c30941d3411e0d6161f8202fcb2a8a2579c5a6f22a3b5 for height 4663155 (from headers subscription)
2025/09/16 09:44:28 ELECTRUM: GetBlockHeader called for hash: 00000000000022d8766c30941d3411e0d6161f8202fcb2a8a2579c5a6f22a3b5
2025/09/16 09:44:28 ELECTRUM: GetBestBlock called
2025/09/16 09:44:28 ELECTRUM: Subscribing to headers to get current height
2025/09/16 09:44:28 ELECTRUM: Got current height 4663155 from headers subscription
2025/09/16 09:44:28 ELECTRUM: Returning hash 00000000000022d8766c30941d3411e0d6161f8202fcb2a8a2579c5a6f22a3b5 for height 4663155 (from headers subscription)
2025-09-16 09:44:28.629 [DBG] LTND lnd.go:727: Syncing to block chain rev=4d1c86 best_block_time="2025-09-16 09:44:19 -0400 EDT" is_synced=false
2025/09/16 09:44:29 ELECTRUM: GetBestBlock called
2025/09/16 09:44:29 ELECTRUM: Subscribing to headers to get current height
2025/09/16 09:44:29 ELECTRUM: Got current height 4663155 from headers subscription
2025/09/16 09:44:29 ELECTRUM: Returning hash 00000000000022d8766c30941d3411e0d6161f8202fcb2a8a2579c5a6f22a3b5 for height 4663155 (from headers subscription)
2025/09/16 09:44:29 ELECTRUM: GetBlockHeader called for hash: 00000000000022d8766c30941d3411e0d6161f8202fcb2a8a2579c5a6f22a3b5
2025/09/16 09:44:29 ELECTRUM: GetBestBlock called
2025/09/16 09:44:29 ELECTRUM: Subscribing to headers to get current height
2025/09/16 09:44:30 ELECTRUM: Got current height 4663155 from headers subscription
2025/09/16 09:44:30 ELECTRUM: Returning hash 00000000000022d8766c30941d3411e0d6161f8202fcb2a8a2579c5a6f22a3b5 for height 4663155 (from headers subscription)
2025-09-16 09:44:30.545 [DBG] LTND lnd.go:727: Syncing to block chain rev=4d1c86 best_block_time="2025-09-16 09:44:19 -0400 EDT" is_synced=false
2025/09/16 09:44:31 ELECTRUM: GetBestBlock called
2025/09/16 09:44:31 ELECTRUM: Subscribing to headers to get current height
2025/09/16 09:44:31 ELECTRUM: Got current height 4663155 from headers subscription
2025/09/16 09:44:31 ELECTRUM: Returning hash 00000000000022d8766c30941d3411e0d6161f8202fcb2a8a2579c5a6f22a3b5 for height 4663155 (from headers subscription)
2025/09/16 09:44:31 ELECTRUM: GetBlockHeader called for hash: 00000000000022d8766c30941d3411e0d6161f8202fcb2a8a2579c5a6f22a3b5
2025/09/16 09:44:31 ELECTRUM: GetBestBlock called
2025/09/16 09:44:31 ELECTRUM: Subscribing to headers to get current height
2025/09/16 09:44:32 ELECTRUM: Got current height 4663155 from headers subscription
2025/09/16 09:44:32 ELECTRUM: Returning hash 00000000000022d8766c30941d3411e0d6161f8202fcb2a8a2579c5a6f22a3b5 for height 4663155 (from headers subscription)
2025-09-16 09:44:32.287 [DBG] LTND lnd.go:727: Syncing to block chain rev=4d1c86 best_block_time="2025-09-16 09:44:19 -0400 EDT" is_synced=false
2025/09/16 09:44:33 ELECTRUM: GetBestBlock called
2025/09/16 09:44:33 ELECTRUM: Subscribing to headers to get current height
2025/09/16 09:44:33 ELECTRUM: Got current height 4663155 from headers subscription
2025/09/16 09:44:33 ELECTRUM: Returning hash 00000000000022d8766c30941d3411e0d6161f8202fcb2a8a2579c5a6f22a3b5 for height 4663155 (from headers subscription)
2025/09/16 09:44:33 ELECTRUM: GetBlockHeader called for hash: 00000000000022d8766c30941d3411e0d6161f8202fcb2a8a2579c5a6f22a3b5
2025/09/16 09:44:33 ELECTRUM: GetBestBlock called
2025/09/16 09:44:33 ELECTRUM: Subscribing to headers to get current height
2025/09/16 09:44:33 ELECTRUM: Got current height 4663155 from headers subscription
2025/09/16 09:44:33 ELECTRUM: Returning hash 00000000000022d8766c30941d3411e0d6161f8202fcb2a8a2579c5a6f22a3b5 for height 4663155 (from headers subscription)
2025-09-16 09:44:34.105 [DBG] LTND lnd.go:727: Syncing to block chain rev=4d1c86 best_block_time="2025-09-16 09:44:19 -0400 EDT" is_synced=false
2025/09/16 09:44:35 ELECTRUM: GetBestBlock called
2025/09/16 09:44:35 ELECTRUM: Subscribing to headers to get current height
2025/09/16 09:44:35 ELECTRUM: Got current height 4663155 from headers subscription
2025/09/16 09:44:35 ELECTRUM: Returning hash 00000000000022d8766c30941d3411e0d6161f8202fcb2a8a2579c5a6f22a3b5 for height 4663155 (from headers subscription)
2025/09/16 09:44:35 ELECTRUM: GetBlockHeader called for hash: 00000000000022d8766c30941d3411e0d6161f8202fcb2a8a2579c5a6f22a3b5
2025/09/16 09:44:35 ELECTRUM: GetBestBlock called
2025/09/16 09:44:35 ELECTRUM: Subscribing to headers to get current height
2025/09/16 09:44:35 ELECTRUM: Got current height 4663155 from headers subscription
2025/09/16 09:44:35 ELECTRUM: Returning hash 00000000000022d8766c30941d3411e0d6161f8202fcb2a8a2579c5a6f22a3b5 for height 4663155 (from headers subscription)
2025-09-16 09:44:35.865 [DBG] LTND lnd.go:727: Syncing to block chain rev=4d1c86 best_block_time="2025-09-16 09:44:19 -0400 EDT" is_synced=false
2025/09/16 09:44:36 ELECTRUM: GetBestBlock called
2025/09/16 09:44:36 ELECTRUM: Subscribing to headers to get current height
2025/09/16 09:44:37 ELECTRUM: Got current height 4663155 from headers subscription
2025/09/16 09:44:37 ELECTRUM: Returning hash 00000000000022d8766c30941d3411e0d6161f8202fcb2a8a2579c5a6f22a3b5 for height 4663155 (from headers subscription)
2025/09/16 09:44:37 ELECTRUM: GetBlockHeader called for hash: 00000000000022d8766c30941d3411e0d6161f8202fcb2a8a2579c5a6f22a3b5
2025/09/16 09:44:37 ELECTRUM: GetBestBlock called
2025/09/16 09:44:37 ELECTRUM: Subscribing to headers to get current height
2025/09/16 09:44:37 ELECTRUM: Got current height 4663155 from headers subscription
2025/09/16 09:44:37 ELECTRUM: Returning hash 00000000000022d8766c30941d3411e0d6161f8202fcb2a8a2579c5a6f22a3b5 for height 4663155 (from headers subscription)
2025-09-16 09:44:37.651 [DBG] LTND lnd.go:727: Syncing to block chain rev=4d1c86 best_block_time="2025-09-16 09:44:19 -0400 EDT" is_synced=false
2025/09/16 09:44:38 ELECTRUM: GetBestBlock called
2025/09/16 09:44:38 ELECTRUM: Subscribing to headers to get current height
2025/09/16 09:44:38 ELECTRUM: Got current height 4663155 from headers subscription
2025/09/16 09:44:38 ELECTRUM: Returning hash 00000000000022d8766c30941d3411e0d6161f8202fcb2a8a2579c5a6f22a3b5 for height 4663155 (from headers subscription)
2025/09/16 09:44:38 ELECTRUM: GetBlockHeader called for hash: 00000000000022d8766c30941d3411e0d6161f8202fcb2a8a2579c5a6f22a3b5
2025/09/16 09:44:38 ELECTRUM: GetBestBlock called
2025/09/16 09:44:38 ELECTRUM: Subscribing to headers to get current height
2025/09/16 09:44:39 ELECTRUM: Got current height 4663155 from headers subscription
2025/09/16 09:44:39 ELECTRUM: Returning hash 00000000000022d8766c30941d3411e0d6161f8202fcb2a8a2579c5a6f22a3b5 for height 4663155 (from headers subscription)
2025-09-16 09:44:39.463 [DBG] LTND lnd.go:727: Syncing to block chain rev=4d1c86 best_block_time="2025-09-16 09:44:19 -0400 EDT" is_synced=false
2025/09/16 09:44:40 ELECTRUM: GetBestBlock called
2025/09/16 09:44:40 ELECTRUM: Subscribing to headers to get current height
2025/09/16 09:44:40 ELECTRUM: Got current height 4663155 from headers subscription
2025/09/16 09:44:40 ELECTRUM: Returning hash 00000000000022d8766c30941d3411e0d6161f8202fcb2a8a2579c5a6f22a3b5 for height 4663155 (from headers subscription)
2025/09/16 09:44:40 ELECTRUM: GetBlockHeader called for hash: 00000000000022d8766c30941d3411e0d6161f8202fcb2a8a2579c5a6f22a3b5
2025/09/16 09:44:40 ELECTRUM: GetBestBlock called
2025/09/16 09:44:40 ELECTRUM: Subscribing to headers to get current height
2025/09/16 09:44:40 ELECTRUM: Got current height 4663155 from headers subscription
2025/09/16 09:44:40 ELECTRUM: Returning hash 00000000000022d8766c30941d3411e0d6161f8202fcb2a8a2579c5a6f22a3b5 for height 4663155 (from headers subscription)
2025-09-16 09:44:41.235 [DBG] LTND lnd.go:727: Syncing to block chain rev=4d1c86 best_block_time="2025-09-16 09:44:19 -0400 EDT" is_synced=false
2025/09/16 09:44:42 ELECTRUM: GetBestBlock called
2025/09/16 09:44:42 ELECTRUM: Subscribing to headers to get current height
2025/09/16 09:44:42 ELECTRUM: Got current height 4663155 from headers subscription
2025/09/16 09:44:42 ELECTRUM: Returning hash 00000000000022d8766c30941d3411e0d6161f8202fcb2a8a2579c5a6f22a3b5 for height 4663155 (from headers subscription)
2025/09/16 09:44:42 ELECTRUM: GetBlockHeader called for hash: 00000000000022d8766c30941d3411e0d6161f8202fcb2a8a2579c5a6f22a3b5
2025/09/16 09:44:42 ELECTRUM: GetBestBlock called
2025/09/16 09:44:42 ELECTRUM: Subscribing to headers to get current height
2025/09/16 09:44:42 ELECTRUM: Got current height 4663155 from headers subscription
2025/09/16 09:44:42 ELECTRUM: Returning hash 00000000000022d8766c30941d3411e0d6161f8202fcb2a8a2579c5a6f22a3b5 for height 4663155 (from headers subscription)
2025-09-16 09:44:42.973 [DBG] LTND lnd.go:727: Syncing to block chain rev=4d1c86 best_block_time="2025-09-16 09:44:19 -0400 EDT" is_synced=false
2025/09/16 09:44:43 ELECTRUM: GetBestBlock called
2025/09/16 09:44:43 ELECTRUM: Subscribing to headers to get current height
2025/09/16 09:44:44 ELECTRUM: Got current height 4663157 from headers subscription
2025/09/16 09:44:44 ELECTRUM: Returning hash 000000000000e0f2889f556a5ba4cdafa2f321abb60fa1928c3430fcb4f143ff for height 4663157 (from headers subscription)
2025/09/16 09:44:44 ELECTRUM: GetBlockHeader called for hash: 000000000000e0f2889f556a5ba4cdafa2f321abb60fa1928c3430fcb4f143ff
2025/09/16 09:44:44 ELECTRUM: GetBestBlock called
2025/09/16 09:44:44 ELECTRUM: Subscribing to headers to get current height
2025/09/16 09:44:44 ELECTRUM: Got current height 4663157 from headers subscription
2025/09/16 09:44:44 ELECTRUM: Returning hash 000000000000e0f2889f556a5ba4cdafa2f321abb60fa1928c3430fcb4f143ff for height 4663157 (from headers subscription)
2025-09-16 09:44:44.684 [DBG] LTND lnd.go:727: Syncing to block chain rev=4d1c86 best_block_time="2025-09-16 09:44:42 -0400 EDT" is_synced=false
2025/09/16 09:44:45 ELECTRUM: GetBestBlock called
2025/09/16 09:44:45 ELECTRUM: Subscribing to headers to get current height
2025/09/16 09:44:45 ELECTRUM: Got current height 4663157 from headers subscription
2025/09/16 09:44:45 ELECTRUM: Returning hash 000000000000e0f2889f556a5ba4cdafa2f321abb60fa1928c3430fcb4f143ff for height 4663157 (from headers subscription)
2025/09/16 09:44:45 ELECTRUM: GetBlockHeader called for hash: 000000000000e0f2889f556a5ba4cdafa2f321abb60fa1928c3430fcb4f143ff
2025/09/16 09:44:45 ELECTRUM: GetBestBlock called
2025/09/16 09:44:45 ELECTRUM: Subscribing to headers to get current height
2025/09/16 09:44:46 ELECTRUM: Got current height 4663157 from headers subscription
2025/09/16 09:44:46 ELECTRUM: Returning hash 000000000000e0f2889f556a5ba4cdafa2f321abb60fa1928c3430fcb4f143ff for height 4663157 (from headers subscription)
2025-09-16 09:44:46.454 [DBG] LTND lnd.go:727: Syncing to block chain rev=4d1c86 best_block_time="2025-09-16 09:44:42 -0400 EDT" is_synced=false
2025/09/16 09:44:47 ELECTRUM: GetBestBlock called
2025/09/16 09:44:47 ELECTRUM: Subscribing to headers to get current height
2025/09/16 09:44:47 ELECTRUM: Got current height 4663157 from headers subscription
2025/09/16 09:44:47 ELECTRUM: Returning hash 000000000000e0f2889f556a5ba4cdafa2f321abb60fa1928c3430fcb4f143ff for height 4663157 (from headers subscription)
2025/09/16 09:44:47 ELECTRUM: GetBlockHeader called for hash: 000000000000e0f2889f556a5ba4cdafa2f321abb60fa1928c3430fcb4f143ff
2025/09/16 09:44:47 ELECTRUM: GetBestBlock called
2025/09/16 09:44:47 ELECTRUM: Subscribing to headers to get current height
2025/09/16 09:44:47 ELECTRUM: Got current height 4663157 from headers subscription
2025/09/16 09:44:47 ELECTRUM: Returning hash 000000000000e0f2889f556a5ba4cdafa2f321abb60fa1928c3430fcb4f143ff for height 4663157 (from headers subscription)
2025-09-16 09:44:48.167 [DBG] LTND lnd.go:727: Syncing to block chain rev=4d1c86 best_block_time="2025-09-16 09:44:42 -0400 EDT" is_synced=false
2025/09/16 09:44:49 ELECTRUM: GetBestBlock called
2025/09/16 09:44:49 ELECTRUM: Subscribing to headers to get current height
2025/09/16 09:44:49 ELECTRUM: GetBestBlock called
2025/09/16 09:44:49 ELECTRUM: Subscribing to headers to get current height
2025/09/16 09:44:49 ELECTRUM: Got current height 4663157 from headers subscription
2025/09/16 09:44:49 ELECTRUM: Returning hash 000000000000e0f2889f556a5ba4cdafa2f321abb60fa1928c3430fcb4f143ff for height 4663157 (from headers subscription)
2025/09/16 09:44:49 ELECTRUM: Checking for new blocks - current: 4663157, last known: 4663154
2025/09/16 09:44:49 ELECTRUM: New block detected! Height: 4663157 (was 4663154)
2025/09/16 09:44:49 ELECTRUM: Sending block connected notification for height 4663157
2025/09/16 09:44:49 ELECTRUM: Block notification sent successfully for height 4663157
2025/09/16 09:44:49 ELECTRUM: Got current height 4663157 from headers subscription
2025/09/16 09:44:49 ELECTRUM: Returning hash 000000000000e0f2889f556a5ba4cdafa2f321abb60fa1928c3430fcb4f143ff for height 4663157 (from headers subscription)
2025/09/16 09:44:49 ELECTRUM: GetBlockHeader called for hash: 000000000000e0f2889f556a5ba4cdafa2f321abb60fa1928c3430fcb4f143ff
2025/09/16 09:44:49 ELECTRUM: GetBestBlock called
2025/09/16 09:44:49 ELECTRUM: Subscribing to headers to get current height
2025/09/16 09:44:49 ELECTRUM: Got current height 4663157 from headers subscription
2025/09/16 09:44:49 ELECTRUM: Returning hash 000000000000e0f2889f556a5ba4cdafa2f321abb60fa1928c3430fcb4f143ff for height 4663157 (from headers subscription)
2025-09-16 09:44:49.899 [DBG] LTND lnd.go:727: Syncing to block chain rev=4d1c86 best_block_time="2025-09-16 09:44:42 -0400 EDT" is_synced=false
2025/09/16 09:44:50 ELECTRUM: GetBestBlock called
2025/09/16 09:44:50 ELECTRUM: Subscribing to headers to get current height
2025/09/16 09:44:50 ELECTRUM: Got current height 4663157 from headers subscription
2025/09/16 09:44:50 ELECTRUM: Returning hash 000000000000e0f2889f556a5ba4cdafa2f321abb60fa1928c3430fcb4f143ff for height 4663157 (from headers subscription)
2025/09/16 09:44:50 ELECTRUM: Checking for new blocks - current: 4663157, last known: 4663154
2025/09/16 09:44:50 ELECTRUM: New block detected! Height: 4663157 (was 4663154)
2025/09/16 09:44:50 ELECTRUM: Sending block connected notification for height 4663157
2025/09/16 09:44:50 ELECTRUM: Block notification sent successfully for height 4663157
2025/09/16 09:44:50 ELECTRUM: GetBestBlock called
2025/09/16 09:44:50 ELECTRUM: Subscribing to headers to get current height
2025/09/16 09:44:50 ELECTRUM: Got current height 4663157 from headers subscription
2025/09/16 09:44:50 ELECTRUM: Returning hash 000000000000e0f2889f556a5ba4cdafa2f321abb60fa1928c3430fcb4f143ff for height 4663157 (from headers subscription)
2025/09/16 09:44:50 ELECTRUM: Checking for new blocks - current: 4663157, last known: 4663154
2025/09/16 09:44:50 ELECTRUM: New block detected! Height: 4663157 (was 4663154)
2025/09/16 09:44:50 ELECTRUM: Sending block connected notification for height 4663157
2025/09/16 09:44:50 ELECTRUM: Block notification sent successfully for height 4663157
2025/09/16 09:44:50 ELECTRUM: GetBestBlock called
2025/09/16 09:44:50 ELECTRUM: Subscribing to headers to get current height
2025/09/16 09:44:51 ELECTRUM: Got current height 4663157 from headers subscription
2025/09/16 09:44:51 ELECTRUM: Returning hash 000000000000e0f2889f556a5ba4cdafa2f321abb60fa1928c3430fcb4f143ff for height 4663157 (from headers subscription)
2025/09/16 09:44:51 ELECTRUM: GetBlockHeader called for hash: 000000000000e0f2889f556a5ba4cdafa2f321abb60fa1928c3430fcb4f143ff
2025/09/16 09:44:51 ELECTRUM: GetBestBlock called
2025/09/16 09:44:51 ELECTRUM: Subscribing to headers to get current height
2025/09/16 09:44:51 ELECTRUM: Got current height 4663157 from headers subscription
2025/09/16 09:44:51 ELECTRUM: Returning hash 000000000000e0f2889f556a5ba4cdafa2f321abb60fa1928c3430fcb4f143ff for height 4663157 (from headers subscription)
2025-09-16 09:44:51.638 [DBG] LTND lnd.go:727: Syncing to block chain rev=4d1c86 best_block_time="2025-09-16 09:44:42 -0400 EDT" is_synced=false
2025/09/16 09:44:52 ELECTRUM: GetBestBlock called
2025/09/16 09:44:52 ELECTRUM: Subscribing to headers to get current height
2025/09/16 09:44:52 ELECTRUM: Got current height 4663158 from headers subscription
2025/09/16 09:44:52 ELECTRUM: Returning hash 0000000000009682746482c9fb0765464ff3165412d9c97cfe2daaaf1dc3135d for height 4663158 (from headers subscription)
2025/09/16 09:44:52 ELECTRUM: GetBlockHeader called for hash: 0000000000009682746482c9fb0765464ff3165412d9c97cfe2daaaf1dc3135d
2025/09/16 09:44:52 ELECTRUM: GetBestBlock called
2025/09/16 09:44:52 ELECTRUM: Subscribing to headers to get current height
2025/09/16 09:44:53 ELECTRUM: Got current height 4663158 from headers subscription
2025/09/16 09:44:53 ELECTRUM: Returning hash 0000000000009682746482c9fb0765464ff3165412d9c97cfe2daaaf1dc3135d for height 4663158 (from headers subscription)
2025-09-16 09:44:53.369 [DBG] LTND lnd.go:727: Syncing to block chain rev=4d1c86 best_block_time="2025-09-16 09:44:43 -0400 EDT" is_synced=false
2025/09/16 09:44:54 ELECTRUM: GetBestBlock called
2025/09/16 09:44:54 ELECTRUM: Subscribing to headers to get current height
2025/09/16 09:44:54 ELECTRUM: Got current height 4663159 from headers subscription
2025/09/16 09:44:54 ELECTRUM: Returning hash 0000000000003db7ae984de3b9ba027449943c1dfa2a234c8daccef98bdfd4e7 for height 4663159 (from headers subscription)
2025/09/16 09:44:54 ELECTRUM: GetBlockHeader called for hash: 0000000000003db7ae984de3b9ba027449943c1dfa2a234c8daccef98bdfd4e7
2025/09/16 09:44:54 ELECTRUM: GetBestBlock called
2025/09/16 09:44:54 ELECTRUM: Subscribing to headers to get current height
2025/09/16 09:44:54 ELECTRUM: Got current height 4663159 from headers subscription
2025/09/16 09:44:54 ELECTRUM: Returning hash 0000000000003db7ae984de3b9ba027449943c1dfa2a234c8daccef98bdfd4e7 for height 4663159 (from headers subscription)
2025-09-16 09:44:55.076 [DBG] LTND lnd.go:727: Syncing to block chain rev=4d1c86 best_block_time="2025-09-16 09:44:51 -0400 EDT" is_synced=false
2025/09/16 09:44:56 ELECTRUM: GetBestBlock called
2025/09/16 09:44:56 ELECTRUM: Subscribing to headers to get current height
2025/09/16 09:44:56 ELECTRUM: Got current height 4663159 from headers subscription
2025/09/16 09:44:56 ELECTRUM: Returning hash 0000000000003db7ae984de3b9ba027449943c1dfa2a234c8daccef98bdfd4e7 for height 4663159 (from headers subscription)
2025/09/16 09:44:56 ELECTRUM: GetBlockHeader called for hash: 0000000000003db7ae984de3b9ba027449943c1dfa2a234c8daccef98bdfd4e7
2025/09/16 09:44:56 ELECTRUM: GetBestBlock called
2025/09/16 09:44:56 ELECTRUM: Subscribing to headers to get current height
2025/09/16 09:44:56 ELECTRUM: Got current height 4663159 from headers subscription
2025/09/16 09:44:56 ELECTRUM: Returning hash 0000000000003db7ae984de3b9ba027449943c1dfa2a234c8daccef98bdfd4e7 for height 4663159 (from headers subscription)
2025-09-16 09:44:56.797 [DBG] LTND lnd.go:727: Syncing to block chain rev=4d1c86 best_block_time="2025-09-16 09:44:51 -0400 EDT" is_synced=false
2025/09/16 09:44:57 ELECTRUM: GetBestBlock called
2025/09/16 09:44:57 ELECTRUM: Subscribing to headers to get current height
2025/09/16 09:44:58 ELECTRUM: Got current height 4663159 from headers subscription
2025/09/16 09:44:58 ELECTRUM: Returning hash 0000000000003db7ae984de3b9ba027449943c1dfa2a234c8daccef98bdfd4e7 for height 4663159 (from headers subscription)
2025/09/16 09:44:58 ELECTRUM: GetBlockHeader called for hash: 0000000000003db7ae984de3b9ba027449943c1dfa2a234c8daccef98bdfd4e7
2025/09/16 09:44:58 ELECTRUM: GetBestBlock called
2025/09/16 09:44:58 ELECTRUM: Subscribing to headers to get current height
2025/09/16 09:44:58 ELECTRUM: Got current height 4663159 from headers subscription
2025/09/16 09:44:58 ELECTRUM: Returning hash 0000000000003db7ae984de3b9ba027449943c1dfa2a234c8daccef98bdfd4e7 for height 4663159 (from headers subscription)
2025-09-16 09:44:58.500 [DBG] LTND lnd.go:727: Syncing to block chain rev=4d1c86 best_block_time="2025-09-16 09:44:51 -0400 EDT" is_synced=false
2025/09/16 09:44:59 ELECTRUM: GetBestBlock called
2025/09/16 09:44:59 ELECTRUM: Subscribing to headers to get current height
2025/09/16 09:44:59 ELECTRUM: Got current height 4663159 from headers subscription
2025/09/16 09:44:59 ELECTRUM: Returning hash 0000000000003db7ae984de3b9ba027449943c1dfa2a234c8daccef98bdfd4e7 for height 4663159 (from headers subscription)
2025/09/16 09:44:59 ELECTRUM: GetBlockHeader called for hash: 0000000000003db7ae984de3b9ba027449943c1dfa2a234c8daccef98bdfd4e7
2025/09/16 09:44:59 ELECTRUM: GetBestBlock called
2025/09/16 09:44:59 ELECTRUM: Subscribing to headers to get current height
2025/09/16 09:44:59 ELECTRUM: Got current height 4663159 from headers subscription
2025/09/16 09:44:59 ELECTRUM: Returning hash 0000000000003db7ae984de3b9ba027449943c1dfa2a234c8daccef98bdfd4e7 for height 4663159 (from headers subscription)
2025-09-16 09:45:00.211 [DBG] LTND lnd.go:727: Syncing to block chain rev=4d1c86 best_block_time="2025-09-16 09:44:51 -0400 EDT" is_synced=false
2025/09/16 09:45:01 ELECTRUM: GetBestBlock called
2025/09/16 09:45:01 ELECTRUM: Subscribing to headers to get current height
2025/09/16 09:45:01 ELECTRUM: Got current height 4663160 from headers subscription
2025/09/16 09:45:01 ELECTRUM: Returning hash 000000000003a1ac7a4a1608dd56e4bf6d41dbfcb4aec83834d50768691aa2ba for height 4663160 (from headers subscription)
2025/09/16 09:45:01 ELECTRUM: GetBlockHeader called for hash: 000000000003a1ac7a4a1608dd56e4bf6d41dbfcb4aec83834d50768691aa2ba
2025/09/16 09:45:01 ELECTRUM: GetBestBlock called
2025/09/16 09:45:01 ELECTRUM: Subscribing to headers to get current height
2025/09/16 09:45:01 ELECTRUM: Got current height 4663160 from headers subscription
2025/09/16 09:45:01 ELECTRUM: Returning hash 000000000003a1ac7a4a1608dd56e4bf6d41dbfcb4aec83834d50768691aa2ba for height 4663160 (from headers subscription)
2025-09-16 09:45:01.919 [DBG] LTND lnd.go:727: Syncing to block chain rev=4d1c86 best_block_time="2025-09-16 09:44:53 -0400 EDT" is_synced=false
2025/09/16 09:45:02 ELECTRUM: GetBestBlock called
2025/09/16 09:45:02 ELECTRUM: Subscribing to headers to get current height
2025/09/16 09:45:03 ELECTRUM: Got current height 4663160 from headers subscription
2025/09/16 09:45:03 ELECTRUM: Returning hash 000000000003a1ac7a4a1608dd56e4bf6d41dbfcb4aec83834d50768691aa2ba for height 4663160 (from headers subscription)
2025/09/16 09:45:03 ELECTRUM: GetBlockHeader called for hash: 000000000003a1ac7a4a1608dd56e4bf6d41dbfcb4aec83834d50768691aa2ba
2025/09/16 09:45:03 ELECTRUM: GetBestBlock called
2025/09/16 09:45:03 ELECTRUM: Subscribing to headers to get current height
2025/09/16 09:45:03 ELECTRUM: Got current height 4663160 from headers subscription
2025/09/16 09:45:03 ELECTRUM: Returning hash 000000000003a1ac7a4a1608dd56e4bf6d41dbfcb4aec83834d50768691aa2ba for height 4663160 (from headers subscription)
2025-09-16 09:45:03.657 [DBG] LTND lnd.go:727: Syncing to block chain rev=4d1c86 best_block_time="2025-09-16 09:44:53 -0400 EDT" is_synced=false
2025/09/16 09:45:04 ELECTRUM: GetBestBlock called
2025/09/16 09:45:04 ELECTRUM: Subscribing to headers to get current height
2025/09/16 09:45:04 ELECTRUM: Got current height 4663160 from headers subscription
2025/09/16 09:45:04 ELECTRUM: Returning hash 000000000003a1ac7a4a1608dd56e4bf6d41dbfcb4aec83834d50768691aa2ba for height 4663160 (from headers subscription)
2025/09/16 09:45:04 ELECTRUM: GetBlockHeader called for hash: 000000000003a1ac7a4a1608dd56e4bf6d41dbfcb4aec83834d50768691aa2ba
2025/09/16 09:45:04 ELECTRUM: GetBestBlock called
2025/09/16 09:45:04 ELECTRUM: Subscribing to headers to get current height
2025/09/16 09:45:05 ELECTRUM: Got current height 4663160 from headers subscription
2025/09/16 09:45:05 ELECTRUM: Returning hash 000000000003a1ac7a4a1608dd56e4bf6d41dbfcb4aec83834d50768691aa2ba for height 4663160 (from headers subscription)
2025-09-16 09:45:05.396 [DBG] LTND lnd.go:727: Syncing to block chain rev=4d1c86 best_block_time="2025-09-16 09:44:53 -0400 EDT" is_synced=false
2025/09/16 09:45:06 ELECTRUM: GetBestBlock called
2025/09/16 09:45:06 ELECTRUM: Subscribing to headers to get current height
2025/09/16 09:45:06 ELECTRUM: Got current height 4663160 from headers subscription
2025/09/16 09:45:06 ELECTRUM: Returning hash 000000000003a1ac7a4a1608dd56e4bf6d41dbfcb4aec83834d50768691aa2ba for height 4663160 (from headers subscription)
2025/09/16 09:45:06 ELECTRUM: GetBlockHeader called for hash: 000000000003a1ac7a4a1608dd56e4bf6d41dbfcb4aec83834d50768691aa2ba
2025/09/16 09:45:06 ELECTRUM: GetBestBlock called
2025/09/16 09:45:06 ELECTRUM: Subscribing to headers to get current height
2025/09/16 09:45:06 ELECTRUM: Got current height 4663160 from headers subscription
2025/09/16 09:45:06 ELECTRUM: Returning hash 000000000003a1ac7a4a1608dd56e4bf6d41dbfcb4aec83834d50768691aa2ba for height 4663160 (from headers subscription)
2025-09-16 09:45:07.204 [DBG] LTND lnd.go:727: Syncing to block chain rev=4d1c86 best_block_time="2025-09-16 09:44:53 -0400 EDT" is_synced=false
2025/09/16 09:45:08 ELECTRUM: GetBestBlock called
2025/09/16 09:45:08 ELECTRUM: Subscribing to headers to get current height
2025/09/16 09:45:08 ELECTRUM: Got current height 4663162 from headers subscription
2025/09/16 09:45:08 ELECTRUM: Returning hash 0000000000000874ee5bc2542ea44eb8e94c1a05e3de6cfb79d54c1ea0d0af57 for height 4663162 (from headers subscription)
2025/09/16 09:45:08 ELECTRUM: GetBlockHeader called for hash: 0000000000000874ee5bc2542ea44eb8e94c1a05e3de6cfb79d54c1ea0d0af57
2025/09/16 09:45:08 ELECTRUM: GetBestBlock called
2025/09/16 09:45:08 ELECTRUM: Subscribing to headers to get current height
2025/09/16 09:45:08 ELECTRUM: Got current height 4663163 from headers subscription
2025/09/16 09:45:08 ELECTRUM: Returning hash 00000000000029b2050cbab67561f837edd20de96046b660f8e538a1b0851920 for height 4663163 (from headers subscription)
2025-09-16 09:45:08.921 [DBG] LTND lnd.go:727: Syncing to block chain rev=4d1c86 best_block_time="2025-09-16 09:45:07 -0400 EDT" is_synced=false
2025/09/16 09:45:09 ELECTRUM: GetBestBlock called
2025/09/16 09:45:09 ELECTRUM: Subscribing to headers to get current height
2025/09/16 09:45:10 ELECTRUM: Got current height 4663163 from headers subscription
2025/09/16 09:45:10 ELECTRUM: Returning hash 00000000000029b2050cbab67561f837edd20de96046b660f8e538a1b0851920 for height 4663163 (from headers subscription)
2025/09/16 09:45:10 ELECTRUM: GetBlockHeader called for hash: 00000000000029b2050cbab67561f837edd20de96046b660f8e538a1b0851920
2025/09/16 09:45:10 ELECTRUM: GetBestBlock called
2025/09/16 09:45:10 ELECTRUM: Subscribing to headers to get current height
2025/09/16 09:45:10 ELECTRUM: Got current height 4663163 from headers subscription
2025/09/16 09:45:10 ELECTRUM: Returning hash 00000000000029b2050cbab67561f837edd20de96046b660f8e538a1b0851920 for height 4663163 (from headers subscription)
2025-09-16 09:45:10.685 [DBG] LTND lnd.go:727: Syncing to block chain rev=4d1c86 best_block_time="2025-09-16 09:45:07 -0400 EDT" is_synced=false
2025/09/16 09:45:11 ELECTRUM: GetBestBlock called
2025/09/16 09:45:11 ELECTRUM: Subscribing to headers to get current height
2025/09/16 09:45:11 ELECTRUM: Got current height 4663164 from headers subscription
2025/09/16 09:45:11 ELECTRUM: Returning hash 000000000002c308b000137a742230faa3bb254c71032d85bc0c59376df17078 for height 4663164 (from headers subscription)
2025/09/16 09:45:11 ELECTRUM: GetBlockHeader called for hash: 000000000002c308b000137a742230faa3bb254c71032d85bc0c59376df17078
2025/09/16 09:45:11 ELECTRUM: GetBestBlock called
2025/09/16 09:45:11 ELECTRUM: Subscribing to headers to get current height
2025/09/16 09:45:12 ELECTRUM: Got current height 4663164 from headers subscription
2025/09/16 09:45:12 ELECTRUM: Returning hash 000000000002c308b000137a742230faa3bb254c71032d85bc0c59376df17078 for height 4663164 (from headers subscription)
2025-09-16 09:45:12.397 [DBG] LTND lnd.go:727: Syncing to block chain rev=4d1c86 best_block_time="2025-09-16 09:45:16 -0400 EDT" is_synced=false
2025/09/16 09:45:13 ELECTRUM: GetBestBlock called
2025/09/16 09:45:13 ELECTRUM: Subscribing to headers to get current height
2025/09/16 09:45:13 ELECTRUM: Got current height 4663164 from headers subscription
2025/09/16 09:45:13 ELECTRUM: Returning hash 000000000002c308b000137a742230faa3bb254c71032d85bc0c59376df17078 for height 4663164 (from headers subscription)
2025/09/16 09:45:13 ELECTRUM: GetBlockHeader called for hash: 000000000002c308b000137a742230faa3bb254c71032d85bc0c59376df17078
2025/09/16 09:45:13 ELECTRUM: GetBestBlock called
2025/09/16 09:45:13 ELECTRUM: Subscribing to headers to get current height
2025/09/16 09:45:13 ELECTRUM: Got current height 4663165 from headers subscription
2025/09/16 09:45:13 ELECTRUM: Returning hash 000000000fb20db737bad168559d2b7014fc1b64cba6f2a9419ceea8930aea9b for height 4663165 (from headers subscription)
2025-09-16 09:45:14.113 [DBG] LTND lnd.go:727: Syncing to block chain rev=4d1c86 best_block_time="2025-09-16 10:05:17 -0400 EDT" is_synced=false
2025/09/16 09:45:15 ELECTRUM: GetBestBlock called
2025/09/16 09:45:15 ELECTRUM: Subscribing to headers to get current height
2025/09/16 09:45:15 ELECTRUM: Got current height 4663165 from headers subscription
2025/09/16 09:45:15 ELECTRUM: Returning hash 000000000fb20db737bad168559d2b7014fc1b64cba6f2a9419ceea8930aea9b for height 4663165 (from headers subscription)
2025/09/16 09:45:15 ELECTRUM: GetBlockHeader called for hash: 000000000fb20db737bad168559d2b7014fc1b64cba6f2a9419ceea8930aea9b
2025/09/16 09:45:15 ELECTRUM: GetBestBlock called
2025/09/16 09:45:15 ELECTRUM: Subscribing to headers to get current height
2025/09/16 09:45:15 ELECTRUM: Got current height 4663165 from headers subscription
2025/09/16 09:45:15 ELECTRUM: Returning hash 000000000fb20db737bad168559d2b7014fc1b64cba6f2a9419ceea8930aea9b for height 4663165 (from headers subscription)
2025-09-16 09:45:15.915 [DBG] LTND lnd.go:727: Syncing to block chain rev=4d1c86 best_block_time="2025-09-16 10:05:17 -0400 EDT" is_synced=false
2025/09/16 09:45:16 ELECTRUM: GetBestBlock called
2025/09/16 09:45:16 ELECTRUM: Subscribing to headers to get current height
2025/09/16 09:45:17 ELECTRUM: Got current height 4663166 from headers subscription
2025/09/16 09:45:17 ELECTRUM: Returning hash 0000000000019ae50c56de2f3f95e1dc375d9aa8f50a2ec60ec8a69b321fb7f0 for height 4663166 (from headers subscription)
2025/09/16 09:45:17 ELECTRUM: GetBlockHeader called for hash: 0000000000019ae50c56de2f3f95e1dc375d9aa8f50a2ec60ec8a69b321fb7f0
2025/09/16 09:45:17 ELECTRUM: GetBestBlock called
2025/09/16 09:45:17 ELECTRUM: Subscribing to headers to get current height
2025/09/16 09:45:17 ELECTRUM: Got current height 4663166 from headers subscription
2025/09/16 09:45:17 ELECTRUM: Returning hash 0000000000019ae50c56de2f3f95e1dc375d9aa8f50a2ec60ec8a69b321fb7f0 for height 4663166 (from headers subscription)
2025-09-16 09:45:17.635 [DBG] LTND lnd.go:727: Syncing to block chain rev=4d1c86 best_block_time="2025-09-16 09:45:13 -0400 EDT" is_synced=false
2025/09/16 09:45:18 ELECTRUM: GetBestBlock called
2025/09/16 09:45:18 ELECTRUM: Subscribing to headers to get current height
2025/09/16 09:45:18 ELECTRUM: Got current height 4663168 from headers subscription
2025/09/16 09:45:18 ELECTRUM: Returning hash 0000000000018abf5209094606cddb883b31c3b1b4e266e65987c5bcc078ab9f for height 4663168 (from headers subscription)
2025/09/16 09:45:18 ELECTRUM: GetBlockHeader called for hash: 0000000000018abf5209094606cddb883b31c3b1b4e266e65987c5bcc078ab9f
2025/09/16 09:45:18 ELECTRUM: GetBestBlock called
2025/09/16 09:45:18 ELECTRUM: Subscribing to headers to get current height
2025/09/16 09:45:19 ELECTRUM: Got current height 4663168 from headers subscription
2025/09/16 09:45:19 ELECTRUM: Returning hash 0000000000018abf5209094606cddb883b31c3b1b4e266e65987c5bcc078ab9f for height 4663168 (from headers subscription)
2025/09/16 09:45:19 ELECTRUM: GetBestBlock called
2025/09/16 09:45:19 ELECTRUM: Subscribing to headers to get current height
2025/09/16 09:45:19 ELECTRUM: Got current height 4663168 from headers subscription
2025-09-16 09:45:19.391 [DBG] LTND lnd.go:727: Syncing to block chain rev=4d1c86 best_block_time="2025-09-16 09:45:18 -0400 EDT" is_synced=false
2025/09/16 09:45:19 ELECTRUM: Returning hash 0000000000018abf5209094606cddb883b31c3b1b4e266e65987c5bcc078ab9f for height 4663168 (from headers subscription)
2025/09/16 09:45:19 ELECTRUM: Checking for new blocks - current: 4663168, last known: 4663157
2025/09/16 09:45:19 ELECTRUM: New block detected! Height: 4663168 (was 4663157)
2025/09/16 09:45:19 ELECTRUM: Sending block connected notification for height 4663168
2025/09/16 09:45:19 ELECTRUM: Block notification sent successfully for height 4663168
2025/09/16 09:45:20 ELECTRUM: GetBestBlock called
2025/09/16 09:45:20 ELECTRUM: Subscribing to headers to get current height
2025/09/16 09:45:20 ELECTRUM: GetBestBlock called
2025/09/16 09:45:20 ELECTRUM: Subscribing to headers to get current height
2025/09/16 09:45:20 ELECTRUM: Got current height 4663168 from headers subscription
2025/09/16 09:45:20 ELECTRUM: Returning hash 0000000000018abf5209094606cddb883b31c3b1b4e266e65987c5bcc078ab9f for height 4663168 (from headers subscription)
2025/09/16 09:45:20 ELECTRUM: Checking for new blocks - current: 4663168, last known: 4663157
2025/09/16 09:45:20 ELECTRUM: New block detected! Height: 4663168 (was 4663157)
2025/09/16 09:45:20 ELECTRUM: Sending block connected notification for height 4663168
2025/09/16 09:45:20 ELECTRUM: Block notification sent successfully for height 4663168
2025/09/16 09:45:20 ELECTRUM: GetBestBlock called
2025/09/16 09:45:20 ELECTRUM: Subscribing to headers to get current height
2025/09/16 09:45:20 ELECTRUM: Got current height 4663168 from headers subscription
2025/09/16 09:45:20 ELECTRUM: Returning hash 0000000000018abf5209094606cddb883b31c3b1b4e266e65987c5bcc078ab9f for height 4663168 (from headers subscription)
2025/09/16 09:45:20 ELECTRUM: GetBlockHeader called for hash: 0000000000018abf5209094606cddb883b31c3b1b4e266e65987c5bcc078ab9f
2025/09/16 09:45:20 ELECTRUM: GetBestBlock called
2025/09/16 09:45:20 ELECTRUM: Subscribing to headers to get current height
2025/09/16 09:45:20 ELECTRUM: Got current height 4663168 from headers subscription
2025/09/16 09:45:20 ELECTRUM: Returning hash 0000000000018abf5209094606cddb883b31c3b1b4e266e65987c5bcc078ab9f for height 4663168 (from headers subscription)
2025/09/16 09:45:20 ELECTRUM: Checking for new blocks - current: 4663168, last known: 4663157
2025/09/16 09:45:20 ELECTRUM: New block detected! Height: 4663168 (was 4663157)
2025/09/16 09:45:20 ELECTRUM: Sending block connected notification for height 4663168
2025/09/16 09:45:20 ELECTRUM: Block notification sent successfully for height 4663168
2025/09/16 09:45:20 ELECTRUM: Got current height 4663168 from headers subscription
2025/09/16 09:45:20 ELECTRUM: Returning hash 0000000000018abf5209094606cddb883b31c3b1b4e266e65987c5bcc078ab9f for height 4663168 (from headers subscription)
2025-09-16 09:45:21.170 [DBG] LTND lnd.go:727: Syncing to block chain rev=4d1c86 best_block_time="2025-09-16 09:45:18 -0400 EDT" is_synced=false
2025/09/16 09:45:22 ELECTRUM: GetBestBlock called
2025/09/16 09:45:22 ELECTRUM: Subscribing to headers to get current height
2025/09/16 09:45:22 ELECTRUM: Got current height 4663168 from headers subscription
2025/09/16 09:45:22 ELECTRUM: Returning hash 0000000000018abf5209094606cddb883b31c3b1b4e266e65987c5bcc078ab9f for height 4663168 (from headers subscription)
2025/09/16 09:45:22 ELECTRUM: GetBlockHeader called for hash: 0000000000018abf5209094606cddb883b31c3b1b4e266e65987c5bcc078ab9f
2025/09/16 09:45:22 ELECTRUM: GetBestBlock called
2025/09/16 09:45:22 ELECTRUM: Subscribing to headers to get current height
2025/09/16 09:45:22 ELECTRUM: Got current height 4663168 from headers subscription
2025/09/16 09:45:22 ELECTRUM: Returning hash 0000000000018abf5209094606cddb883b31c3b1b4e266e65987c5bcc078ab9f for height 4663168 (from headers subscription)
2025-09-16 09:45:22.883 [DBG] LTND lnd.go:727: Syncing to block chain rev=4d1c86 best_block_time="2025-09-16 09:45:18 -0400 EDT" is_synced=false
2025/09/16 09:45:23 ELECTRUM: GetBestBlock called
2025/09/16 09:45:23 ELECTRUM: Subscribing to headers to get current height
2025/09/16 09:45:24 ELECTRUM: Got current height 4663168 from headers subscription
2025/09/16 09:45:24 ELECTRUM: Returning hash 0000000000018abf5209094606cddb883b31c3b1b4e266e65987c5bcc078ab9f for height 4663168 (from headers subscription)
2025/09/16 09:45:24 ELECTRUM: GetBlockHeader called for hash: 0000000000018abf5209094606cddb883b31c3b1b4e266e65987c5bcc078ab9f
2025/09/16 09:45:24 ELECTRUM: GetBestBlock called
2025/09/16 09:45:24 ELECTRUM: Subscribing to headers to get current height
2025/09/16 09:45:24 ELECTRUM: Got current height 4663168 from headers subscription
2025/09/16 09:45:24 ELECTRUM: Returning hash 0000000000018abf5209094606cddb883b31c3b1b4e266e65987c5bcc078ab9f for height 4663168 (from headers subscription)
2025-09-16 09:45:24.753 [DBG] LTND lnd.go:727: Syncing to block chain rev=4d1c86 best_block_time="2025-09-16 09:45:18 -0400 EDT" is_synced=false
2025/09/16 09:45:25 ELECTRUM: GetBestBlock called
2025/09/16 09:45:25 ELECTRUM: Subscribing to headers to get current height
2025/09/16 09:45:26 ELECTRUM: Got current height 4663168 from headers subscription
2025/09/16 09:45:26 ELECTRUM: Returning hash 0000000000018abf5209094606cddb883b31c3b1b4e266e65987c5bcc078ab9f for height 4663168 (from headers subscription)
2025/09/16 09:45:26 ELECTRUM: GetBlockHeader called for hash: 0000000000018abf5209094606cddb883b31c3b1b4e266e65987c5bcc078ab9f
2025/09/16 09:45:26 ELECTRUM: GetBestBlock called
2025/09/16 09:45:26 ELECTRUM: Subscribing to headers to get current height
2025/09/16 09:45:26 ELECTRUM: Got current height 4663168 from headers subscription
2025/09/16 09:45:26 ELECTRUM: Returning hash 0000000000018abf5209094606cddb883b31c3b1b4e266e65987c5bcc078ab9f for height 4663168 (from headers subscription)
2025-09-16 09:45:26.820 [DBG] LTND lnd.go:727: Syncing to block chain rev=4d1c86 best_block_time="2025-09-16 09:45:18 -0400 EDT" is_synced=false
2025/09/16 09:45:27 ELECTRUM: GetBestBlock called
2025/09/16 09:45:27 ELECTRUM: Subscribing to headers to get current height
2025/09/16 09:45:28 ELECTRUM: Got current height 4663168 from headers subscription
2025/09/16 09:45:28 ELECTRUM: Returning hash 0000000000018abf5209094606cddb883b31c3b1b4e266e65987c5bcc078ab9f for height 4663168 (from headers subscription)
2025/09/16 09:45:28 ELECTRUM: GetBlockHeader called for hash: 0000000000018abf5209094606cddb883b31c3b1b4e266e65987c5bcc078ab9f
2025/09/16 09:45:28 ELECTRUM: GetBestBlock called
2025/09/16 09:45:28 ELECTRUM: Subscribing to headers to get current height
2025/09/16 09:45:28 ELECTRUM: Got current height 4663168 from headers subscription
2025/09/16 09:45:28 ELECTRUM: Returning hash 0000000000018abf5209094606cddb883b31c3b1b4e266e65987c5bcc078ab9f for height 4663168 (from headers subscription)
2025-09-16 09:45:28.645 [DBG] LTND lnd.go:727: Syncing to block chain rev=4d1c86 best_block_time="2025-09-16 09:45:18 -0400 EDT" is_synced=false
2025/09/16 09:45:29 ELECTRUM: GetBestBlock called
2025/09/16 09:45:29 ELECTRUM: Subscribing to headers to get current height
2025/09/16 09:45:29 ELECTRUM: Got current height 4663168 from headers subscription
2025/09/16 09:45:29 ELECTRUM: Returning hash 0000000000018abf5209094606cddb883b31c3b1b4e266e65987c5bcc078ab9f for height 4663168 (from headers subscription)
2025/09/16 09:45:29 ELECTRUM: GetBlockHeader called for hash: 0000000000018abf5209094606cddb883b31c3b1b4e266e65987c5bcc078ab9f
2025/09/16 09:45:29 ELECTRUM: GetBestBlock called
2025/09/16 09:45:29 ELECTRUM: Subscribing to headers to get current height
2025/09/16 09:45:30 ELECTRUM: Got current height 4663168 from headers subscription
2025/09/16 09:45:30 ELECTRUM: Returning hash 0000000000018abf5209094606cddb883b31c3b1b4e266e65987c5bcc078ab9f for height 4663168 (from headers subscription)
2025-09-16 09:45:30.481 [DBG] LTND lnd.go:727: Syncing to block chain rev=4d1c86 best_block_time="2025-09-16 09:45:18 -0400 EDT" is_synced=false
2025/09/16 09:45:31 ELECTRUM: GetBestBlock called
2025/09/16 09:45:31 ELECTRUM: Subscribing to headers to get current height
2025/09/16 09:45:31 ELECTRUM: Got current height 4663169 from headers subscription
2025/09/16 09:45:31 ELECTRUM: Returning hash 000000000000119f2fc74635fd16a91384f04886e18d292524fe81a8fb0c95c2 for height 4663169 (from headers subscription)
2025/09/16 09:45:31 ELECTRUM: GetBlockHeader called for hash: 000000000000119f2fc74635fd16a91384f04886e18d292524fe81a8fb0c95c2
2025/09/16 09:45:31 ELECTRUM: GetBestBlock called
2025/09/16 09:45:31 ELECTRUM: Subscribing to headers to get current height
2025/09/16 09:45:31 ELECTRUM: Got current height 4663170 from headers subscription
2025/09/16 09:45:31 ELECTRUM: Returning hash 000000000000bece905b903590ae36ea637093db3b7865e558fe9cd651179fa1 for height 4663170 (from headers subscription)
2025-09-16 09:45:32.293 [DBG] LTND lnd.go:727: Syncing to block chain rev=4d1c86 best_block_time="2025-09-16 09:45:33 -0400 EDT" is_synced=false
2025/09/16 09:45:33 ELECTRUM: GetBestBlock called
2025/09/16 09:45:33 ELECTRUM: Subscribing to headers to get current height
2025/09/16 09:45:33 ELECTRUM: Got current height 4663171 from headers subscription
2025/09/16 09:45:33 ELECTRUM: Returning hash 000000003d495a9ef9f7f2a0552af210de546196ab1e276340d09a836a17f501 for height 4663171 (from headers subscription)
2025/09/16 09:45:33 ELECTRUM: GetBlockHeader called for hash: 000000003d495a9ef9f7f2a0552af210de546196ab1e276340d09a836a17f501
2025/09/16 09:45:33 ELECTRUM: GetBestBlock called
2025/09/16 09:45:33 ELECTRUM: Subscribing to headers to get current height
2025/09/16 09:45:33 ELECTRUM: Got current height 4663171 from headers subscription
2025/09/16 09:45:33 ELECTRUM: Returning hash 000000003d495a9ef9f7f2a0552af210de546196ab1e276340d09a836a17f501 for height 4663171 (from headers subscription)
2025-09-16 09:45:34.019 [DBG] LTND lnd.go:727: Syncing to block chain rev=4d1c86 best_block_time="2025-09-16 10:05:34 -0400 EDT" is_synced=false
2025/09/16 09:45:35 ELECTRUM: GetBestBlock called
2025/09/16 09:45:35 ELECTRUM: Subscribing to headers to get current height
2025/09/16 09:45:35 ELECTRUM: Got current height 4663171 from headers subscription
2025/09/16 09:45:35 ELECTRUM: Returning hash 000000003d495a9ef9f7f2a0552af210de546196ab1e276340d09a836a17f501 for height 4663171 (from headers subscription)
2025/09/16 09:45:35 ELECTRUM: GetBlockHeader called for hash: 000000003d495a9ef9f7f2a0552af210de546196ab1e276340d09a836a17f501
2025/09/16 09:45:35 ELECTRUM: GetBestBlock called
2025/09/16 09:45:35 ELECTRUM: Subscribing to headers to get current height
2025/09/16 09:45:35 ELECTRUM: Got current height 4663171 from headers subscription
2025/09/16 09:45:35 ELECTRUM: Returning hash 000000003d495a9ef9f7f2a0552af210de546196ab1e276340d09a836a17f501 for height 4663171 (from headers subscription)
2025-09-16 09:45:35.777 [DBG] LTND lnd.go:727: Syncing to block chain rev=4d1c86 best_block_time="2025-09-16 10:05:34 -0400 EDT" is_synced=false
2025/09/16 09:45:36 ELECTRUM: GetBestBlock called
2025/09/16 09:45:36 ELECTRUM: Subscribing to headers to get current height
2025/09/16 09:45:37 ELECTRUM: Got current height 4663172 from headers subscription
2025/09/16 09:45:37 ELECTRUM: Returning hash 000000000001e200c63e4fa5211596e4c1237f3f3be59b5cce454e7b4e93776e for height 4663172 (from headers subscription)
2025/09/16 09:45:37 ELECTRUM: GetBlockHeader called for hash: 000000000001e200c63e4fa5211596e4c1237f3f3be59b5cce454e7b4e93776e
2025/09/16 09:45:37 ELECTRUM: GetBestBlock called
2025/09/16 09:45:37 ELECTRUM: Subscribing to headers to get current height
2025/09/16 09:45:37 ELECTRUM: Got current height 4663172 from headers subscription
2025/09/16 09:45:37 ELECTRUM: Returning hash 000000000001e200c63e4fa5211596e4c1237f3f3be59b5cce454e7b4e93776e for height 4663172 (from headers subscription)
2025-09-16 09:45:37.502 [DBG] LTND lnd.go:727: Syncing to block chain rev=4d1c86 best_block_time="2025-09-16 09:45:32 -0400 EDT" is_synced=false
2025/09/16 09:45:38 ELECTRUM: GetBestBlock called
2025/09/16 09:45:38 ELECTRUM: Subscribing to headers to get current height
2025/09/16 09:45:38 ELECTRUM: Got current height 4663172 from headers subscription
2025/09/16 09:45:38 ELECTRUM: Returning hash 000000000001e200c63e4fa5211596e4c1237f3f3be59b5cce454e7b4e93776e for height 4663172 (from headers subscription)
2025/09/16 09:45:38 ELECTRUM: GetBlockHeader called for hash: 000000000001e200c63e4fa5211596e4c1237f3f3be59b5cce454e7b4e93776e
2025/09/16 09:45:38 ELECTRUM: GetBestBlock called
2025/09/16 09:45:38 ELECTRUM: Subscribing to headers to get current height
2025/09/16 09:45:38 ELECTRUM: Got current height 4663172 from headers subscription
2025/09/16 09:45:38 ELECTRUM: Returning hash 000000000001e200c63e4fa5211596e4c1237f3f3be59b5cce454e7b4e93776e for height 4663172 (from headers subscription)
2025-09-16 09:45:39.213 [DBG] LTND lnd.go:727: Syncing to block chain rev=4d1c86 best_block_time="2025-09-16 09:45:32 -0400 EDT" is_synced=false
2025/09/16 09:45:40 ELECTRUM: GetBestBlock called
2025/09/16 09:45:40 ELECTRUM: Subscribing to headers to get current height
2025/09/16 09:45:40 ELECTRUM: Got current height 4663173 from headers subscription
2025/09/16 09:45:40 ELECTRUM: Returning hash 000000000001cbdd41f2aa8d0d5a6884daa79a23a243650a7fa44475b7b5e8ba for height 4663173 (from headers subscription)
2025/09/16 09:45:40 ELECTRUM: GetBlockHeader called for hash: 000000000001cbdd41f2aa8d0d5a6884daa79a23a243650a7fa44475b7b5e8ba
2025/09/16 09:45:40 ELECTRUM: GetBestBlock called
2025/09/16 09:45:40 ELECTRUM: Subscribing to headers to get current height
2025/09/16 09:45:40 ELECTRUM: Got current height 4663173 from headers subscription
2025/09/16 09:45:40 ELECTRUM: Returning hash 000000000001cbdd41f2aa8d0d5a6884daa79a23a243650a7fa44475b7b5e8ba for height 4663173 (from headers subscription)
2025-09-16 09:45:40.924 [DBG] LTND lnd.go:727: Syncing to block chain rev=4d1c86 best_block_time="2025-09-16 09:45:38 -0400 EDT" is_synced=false
2025/09/16 09:45:41 ELECTRUM: GetBestBlock called
2025/09/16 09:45:41 ELECTRUM: Subscribing to headers to get current height
2025/09/16 09:45:42 ELECTRUM: Got current height 4663174 from headers subscription
2025/09/16 09:45:42 ELECTRUM: Returning hash 0000000000004f50552a7d861679f4c5c986c04f6d6ddba9e4fafa4913fa375f for height 4663174 (from headers subscription)
2025/09/16 09:45:42 ELECTRUM: GetBlockHeader called for hash: 0000000000004f50552a7d861679f4c5c986c04f6d6ddba9e4fafa4913fa375f
2025/09/16 09:45:42 ELECTRUM: GetBestBlock called
2025/09/16 09:45:42 ELECTRUM: Subscribing to headers to get current height
2025/09/16 09:45:42 ELECTRUM: Got current height 4663174 from headers subscription
2025/09/16 09:45:42 ELECTRUM: Returning hash 0000000000004f50552a7d861679f4c5c986c04f6d6ddba9e4fafa4913fa375f for height 4663174 (from headers subscription)
2025-09-16 09:45:42.717 [DBG] LTND lnd.go:727: Syncing to block chain rev=4d1c86 best_block_time="2025-09-16 09:45:46 -0400 EDT" is_synced=false
2025/09/16 09:45:43 ELECTRUM: GetBestBlock called
2025/09/16 09:45:43 ELECTRUM: Subscribing to headers to get current height
2025/09/16 09:45:43 ELECTRUM: Got current height 4663176 from headers subscription
2025/09/16 09:45:43 ELECTRUM: Returning hash 0000000000002eb2e5945f8dcaed82bf35e192dcf65a46136b6e34e1a3cff05f for height 4663176 (from headers subscription)
2025/09/16 09:45:43 ELECTRUM: GetBlockHeader called for hash: 0000000000002eb2e5945f8dcaed82bf35e192dcf65a46136b6e34e1a3cff05f
2025/09/16 09:45:43 ELECTRUM: GetBestBlock called
2025/09/16 09:45:43 ELECTRUM: Subscribing to headers to get current height
2025/09/16 09:45:44 ELECTRUM: Got current height 4663176 from headers subscription
2025/09/16 09:45:44 ELECTRUM: Returning hash 0000000000002eb2e5945f8dcaed82bf35e192dcf65a46136b6e34e1a3cff05f for height 4663176 (from headers subscription)
2025-09-16 09:45:44.546 [DBG] LTND lnd.go:727: Syncing to block chain rev=4d1c86 best_block_time="2025-09-16 09:45:42 -0400 EDT" is_synced=false
2025/09/16 09:45:45 ELECTRUM: GetBestBlock called
2025/09/16 09:45:45 ELECTRUM: Subscribing to headers to get current height
2025/09/16 09:45:45 ELECTRUM: Got current height 4663176 from headers subscription
2025/09/16 09:45:45 ELECTRUM: Returning hash 0000000000002eb2e5945f8dcaed82bf35e192dcf65a46136b6e34e1a3cff05f for height 4663176 (from headers subscription)
2025/09/16 09:45:45 ELECTRUM: GetBlockHeader called for hash: 0000000000002eb2e5945f8dcaed82bf35e192dcf65a46136b6e34e1a3cff05f
2025/09/16 09:45:45 ELECTRUM: GetBestBlock called
2025/09/16 09:45:45 ELECTRUM: Subscribing to headers to get current height
2025/09/16 09:45:46 ELECTRUM: Got current height 4663176 from headers subscription
2025/09/16 09:45:46 ELECTRUM: Returning hash 0000000000002eb2e5945f8dcaed82bf35e192dcf65a46136b6e34e1a3cff05f for height 4663176 (from headers subscription)
2025-09-16 09:45:46.270 [DBG] LTND lnd.go:727: Syncing to block chain rev=4d1c86 best_block_time="2025-09-16 09:45:42 -0400 EDT" is_synced=false
2025/09/16 09:45:47 ELECTRUM: GetBestBlock called
2025/09/16 09:45:47 ELECTRUM: Subscribing to headers to get current height
2025/09/16 09:45:47 ELECTRUM: Got current height 4663177 from headers subscription
2025/09/16 09:45:47 ELECTRUM: Returning hash 000000000000227912c784da6cc3a4e68732b2d41911e745e5f4de5ee139db22 for height 4663177 (from headers subscription)
2025/09/16 09:45:47 ELECTRUM: GetBlockHeader called for hash: 000000000000227912c784da6cc3a4e68732b2d41911e745e5f4de5ee139db22
2025/09/16 09:45:47 ELECTRUM: GetBestBlock called
2025/09/16 09:45:47 ELECTRUM: Subscribing to headers to get current height
2025/09/16 09:45:47 ELECTRUM: Got current height 4663177 from headers subscription
2025/09/16 09:45:47 ELECTRUM: Returning hash 000000000000227912c784da6cc3a4e68732b2d41911e745e5f4de5ee139db22 for height 4663177 (from headers subscription)
2025-09-16 09:45:47.982 [DBG] LTND lnd.go:727: Syncing to block chain rev=4d1c86 best_block_time="2025-09-16 09:45:42 -0400 EDT" is_synced=false
2025/09/16 09:45:49 ELECTRUM: GetBestBlock called
2025/09/16 09:45:49 ELECTRUM: Subscribing to headers to get current height
2025/09/16 09:45:49 ELECTRUM: GetBestBlock called
2025/09/16 09:45:49 ELECTRUM: Subscribing to headers to get current height
2025/09/16 09:45:49 ELECTRUM: Got current height 4663177 from headers subscription
2025/09/16 09:45:49 ELECTRUM: Returning hash 000000000000227912c784da6cc3a4e68732b2d41911e745e5f4de5ee139db22 for height 4663177 (from headers subscription)
2025/09/16 09:45:49 ELECTRUM: GetBlockHeader called for hash: 000000000000227912c784da6cc3a4e68732b2d41911e745e5f4de5ee139db22
2025/09/16 09:45:49 ELECTRUM: GetBestBlock called
2025/09/16 09:45:49 ELECTRUM: Subscribing to headers to get current height
2025/09/16 09:45:49 ELECTRUM: Got current height 4663177 from headers subscription
2025/09/16 09:45:49 ELECTRUM: Returning hash 000000000000227912c784da6cc3a4e68732b2d41911e745e5f4de5ee139db22 for height 4663177 (from headers subscription)
2025/09/16 09:45:49 ELECTRUM: Checking for new blocks - current: 4663177, last known: 4663168
2025/09/16 09:45:49 ELECTRUM: New block detected! Height: 4663177 (was 4663168)
2025/09/16 09:45:49 ELECTRUM: Sending block connected notification for height 4663177
2025/09/16 09:45:49 ELECTRUM: Block notification sent successfully for height 4663177
2025/09/16 09:45:49 ELECTRUM: Got current height 4663177 from headers subscription
2025/09/16 09:45:49 ELECTRUM: Returning hash 000000000000227912c784da6cc3a4e68732b2d41911e745e5f4de5ee139db22 for height 4663177 (from headers subscription)
2025-09-16 09:45:49.714 [DBG] LTND lnd.go:727: Syncing to block chain rev=4d1c86 best_block_time="2025-09-16 09:45:42 -0400 EDT" is_synced=false
2025/09/16 09:45:50 ELECTRUM: GetBestBlock called
2025/09/16 09:45:50 ELECTRUM: Subscribing to headers to get current height
2025/09/16 09:45:50 ELECTRUM: Got current height 4663177 from headers subscription
2025/09/16 09:45:50 ELECTRUM: Returning hash 000000000000227912c784da6cc3a4e68732b2d41911e745e5f4de5ee139db22 for height 4663177 (from headers subscription)
2025/09/16 09:45:50 ELECTRUM: Checking for new blocks - current: 4663177, last known: 4663168
2025/09/16 09:45:50 ELECTRUM: New block detected! Height: 4663177 (was 4663168)
2025/09/16 09:45:50 ELECTRUM: Sending block connected notification for height 4663177
2025/09/16 09:45:50 ELECTRUM: Block notification sent successfully for height 4663177
2025/09/16 09:45:50 ELECTRUM: GetBestBlock called
2025/09/16 09:45:50 ELECTRUM: Subscribing to headers to get current height
2025/09/16 09:45:50 ELECTRUM: GetBestBlock called
2025/09/16 09:45:50 ELECTRUM: Subscribing to headers to get current height
2025/09/16 09:45:50 ELECTRUM: Got current height 4663178 from headers subscription
2025/09/16 09:45:50 ELECTRUM: Returning hash 0000000000002f8781fb27710ed43b05827789df0f62119199a4cd9c309a09a0 for height 4663178 (from headers subscription)
2025/09/16 09:45:50 ELECTRUM: Checking for new blocks - current: 4663178, last known: 4663168
2025/09/16 09:45:50 ELECTRUM: New block detected! Height: 4663178 (was 4663168)
2025/09/16 09:45:50 ELECTRUM: Sending block connected notification for height 4663178
2025/09/16 09:45:50 ELECTRUM: Block notification sent successfully for height 4663178
2025/09/16 09:45:50 ELECTRUM: Got current height 4663178 from headers subscription
2025/09/16 09:45:50 ELECTRUM: Returning hash 0000000000002f8781fb27710ed43b05827789df0f62119199a4cd9c309a09a0 for height 4663178 (from headers subscription)
2025/09/16 09:45:50 ELECTRUM: GetBlockHeader called for hash: 0000000000002f8781fb27710ed43b05827789df0f62119199a4cd9c309a09a0
2025/09/16 09:45:50 ELECTRUM: GetBestBlock called
2025/09/16 09:45:50 ELECTRUM: Subscribing to headers to get current height
2025/09/16 09:45:51 ELECTRUM: Got current height 4663178 from headers subscription
2025/09/16 09:45:51 ELECTRUM: Returning hash 0000000000002f8781fb27710ed43b05827789df0f62119199a4cd9c309a09a0 for height 4663178 (from headers subscription)
2025-09-16 09:45:51.423 [DBG] LTND lnd.go:727: Syncing to block chain rev=4d1c86 best_block_time="2025-09-16 09:45:46 -0400 EDT" is_synced=false
2025/09/16 09:45:52 ELECTRUM: GetBestBlock called
2025/09/16 09:45:52 ELECTRUM: Subscribing to headers to get current height
2025/09/16 09:45:52 ELECTRUM: Got current height 4663179 from headers subscription
2025/09/16 09:45:52 ELECTRUM: Returning hash 0000000000005fc29401dfb5d64e3c0afb39babdecebd70a07b02e41c0194493 for height 4663179 (from headers subscription)
2025/09/16 09:45:52 ELECTRUM: GetBlockHeader called for hash: 0000000000005fc29401dfb5d64e3c0afb39babdecebd70a07b02e41c0194493
2025/09/16 09:45:52 ELECTRUM: GetBestBlock called
2025/09/16 09:45:52 ELECTRUM: Subscribing to headers to get current height
2025/09/16 09:45:52 ELECTRUM: Got current height 4663179 from headers subscription
2025/09/16 09:45:52 ELECTRUM: Returning hash 0000000000005fc29401dfb5d64e3c0afb39babdecebd70a07b02e41c0194493 for height 4663179 (from headers subscription)
2025-09-16 09:45:53.141 [DBG] LTND lnd.go:727: Syncing to block chain rev=4d1c86 best_block_time="2025-09-16 09:45:57 -0400 EDT" is_synced=false
2025/09/16 09:45:54 ELECTRUM: GetBestBlock called
2025/09/16 09:45:54 ELECTRUM: Subscribing to headers to get current height
2025/09/16 09:45:54 ELECTRUM: Got current height 4663181 from headers subscription
2025/09/16 09:45:54 ELECTRUM: Returning hash 0000000000031f0b7ee9d9582b12bc777cbcccc025a187bf95ab507598fc915d for height 4663181 (from headers subscription)
2025/09/16 09:45:54 ELECTRUM: GetBlockHeader called for hash: 0000000000031f0b7ee9d9582b12bc777cbcccc025a187bf95ab507598fc915d
2025/09/16 09:45:54 ELECTRUM: GetBestBlock called
2025/09/16 09:45:54 ELECTRUM: Subscribing to headers to get current height
2025/09/16 09:45:54 ELECTRUM: Got current height 4663181 from headers subscription
2025/09/16 09:45:54 ELECTRUM: Returning hash 0000000000031f0b7ee9d9582b12bc777cbcccc025a187bf95ab507598fc915d for height 4663181 (from headers subscription)
2025-09-16 09:45:54.946 [DBG] LTND lnd.go:727: Syncing to block chain rev=4d1c86 best_block_time="2025-09-16 09:45:52 -0400 EDT" is_synced=false
2025/09/16 09:45:55 ELECTRUM: GetBestBlock called
2025/09/16 09:45:55 ELECTRUM: Subscribing to headers to get current height
2025/09/16 09:45:56 ELECTRUM: Got current height 4663181 from headers subscription
2025/09/16 09:45:56 ELECTRUM: Returning hash 0000000000031f0b7ee9d9582b12bc777cbcccc025a187bf95ab507598fc915d for height 4663181 (from headers subscription)
2025/09/16 09:45:56 ELECTRUM: GetBlockHeader called for hash: 0000000000031f0b7ee9d9582b12bc777cbcccc025a187bf95ab507598fc915d
2025/09/16 09:45:56 ELECTRUM: GetBestBlock called
2025/09/16 09:45:56 ELECTRUM: Subscribing to headers to get current height
2025/09/16 09:45:56 ELECTRUM: Got current height 4663181 from headers subscription
2025/09/16 09:45:56 ELECTRUM: Returning hash 0000000000031f0b7ee9d9582b12bc777cbcccc025a187bf95ab507598fc915d for height 4663181 (from headers subscription)
2025-09-16 09:45:56.680 [DBG] LTND lnd.go:727: Syncing to block chain rev=4d1c86 best_block_time="2025-09-16 09:45:52 -0400 EDT" is_synced=false
2025/09/16 09:45:57 ELECTRUM: GetBestBlock called
2025/09/16 09:45:57 ELECTRUM: Subscribing to headers to get current height
2025/09/16 09:45:57 ELECTRUM: Got current height 4663182 from headers subscription
2025/09/16 09:45:57 ELECTRUM: Returning hash 0000000000016e4db1a0541f34fc505237adfc0838b30faff063e59ca7c63bc6 for height 4663182 (from headers subscription)
2025/09/16 09:45:57 ELECTRUM: GetBlockHeader called for hash: 0000000000016e4db1a0541f34fc505237adfc0838b30faff063e59ca7c63bc6
2025/09/16 09:45:57 ELECTRUM: GetBestBlock called
2025/09/16 09:45:57 ELECTRUM: Subscribing to headers to get current height
2025/09/16 09:45:58 ELECTRUM: Got current height 4663182 from headers subscription
2025/09/16 09:45:58 ELECTRUM: Returning hash 0000000000016e4db1a0541f34fc505237adfc0838b30faff063e59ca7c63bc6 for height 4663182 (from headers subscription)
2025-09-16 09:45:58.519 [DBG] LTND lnd.go:727: Syncing to block chain rev=4d1c86 best_block_time="2025-09-16 09:46:06 -0400 EDT" is_synced=false
2025/09/16 09:45:59 ELECTRUM: GetBestBlock called
2025/09/16 09:45:59 ELECTRUM: Subscribing to headers to get current height
2025/09/16 09:45:59 ELECTRUM: Got current height 4663182 from headers subscription
2025/09/16 09:45:59 ELECTRUM: Returning hash 0000000000016e4db1a0541f34fc505237adfc0838b30faff063e59ca7c63bc6 for height 4663182 (from headers subscription)
2025/09/16 09:45:59 ELECTRUM: GetBlockHeader called for hash: 0000000000016e4db1a0541f34fc505237adfc0838b30faff063e59ca7c63bc6
2025/09/16 09:45:59 ELECTRUM: GetBestBlock called
2025/09/16 09:45:59 ELECTRUM: Subscribing to headers to get current height
2025/09/16 09:46:00 ELECTRUM: Got current height 4663183 from headers subscription
2025/09/16 09:46:00 ELECTRUM: Returning hash 00000000000061e749267e862d3f5e66409776437fdd84deb1f138b4aada43d6 for height 4663183 (from headers subscription)
2025-09-16 09:46:00.372 [DBG] LTND lnd.go:727: Syncing to block chain rev=4d1c86 best_block_time="2025-09-16 09:46:06 -0400 EDT" is_synced=false
2025/09/16 09:46:01 ELECTRUM: GetBestBlock called
2025/09/16 09:46:01 ELECTRUM: Subscribing to headers to get current height
2025/09/16 09:46:01 ELECTRUM: Got current height 4663183 from headers subscription
2025/09/16 09:46:01 ELECTRUM: Returning hash 00000000000061e749267e862d3f5e66409776437fdd84deb1f138b4aada43d6 for height 4663183 (from headers subscription)
2025/09/16 09:46:01 ELECTRUM: GetBlockHeader called for hash: 00000000000061e749267e862d3f5e66409776437fdd84deb1f138b4aada43d6
2025/09/16 09:46:01 ELECTRUM: GetBestBlock called
2025/09/16 09:46:01 ELECTRUM: Subscribing to headers to get current height
2025/09/16 09:46:01 ELECTRUM: Got current height 4663183 from headers subscription
2025/09/16 09:46:01 ELECTRUM: Returning hash 00000000000061e749267e862d3f5e66409776437fdd84deb1f138b4aada43d6 for height 4663183 (from headers subscription)
2025-09-16 09:46:02.120 [DBG] LTND lnd.go:727: Syncing to block chain rev=4d1c86 best_block_time="2025-09-16 09:46:06 -0400 EDT" is_synced=false
2025/09/16 09:46:03 ELECTRUM: GetBestBlock called
2025/09/16 09:46:03 ELECTRUM: Subscribing to headers to get current height
2025/09/16 09:46:03 ELECTRUM: Got current height 4663184 from headers subscription
2025/09/16 09:46:03 ELECTRUM: Returning hash 0000000000001e531cec6629ec792d1af31808d0fc5e66b008e595cbd16eed03 for height 4663184 (from headers subscription)
2025/09/16 09:46:03 ELECTRUM: GetBlockHeader called for hash: 0000000000001e531cec6629ec792d1af31808d0fc5e66b008e595cbd16eed03
2025/09/16 09:46:03 ELECTRUM: GetBestBlock called
2025/09/16 09:46:03 ELECTRUM: Subscribing to headers to get current height
2025/09/16 09:46:03 ELECTRUM: Got current height 4663184 from headers subscription
2025/09/16 09:46:03 ELECTRUM: Returning hash 0000000000001e531cec6629ec792d1af31808d0fc5e66b008e595cbd16eed03 for height 4663184 (from headers subscription)
2025-09-16 09:46:03.935 [DBG] LTND lnd.go:727: Syncing to block chain rev=4d1c86 best_block_time="2025-09-16 09:46:09 -0400 EDT" is_synced=false
2025/09/16 09:46:04 ELECTRUM: GetBestBlock called
2025/09/16 09:46:04 ELECTRUM: Subscribing to headers to get current height
2025/09/16 09:46:05 ELECTRUM: Got current height 4663184 from headers subscription
2025/09/16 09:46:05 ELECTRUM: Returning hash 0000000000001e531cec6629ec792d1af31808d0fc5e66b008e595cbd16eed03 for height 4663184 (from headers subscription)
2025/09/16 09:46:05 ELECTRUM: GetBlockHeader called for hash: 0000000000001e531cec6629ec792d1af31808d0fc5e66b008e595cbd16eed03
2025/09/16 09:46:05 ELECTRUM: GetBestBlock called
2025/09/16 09:46:05 ELECTRUM: Subscribing to headers to get current height
2025/09/16 09:46:05 ELECTRUM: Got current height 4663184 from headers subscription
2025/09/16 09:46:05 ELECTRUM: Returning hash 0000000000001e531cec6629ec792d1af31808d0fc5e66b008e595cbd16eed03 for height 4663184 (from headers subscription)
2025-09-16 09:46:05.709 [DBG] LTND lnd.go:727: Syncing to block chain rev=4d1c86 best_block_time="2025-09-16 09:46:09 -0400 EDT" is_synced=false
2025/09/16 09:46:06 ELECTRUM: GetBestBlock called
2025/09/16 09:46:06 ELECTRUM: Subscribing to headers to get current height
2025/09/16 09:46:07 ELECTRUM: Got current height 4663184 from headers subscription
2025/09/16 09:46:07 ELECTRUM: Returning hash 0000000000001e531cec6629ec792d1af31808d0fc5e66b008e595cbd16eed03 for height 4663184 (from headers subscription)
2025/09/16 09:46:07 ELECTRUM: GetBlockHeader called for hash: 0000000000001e531cec6629ec792d1af31808d0fc5e66b008e595cbd16eed03
2025/09/16 09:46:07 ELECTRUM: GetBestBlock called
2025/09/16 09:46:07 ELECTRUM: Subscribing to headers to get current height
2025/09/16 09:46:07 ELECTRUM: Got current height 4663185 from headers subscription
2025/09/16 09:46:07 ELECTRUM: Returning hash 000000000000435c3a298b51d8d8745ea69994e1596d3319fcbad86c71a02429 for height 4663185 (from headers subscription)
2025-09-16 09:46:07.504 [DBG] LTND lnd.go:727: Syncing to block chain rev=4d1c86 best_block_time="2025-09-16 09:46:09 -0400 EDT" is_synced=false
2025/09/16 09:46:08 ELECTRUM: GetBestBlock called
2025/09/16 09:46:08 ELECTRUM: Subscribing to headers to get current height
2025/09/16 09:46:08 ELECTRUM: Got current height 4663185 from headers subscription
2025/09/16 09:46:08 ELECTRUM: Returning hash 000000000000435c3a298b51d8d8745ea69994e1596d3319fcbad86c71a02429 for height 4663185 (from headers subscription)
2025/09/16 09:46:08 ELECTRUM: GetBlockHeader called for hash: 000000000000435c3a298b51d8d8745ea69994e1596d3319fcbad86c71a02429
2025/09/16 09:46:08 ELECTRUM: GetBestBlock called
2025/09/16 09:46:08 ELECTRUM: Subscribing to headers to get current height
2025/09/16 09:46:09 ELECTRUM: Got current height 4663185 from headers subscription
2025/09/16 09:46:09 ELECTRUM: Returning hash 000000000000435c3a298b51d8d8745ea69994e1596d3319fcbad86c71a02429 for height 4663185 (from headers subscription)
2025-09-16 09:46:09.242 [DBG] LTND lnd.go:727: Syncing to block chain rev=4d1c86 best_block_time="2025-09-16 09:46:09 -0400 EDT" is_synced=false
2025/09/16 09:46:10 ELECTRUM: GetBestBlock called
2025/09/16 09:46:10 ELECTRUM: Subscribing to headers to get current height
2025/09/16 09:46:10 ELECTRUM: Got current height 4663186 from headers subscription
2025/09/16 09:46:10 ELECTRUM: Returning hash 0000000000006219a68475a6643c67998ff3037755af4c200ede48aa7fb260fc for height 4663186 (from headers subscription)
2025/09/16 09:46:10 ELECTRUM: GetBlockHeader called for hash: 0000000000006219a68475a6643c67998ff3037755af4c200ede48aa7fb260fc
2025/09/16 09:46:10 ELECTRUM: GetBestBlock called
2025/09/16 09:46:10 ELECTRUM: Subscribing to headers to get current height
2025/09/16 09:46:10 ELECTRUM: Got current height 4663186 from headers subscription
2025/09/16 09:46:10 ELECTRUM: Returning hash 0000000000006219a68475a6643c67998ff3037755af4c200ede48aa7fb260fc for height 4663186 (from headers subscription)
2025-09-16 09:46:10.987 [DBG] LTND lnd.go:727: Syncing to block chain rev=4d1c86 best_block_time="2025-09-16 09:46:15 -0400 EDT" is_synced=false
2025/09/16 09:46:11 ELECTRUM: GetBestBlock called
2025/09/16 09:46:11 ELECTRUM: Subscribing to headers to get current height
2025/09/16 09:46:12 ELECTRUM: Got current height 4663186 from headers subscription
2025/09/16 09:46:12 ELECTRUM: Returning hash 0000000000006219a68475a6643c67998ff3037755af4c200ede48aa7fb260fc for height 4663186 (from headers subscription)
2025/09/16 09:46:12 ELECTRUM: GetBlockHeader called for hash: 0000000000006219a68475a6643c67998ff3037755af4c200ede48aa7fb260fc
2025/09/16 09:46:12 ELECTRUM: GetBestBlock called
2025/09/16 09:46:12 ELECTRUM: Subscribing to headers to get current height
2025/09/16 09:46:12 ELECTRUM: Got current height 4663186 from headers subscription
2025/09/16 09:46:12 ELECTRUM: Returning hash 0000000000006219a68475a6643c67998ff3037755af4c200ede48aa7fb260fc for height 4663186 (from headers subscription)
2025-09-16 09:46:12.824 [DBG] LTND lnd.go:727: Syncing to block chain rev=4d1c86 best_block_time="2025-09-16 09:46:15 -0400 EDT" is_synced=false
2025/09/16 09:46:13 ELECTRUM: GetBestBlock called
2025/09/16 09:46:13 ELECTRUM: Subscribing to headers to get current height
2025/09/16 09:46:14 ELECTRUM: Got current height 4663186 from headers subscription
2025/09/16 09:46:14 ELECTRUM: Returning hash 0000000000006219a68475a6643c67998ff3037755af4c200ede48aa7fb260fc for height 4663186 (from headers subscription)
2025/09/16 09:46:14 ELECTRUM: GetBlockHeader called for hash: 0000000000006219a68475a6643c67998ff3037755af4c200ede48aa7fb260fc
2025/09/16 09:46:14 ELECTRUM: GetBestBlock called
2025/09/16 09:46:14 ELECTRUM: Subscribing to headers to get current height
2025/09/16 09:46:14 ELECTRUM: Got current height 4663187 from headers subscription
2025/09/16 09:46:14 ELECTRUM: Returning hash 00000000000052c012343c868d3623f0f84a6b647fd616f11ed0e74a2c3ea23a for height 4663187 (from headers subscription)
2025-09-16 09:46:14.545 [DBG] LTND lnd.go:727: Syncing to block chain rev=4d1c86 best_block_time="2025-09-16 09:46:13 -0400 EDT" is_synced=false
2025/09/16 09:46:15 ELECTRUM: GetBestBlock called
2025/09/16 09:46:15 ELECTRUM: Subscribing to headers to get current height
2025/09/16 09:46:15 ELECTRUM: Got current height 4663187 from headers subscription
2025/09/16 09:46:15 ELECTRUM: Returning hash 00000000000052c012343c868d3623f0f84a6b647fd616f11ed0e74a2c3ea23a for height 4663187 (from headers subscription)
2025/09/16 09:46:15 ELECTRUM: GetBlockHeader called for hash: 00000000000052c012343c868d3623f0f84a6b647fd616f11ed0e74a2c3ea23a
2025/09/16 09:46:15 ELECTRUM: GetBestBlock called
2025/09/16 09:46:15 ELECTRUM: Subscribing to headers to get current height
2025/09/16 09:46:16 ELECTRUM: Got current height 4663187 from headers subscription
2025/09/16 09:46:16 ELECTRUM: Returning hash 00000000000052c012343c868d3623f0f84a6b647fd616f11ed0e74a2c3ea23a for height 4663187 (from headers subscription)
2025-09-16 09:46:16.399 [DBG] LTND lnd.go:727: Syncing to block chain rev=4d1c86 best_block_time="2025-09-16 09:46:13 -0400 EDT" is_synced=false
2025/09/16 09:46:17 ELECTRUM: GetBestBlock called
2025/09/16 09:46:17 ELECTRUM: Subscribing to headers to get current height
2025/09/16 09:46:17 ELECTRUM: Got current height 4663188 from headers subscription
2025/09/16 09:46:17 ELECTRUM: Returning hash 0000000000002995486d096a93eba766f36c7e13e05725a5cb3d7f8fbd809da9 for height 4663188 (from headers subscription)
2025/09/16 09:46:17 ELECTRUM: GetBlockHeader called for hash: 0000000000002995486d096a93eba766f36c7e13e05725a5cb3d7f8fbd809da9
2025/09/16 09:46:17 ELECTRUM: GetBestBlock called
2025/09/16 09:46:17 ELECTRUM: Subscribing to headers to get current height
2025/09/16 09:46:17 ELECTRUM: Got current height 4663188 from headers subscription
2025/09/16 09:46:17 ELECTRUM: Returning hash 0000000000002995486d096a93eba766f36c7e13e05725a5cb3d7f8fbd809da9 for height 4663188 (from headers subscription)
2025-09-16 09:46:18.107 [DBG] LTND lnd.go:727: Syncing to block chain rev=4d1c86 best_block_time="2025-09-16 09:46:22 -0400 EDT" is_synced=false
2025/09/16 09:46:19 ELECTRUM: GetBestBlock called
2025/09/16 09:46:19 ELECTRUM: Subscribing to headers to get current height
2025/09/16 09:46:19 ELECTRUM: GetBestBlock called
2025/09/16 09:46:19 ELECTRUM: Subscribing to headers to get current height
2025/09/16 09:46:19 ELECTRUM: Got current height 4663189 from headers subscription
2025/09/16 09:46:19 ELECTRUM: Returning hash 00000000000015d44ebfb0728d360c8f480b998fbd28c54c690ab35ecada0306 for height 4663189 (from headers subscription)
2025/09/16 09:46:19 ELECTRUM: GetBlockHeader called for hash: 00000000000015d44ebfb0728d360c8f480b998fbd28c54c690ab35ecada0306
2025/09/16 09:46:19 ELECTRUM: GetBestBlock called
2025/09/16 09:46:19 ELECTRUM: Subscribing to headers to get current height
2025/09/16 09:46:19 ELECTRUM: Got current height 4663189 from headers subscription
2025/09/16 09:46:19 ELECTRUM: Returning hash 00000000000015d44ebfb0728d360c8f480b998fbd28c54c690ab35ecada0306 for height 4663189 (from headers subscription)
2025/09/16 09:46:19 ELECTRUM: Checking for new blocks - current: 4663189, last known: 4663177
2025/09/16 09:46:19 ELECTRUM: New block detected! Height: 4663189 (was 4663177)
2025/09/16 09:46:19 ELECTRUM: Sending block connected notification for height 4663189
2025/09/16 09:46:19 ELECTRUM: Block notification sent successfully for height 4663189
2025/09/16 09:46:19 ELECTRUM: Got current height 4663189 from headers subscription
2025/09/16 09:46:19 ELECTRUM: Returning hash 00000000000015d44ebfb0728d360c8f480b998fbd28c54c690ab35ecada0306 for height 4663189 (from headers subscription)
2025-09-16 09:46:19.825 [DBG] LTND lnd.go:727: Syncing to block chain rev=4d1c86 best_block_time="2025-09-16 09:46:20 -0400 EDT" is_synced=false
2025/09/16 09:46:20 ELECTRUM: GetBestBlock called
2025/09/16 09:46:20 ELECTRUM: Subscribing to headers to get current height
2025/09/16 09:46:20 ELECTRUM: Got current height 4663190 from headers subscription
2025/09/16 09:46:20 ELECTRUM: Returning hash 0000000000002193b74aac2bdcd971a7a7a51cf5240bcaece1f8f91491627c3b for height 4663190 (from headers subscription)
2025/09/16 09:46:20 ELECTRUM: Checking for new blocks - current: 4663190, last known: 4663177
2025/09/16 09:46:20 ELECTRUM: New block detected! Height: 4663190 (was 4663177)
2025/09/16 09:46:20 ELECTRUM: Sending block connected notification for height 4663190
2025/09/16 09:46:20 ELECTRUM: Block notification sent successfully for height 4663190
2025/09/16 09:46:20 ELECTRUM: GetBestBlock called
2025/09/16 09:46:20 ELECTRUM: Subscribing to headers to get current height
2025/09/16 09:46:20 ELECTRUM: GetBestBlock called
2025/09/16 09:46:20 ELECTRUM: Subscribing to headers to get current height
2025/09/16 09:46:20 ELECTRUM: Got current height 4663190 from headers subscription
2025/09/16 09:46:20 ELECTRUM: Returning hash 0000000000002193b74aac2bdcd971a7a7a51cf5240bcaece1f8f91491627c3b for height 4663190 (from headers subscription)
2025/09/16 09:46:20 ELECTRUM: Checking for new blocks - current: 4663190, last known: 4663178
2025/09/16 09:46:20 ELECTRUM: New block detected! Height: 4663190 (was 4663178)
2025/09/16 09:46:20 ELECTRUM: Sending block connected notification for height 4663190
2025/09/16 09:46:20 ELECTRUM: Block notification sent successfully for height 4663190
2025/09/16 09:46:21 ELECTRUM: Got current height 4663190 from headers subscription
2025/09/16 09:46:21 ELECTRUM: Returning hash 0000000000002193b74aac2bdcd971a7a7a51cf5240bcaece1f8f91491627c3b for height 4663190 (from headers subscription)
2025/09/16 09:46:21 ELECTRUM: GetBlockHeader called for hash: 0000000000002193b74aac2bdcd971a7a7a51cf5240bcaece1f8f91491627c3b
2025/09/16 09:46:21 ELECTRUM: GetBestBlock called
2025/09/16 09:46:21 ELECTRUM: Subscribing to headers to get current height
2025/09/16 09:46:21 ELECTRUM: Got current height 4663190 from headers subscription
2025/09/16 09:46:21 ELECTRUM: Returning hash 0000000000002193b74aac2bdcd971a7a7a51cf5240bcaece1f8f91491627c3b for height 4663190 (from headers subscription)
2025-09-16 09:46:21.531 [DBG] LTND lnd.go:727: Syncing to block chain rev=4d1c86 best_block_time="2025-09-16 09:46:20 -0400 EDT" is_synced=false
2025/09/16 09:46:22 ELECTRUM: GetBestBlock called
2025/09/16 09:46:22 ELECTRUM: Subscribing to headers to get current height
2025/09/16 09:46:22 ELECTRUM: Got current height 4663190 from headers subscription
2025/09/16 09:46:22 ELECTRUM: Returning hash 0000000000002193b74aac2bdcd971a7a7a51cf5240bcaece1f8f91491627c3b for height 4663190 (from headers subscription)
2025/09/16 09:46:22 ELECTRUM: GetBlockHeader called for hash: 0000000000002193b74aac2bdcd971a7a7a51cf5240bcaece1f8f91491627c3b
2025/09/16 09:46:22 ELECTRUM: GetBestBlock called
2025/09/16 09:46:22 ELECTRUM: Subscribing to headers to get current height
2025/09/16 09:46:23 ELECTRUM: Got current height 4663190 from headers subscription
2025/09/16 09:46:23 ELECTRUM: Returning hash 0000000000002193b74aac2bdcd971a7a7a51cf5240bcaece1f8f91491627c3b for height 4663190 (from headers subscription)
2025-09-16 09:46:23.248 [DBG] LTND lnd.go:727: Syncing to block chain rev=4d1c86 best_block_time="2025-09-16 09:46:20 -0400 EDT" is_synced=false
2025/09/16 09:46:24 ELECTRUM: GetBestBlock called
2025/09/16 09:46:24 ELECTRUM: Subscribing to headers to get current height
2025/09/16 09:46:24 ELECTRUM: Got current height 4663190 from headers subscription
2025/09/16 09:46:24 ELECTRUM: Returning hash 0000000000002193b74aac2bdcd971a7a7a51cf5240bcaece1f8f91491627c3b for height 4663190 (from headers subscription)
2025/09/16 09:46:24 ELECTRUM: GetBlockHeader called for hash: 0000000000002193b74aac2bdcd971a7a7a51cf5240bcaece1f8f91491627c3b
2025/09/16 09:46:24 ELECTRUM: GetBestBlock called
2025/09/16 09:46:24 ELECTRUM: Subscribing to headers to get current height
2025/09/16 09:46:24 ELECTRUM: Got current height 4663190 from headers subscription
2025/09/16 09:46:24 ELECTRUM: Returning hash 0000000000002193b74aac2bdcd971a7a7a51cf5240bcaece1f8f91491627c3b for height 4663190 (from headers subscription)
2025-09-16 09:46:24.976 [DBG] LTND lnd.go:727: Syncing to block chain rev=4d1c86 best_block_time="2025-09-16 09:46:20 -0400 EDT" is_synced=false
2025/09/16 09:46:25 ELECTRUM: GetBestBlock called
2025/09/16 09:46:25 ELECTRUM: Subscribing to headers to get current height
2025/09/16 09:46:26 ELECTRUM: Got current height 4663191 from headers subscription
2025/09/16 09:46:26 ELECTRUM: Returning hash 00000000000038ddfd55cf8ebda080c849c3517c460ac85533017a19d38e951a for height 4663191 (from headers subscription)
2025/09/16 09:46:26 ELECTRUM: GetBlockHeader called for hash: 00000000000038ddfd55cf8ebda080c849c3517c460ac85533017a19d38e951a
2025/09/16 09:46:26 ELECTRUM: GetBestBlock called
2025/09/16 09:46:26 ELECTRUM: Subscribing to headers to get current height
2025/09/16 09:46:26 ELECTRUM: Got current height 4663191 from headers subscription
2025/09/16 09:46:26 ELECTRUM: Returning hash 00000000000038ddfd55cf8ebda080c849c3517c460ac85533017a19d38e951a for height 4663191 (from headers subscription)
2025-09-16 09:46:26.690 [DBG] LTND lnd.go:727: Syncing to block chain rev=4d1c86 best_block_time="2025-09-16 09:46:28 -0400 EDT" is_synced=false
2025/09/16 09:46:27 ELECTRUM: GetBestBlock called
2025/09/16 09:46:27 ELECTRUM: Subscribing to headers to get current height
2025/09/16 09:46:28 ELECTRUM: Got current height 4663191 from headers subscription
2025/09/16 09:46:28 ELECTRUM: Returning hash 00000000000038ddfd55cf8ebda080c849c3517c460ac85533017a19d38e951a for height 4663191 (from headers subscription)
2025/09/16 09:46:28 ELECTRUM: GetBlockHeader called for hash: 00000000000038ddfd55cf8ebda080c849c3517c460ac85533017a19d38e951a
2025/09/16 09:46:28 ELECTRUM: GetBestBlock called
2025/09/16 09:46:28 ELECTRUM: Subscribing to headers to get current height
2025/09/16 09:46:28 ELECTRUM: Got current height 4663192 from headers subscription
2025/09/16 09:46:28 ELECTRUM: Returning hash 000000000000204772f2f67516c73e179b5cff09f0b70efdebbe1f96ce3ba295 for height 4663192 (from headers subscription)
2025-09-16 09:46:28.502 [DBG] LTND lnd.go:727: Syncing to block chain rev=4d1c86 best_block_time="2025-09-16 09:46:25 -0400 EDT" is_synced=false
2025/09/16 09:46:29 ELECTRUM: GetBestBlock called
2025/09/16 09:46:29 ELECTRUM: Subscribing to headers to get current height
2025/09/16 09:46:29 ELECTRUM: Got current height 4663193 from headers subscription
2025/09/16 09:46:29 ELECTRUM: Returning hash 00000000000006e353fd17ef520a183d1e3fa28beb63ac9378396870bc95425e for height 4663193 (from headers subscription)
2025/09/16 09:46:29 ELECTRUM: GetBlockHeader called for hash: 00000000000006e353fd17ef520a183d1e3fa28beb63ac9378396870bc95425e
2025/09/16 09:46:29 ELECTRUM: GetBestBlock called
2025/09/16 09:46:29 ELECTRUM: Subscribing to headers to get current height
2025/09/16 09:46:29 ELECTRUM: Got current height 4663194 from headers subscription
2025/09/16 09:46:29 ELECTRUM: Returning hash 000000000001b9435454e5d31483fdc68499cb3969236257020f09a5b092e7a4 for height 4663194 (from headers subscription)
2025-09-16 09:46:30.216 [DBG] LTND lnd.go:727: Syncing to block chain rev=4d1c86 best_block_time="2025-09-16 09:46:28 -0400 EDT" is_synced=false
2025/09/16 09:46:31 ELECTRUM: GetBestBlock called
2025/09/16 09:46:31 ELECTRUM: Subscribing to headers to get current height
2025/09/16 09:46:31 ELECTRUM: Got current height 4663194 from headers subscription
2025/09/16 09:46:31 ELECTRUM: Returning hash 000000000001b9435454e5d31483fdc68499cb3969236257020f09a5b092e7a4 for height 4663194 (from headers subscription)
2025/09/16 09:46:31 ELECTRUM: GetBlockHeader called for hash: 000000000001b9435454e5d31483fdc68499cb3969236257020f09a5b092e7a4
2025/09/16 09:46:31 ELECTRUM: GetBestBlock called
2025/09/16 09:46:31 ELECTRUM: Subscribing to headers to get current height
2025/09/16 09:46:31 ELECTRUM: Got current height 4663194 from headers subscription
2025/09/16 09:46:31 ELECTRUM: Returning hash 000000000001b9435454e5d31483fdc68499cb3969236257020f09a5b092e7a4 for height 4663194 (from headers subscription)
2025-09-16 09:46:31.923 [DBG] LTND lnd.go:727: Syncing to block chain rev=4d1c86 best_block_time="2025-09-16 09:46:28 -0400 EDT" is_synced=false
2025/09/16 09:46:32 ELECTRUM: GetBestBlock called
2025/09/16 09:46:32 ELECTRUM: Subscribing to headers to get current height
2025/09/16 09:46:33 ELECTRUM: Got current height 4663194 from headers subscription
2025/09/16 09:46:33 ELECTRUM: Returning hash 000000000001b9435454e5d31483fdc68499cb3969236257020f09a5b092e7a4 for height 4663194 (from headers subscription)
2025/09/16 09:46:33 ELECTRUM: GetBlockHeader called for hash: 000000000001b9435454e5d31483fdc68499cb3969236257020f09a5b092e7a4
2025/09/16 09:46:33 ELECTRUM: GetBestBlock called
2025/09/16 09:46:33 ELECTRUM: Subscribing to headers to get current height
2025/09/16 09:46:33 ELECTRUM: Got current height 4663194 from headers subscription
2025/09/16 09:46:33 ELECTRUM: Returning hash 000000000001b9435454e5d31483fdc68499cb3969236257020f09a5b092e7a4 for height 4663194 (from headers subscription)
2025-09-16 09:46:33.660 [DBG] LTND lnd.go:727: Syncing to block chain rev=4d1c86 best_block_time="2025-09-16 09:46:28 -0400 EDT" is_synced=false
2025/09/16 09:46:34 ELECTRUM: GetBestBlock called
2025/09/16 09:46:34 ELECTRUM: Subscribing to headers to get current height
2025/09/16 09:46:34 ELECTRUM: Got current height 4663196 from headers subscription
2025/09/16 09:46:34 ELECTRUM: Returning hash 0000000000029cddf2229ca4eb601317fb3563b4db84d598ff82c379a0d3f57b for height 4663196 (from headers subscription)
2025/09/16 09:46:34 ELECTRUM: GetBlockHeader called for hash: 0000000000029cddf2229ca4eb601317fb3563b4db84d598ff82c379a0d3f57b
2025/09/16 09:46:34 ELECTRUM: GetBestBlock called
2025/09/16 09:46:34 ELECTRUM: Subscribing to headers to get current height
2025/09/16 09:46:35 ELECTRUM: Got current height 4663196 from headers subscription
2025/09/16 09:46:35 ELECTRUM: Returning hash 0000000000029cddf2229ca4eb601317fb3563b4db84d598ff82c379a0d3f57b for height 4663196 (from headers subscription)
2025-09-16 09:46:35.408 [DBG] LTND lnd.go:727: Syncing to block chain rev=4d1c86 best_block_time="2025-09-16 09:46:33 -0400 EDT" is_synced=false
2025/09/16 09:46:36 ELECTRUM: GetBestBlock called
2025/09/16 09:46:36 ELECTRUM: Subscribing to headers to get current height
2025/09/16 09:46:36 ELECTRUM: Got current height 4663197 from headers subscription
2025/09/16 09:46:36 ELECTRUM: Returning hash 0000000000001c3e663ab4cb2bc2bf8afe610b1b4e4f55e2fe38105a21b781f2 for height 4663197 (from headers subscription)
2025/09/16 09:46:36 ELECTRUM: GetBlockHeader called for hash: 0000000000001c3e663ab4cb2bc2bf8afe610b1b4e4f55e2fe38105a21b781f2
2025/09/16 09:46:36 ELECTRUM: GetBestBlock called
2025/09/16 09:46:36 ELECTRUM: Subscribing to headers to get current height
2025/09/16 09:46:36 ELECTRUM: Got current height 4663197 from headers subscription
2025/09/16 09:46:36 ELECTRUM: Returning hash 0000000000001c3e663ab4cb2bc2bf8afe610b1b4e4f55e2fe38105a21b781f2 for height 4663197 (from headers subscription)
2025-09-16 09:46:37.120 [DBG] LTND lnd.go:727: Syncing to block chain rev=4d1c86 best_block_time="2025-09-16 09:46:34 -0400 EDT" is_synced=false
